date,feature,prediction,label,segment
2026-06-01,-0.3729449445924068,0.8336878149520088,1,prime
2026-06-01,0.27987080136058434,0.0,0,prime
2026-06-01,0.5736611917440289,1.0,1,prime
2026-06-01,-0.09347998555980903,0.027621302373397494,0,prime
2026-06-01,0.7339948219125187,0.0,0,prime
2026-06-01,0.4703835704229002,0.9704107280188332,1,subprime
2026-06-01,1.4465124857430949,0.8634505206500095,1,prime
2026-06-01,1.6388123569879147,1.0,1,prime
2026-06-01,-0.27257999043026987,0.9281611324729359,1,subprime
2026-06-01,-0.23113346037929516,0.8864117269601964,1,subprime
2026-06-01,0.7456737129453817,0.1955338193365969,0,prime
2026-06-01,0.4528020788912012,0.8785144184849768,1,subprime
2026-06-01,0.023580227306449583,0.013288676748056262,0,subprime
2026-06-01,-0.0644627795106015,1.0,1,subprime
2026-06-01,0.4762746498854671,0.04295414405135096,0,prime
2026-06-01,0.030439838586768558,0.10022002012833714,0,prime
2026-06-01,-1.3874448501964638,0.9575470495334257,1,subprime
2026-06-01,-0.9737667404871275,0.08218255084263684,0,prime
2026-06-01,-0.993633047737259,1.0,1,prime
2026-06-01,1.0426715371976432,0.8650805054862192,1,subprime
2026-06-01,-1.1700589195640465,0.12276649191866089,0,subprime
2026-06-01,-0.7388489000211241,0.12539413527230564,0,prime
2026-06-01,-1.070087866623917,0.10325283175766717,0,prime
2026-06-01,-0.7499229165325967,0.12415308591144827,0,prime
2026-06-01,0.2648736998277711,0.02139098059134272,0,prime
2026-06-01,2.0396238118634895,0.8384949080223015,1,prime
2026-06-01,0.12806027943762346,0.15264567008453284,0,prime
2026-06-01,0.7070486112178506,0.0749477578542021,0,prime
2026-06-01,-0.6849239515085432,1.0,1,prime
2026-06-01,-1.3465017138629165,1.0,1,subprime
2026-06-01,-0.29774676982550324,0.059613349732378446,0,subprime
2026-06-01,-0.06607629666745336,0.8631934766478364,1,subprime
2026-06-01,-1.2106706736045865,0.9881919025514263,1,prime
2026-06-01,1.9929580652066106,0.8988348931814256,1,prime
2026-06-01,-0.17048941183826077,0.8844628026330255,1,subprime
2026-06-01,-0.9975644460486496,0.07342625369145915,0,prime
2026-06-01,2.079634053922176,1.0,1,prime
2026-06-01,0.3498034354385501,1.0,1,subprime
2026-06-01,1.2641875887490266,0.9337947160671455,1,prime
2026-06-01,1.464887961421999,1.0,1,subprime
2026-06-01,0.4788290449781124,0.0,0,prime
2026-06-01,0.2666941932494693,0.17386288985313125,0,subprime
2026-06-01,-2.0183034777162234,0.9848074318596749,1,prime
2026-06-01,0.07816973400447443,0.8404939071278249,1,prime
2026-06-01,-1.666959365718278,1.0,1,subprime
2026-06-01,-0.2627633609273643,0.1273027762535866,0,subprime
2026-06-01,1.9673918981431069,0.8886100710416045,1,prime
2026-06-01,-0.04723539468508496,0.0,0,prime
2026-06-01,0.22459561783734852,0.011117810252463861,0,subprime
2026-06-01,0.14549123926823854,0.9987582997598087,1,subprime
2026-06-01,0.11752129455843001,0.0,0,prime
2026-06-01,-0.458623195018742,0.12059941565057301,0,prime
2026-06-01,-1.1456314874880966,0.8962061258727485,1,prime
2026-06-01,-0.2377311606600329,1.0,1,prime
2026-06-01,-0.3988814731464011,0.10084401269854684,0,subprime
2026-06-01,-0.2643100382173776,0.010855918519745163,0,prime
2026-06-01,-0.548830862555676,0.9473503398512163,1,prime
2026-06-01,0.37661952620692374,0.7701107921156597,1,subprime
2026-06-01,-0.45469206738966284,0.9891784059935391,1,subprime
2026-06-01,0.22320512281231733,0.8596568017074389,1,prime
2026-06-01,-0.5086607492450103,0.2201993324037907,0,subprime
2026-06-01,0.4116524727184397,0.0009267672069147095,0,subprime
2026-06-01,1.1128099596852865,0.9809137779510968,1,prime
2026-06-01,2.793515325700004,0.0,0,prime
2026-06-01,1.5146488189091343,1.0,1,prime
2026-06-01,0.407139956038889,0.07910661428858329,0,prime
2026-06-01,1.2915121028430798,0.041565889146324905,0,prime
2026-06-01,-0.07861136901559426,0.8814789319827816,1,prime
2026-06-01,1.4196478898133629,0.9730749069432123,1,prime
2026-06-01,-0.6474329561746307,0.19811295223378503,0,prime
2026-06-01,1.0467556709278971,1.0,1,prime
2026-06-01,-0.7908538562323204,0.9664002637874256,1,prime
2026-06-01,0.10284929325232232,1.0,1,prime
2026-06-01,1.1717583259626725,0.02604453460060207,0,prime
2026-06-01,-0.4765799706757372,0.9601911537437626,1,prime
2026-06-01,0.18386618426557208,0.06949432092429289,0,prime
2026-06-01,-0.3808501978321758,0.726790873573198,1,prime
2026-06-01,-2.0595496371929074,0.961979331365054,1,prime
2026-06-01,-1.257407096602459,0.8975314169784143,1,subprime
2026-06-01,-0.2107268884735396,0.8823126012166751,1,subprime
2026-06-01,-0.7236254183643144,0.9478512849799633,1,prime
2026-06-01,-0.23242993923534463,0.9807312242388414,1,prime
2026-06-01,-1.5677422953992937,0.8799225921756724,1,prime
2026-06-01,1.2279736303034856,1.0,1,prime
2026-06-01,-1.010676116344792,0.12626933720157812,0,prime
2026-06-01,-2.000945489896863,0.0,0,prime
2026-06-01,0.8175199035456803,0.21912423759915106,0,subprime
2026-06-01,0.3370846145648566,0.8935682849273211,1,subprime
2026-06-01,-0.27657795562928494,0.9449059027044685,1,subprime
2026-06-01,-1.1190543806528854,0.9178369040311376,1,subprime
2026-06-01,0.9941135721338779,1.0,1,subprime
2026-06-01,0.5356268892277354,0.8537846893308423,1,prime
2026-06-01,0.5311767774933623,0.8737808790106844,1,prime
2026-06-01,2.0571739052965823,1.0,1,subprime
2026-06-01,0.8210912354439646,0.88700770171276,1,prime
2026-06-01,0.37016725150031254,0.932545844545591,1,prime
2026-06-01,-0.8646957543337146,0.9431627682696097,1,prime
2026-06-01,1.283972936422019,1.0,1,prime
2026-06-01,-0.9003534906452555,0.0,0,prime
2026-06-01,0.6063916223108308,0.0,0,subprime
2026-06-01,-0.4301330846213741,1.0,1,subprime
2026-06-01,0.8558304912491503,0.07743362697026875,0,prime
2026-06-01,-1.2450787094594669,0.7817037469716456,1,prime
2026-06-01,1.9178094291672825,0.952436315089694,1,prime
2026-06-01,-1.3004482897972425,0.16705181949381692,0,prime
2026-06-01,0.960355023717433,0.13312018957740643,0,prime
2026-06-01,-0.8796757695726116,0.15023886262804198,0,subprime
2026-06-01,-0.6118455773103009,0.9094267594984365,1,prime
2026-06-01,-0.585196298553226,0.09624448752130813,0,prime
2026-06-01,-0.7311255908357718,1.0,1,subprime
2026-06-01,1.5403613851909055,1.0,1,subprime
2026-06-01,0.25219125346644583,0.9137449284221894,1,prime
2026-06-01,1.6063552102984904,0.0,0,subprime
2026-06-01,1.1710263120196964,0.0,0,subprime
2026-06-01,-0.33321879281446626,1.0,1,prime
2026-06-01,-0.4256312665823039,0.9286337163169227,1,prime
2026-06-01,-3.5440116713596432,0.0714544081813148,0,prime
2026-06-01,0.5248308815012719,0.0,0,subprime
2026-06-01,0.005208949333067674,1.0,1,prime
2026-06-01,-0.28235734531566636,0.0,0,prime
2026-06-01,0.06348528856462442,0.2539672983555033,0,prime
2026-06-01,-2.1804132770426365,0.8935617333005997,1,subprime
2026-06-01,-0.6698283842381172,0.0,0,subprime
2026-06-01,-0.9734040028986976,0.13238926501026638,0,subprime
2026-06-01,0.49371018326865046,0.9493029047080908,1,prime
2026-06-01,-0.3504322625765032,0.0,0,subprime
2026-06-01,0.6992452599112439,0.9894358263000723,1,prime
2026-06-01,0.09475847716739925,0.9933224147074015,1,subprime
2026-06-01,1.626734671474872,0.0817495776835111,0,prime
2026-06-01,1.0654209677314201,0.06829946119751906,0,subprime
2026-06-01,0.04090930970867774,0.9320720448220814,1,prime
2026-06-01,1.7729211056530993,1.0,1,subprime
2026-06-01,1.3569182107725868,0.029005175965161323,0,prime
2026-06-01,0.2565289187054251,0.835403638862396,1,prime
2026-06-01,-1.4131037985415946,0.8721557846118935,1,subprime
2026-06-01,0.1354719031136454,0.07216810169468557,0,prime
2026-06-01,0.015784926651961555,0.8510016639085067,1,subprime
2026-06-01,-0.7432784120443084,0.713724522528419,1,prime
2026-06-01,-0.3004302826245457,0.0,0,prime
2026-06-01,-0.4750818854527851,0.162444384512564,0,prime
2026-06-01,0.3804545952826318,0.22903563573170363,0,subprime
2026-06-01,1.1981478466297897,0.8643461342344692,1,prime
2026-06-01,-1.129873459361596,0.9112777386898512,1,prime
2026-06-01,-1.5497412135172461,1.0,1,prime
2026-06-01,-0.4097051958566202,0.0,0,subprime
2026-06-01,-1.3282764511429335,0.9552667548609229,1,prime
2026-06-01,-1.1898831571681334,0.9463095265648308,1,subprime
2026-06-01,-1.4928842969282814,0.9527580156731877,1,prime
2026-06-01,0.7479982543822387,0.999805258391643,1,subprime
2026-06-01,-0.5843529173531585,0.9764863468126098,1,prime
2026-06-01,1.3298883833420776,1.0,1,prime
2026-06-01,-0.2286877243859756,0.19589665413296156,0,prime
2026-06-01,-1.236368128240028,0.8772209408145544,1,subprime
2026-06-01,1.4326920578640367,0.07682848797078999,0,prime
2026-06-01,1.4372119776996892,0.8688382461377988,1,subprime
2026-06-01,-0.2898336133735823,0.0,0,prime
2026-06-01,-0.21318348559495054,0.8989943468110911,1,prime
2026-06-01,0.11638238558707896,0.989791648160527,1,prime
2026-06-01,0.56151265476433,0.0020783390455267267,0,prime
2026-06-01,1.4630636078585502,0.10405513140435242,0,subprime
2026-06-01,-1.2866743397938039,0.0,0,prime
2026-06-01,-0.8825374144446617,0.886210058721976,1,prime
2026-06-01,0.7252300897204366,0.8140966882931266,1,prime
2026-06-01,-2.1569387155088964,0.08092878140480657,0,prime
2026-06-01,0.5538871978820863,1.0,1,prime
2026-06-01,-1.121677254195136,0.9937462562906958,1,subprime
2026-06-01,0.8691534327445181,0.09614885057417669,0,prime
2026-06-01,-2.930047540613308,1.0,1,subprime
2026-06-01,-0.03254138033423733,1.0,1,prime
2026-06-01,-1.2659754216706416,0.03213980860752129,0,subprime
2026-06-01,1.6599393943477503,0.16522581008279266,0,prime
2026-06-01,0.31411871286975634,0.0,0,prime
2026-06-01,0.676334943124263,1.0,1,prime
2026-06-01,-0.5457368874439674,0.9827891496833063,1,prime
2026-06-01,0.9496432628384294,0.9243576773953157,1,prime
2026-06-01,0.4028410878881533,0.012187596206727755,0,prime
2026-06-01,0.5392465602502582,0.0,0,prime
2026-06-01,-1.355322911616234,0.0,0,prime
2026-06-01,-1.0238097763692524,0.9708579453680731,1,subprime
2026-06-01,-0.8690613397896462,0.8800165814750844,1,prime
2026-06-01,0.043020946053331774,0.04548877861681312,0,prime
2026-06-01,-0.26725059901660203,1.0,1,subprime
2026-06-01,-0.3706372578761937,1.0,1,subprime
2026-06-01,0.4208425874094227,0.09815104280832401,0,prime
2026-06-01,1.079200339781082,0.6816138315814513,1,prime
2026-06-01,0.6776650503625853,1.0,1,prime
2026-06-01,0.49570771847226747,0.05432845031796024,0,prime
2026-06-01,0.16267696972650852,0.14137970364996283,0,subprime
2026-06-01,-0.7488336053026954,0.02050887247229333,0,prime
2026-06-01,0.18611789225784955,0.06735976184482093,0,subprime
2026-06-01,0.170222109777756,0.16024004326570826,0,prime
2026-06-01,0.4920946997004649,0.08777130311163289,0,subprime
2026-06-01,0.7511434267747713,0.9436609996906534,1,prime
2026-06-01,-0.2913650366415719,0.057556971182173476,0,prime
2026-06-01,0.06758903316791616,0.06036645811732887,0,subprime
2026-06-01,-0.1106705146326317,0.07437751633000883,0,prime
2026-06-01,0.7473635795112608,0.04994520103540835,0,prime
2026-06-01,0.8994557411935273,0.0,0,prime
2026-06-01,0.45596291254425086,0.1616481463785921,0,prime
2026-06-01,0.9616954399806716,1.0,1,prime
2026-06-01,0.04417444563134913,0.10387438776716026,0,prime
2026-06-01,0.9011601279265268,0.0,0,prime
2026-06-01,-1.1731977642704245,0.0,0,prime
2026-06-01,-0.4390312888157204,0.23420372340079668,0,prime
2026-06-01,1.2567778540566037,0.07392188448668739,0,prime
2026-06-01,0.46296279062402557,0.10250800326985496,0,prime
2026-06-01,-0.4077389942559195,0.7041401787080274,1,prime
2026-06-01,0.15450152517010043,0.8971915783440464,1,subprime
2026-06-01,0.8729632102161768,1.0,1,subprime
2026-06-01,-0.3507247493002043,0.0,0,subprime
2026-06-01,1.1185375882225443,0.9619260516771583,1,subprime
2026-06-01,-0.21094432421566503,1.0,1,prime
2026-06-01,-1.5743394829212627,0.1446565208042569,0,subprime
2026-06-01,-1.246175043693964,1.0,1,subprime
2026-06-01,1.228902631562866,0.04381146693478646,0,prime
2026-06-01,-0.10695812774830593,0.08395031547980421,0,prime
2026-06-01,0.2306516392360847,0.0,0,prime
2026-06-01,-0.1906446515452057,1.0,1,prime
2026-06-01,0.8041890587006214,0.07198111879321989,0,subprime
2026-06-01,0.5823884761923152,0.0,0,prime
2026-06-01,0.06221516674200977,0.875511721936643,1,prime
2026-06-01,1.230424801695797,0.0,0,prime
2026-06-01,1.1264702570511833,0.9580051106561115,1,subprime
2026-06-01,-0.3482197790903915,0.11650907478407636,0,subprime
2026-06-01,-0.8134259035798803,1.0,1,prime
2026-06-01,1.0841580124297254,0.15174860337575888,0,prime
2026-06-01,1.1553601484683602,0.23600897816516936,0,prime
2026-06-01,-0.7369730886700244,0.2213641754396875,0,subprime
2026-06-01,2.2044402569571715,0.0,0,prime
2026-06-01,0.3277871295129306,0.7898216110535241,1,prime
2026-06-01,-0.16587207158758688,0.9827992376569763,1,prime
2026-06-01,1.4407991775290447,0.8423569395662847,1,prime
2026-06-01,-0.026450935776359395,0.0,0,prime
2026-06-01,0.9608852666356121,0.913656881142268,1,subprime
2026-06-01,-1.0750989320036204,0.0,0,subprime
2026-06-01,0.9643093086395682,0.0024575231115551155,0,prime
2026-06-01,1.7020863235506516,0.25338628817402387,0,prime
2026-06-01,1.2048820939465332,0.05442913698092828,0,subprime
2026-06-01,-1.4487121471929756,1.0,1,prime
2026-06-01,-0.9553732728008701,1.0,1,prime
2026-06-01,0.02180629573857134,0.08129160942758915,0,prime
2026-06-01,0.5750508219241065,0.9738273228367701,1,prime
2026-06-01,-0.007292267389058726,0.9695522234876219,1,subprime
2026-06-01,0.3116232713551226,0.7907242426359832,1,subprime
2026-06-01,-1.0654617107036108,0.01007827309021573,0,subprime
2026-06-01,2.147666858326464,0.8158684538578429,1,prime
2026-06-01,0.5093182466139141,0.7683626726629655,1,prime
2026-06-01,-0.9452326922906501,0.12051838977655914,0,subprime
2026-06-01,1.2666496524344906,0.09129202205083639,0,prime
2026-06-01,0.7717107179459637,1.0,1,prime
2026-06-01,2.411090000300418,0.13639099439241364,0,subprime
2026-06-01,0.4540524342869265,0.9509509188814159,1,prime
2026-06-01,0.18254455167805697,1.0,1,prime
2026-06-01,0.15022487678367383,0.9943864011967323,1,subprime
2026-06-01,1.1006898237871052,0.14044412663927008,0,prime
2026-06-01,-1.1727808662183437,0.07212880550918435,0,prime
2026-06-01,0.5778439182262682,1.0,1,subprime
2026-06-01,0.6052120319100106,0.890604621411953,1,prime
2026-06-01,0.8968668582813185,1.0,1,prime
2026-06-01,1.674051716259253,1.0,1,subprime
2026-06-01,2.2900711358663712,0.22597892704146125,0,prime
2026-06-01,-1.9189685430971892,0.15714196933160252,0,prime
2026-06-01,0.9771969252998617,0.0,0,prime
2026-06-01,1.5942717325507034,0.13014344627127739,0,prime
2026-06-01,0.48096134033301075,0.8425749365190396,1,prime
2026-06-01,-0.4873270506296268,0.19033177346680222,0,prime
2026-06-01,0.3667007861942271,0.006165377770233654,0,subprime
2026-06-01,-0.5409717418157964,0.006491338206391535,0,prime
2026-06-01,0.3070615271197866,0.9795022710325438,1,subprime
2026-06-01,1.4492435639709123,0.8376382498035778,1,prime
2026-06-01,-0.4083013298387724,0.012946245225947041,0,prime
2026-06-01,0.08344699745064062,1.0,1,subprime
2026-06-01,0.835300346435988,0.8621697532245485,1,prime
2026-06-01,0.6533443606637551,0.8117914756366132,1,prime
2026-06-01,-0.812041533695232,0.08380049647142954,0,prime
2026-06-01,0.8551870713505494,0.0,0,subprime
2026-06-01,0.006613783982742839,0.1998497018967281,0,prime
2026-06-01,0.5645648270590866,0.0,0,prime
2026-06-01,-1.2626403704004148,0.0,0,subprime
2026-06-01,0.13186946303054764,0.11345641973919865,0,prime
2026-06-01,-0.16603158996510448,0.8390205739650634,1,prime
2026-06-01,-0.2876884626887,0.9305474708295818,1,prime
2026-06-01,-0.8129464110711939,0.07843553891105054,0,prime
2026-06-01,0.7408618600588563,0.8524187963801975,1,prime
2026-06-01,0.8429525859444293,1.0,1,prime
2026-06-01,-0.0817651254189439,0.183313638390846,0,prime
2026-06-01,-1.3042095649263352,0.26282802403605954,0,subprime
2026-06-01,-0.05340968196008284,0.008534407330790666,0,subprime
2026-06-01,0.9172184446414419,0.900653771709132,1,prime
2026-06-01,-0.08336586066897951,0.0,0,subprime
2026-06-01,-0.19031970644516502,0.0762538862539172,0,prime
2026-06-01,-0.5163373309828805,0.011049176828170769,0,subprime
2026-06-01,-1.53677235728852,0.0678638468898103,0,subprime
2026-06-01,0.9649307489882584,0.06232801974603112,0,prime
2026-06-01,-0.2640725195784899,0.9449336634472445,1,subprime
2026-06-01,-1.5502864815039146,0.0,0,prime
2026-06-01,-0.5412655495828536,0.9392902119452045,1,subprime
2026-06-01,-0.6892674457977976,0.8087224238983828,1,prime
2026-06-01,0.8301652195680762,0.8695893770359265,1,prime
2026-06-01,0.398380287001999,1.0,1,prime
2026-06-01,0.11714382459036202,0.0,0,prime
2026-06-01,-0.7931219012637591,0.16781461965431504,0,prime
2026-06-01,0.8950403927461096,0.0,0,prime
2026-06-01,1.6517802551111822,0.9418278315429484,1,prime
2026-06-01,-0.7673795572130254,1.0,1,prime
2026-06-01,0.17077868235114493,0.8046817175695746,1,prime
2026-06-01,0.24728505979298618,0.1982439476149,0,prime
2026-06-01,-0.799602941570552,0.918863930064318,1,prime
2026-06-01,0.3101951159567191,0.9283917426382501,1,prime
2026-06-01,0.37001485040036186,0.02037153282759173,0,subprime
2026-06-01,-0.7512716163256207,0.0,0,prime
2026-06-01,-1.5109716806797273,0.046771955276804424,0,subprime
2026-06-01,-0.11347205701963588,0.0,0,prime
2026-06-01,0.4439376259770541,1.0,1,subprime
2026-06-01,-0.31868156348102183,1.0,1,subprime
2026-06-01,1.049267102502856,1.0,1,prime
2026-06-01,0.19177418521194323,0.02138468947336983,0,subprime
2026-06-01,-1.0181226515857722,0.9056140396859892,1,prime
2026-06-01,-1.164188782185274,0.0635791129299382,0,prime
2026-06-01,1.2187494468111328,1.0,1,prime
2026-06-01,-0.011044876177604128,0.8909090308585483,1,subprime
2026-06-01,1.4957890878773141,0.8199455142812252,1,prime
2026-06-01,0.682356762024949,0.9999281020604892,1,prime
2026-06-01,0.5404918562847236,0.19360934026109222,0,prime
2026-06-01,-0.4160673219349125,0.9759916700737394,1,subprime
2026-06-01,-1.4594285856761748,0.05385629473667798,0,prime
2026-06-01,0.35066465837681476,0.041199223185265,0,prime
2026-06-01,0.5848813897737773,0.0,0,prime
2026-06-01,0.23445033940043367,0.970056831299035,1,subprime
2026-06-01,0.9324800011137051,0.0,0,subprime
2026-06-01,-1.2054793341370795,0.10327112402261673,0,prime
2026-06-01,-0.481311997794673,0.8206579719526783,1,prime
2026-06-01,0.8527284695820826,0.0,0,prime
2026-06-01,0.05709650877387213,0.9116422471526145,1,prime
2026-06-01,-0.3635815117858748,0.8257754624283841,1,prime
2026-06-01,-0.9230953317864994,0.15487516783047278,0,prime
2026-06-01,0.5062887891881981,0.09938912591535805,0,prime
2026-06-01,1.384496233251926,0.864021198172377,1,subprime
2026-06-01,1.6046780770229716,0.0,0,subprime
2026-06-01,0.21623827973949786,0.894778346116026,1,prime
2026-06-01,1.051545512453098,0.7241228007082612,1,prime
2026-06-01,-2.2848199676988616,0.02356946656874525,0,subprime
2026-06-01,1.3505009725144026,0.006082937004963575,0,prime
2026-06-01,-2.1843020874725685,0.0,0,subprime
2026-06-01,-0.11618394961978144,0.8689335951170805,1,prime
2026-06-01,0.3095230563235234,1.0,1,prime
2026-06-01,0.1627373350543955,0.12528625001934018,0,subprime
2026-06-01,2.318607512142034,1.0,1,prime
2026-06-01,0.10079176925947289,0.8713042050081907,1,prime
2026-06-01,-0.048538894865815495,0.0,0,prime
2026-06-01,1.1641303383466777,1.0,1,prime
2026-06-01,-0.06493627904324877,0.97526192797807,1,prime
2026-06-01,-0.8239793432959647,0.805792343714443,1,subprime
2026-06-01,2.005581850214667,1.0,1,subprime
2026-06-01,0.28608821397512385,0.7608000070675801,1,subprime
2026-06-01,-0.4344112744766581,0.9820455053019516,1,prime
2026-06-01,-0.8112539463174678,0.9823702420561462,1,prime
2026-06-01,0.0666107963128111,0.868107283591433,1,prime
2026-06-01,-1.7643338176016656,0.03383858111930753,0,prime
2026-06-01,-0.8996278642367651,0.9178018230204547,1,subprime
2026-06-01,-0.25635427633936003,0.0,0,prime
2026-06-01,0.5629258370339235,1.0,1,subprime
2026-06-01,-0.99857844653658,0.24946803873588558,0,prime
2026-06-01,-0.6718833425372565,0.0,0,prime
2026-06-01,-0.440734767989121,0.0,0,prime
2026-06-01,-1.1253830700341343,0.040147264013161175,0,prime
2026-06-01,0.4868591871933417,0.9567383072547327,1,subprime
2026-06-01,-1.3687550720520645,0.15778180456279173,0,prime
2026-06-01,1.0354121978993287,0.891261649431209,1,subprime
2026-06-01,-0.04090131185636427,1.0,1,prime
2026-06-01,-1.3788626990923498,0.0,0,prime
2026-06-01,-0.7547522362968203,0.0,0,prime
2026-06-01,-0.21316958876236852,0.1209192902246308,0,prime
2026-06-01,-0.15785646378719215,0.9583235717944038,1,prime
2026-06-01,-0.31782499898300015,0.8612468222560993,1,prime
2026-06-01,-0.537537154618502,0.04610949876314176,0,subprime
2026-06-01,0.943188487631432,0.9500325777105687,1,prime
2026-06-01,0.551736506446823,1.0,1,subprime
2026-06-01,-0.06929550185131587,0.9724068986450635,1,prime
2026-06-01,1.3480579940839357,0.10285604903626595,0,subprime
2026-06-01,0.45676828875491804,0.0,0,prime
2026-06-01,-1.065903506143312,1.0,1,prime
2026-06-01,-0.18684188100359708,0.9836199734492478,1,prime
2026-06-01,-0.07299707508672763,1.0,1,prime
2026-06-01,-0.03526983682536615,0.0,0,prime
2026-06-01,1.1591082474941627,0.25842400742133104,0,subprime
2026-06-01,0.0012629781871920226,0.0,0,subprime
2026-06-01,-0.6086237006780323,0.0,0,prime
2026-06-01,0.022548975440833705,0.8756059835791746,1,prime
2026-06-01,2.0884492630524325,0.0,0,prime
2026-06-01,-0.538057363732431,0.0646010694327179,0,prime
2026-06-01,-0.7393360307167294,0.008061584476589674,0,subprime
2026-06-01,-0.9406810496457046,0.0,0,prime
2026-06-01,0.41730879772903007,0.7777140845598004,1,prime
2026-06-01,0.30105966019532077,0.000637423957466493,0,subprime
2026-06-01,-0.4037382485359896,0.0,0,subprime
2026-06-01,-1.5878696725161394,0.01925330361100238,0,subprime
2026-06-01,-0.66275529881054,0.17155410864985643,0,prime
2026-06-01,0.3234970442598258,0.988880174347144,1,subprime
2026-06-01,0.006078827255337733,0.8994425770439409,1,prime
2026-06-02,0.17795261367831744,0.13838707441844028,0,prime
2026-06-02,1.0988095849985373,0.8106815693478479,1,subprime
2026-06-02,0.8174611951555627,0.035425232731736006,0,subprime
2026-06-02,0.4132756411312262,0.9875586010241685,1,subprime
2026-06-02,-0.9539713888736628,0.0,0,prime
2026-06-02,-0.3918022432986683,1.0,1,prime
2026-06-02,-2.2711139064636945,0.8059629793400535,1,prime
2026-06-02,-0.2782832579422203,0.006288041748203764,0,prime
2026-06-02,2.1957462204433553,0.0027053900451213322,0,prime
2026-06-02,0.9256294061361098,0.0,0,subprime
2026-06-02,-1.001024279329357,0.0,0,prime
2026-06-02,0.32523909737710327,0.9313257787220501,1,prime
2026-06-02,2.4093568628416917,0.0,0,subprime
2026-06-02,0.05382900557804289,0.06826587218671479,0,prime
2026-06-02,0.0922942079249011,0.8995027448006712,1,prime
2026-06-02,-0.9799457338802376,1.0,1,prime
2026-06-02,1.1231611707573756,0.0,0,prime
2026-06-02,1.402423718838661,0.042924383451451456,0,subprime
2026-06-02,-0.5665691959378739,0.844495825298665,1,prime
2026-06-02,-0.7604047122437881,1.0,1,prime
2026-06-02,-0.907702239878002,1.0,1,subprime
2026-06-02,-1.4933235238110474,1.0,1,prime
2026-06-02,-0.8572428132429791,0.9781070527068966,1,prime
2026-06-02,-0.08998284655056046,0.15274667380291304,0,prime
2026-06-02,-1.784889508604681,0.9741412962807816,1,prime
2026-06-02,0.13702806607918955,0.018598446491304654,0,prime
2026-06-02,-0.5091647610273564,0.20664367942397985,0,prime
2026-06-02,-0.8101832967515645,0.8581611394062484,1,subprime
2026-06-02,-0.14301504434113124,1.0,1,prime
2026-06-02,-0.11291138354844035,1.0,1,subprime
2026-06-02,0.9771128325449949,0.9516616933259993,1,prime
2026-06-02,-2.18357508524126,0.8444540194911156,1,prime
2026-06-02,-0.17094444249042043,0.12498305343256226,0,prime
2026-06-02,1.7364646506075339,0.15277041659574828,0,prime
2026-06-02,0.08124943927238115,0.04641751869910033,0,subprime
2026-06-02,-1.1291473452813083,0.11734117715521376,0,prime
2026-06-02,0.018404836727800855,0.0,0,prime
2026-06-02,0.07079718993865473,0.9466787727859968,1,prime
2026-06-02,-1.2969630118931343,0.0,0,prime
2026-06-02,-0.7692195301140502,0.9555003115106783,1,subprime
2026-06-02,0.5510518916279008,0.026056242128842427,0,prime
2026-06-02,1.042621780134447,0.039895357130733666,0,prime
2026-06-02,0.8443022746745252,0.8119417198051572,1,subprime
2026-06-02,0.8351588528581477,0.8884345823387598,1,subprime
2026-06-02,-0.5128795268064078,0.97949259951202,1,prime
2026-06-02,-1.5911391977877294,0.1611414331461174,0,subprime
2026-06-02,1.1424592520244796,0.9334494008101065,1,prime
2026-06-02,-0.11597204315613144,1.0,1,subprime
2026-06-02,-0.024792748468535603,0.9897339633595924,1,prime
2026-06-02,-1.2083832276656787,0.0014878555245346411,0,prime
2026-06-02,1.0635652062820646,0.8137699421954383,1,prime
2026-06-02,-0.12834847701919963,0.05119636072529547,0,prime
2026-06-02,1.223755017109345,0.21977294434689826,0,prime
2026-06-02,-0.8433695948588443,0.9840288384085295,1,prime
2026-06-02,-0.47897798796894353,0.0,0,prime
2026-06-02,-0.2249612222118578,1.0,1,prime
2026-06-02,0.5699294956592386,0.07723781239863658,0,subprime
2026-06-02,-1.9509738534502394,0.14128869188134713,0,prime
2026-06-02,-0.7683953727123604,0.13535360501235513,0,prime
2026-06-02,1.1139771502633333,0.15413928535423005,0,prime
2026-06-02,1.644829427776615,0.09415602321556284,0,prime
2026-06-02,0.7064145738175609,1.0,1,prime
2026-06-02,0.5769145890941505,0.16352976324557972,0,prime
2026-06-02,2.053714870989433,0.8854677768454058,1,prime
2026-06-02,0.9546859215243485,1.0,1,prime
2026-06-02,0.10024075738783675,0.0,0,prime
2026-06-02,0.9270915669971878,0.9482426242234256,1,subprime
2026-06-02,0.7879800669131896,0.8507593978721006,1,prime
2026-06-02,-0.2338476587982832,0.9364812006724785,1,subprime
2026-06-02,1.0970007782255842,0.18071799418845,0,subprime
2026-06-02,0.510316549305369,0.984215301828164,1,prime
2026-06-02,-0.3335122735786604,1.0,1,prime
2026-06-02,-0.49279706889226305,1.0,1,subprime
2026-06-02,-0.39256596278182143,0.8677769316617228,1,prime
2026-06-02,-0.9635371816546935,0.7949469139194407,1,prime
2026-06-02,2.597974955696601,1.0,1,prime
2026-06-02,1.3641561288896376,0.9940406508474481,1,prime
2026-06-02,0.7304129229420703,0.9003273755011647,1,subprime
2026-06-02,0.34984358035136787,0.8553530885098272,1,prime
2026-06-02,-0.33249209185866335,0.13102774557256963,0,prime
2026-06-02,0.8105153968480685,0.0,0,subprime
2026-06-02,1.99762812773452,0.0,0,subprime
2026-06-02,0.21440193741583422,0.16755117990437668,0,prime
2026-06-02,-1.7091561142420075,0.8987882620686815,1,prime
2026-06-02,0.3467726517953127,1.0,1,prime
2026-06-02,-0.9072605422714984,0.9743462497623824,1,prime
2026-06-02,-0.007346548789639695,0.0,0,prime
2026-06-02,1.15821085571883,0.054961852711388655,0,subprime
2026-06-02,0.5216039932361949,0.0,0,prime
2026-06-02,-0.3694364273738471,0.9620390042339728,1,prime
2026-06-02,-0.8679155112029114,0.9784026019435133,1,prime
2026-06-02,1.7079636151140296,1.0,1,prime
2026-06-02,1.167494315681957,0.01778468600588161,0,prime
2026-06-02,0.09274489314204219,1.0,1,prime
2026-06-02,0.20054144752262026,0.17663565250899424,0,prime
2026-06-02,1.484449609480446,0.0700130060816166,0,prime
2026-06-02,1.553216475834961,0.9420559612449846,1,prime
2026-06-02,0.28106021981571344,0.9244190299321879,1,prime
2026-06-02,-0.015292363716091939,0.0,0,subprime
2026-06-02,0.4454530510575776,0.14847284037189734,0,prime
2026-06-02,1.6022766053574018,0.9044543612163941,1,prime
2026-06-02,-0.19694529831838767,0.0711344679137523,0,prime
2026-06-02,0.6249064913291714,0.8378535490928267,1,prime
2026-06-02,1.8403127547269593,0.9237682391921265,1,prime
2026-06-02,0.5890706740398272,0.0,0,subprime
2026-06-02,0.23580517064093173,1.0,1,prime
2026-06-02,0.09372050896570269,0.6808796657321088,1,prime
2026-06-02,0.4808559250801301,0.8880589688484019,1,subprime
2026-06-02,1.142588337619845,0.12230928708045356,0,prime
2026-06-02,1.7373224485997205,0.9435241945435612,1,subprime
2026-06-02,-0.4532989521527314,0.13454522385808942,0,subprime
2026-06-02,1.223655913018381,0.11834056625720231,0,prime
2026-06-02,-0.7506739313295001,0.012911274248394118,0,subprime
2026-06-02,-1.8698711515422326,0.0,0,prime
2026-06-02,1.1304285459294188,0.8927044305695849,1,subprime
2026-06-02,-0.5695094176899689,0.0,0,prime
2026-06-02,-1.7304435529614004,0.9367039300858104,1,prime
2026-06-02,0.17724719546110432,0.9258274926434935,1,prime
2026-06-02,1.216005276202443,1.0,1,prime
2026-06-02,0.454087464242404,0.8832603633468735,1,prime
2026-06-02,-0.8091885287154892,0.7764780288909262,1,prime
2026-06-02,-0.8795853732412252,0.12630144256814718,0,prime
2026-06-02,1.1296336859747196,0.9881502232509798,1,subprime
2026-06-02,1.3561745994659076,0.14142119521219398,0,subprime
2026-06-02,1.3499204802800433,0.002861758710945253,0,prime
2026-06-02,-0.3992876306804285,0.09758513274782053,0,prime
2026-06-02,-0.40250266463828865,0.8069942368855328,1,prime
2026-06-02,-0.29145428499542336,0.0,0,prime
2026-06-02,-1.429605595556876,0.9115650594569026,1,prime
2026-06-02,-0.6045647476653867,0.9193078090935032,1,prime
2026-06-02,0.826002746947635,0.9763650988116951,1,prime
2026-06-02,-1.289007549384413,0.0,0,prime
2026-06-02,-1.068584302856575,0.05048405044630774,0,prime
2026-06-02,-0.6280222909682064,0.0,0,prime
2026-06-02,1.9584927137010282,0.03596353604704426,0,prime
2026-06-02,-0.1519161601847062,0.0,0,subprime
2026-06-02,0.3928048239164439,0.0,0,prime
2026-06-02,0.02475266135908666,0.01207802464205538,0,prime
2026-06-02,-0.4900160397453105,0.22797442638247928,0,prime
2026-06-02,-0.03815814046359556,0.9653749197244157,1,subprime
2026-06-02,0.4004036305987153,0.9055230172832803,1,prime
2026-06-02,-0.8169953743308814,0.20772115986808884,0,subprime
2026-06-02,1.447521186224142,0.8754810928287691,1,prime
2026-06-02,0.01977934236269449,0.7935134289301538,1,prime
2026-06-02,-1.5492844692159737,0.05767351698432633,0,prime
2026-06-02,0.5654129147313552,0.90038722552587,1,prime
2026-06-02,0.7752724945845683,0.8864695953054644,1,prime
2026-06-02,-0.44666525022877335,0.08657018725155823,0,prime
2026-06-02,0.28020943574747337,0.0,0,prime
2026-06-02,0.6095073921661114,0.0,0,prime
2026-06-02,0.2357282094118725,0.11988695796172179,0,subprime
2026-06-02,-0.3540822844233752,0.12661558272836895,0,subprime
2026-06-02,-0.4727876742209006,0.986509612101052,1,subprime
2026-06-02,-0.8046049144042992,0.0,0,prime
2026-06-02,0.6638177475564584,0.8942112319504354,1,prime
2026-06-02,0.9753677192958538,0.9216394347363467,1,prime
2026-06-02,0.16100468859022837,0.8947302633491132,1,prime
2026-06-02,0.08710039226669816,0.9451504084883642,1,prime
2026-06-02,-0.15221360118439717,0.0,0,prime
2026-06-02,0.335606452023298,0.8898980591830401,1,prime
2026-06-02,-0.5886513105459679,0.0,0,prime
2026-06-02,-0.7636099767004271,0.0,0,prime
2026-06-02,1.027731786215307,0.8419332159565994,1,prime
2026-06-02,2.2239811521762824,0.0,0,subprime
2026-06-02,-0.42943881653195126,1.0,1,subprime
2026-06-02,-0.49093388436324636,0.2766530840241847,0,prime
2026-06-02,0.6546971048557382,0.13082908640292482,0,prime
2026-06-02,-0.8680031935295239,0.0,0,prime
2026-06-02,0.2208285424232586,0.12822848408452467,0,prime
2026-06-02,0.48193389854063373,0.9148631523725612,1,prime
2026-06-02,0.8927107755164964,0.10250194319039277,0,prime
2026-06-02,2.713865268009837,0.10765117286579207,0,prime
2026-06-02,0.15610715801702704,0.03833245065126149,0,prime
2026-06-02,0.2982331705696073,0.020704047431872655,0,subprime
2026-06-02,-1.5593273224380737,0.1420348863598062,0,prime
2026-06-02,-1.2101574310353467,0.0,0,prime
2026-06-02,1.4279993802719755,0.0,0,prime
2026-06-02,-0.6165756475534168,0.9776356712070937,1,subprime
2026-06-02,2.1657640760179446,0.0,0,subprime
2026-06-02,0.7730201424949539,0.0,0,prime
2026-06-02,-2.183716020416414,0.930672190849118,1,subprime
2026-06-02,-1.7981081452616432,0.0,0,subprime
2026-06-02,-0.04590199217069618,0.9391372279944663,1,subprime
2026-06-02,-1.5732351193178,1.0,1,prime
2026-06-02,1.0783629710966731,0.9800367178363932,1,prime
2026-06-02,-0.7172876126929817,0.9765278433973547,1,prime
2026-06-02,-0.4546504834241565,1.0,1,subprime
2026-06-02,0.21709285932925432,0.04568563538817307,0,prime
2026-06-02,-0.43079031231680665,0.17615994824175665,0,subprime
2026-06-02,-0.4433779613314288,0.14370635921971203,0,prime
2026-06-02,-0.3618350859243584,0.0,0,prime
2026-06-02,0.5393371126998733,1.0,1,prime
2026-06-02,0.3612238639694362,0.038817175554111676,0,prime
2026-06-02,-0.4966803914761245,0.06844321130171196,0,subprime
2026-06-02,-1.1021229640920343,0.9444253737247742,1,prime
2026-06-02,2.406665883167092,1.0,1,prime
2026-06-02,0.22390975412645417,0.9211784671838589,1,subprime
2026-06-02,-0.5007536821918165,1.0,1,prime
2026-06-02,1.1932406511762557,0.988175931687494,1,prime
2026-06-02,0.6750873913211725,1.0,1,prime
2026-06-02,0.08581470720429768,0.9540957317773693,1,subprime
2026-06-02,2.663431794532444,0.0,0,subprime
2026-06-02,0.911248645547804,0.0,0,prime
2026-06-02,0.785204332586037,1.0,1,subprime
2026-06-02,0.28198007476902187,0.9454125910418762,1,prime
2026-06-02,-0.2840433857855411,1.0,1,prime
2026-06-02,0.9173227935269694,1.0,1,prime
2026-06-02,2.1204914912372597,1.0,1,prime
2026-06-02,1.8109230692233576,0.0,0,prime
2026-06-02,-0.31405299716096025,0.050998591938586704,0,prime
2026-06-02,1.2843704396554738,0.19780359359652058,0,prime
2026-06-02,0.5437206937156702,0.11897805231390872,0,prime
2026-06-02,0.3973962627656896,0.02733468554344709,0,prime
2026-06-02,1.3371783752869493,0.0,0,prime
2026-06-02,1.0709294849484927,0.05131556445400146,0,prime
2026-06-02,-0.054212639447292876,0.15819953770747402,0,prime
2026-06-02,3.1333485175409157,0.8709930204371782,1,prime
2026-06-02,-0.15685117576478566,0.9347592144807468,1,subprime
2026-06-02,0.6984596649515291,0.0602139263346484,0,prime
2026-06-02,-0.7470824996922226,0.07250732213785961,0,subprime
2026-06-02,-1.1230936252788202,0.9487327338547741,1,prime
2026-06-02,-0.40397744453095286,1.0,1,prime
2026-06-02,-0.713068039727184,0.9796846643700554,1,prime
2026-06-02,-0.3646191731561301,0.11958072446695504,0,subprime
2026-06-02,0.4797036206820162,0.0,0,prime
2026-06-02,0.4404394383909528,0.0360043483052425,0,prime
2026-06-02,1.1252237805518202,0.006408876590929868,0,prime
2026-06-02,-0.3582348269881861,0.9801703153183685,1,prime
2026-06-02,-1.0164479985016357,0.1366586882725342,0,prime
2026-06-02,2.8413728315579845,0.11117274411950953,0,prime
2026-06-02,-0.4434471509810284,0.920388570164628,1,prime
2026-06-02,-1.4682003000912183,0.10747051095981489,0,prime
2026-06-02,-1.1738252226616408,0.9099978540125563,1,prime
2026-06-02,0.39502246287627424,0.8480727984238758,1,prime
2026-06-02,-0.32659290329602053,1.0,1,prime
2026-06-02,-0.08092528108347144,0.0,0,prime
2026-06-02,1.6195897707275082,0.07942951261338815,0,subprime
2026-06-02,0.7150439131518791,1.0,1,subprime
2026-06-02,-1.471007283275469,0.1389658042427183,0,prime
2026-06-02,-1.5478330236477509,0.0,0,prime
2026-06-02,0.5136403201039486,0.917326701845446,1,prime
2026-06-02,-1.2993622676420493,0.1544712500633777,0,subprime
2026-06-02,0.5315678144039377,1.0,1,prime
2026-06-02,-0.06088527685360612,0.8450953781595008,1,prime
2026-06-02,-0.09601269270627275,0.02444958628761568,0,prime
2026-06-02,0.5596222000092305,0.2614749998473926,0,prime
2026-06-02,-0.9926132240508033,0.8589759323819544,1,prime
2026-06-02,-0.5022467767396543,0.9291028667521959,1,subprime
2026-06-02,-0.4898003609250573,0.9529219427526492,1,prime
2026-06-02,0.7604435454391433,0.0,0,prime
2026-06-02,-0.629777831346192,0.0,0,subprime
2026-06-02,-1.282648089157222,0.9866760396974047,1,prime
2026-06-02,-1.1213030807632045,0.07081044853727082,0,prime
2026-06-02,-0.004894212249102942,0.048452427520398626,0,subprime
2026-06-02,0.8847590905039547,0.0,0,subprime
2026-06-02,0.9471721593685805,0.08460739233730885,0,prime
2026-06-02,-0.9007817204544942,0.04354830819663809,0,prime
2026-06-02,-1.6593901862845775,0.0,0,prime
2026-06-02,0.18207529601709854,0.16924396710250508,0,prime
2026-06-02,0.7224303710021838,0.05963023218818034,0,prime
2026-06-02,0.7954130436909709,0.9814934026606232,1,prime
2026-06-02,1.4972758062607134,0.09508990064730766,0,prime
2026-06-02,1.1711508521906004,0.06923873889057162,0,prime
2026-06-02,1.0953461040947092,0.0,0,prime
2026-06-02,-0.6202132022797046,0.9585415204538469,1,prime
2026-06-02,0.12779656009740725,0.7462511222668611,1,prime
2026-06-02,1.429091942253077,0.0,0,prime
2026-06-02,-1.004741935595325,0.0,0,prime
2026-06-02,-0.20126284601174757,0.16371959502683836,0,subprime
2026-06-02,-0.2513387169297331,0.09230303855842384,0,prime
2026-06-02,-1.3100665040772674,0.0,0,prime
2026-06-02,1.0824701854979188,1.0,1,prime
2026-06-02,-0.18851287238718692,0.924322322145284,1,prime
2026-06-02,-0.985501097689974,0.9543642646308745,1,prime
2026-06-02,0.5966258510727706,0.09812622770544935,0,subprime
2026-06-02,-0.6257149389987798,0.9666471212496561,1,prime
2026-06-02,-0.10328507212095558,0.12058976683385922,0,prime
2026-06-02,0.6917788389246565,1.0,1,subprime
2026-06-02,0.36432972704683453,0.23156886833993798,0,prime
2026-06-02,-0.02861677095643428,0.08056652370412154,0,prime
2026-06-02,-1.0721613872866145,0.9556411710843504,1,prime
2026-06-02,0.25712852942597997,0.8097656725846032,1,subprime
2026-06-02,1.1892441558237294,0.05168134694000509,0,subprime
2026-06-02,-0.43379713096850947,0.8692271906669425,1,prime
2026-06-02,0.20403410674732234,0.0,0,subprime
2026-06-02,-0.5096937997306078,0.06425309441253083,0,prime
2026-06-02,0.25181246087858933,1.0,1,prime
2026-06-02,1.80745238386633,0.17191520886494294,0,prime
2026-06-02,0.37460214849865314,0.16246672856474076,0,subprime
2026-06-02,0.5764586221187222,0.1520251996348035,0,prime
2026-06-02,0.03002845457061537,0.0,0,prime
2026-06-02,-1.1593137687976005,1.0,1,prime
2026-06-02,-0.6751993506954678,0.0,0,prime
2026-06-02,1.3985494771868137,0.9400943948045669,1,subprime
2026-06-02,0.6623610446926083,0.021882496949497975,0,subprime
2026-06-02,-0.318215987992681,0.07129524443407304,0,subprime
2026-06-02,0.29249767997885767,0.1328367667621207,0,subprime
2026-06-02,0.5607110284180302,0.052076038000806915,0,prime
2026-06-02,-0.30633351211696147,0.167493954689527,0,subprime
2026-06-02,-0.99026398155158,0.0,0,prime
2026-06-02,1.1922796442093129,0.9981300438061044,1,subprime
2026-06-02,0.6878210223783923,0.8781825788583,1,prime
2026-06-02,-0.21117933569667144,0.03938311537517912,0,subprime
2026-06-02,-1.5115240132879952,0.9948427084164306,1,prime
2026-06-02,0.8048049591005721,0.8545100341190514,1,subprime
2026-06-02,0.9000447057078449,0.08454583252648165,0,subprime
2026-06-02,-0.38976608234712895,1.0,1,subprime
2026-06-02,1.1285341678000211,0.0,0,prime
2026-06-02,1.0435155466543755,0.045102799511389305,0,subprime
2026-06-02,0.019961616418783856,0.0,0,prime
2026-06-02,0.9074911811540725,0.09693453279630797,0,prime
2026-06-02,0.03665739402963303,0.04442469604363309,0,prime
2026-06-02,1.1991059850455372,1.0,1,subprime
2026-06-02,0.042777260852165225,0.0,0,prime
2026-06-02,-0.05426135580903846,0.08006157494691517,0,prime
2026-06-02,0.652375176950138,1.0,1,prime
2026-06-02,1.1167351229885132,0.19628974001206229,0,prime
2026-06-02,-0.41040737951303063,0.0,0,prime
2026-06-02,0.8323576376579039,0.009334260416451426,0,prime
2026-06-02,0.3815344940191034,0.02262622770326774,0,prime
2026-06-02,-0.15741786005934102,1.0,1,prime
2026-06-02,0.8746498498861386,0.8933916339749167,1,subprime
2026-06-02,0.7097610533922987,0.987810440153492,1,subprime
2026-06-02,-1.319691728385162,0.9284823674060916,1,subprime
2026-06-02,0.01806540459228842,0.0,0,prime
2026-06-02,0.7652257413817094,0.7747786567562679,1,subprime
2026-06-02,-0.17643677156649876,0.9560128454859286,1,prime
2026-06-02,-0.20504894898928852,0.9145116419765833,1,subprime
2026-06-02,-1.9679175776064162,0.945936298013859,1,subprime
2026-06-02,0.311491177884462,0.9360957896476034,1,prime
2026-06-02,1.8014302006529275,0.9759862308419065,1,subprime
2026-06-02,-0.9436454457947813,0.10938436160771456,0,subprime
2026-06-02,1.18336281450621,0.8795129321518449,1,subprime
2026-06-02,0.7568899190635111,1.0,1,prime
2026-06-02,0.3141536004990635,0.05088451669862655,0,prime
2026-06-02,0.8053122278909777,0.932258662461677,1,subprime
2026-06-02,-0.29758209375535705,0.02764301248538342,0,subprime
2026-06-02,0.35482486319689654,1.0,1,prime
2026-06-02,-1.1883983698600749,0.967939238051897,1,prime
2026-06-02,-0.18653250718107564,0.9810038852268091,1,prime
2026-06-02,-0.5953934891534268,0.0,0,prime
2026-06-02,-1.3254516796745068,0.8784066752378235,1,prime
2026-06-02,1.2873736580634512,0.0,0,prime
2026-06-02,-1.7867768364679713,0.21499989528547314,0,subprime
2026-06-02,-0.6531730819590299,0.9165525204928907,1,subprime
2026-06-02,1.430616936602195,0.9326337967303026,1,prime
2026-06-02,0.46710505995448093,0.9148121117300917,1,subprime
2026-06-02,0.581409094680739,0.0,0,subprime
2026-06-02,1.660532273141739,1.0,1,prime
2026-06-02,0.5016954650974021,0.14393992595616423,0,prime
2026-06-02,0.8748967570108965,0.0,0,prime
2026-06-02,-0.9462501190183877,0.9865612309496987,1,prime
2026-06-02,-1.8218786896133563,0.26894882823035093,0,subprime
2026-06-02,0.9152925698608189,0.09080527408253847,0,subprime
2026-06-02,1.209774866458621,0.03406336310333513,0,prime
2026-06-02,-0.18825126952644852,0.011087349239058741,0,subprime
2026-06-02,0.3037565569070767,0.9933523823005179,1,subprime
2026-06-02,-0.5433931379421496,1.0,1,prime
2026-06-02,-1.7160031632155905,0.8033278449572223,1,prime
2026-06-02,-1.4101567638621306,0.06584464482803724,0,subprime
2026-06-02,-0.316059049075588,0.0,0,prime
2026-06-02,1.8519030038889697,0.12439014957162528,0,prime
2026-06-02,0.5024705420178761,0.751411521067535,1,prime
2026-06-02,-0.19763384560236794,0.8692926555897947,1,prime
2026-06-02,1.5977043616998092,1.0,1,prime
2026-06-02,1.385565541544724,0.9745290357216262,1,prime
2026-06-02,1.1090905053836708,0.15416570876088526,0,prime
2026-06-02,-1.3709597523647326,1.0,1,subprime
2026-06-02,0.5556717733137804,0.9343725175173747,1,prime
2026-06-02,1.744176432862041,1.0,1,prime
2026-06-02,-0.4400517408516751,0.9673557507783985,1,subprime
2026-06-02,-0.021716331499420094,0.8302742319382737,1,prime
2026-06-02,0.2830506738308398,0.8411411022090124,1,prime
2026-06-02,1.2107621418830568,0.018353268844242952,0,prime
2026-06-02,-1.2514102089006225,0.0996950053284281,0,prime
2026-06-02,0.07602321579687411,0.9467790256263057,1,subprime
2026-06-02,-1.106283590272743,0.10547686499065029,0,prime
2026-06-02,-0.40124954919647216,0.0837895414562422,0,prime
2026-06-02,0.8806920442243266,0.05504635340030527,0,prime
2026-06-02,-1.5166289661112635,0.0,0,prime
2026-06-02,-1.0773361744064527,0.0255384737280644,0,subprime
2026-06-02,-0.7653849046584255,0.9562717257653461,1,prime
2026-06-02,-0.3042043336167337,0.3128507121030206,0,prime
2026-06-02,-0.8201052797696958,0.06784020084644858,0,subprime
2026-06-02,1.8450414972428086,0.9207313114740959,1,prime
2026-06-02,0.6955870689877168,0.8982773960329495,1,prime
2026-06-02,0.29176185615855993,0.0,0,subprime
2026-06-02,0.08936173430105625,1.0,1,prime
2026-06-02,-1.28644366514086,0.9331395317353187,1,prime
2026-06-02,-1.4981973746409525,0.0,0,subprime
2026-06-02,0.3642045322094428,0.8422767527082027,1,prime
2026-06-02,0.933942098532881,0.1442906016138461,0,prime
2026-06-02,1.8644065755049553,0.9065859488895134,1,prime
2026-06-02,-1.4580218782332508,0.9300221121634329,1,prime
2026-06-02,-1.099702975978546,0.9327394910693027,1,prime
2026-06-02,2.3285291792574467,0.0,0,prime
2026-06-02,1.014627672136511,1.0,1,prime
2026-06-02,-0.6991748310414372,0.08067132574202973,0,prime
2026-06-02,0.3778775569654581,1.0,1,prime
2026-06-02,-0.21459725074173222,1.0,1,subprime
2026-06-03,-0.58291551648711,0.0,0,prime
2026-06-03,0.9416504532458327,0.0,0,prime
2026-06-03,2.29267946108106,1.0,1,prime
2026-06-03,1.9471516776474858,0.9269121259828568,1,prime
2026-06-03,0.5130423918220134,0.0,0,subprime
2026-06-03,0.2435729984645958,0.9950019955666013,1,subprime
2026-06-03,-0.45044183487215866,0.00865886892158707,0,prime
2026-06-03,1.0156048475651687,0.14103182836605582,0,subprime
2026-06-03,0.24374579668607393,0.1587999878054428,0,prime
2026-06-03,1.3147858837535336,0.0001673296884800099,0,prime
2026-06-03,0.27346632167470025,0.9726835305574001,1,prime
2026-06-03,1.1705940546124145,1.0,1,subprime
2026-06-03,1.92400062278525,0.0,0,subprime
2026-06-03,0.16215720338177306,0.08605832521119208,0,subprime
2026-06-03,0.7206097544334236,1.0,1,prime
2026-06-03,-0.0005767616097349104,0.09793029992159882,0,prime
2026-06-03,0.12658471801512183,0.8517283117528901,1,subprime
2026-06-03,2.0732027988955735,0.1882260472762643,0,subprime
2026-06-03,2.5944914832123214,0.0,0,prime
2026-06-03,1.6942168449841657,1.0,1,subprime
2026-06-03,1.4499195876401612,0.8455244716901484,1,subprime
2026-06-03,1.0467182442058858,0.9983532649946036,1,prime
2026-06-03,-0.3100811765687685,0.03956103494564405,0,subprime
2026-06-03,-0.8957055339750037,0.0,0,prime
2026-06-03,-0.6729480125585623,0.21148848136318862,0,prime
2026-06-03,0.9185012435940327,0.13080410440300694,0,subprime
2026-06-03,-0.27197570660773446,0.0,0,prime
2026-06-03,-0.5703449507121152,0.01759020816665003,0,prime
2026-06-03,0.45749493872031816,0.9014903506281714,1,prime
2026-06-03,-1.2355356928254593,0.7401552448789803,1,prime
2026-06-03,-0.5978390965561036,0.8475102757753231,1,prime
2026-06-03,-1.2510198766497982,0.037773700789197354,0,prime
2026-06-03,0.2645739038090987,0.9597381001916938,1,prime
2026-06-03,-0.831962120886129,1.0,1,prime
2026-06-03,-0.7829532012060973,0.8809089249220645,1,prime
2026-06-03,0.5401826355032233,0.8788111681906241,1,prime
2026-06-03,0.6122030748941103,1.0,1,prime
2026-06-03,-0.098161947568083,1.0,1,prime
2026-06-03,-1.2200711517005742,0.031532549838593396,0,prime
2026-06-03,1.330158984106883,0.9735996541132037,1,subprime
2026-06-03,0.7621717321182123,0.12329645046059394,0,prime
2026-06-03,-1.0000640837819732,0.8459522918261485,1,prime
2026-06-03,1.3277969325249805,0.9082866339748009,1,subprime
2026-06-03,-1.0863419109483385,0.11887718165361463,0,prime
2026-06-03,1.6378132418986917,0.03338119082185285,0,subprime
2026-06-03,-0.31833558310727955,0.03866811054965522,0,subprime
2026-06-03,1.5610284355904729,0.034854094277035966,0,subprime
2026-06-03,1.4033126327696819,0.0,0,subprime
2026-06-03,-0.10090274338002209,0.0,0,prime
2026-06-03,0.3223424702085969,0.9426004988009418,1,subprime
2026-06-03,1.0746386266218448,0.01831415432361471,0,subprime
2026-06-03,-0.08332639783014273,0.07085852026235964,0,prime
2026-06-03,1.2656973498014121,0.9694835698603176,1,prime
2026-06-03,0.6746241989699426,0.903944061624508,1,subprime
2026-06-03,-0.031243306177842434,0.873388137944951,1,subprime
2026-06-03,-0.7477962278618038,1.0,1,subprime
2026-06-03,-0.16702821437860077,1.0,1,subprime
2026-06-03,0.16148758357554527,0.8273961513801095,1,subprime
2026-06-03,-0.00726666405436438,0.9883807504300597,1,subprime
2026-06-03,-0.4206025796272654,1.0,1,prime
2026-06-03,0.16548255277445376,0.1737089604631878,0,subprime
2026-06-03,1.027800601597925,0.21821166328302555,0,subprime
2026-06-03,0.15629101809315246,0.07605120829541154,0,prime
2026-06-03,0.6183336670184725,0.9648695872569459,1,subprime
2026-06-03,-0.62247555105716,0.0,0,subprime
2026-06-03,1.5403872737924085,0.21509275313436466,0,subprime
2026-06-03,0.9277183836809557,0.9294368408321304,1,subprime
2026-06-03,0.04776034760919695,0.9851909490616699,1,prime
2026-06-03,1.574843131327103,0.9950369509923721,1,subprime
2026-06-03,-0.271141031466221,0.11065045083259381,0,prime
2026-06-03,-0.044177245555108935,0.9558667221996265,1,prime
2026-06-03,0.7028084859439954,0.31303990686941696,0,prime
2026-06-03,-0.8957695346112069,1.0,1,prime
2026-06-03,-0.42185806949823373,0.09031789617455903,0,prime
2026-06-03,-1.2291707663594746,0.0,0,prime
2026-06-03,0.16902662101971427,0.09956002469196856,0,subprime
2026-06-03,-0.8528819660930427,0.7796762263725232,1,subprime
2026-06-03,0.38248605743647257,0.757729679876378,1,prime
2026-06-03,1.808873777559692,1.0,1,subprime
2026-06-03,0.5006067458361723,1.0,1,prime
2026-06-03,0.4234583609240548,0.10451305334841332,0,prime
2026-06-03,-0.1372174975391373,0.99377741051838,1,prime
2026-06-03,0.9530098605879087,0.0,0,prime
2026-06-03,0.5130934281041086,0.7943451686224409,1,prime
2026-06-03,0.310320312590874,0.9052254551133704,1,subprime
2026-06-03,1.6742259769207886,0.0,0,prime
2026-06-03,0.2830678641476143,1.0,1,prime
2026-06-03,-0.46694819722969355,0.7791552542218285,1,subprime
2026-06-03,-0.09191002742604842,0.13160552570552975,0,prime
2026-06-03,1.5541624501901712,0.1637094010813125,0,prime
2026-06-03,0.7404538124557919,0.0,0,subprime
2026-06-03,1.4422784353805518,0.04449631900072909,0,subprime
2026-06-03,-0.0658178894772053,0.9289957569565812,1,prime
2026-06-03,-0.19127057187718494,0.0,0,prime
2026-06-03,-0.723578004499895,0.0,0,subprime
2026-06-03,0.922885263745705,1.0,1,subprime
2026-06-03,-0.21100030371052353,0.10432967468113154,0,prime
2026-06-03,1.3372612734124936,0.8559767846213999,1,prime
2026-06-03,2.5615133283329334,0.10899094702728236,0,subprime
2026-06-03,-0.06591064836072746,0.9846325998152384,1,subprime
2026-06-03,-1.074134443858598,0.19107028593929995,0,prime
2026-06-03,-1.324184714958017,0.8895698799883824,1,prime
2026-06-03,2.0456836472097293,0.1514190132876408,0,prime
2026-06-03,-0.10213388163037018,1.0,1,prime
2026-06-03,2.477238899443929,1.0,1,prime
2026-06-03,-1.1308583917786714,0.09931019156400794,0,prime
2026-06-03,-1.9893814455184498,0.2165618924766012,0,prime
2026-06-03,0.7477575190487012,0.0,0,prime
2026-06-03,-0.3925782949534183,0.02734705673286262,0,subprime
2026-06-03,0.7693910250126241,0.12226979782208948,0,prime
2026-06-03,0.28554395584925935,0.8434062624374672,1,prime
2026-06-03,1.5187249477985865,0.9062893839170639,1,subprime
2026-06-03,1.3818323961306747,0.15455639150826284,0,prime
2026-06-03,0.3486865086727324,0.09953949591689629,0,prime
2026-06-03,-0.6920668540955364,1.0,1,prime
2026-06-03,-0.1844251749026637,0.0,0,subprime
2026-06-03,-2.3149621619868213,0.11136165983249777,0,subprime
2026-06-03,-1.388106201936647,0.0,0,prime
2026-06-03,-0.1908179275227621,0.8724563829007992,1,prime
2026-06-03,1.354875991090663,0.9226276858674824,1,prime
2026-06-03,0.6292968528141984,1.0,1,prime
2026-06-03,-0.20592260196387596,0.9994476846359371,1,subprime
2026-06-03,-0.04420745149885763,0.7334434052082619,1,prime
2026-06-03,0.529785625967426,0.25733206704246514,0,subprime
2026-06-03,0.24403546963583497,1.0,1,prime
2026-06-03,-0.4264545845256475,0.8721163228400091,1,prime
2026-06-03,-1.6223630104879063,0.8949346399440019,1,subprime
2026-06-03,1.031957617389276,0.019774418904597777,0,prime
2026-06-03,0.5651886156919879,0.8950951175042964,1,prime
2026-06-03,-0.5118301576802398,0.051666057592421974,0,prime
2026-06-03,0.7198468186986844,0.0,0,prime
2026-06-03,-0.7022302152226074,0.875886993321683,1,prime
2026-06-03,-0.4711777959583881,0.0074983563013021545,0,prime
2026-06-03,-1.7382886240969422,0.13362332744748584,0,prime
2026-06-03,1.4503347184021425,0.0,0,prime
2026-06-03,1.5999749778688666,0.9933591903430425,1,subprime
2026-06-03,0.5935785301014564,0.0727428058030302,0,prime
2026-06-03,-0.8920261165822345,1.0,1,subprime
2026-06-03,0.2994187199066988,0.03996775730537455,0,prime
2026-06-03,1.2913594942640034,0.08024970936819317,0,subprime
2026-06-03,0.045716809801988334,0.19260027283690187,0,prime
2026-06-03,-0.4059187340538242,0.2138756820440582,0,prime
2026-06-03,0.5955714291683625,0.0,0,prime
2026-06-03,-0.5592212303181032,1.0,1,subprime
2026-06-03,0.9291013373698804,1.0,1,subprime
2026-06-03,-0.35294691585939714,0.05003819721844621,0,prime
2026-06-03,0.5066042140850064,0.0,0,prime
2026-06-03,0.3183044635338639,0.8619316375564867,1,subprime
2026-06-03,-0.5806420505083285,0.9711189100621692,1,prime
2026-06-03,-1.036885061604566,0.8510575855940986,1,subprime
2026-06-03,0.4504498416213501,0.19034681968591288,0,subprime
2026-06-03,-0.002935491201379814,1.0,1,prime
2026-06-03,-0.6948347607018406,0.1450752606489808,0,prime
2026-06-03,1.072778764773675,1.0,1,prime
2026-06-03,0.7112916030726851,0.18314530764429252,0,subprime
2026-06-03,-0.30213807034514667,0.1768830878062569,0,prime
2026-06-03,-0.3694632820923471,0.12040032497035688,0,prime
2026-06-03,1.5527636918351868,0.0,0,prime
2026-06-03,0.9960679709216784,0.9045074458788043,1,prime
2026-06-03,-1.0410509426589813,0.21133848450123155,0,prime
2026-06-03,-0.7471657141718011,0.8533538688195104,1,prime
2026-06-03,-1.4984987830825274,0.9878150287896877,1,prime
2026-06-03,-0.676102946123601,1.0,1,prime
2026-06-03,-0.8132289902600014,0.0,0,prime
2026-06-03,-0.451086428759185,0.06375159589420756,0,prime
2026-06-03,0.3743301075906738,0.13298615683396903,0,prime
2026-06-03,0.2972732183792397,0.09342159114204432,0,subprime
2026-06-03,1.1040285769660594,0.0,0,prime
2026-06-03,-0.0005604879333576118,1.0,1,subprime
2026-06-03,0.9170722290362081,1.0,1,prime
2026-06-03,0.6751049618964211,0.13940791858467536,0,subprime
2026-06-03,1.0101531075774672,0.07221255643247967,0,prime
2026-06-03,1.0457389600855582,0.933949270458319,1,subprime
2026-06-03,1.0432452028029033,0.9501217782209731,1,prime
2026-06-03,0.03193776249825031,0.0,0,prime
2026-06-03,0.6549660590416859,0.0,0,prime
2026-06-03,0.7067881715334359,0.9918527229622733,1,prime
2026-06-03,1.481251603152475,0.1013192964819506,0,prime
2026-06-03,-0.07787255775536484,0.11420521434495216,0,prime
2026-06-03,1.0245034921886604,0.0,0,prime
2026-06-03,-0.9232015132102034,0.11094867643475038,0,prime
2026-06-03,1.1044074904499874,0.9670539100554273,1,subprime
2026-06-03,1.3156030285199316,1.0,1,prime
2026-06-03,0.7161275788451582,0.7886260756718786,1,prime
2026-06-03,0.7215160564692775,0.05694136087163314,0,prime
2026-06-03,-0.08505979110412515,0.935789696710883,1,prime
2026-06-03,0.8253654877261457,0.9013643522382218,1,subprime
2026-06-03,1.0980782289695359,0.007239612161308084,0,prime
2026-06-03,1.9152284283323011,1.0,1,subprime
2026-06-03,-0.2995447641640529,0.9071191227791345,1,prime
2026-06-03,0.5123884905125989,0.09225259539642855,0,prime
2026-06-03,0.1517350047089343,0.8514439811946417,1,prime
2026-06-03,-0.5088469125878714,0.9082791527023281,1,prime
2026-06-03,0.07232892815982139,0.12909582464784852,0,prime
2026-06-03,-1.1646521296325785,0.8978169871304363,1,subprime
2026-06-03,0.4726376329884763,0.10996610472191679,0,subprime
2026-06-03,-0.21184165631842294,0.1193274808483315,0,prime
2026-06-03,1.6925273893412447,1.0,1,prime
2026-06-03,0.8409950996509121,0.061362049159780406,0,prime
2026-06-03,0.03908783491478168,0.001736721038290777,0,subprime
2026-06-03,0.9802628067980816,0.20143505679696866,0,prime
2026-06-03,-0.18413065007312251,1.0,1,prime
2026-06-03,0.40857325431991054,0.9478633397430304,1,prime
2026-06-03,0.009863843733870725,0.04815633333038753,0,prime
2026-06-03,0.4141367373260196,0.06458773723019064,0,prime
2026-06-03,-1.3142585877188862,0.8568202859945302,1,prime
2026-06-03,0.039495067831587016,0.15823851478417633,0,prime
2026-06-03,1.7975103318332175,0.09289746437686433,0,subprime
2026-06-03,0.07041385457645971,0.0,0,subprime
2026-06-03,2.1592465370350986,0.18697694194814707,0,prime
2026-06-03,-0.18154398919621634,1.0,1,prime
2026-06-03,1.4152470206021674,0.7705183979065914,1,prime
2026-06-03,1.693502325143442,0.9703538706399593,1,subprime
2026-06-03,0.4989262543259373,0.078021609555114,0,subprime
2026-06-03,0.998372790348147,1.0,1,subprime
2026-06-03,0.03186074708027237,0.14893874502505577,0,subprime
2026-06-03,-0.0983665063710445,0.19229807977061564,0,subprime
2026-06-03,0.3404379033095326,0.07000043808366513,0,prime
2026-06-03,-0.7988815699226128,0.9963666167690594,1,prime
2026-06-03,-0.5068903059472816,0.0,0,subprime
2026-06-03,-0.6504611559901501,1.0,1,prime
2026-06-03,-1.2198296357826917,0.0,0,prime
2026-06-03,-0.767430269554443,0.0,0,prime
2026-06-03,-0.801745171183756,0.11310761976434129,0,prime
2026-06-03,1.092976113738129,0.9307252790070993,1,prime
2026-06-03,-0.4538665962752672,0.0,0,prime
2026-06-03,0.7336145682295362,0.03343515851393814,0,prime
2026-06-03,1.4070447073273686,0.0,0,prime
2026-06-03,-1.371813495280653,0.0,0,subprime
2026-06-03,0.9261472264526021,0.07912453709927365,0,prime
2026-06-03,-0.40513934474321384,0.0,0,subprime
2026-06-03,1.0604889003847553,0.23825523959858264,0,prime
2026-06-03,-0.21701182582536432,0.8354545824930425,1,prime
2026-06-03,0.22408714957319348,0.9399511851475434,1,prime
2026-06-03,0.04045360431554734,0.8744540177058111,1,prime
2026-06-03,0.5834034357344734,0.9958583091287005,1,prime
2026-06-03,-0.2554899437208475,0.03139847969068815,0,prime
2026-06-03,-1.075705255369032,0.9796298490162606,1,subprime
2026-06-03,-0.05445906480411289,0.042276421153802826,0,prime
2026-06-03,0.8021376380317693,0.024557118783037523,0,prime
2026-06-03,0.6517709102098735,0.10485788860730533,0,prime
2026-06-03,1.0742250712772137,0.7936673484887746,1,subprime
2026-06-03,0.4254035177585275,0.8687394760149031,1,prime
2026-06-03,-1.2539528391219423,1.0,1,prime
2026-06-03,0.684868941258403,1.0,1,subprime
2026-06-03,-1.087580251940477,0.7461324009409424,1,prime
2026-06-03,0.18437316819450886,0.0,0,prime
2026-06-03,-0.5215234309962431,0.9984561756238474,1,prime
2026-06-03,1.1041418092872584,0.09343060577863233,0,subprime
2026-06-03,0.2462296561015706,0.85809979073555,1,subprime
2026-06-03,1.4991585355041275,0.0,0,subprime
2026-06-03,-0.8895487723749833,1.0,1,prime
2026-06-03,-1.6993451622348534,0.8713922525615541,1,prime
2026-06-03,-0.8983921415486533,0.8230804960513415,1,subprime
2026-06-03,0.2108066490069107,0.7739503868161953,1,prime
2026-06-03,-0.2850074322437474,0.02925213340320454,0,prime
2026-06-03,-0.055255268043036876,0.034373170618613766,0,prime
2026-06-03,0.6250578508543626,0.9036185655162289,1,prime
2026-06-03,1.4192122348860567,0.8810924099244802,1,prime
2026-06-03,-0.05843665611738463,1.0,1,prime
2026-06-03,0.10630120013488331,0.8964104773460361,1,prime
2026-06-03,1.0240793122365621,0.03805903214354927,0,prime
2026-06-03,0.5564035366022109,0.07100337611278554,0,prime
2026-06-03,-0.32519250274570327,1.0,1,prime
2026-06-03,0.5939092002457638,0.3559886947916333,0,prime
2026-06-03,-0.07055253527552696,1.0,1,prime
2026-06-03,0.27277312226748296,0.0,0,prime
2026-06-03,1.2777928071373128,0.08950269335988467,0,prime
2026-06-03,0.34903758623585074,0.0,0,subprime
2026-06-03,1.6149565354377355,0.07882015867492523,0,subprime
2026-06-03,-0.25788432318001203,0.20846414131217633,0,subprime
2026-06-03,2.0788512566249557,0.02529865819245243,0,prime
2026-06-03,0.7655508919553576,0.9450181439672858,1,prime
2026-06-03,-1.215974815254425,0.0,0,subprime
2026-06-03,-2.677289112899252,0.9503250978800458,1,subprime
2026-06-03,1.2115709079520556,0.07421242004809393,0,subprime
2026-06-03,0.2736057259758122,0.9372117936353304,1,prime
2026-06-03,1.097239674365239,1.0,1,prime
2026-06-03,-0.19528916400328283,0.03222215604961221,0,prime
2026-06-03,-0.4499958470679651,0.0,0,prime
2026-06-03,-0.007881338522754466,0.9160631637262361,1,subprime
2026-06-03,-0.2739881864300216,0.0678111002697868,0,prime
2026-06-03,0.7617869730080957,0.9436954113249842,1,prime
2026-06-03,0.16666207561577745,0.9405599143410499,1,prime
2026-06-03,1.144613864232648,0.007756841467367687,0,prime
2026-06-03,0.701987927921728,0.907200033732487,1,prime
2026-06-03,0.7493495572383978,0.0,0,prime
2026-06-03,0.276832516234105,0.9388629960527842,1,prime
2026-06-03,2.0719648904438746,0.20561641820163445,0,prime
2026-06-03,-0.09695966532903572,0.976631847529557,1,prime
2026-06-03,3.1674987797163108,1.0,1,prime
2026-06-03,-0.2935485568656733,0.11234866111113952,0,prime
2026-06-03,-0.7471874842530934,1.0,1,prime
2026-06-03,-1.3864671671272706,0.8065877345700201,1,subprime
2026-06-03,-0.0593996043253226,0.016863386262776246,0,prime
2026-06-03,-1.5003386175082833,0.0,0,prime
2026-06-03,-0.5399549415020379,0.023946205898582706,0,prime
2026-06-03,2.3735466019981244,0.06334437510895774,0,prime
2026-06-03,0.6800276418852202,0.9538366223537734,1,prime
2026-06-03,-1.073756194999775,0.9904326202235337,1,prime
2026-06-03,-0.15020043022877116,0.9721831320139882,1,prime
2026-06-03,1.102114310303942,0.1174576648188691,0,prime
2026-06-03,-0.5917275025319948,0.18254256005748878,0,subprime
2026-06-03,2.1004499519125717,1.0,1,prime
2026-06-03,-0.25248633399509895,1.0,1,prime
2026-06-03,0.9850207971994098,0.0,0,prime
2026-06-03,0.7035654212978253,0.0,0,prime
2026-06-03,-1.0696297954619218,0.9024481070071169,1,prime
2026-06-03,-0.652972405744346,0.8918012241004938,1,subprime
2026-06-03,0.12447546486873559,1.0,1,subprime
2026-06-03,0.31721364497539656,0.06902473487097394,0,subprime
2026-06-03,3.392391306310575,0.09294646774135787,0,prime
2026-06-03,-1.700045744945317,0.1381977103125001,0,subprime
2026-06-03,-1.47504969171332,1.0,1,prime
2026-06-03,-0.20282429265260943,0.8558596214887502,1,prime
2026-06-03,0.28292888361972546,0.007994977826702408,0,prime
2026-06-03,3.0163866116124947,1.0,1,subprime
2026-06-03,0.7646556720311868,0.8273077563978164,1,subprime
2026-06-03,0.0778700845413624,0.0,0,prime
2026-06-03,-0.2208184422801121,0.0,0,subprime
2026-06-03,-0.6544597129117937,0.035422754119315746,0,subprime
2026-06-03,1.2891739192234366,0.294474754736689,0,prime
2026-06-03,0.14300566939812676,0.0,0,prime
2026-06-03,0.4701186273915408,0.055289057279968655,0,subprime
2026-06-03,-0.09050536027002848,0.952640846155548,1,prime
2026-06-03,0.9156804637084295,0.9131117173083809,1,prime
2026-06-03,2.1434802002211737,0.07176308626880284,0,prime
2026-06-03,0.6543814541416839,0.9200890542705202,1,prime
2026-06-03,-0.20680911100178084,0.20678261903972545,0,prime
2026-06-03,0.1483731196241377,0.0,0,prime
2026-06-03,-0.07082531234004352,1.0,1,prime
2026-06-03,0.44972900821878836,1.0,1,subprime
2026-06-03,1.1586794279979689,0.9713603397499779,1,prime
2026-06-03,-0.4755518901481122,0.11006281112461574,0,prime
2026-06-03,0.7615391245901072,1.0,1,subprime
2026-06-03,1.2323333221974657,0.14900564068355132,0,subprime
2026-06-03,0.26030340949989367,0.851543168408049,1,subprime
2026-06-03,0.6556695447489562,0.9854840734006595,1,prime
2026-06-03,-1.0930568910520522,0.248441574099959,0,subprime
2026-06-03,-0.049652532272869365,0.880033515589448,1,prime
2026-06-03,1.1986215193795253,0.9826149363973002,1,prime
2026-06-03,-0.009423205646288624,0.08646557103864727,0,subprime
2026-06-03,0.12239440550973288,0.11684748014155573,0,prime
2026-06-03,0.6967946340831374,0.9063420707876607,1,subprime
2026-06-03,-0.5456595787886565,0.003038783362648484,0,subprime
2026-06-03,-0.4675391114883464,1.0,1,prime
2026-06-03,0.4111300816316752,1.0,1,subprime
2026-06-03,1.5759404209818142,0.8647077945116999,1,prime
2026-06-03,0.4693508156286744,0.8442522645619285,1,prime
2026-06-03,-0.22694801566086314,0.8875012884337865,1,prime
2026-06-03,0.3115627304365363,0.0,0,prime
2026-06-03,1.4477877407076403,0.0,0,prime
2026-06-03,0.44967658958455625,0.1915324888495305,0,subprime
2026-06-03,1.7233293015621727,0.8276071217393095,1,subprime
2026-06-03,-0.002864039740242852,0.00610208736526701,0,subprime
2026-06-03,1.017610837532407,0.028835922165359514,0,prime
2026-06-03,1.4914710418487152,0.0,0,subprime
2026-06-03,1.156815795470705,0.9917190819442867,1,prime
2026-06-03,-1.0552376530207184,0.690649936331577,1,subprime
2026-06-03,0.17331647138253675,0.9261429366072939,1,prime
2026-06-03,-0.01729371752953629,0.16777952114586922,0,subprime
2026-06-03,-0.5724605601400465,0.05628023055813376,0,prime
2026-06-03,0.27461119654236277,0.16789102838038777,0,prime
2026-06-03,-0.048078725200981,1.0,1,prime
2026-06-03,0.2802904008212568,0.0,0,subprime
2026-06-03,-0.005601598842583211,0.011376738505703338,0,prime
2026-06-03,0.7421850796041384,0.0,0,subprime
2026-06-03,-1.268850276882929,0.0,0,prime
2026-06-03,-0.4515517755194696,0.8445362023999772,1,prime
2026-06-03,0.8300567295566968,0.9637210501590499,1,prime
2026-06-03,0.5487912614080023,0.009872105226013783,0,prime
2026-06-03,0.33021971807510947,1.0,1,subprime
2026-06-03,-0.04087528324841844,0.9543553756931663,1,prime
2026-06-03,0.42263587790854434,0.011843320100324572,0,subprime
2026-06-03,0.9950664341605828,0.9122646234660469,1,prime
2026-06-03,0.44467668094886326,0.08309608623473999,0,prime
2026-06-03,0.6727086430340635,0.9150200064094913,1,prime
2026-06-03,-0.21566858246290038,0.1474908478965451,0,prime
2026-06-03,1.8592428770701523,0.08094103359491178,0,subprime
2026-06-03,-0.37544022188152854,0.0,0,prime
2026-06-03,2.0789938052061023,0.9365853443741615,1,prime
2026-06-03,-1.220262267808525,0.0,0,prime
2026-06-03,3.3461717379288487,0.08228256845744075,0,prime
2026-06-03,1.7813052121098039,0.12686587664273208,0,prime
2026-06-03,-0.025761537688050118,1.0,1,subprime
2026-06-03,1.5038608606197506,0.22495755124704825,0,subprime
2026-06-03,-0.06420758701340179,0.9872734401083458,1,prime
2026-06-03,0.32770456757582633,0.23460101546623907,0,prime
2026-06-03,1.1630431207402612,0.8551712026629779,1,prime
2026-06-03,1.0480021233766346,0.0,0,prime
2026-06-03,0.11395166197331774,0.9863480316475693,1,prime
2026-06-03,3.2053510149856885,0.18142671991735845,0,subprime
2026-06-03,-0.04490554057025037,1.0,1,subprime
2026-06-03,-0.9425725306757295,0.20266218413834686,0,prime
2026-06-03,0.3168246786242396,0.06971484261277329,0,prime
2026-06-03,0.5970679745185493,0.0018420953557142863,0,subprime
2026-06-03,-0.25457182868891987,0.8882399691119565,1,prime
2026-06-03,0.8883843009592973,1.0,1,prime
2026-06-03,-1.4434927120632344,1.0,1,prime
2026-06-03,2.2319089061814084,0.9664749241716463,1,prime
2026-06-04,0.32793537395182304,1.0,1,prime
2026-06-04,1.9415577721940491,0.04447892668544757,0,prime
2026-06-04,0.9568927241159743,1.0,1,prime
2026-06-04,0.5757818642757029,0.04733678756724994,0,prime
2026-06-04,1.4453784666096925,0.749920214309508,1,subprime
2026-06-04,0.5845695101029573,0.9227774588727087,1,subprime
2026-06-04,1.3849573342401893,1.0,1,prime
2026-06-04,1.2553650782621881,0.0,0,prime
2026-06-04,0.09660935038619844,0.8681929572793244,1,subprime
2026-06-04,1.1197347573112137,0.02088030117280009,0,prime
2026-06-04,0.17737653424433242,0.9582232403829705,1,prime
2026-06-04,-0.04912440336341761,0.7974264344164181,1,prime
2026-06-04,-0.8115497715567457,0.946853891638199,1,subprime
2026-06-04,-0.039883534621667494,0.7912871156557674,1,prime
2026-06-04,0.6543496814354695,1.0,1,prime
2026-06-04,-0.9435423639863696,0.0,0,prime
2026-06-04,1.3683132209107287,0.14585426443003996,0,prime
2026-06-04,-2.4331200596834326,0.8715276435492798,1,prime
2026-06-04,1.7277865421965177,0.903178856959878,1,prime
2026-06-04,0.15388211356523013,0.09778463130169052,0,subprime
2026-06-04,1.224042516333307,0.08211891595662149,0,prime
2026-06-04,0.15520069051988944,0.04191259185238302,0,prime
2026-06-04,0.7595432469145886,0.0,0,subprime
2026-06-04,1.3762616507886944,0.0,0,prime
2026-06-04,-0.056148447275848445,0.851020867224473,1,prime
2026-06-04,1.6958151592787325,0.9112412387818316,1,prime
2026-06-04,1.6958614725699153,0.9947566650832584,1,subprime
2026-06-04,0.8216336518087806,0.09252486606534419,0,prime
2026-06-04,0.05847779710942075,0.11906107244342365,0,prime
2026-06-04,0.11747523911894087,0.11154435168911506,0,prime
2026-06-04,-0.9034089246488199,0.8478914477379182,1,prime
2026-06-04,2.044380356795421,0.7894346505745031,1,subprime
2026-06-04,2.2530927886357173,0.12321891195833365,0,prime
2026-06-04,0.07397242765177675,1.0,1,prime
2026-06-04,2.2700115796392826,0.9833897023842992,1,prime
2026-06-04,-0.18110363375402383,0.19246141569761058,0,subprime
2026-06-04,-0.5940358998442685,0.9291016313717321,1,subprime
2026-06-04,1.470459560960594,1.0,1,prime
2026-06-04,1.2968403944423836,0.0,0,prime
2026-06-04,0.4628256516355472,0.9773899621795801,1,subprime
2026-06-04,2.189171969237551,0.0,0,prime
2026-06-04,0.8367974485884873,0.898162496834336,1,subprime
2026-06-04,1.7442975991809118,0.9606390645121418,1,prime
2026-06-04,1.5612122526793948,0.9810532605255863,1,subprime
2026-06-04,-0.281448167687814,0.0601480273079083,0,prime
2026-06-04,0.32944026388630565,0.06557986125524579,0,prime
2026-06-04,1.780330363027539,0.05280747483801999,0,prime
2026-06-04,0.23108638767507933,0.17560480971855819,0,subprime
2026-06-04,-0.4775140188199467,0.8627168358627259,1,prime
2026-06-04,0.41695605609443226,1.0,1,prime
2026-06-04,0.44995300004979616,0.21739347995680955,0,prime
2026-06-04,-0.02661660827217338,0.08159444879689434,0,prime
2026-06-04,0.7630264140120065,0.09590026690859764,0,subprime
2026-06-04,0.6098441694255602,1.0,1,prime
2026-06-04,-0.32916361895850565,0.0,0,subprime
2026-06-04,0.1895301215131278,0.9540371309656781,1,prime
2026-06-04,-0.785432003110401,0.04114256001417382,0,prime
2026-06-04,0.7462517734308881,0.8462213652488898,1,prime
2026-06-04,1.3421943518323438,0.09810906653468021,0,prime
2026-06-04,-0.5542151169022169,0.11668165997798018,0,prime
2026-06-04,0.4977096561336709,0.9704586062345675,1,subprime
2026-06-04,0.8798839857118217,0.0,0,prime
2026-06-04,0.04948742752147417,0.019859540351709802,0,subprime
2026-06-04,0.30046195168890544,0.9917734518666763,1,prime
2026-06-04,1.0932375167164272,0.1642694856737591,0,prime
2026-06-04,0.4707994030211705,0.881367942348736,1,prime
2026-06-04,-0.2779598374179326,0.011531330412495891,0,prime
2026-06-04,0.2216051214484479,0.2260995701759825,0,prime
2026-06-04,1.5232262973839445,0.0,0,prime
2026-06-04,0.9401079460560278,0.953735802790735,1,prime
2026-06-04,0.4737457456053673,1.0,1,prime
2026-06-04,-0.7756750038460893,0.06611731805781601,0,subprime
2026-06-04,-0.9634156043600726,0.0,0,subprime
2026-06-04,-0.6352479063072634,0.3538593135908971,0,prime
2026-06-04,0.01890242733144909,1.0,1,prime
2026-06-04,-1.0641155548576864,0.9552808011321197,1,prime
2026-06-04,1.3374397179376434,1.0,1,subprime
2026-06-04,0.5192438390389463,1.0,1,subprime
2026-06-04,0.791611039400357,0.12603884261820564,0,prime
2026-06-04,0.21201990620765637,1.0,1,prime
2026-06-04,0.41829656832284057,0.8108098716870858,1,prime
2026-06-04,-1.2602842909559702,1.0,1,prime
2026-06-04,0.5232746075708382,1.0,1,subprime
2026-06-04,0.9741522517005028,0.8811476173073517,1,prime
2026-06-04,0.7314960786945235,0.039936808781616706,0,prime
2026-06-04,1.8848593603966128,0.0,0,prime
2026-06-04,-0.005627672421524288,0.037538823525179996,0,subprime
2026-06-04,-0.35957786766096067,1.0,1,prime
2026-06-04,-0.02257143531158312,1.0,1,prime
2026-06-04,3.0377277625073584,0.8503684982432731,1,subprime
2026-06-04,1.9154861348790522,0.9517802851230459,1,prime
2026-06-04,-0.21346294750002315,0.0,0,subprime
2026-06-04,0.2692412119783141,0.03188903006201691,0,prime
2026-06-04,-2.2129966062275157,0.04244704619539798,0,prime
2026-06-04,-0.2084178442142648,0.18034954425743463,0,prime
2026-06-04,0.9144742662114804,0.0,0,prime
2026-06-04,0.2974714356280877,1.0,1,subprime
2026-06-04,-0.2782062177456788,0.04439989819650422,0,prime
2026-06-04,-0.46182418200202613,1.0,1,prime
2026-06-04,1.616764910329246,0.10779473126246188,0,prime
2026-06-04,2.495245109889522,0.019386636520931894,0,prime
2026-06-04,0.15944277785661165,1.0,1,prime
2026-06-04,0.27847062285196555,0.9043096279837086,1,prime
2026-06-04,0.9952908276083078,0.07945745712886991,0,subprime
2026-06-04,1.735533781755461,1.0,1,subprime
2026-06-04,-0.06052522394375126,1.0,1,prime
2026-06-04,0.43887350307315304,0.9566685283559472,1,subprime
2026-06-04,0.8388466619454189,0.9011543645050353,1,prime
2026-06-04,-0.6887038775975012,0.22229301615940683,0,subprime
2026-06-04,1.082132211304637,0.007888270794239906,0,prime
2026-06-04,1.6768427549302476,0.2140353466252764,0,prime
2026-06-04,1.7282796024315636,0.8440598274442908,1,prime
2026-06-04,2.499781957836927,0.15589619667261154,0,subprime
2026-06-04,-0.6346079630187937,1.0,1,prime
2026-06-04,2.622796810681862,0.9135028942076951,1,prime
2026-06-04,-0.3470291863461882,0.1945436182560907,0,prime
2026-06-04,0.5916724276889057,0.9384435834910099,1,prime
2026-06-04,-0.6338017997864891,0.9516841275782486,1,subprime
2026-06-04,0.03789115769050283,0.05237527636537514,0,prime
2026-06-04,-0.20579027009166662,0.0,0,prime
2026-06-04,1.3881815312038615,0.9510456060573943,1,subprime
2026-06-04,0.8973132948714707,0.8364028700907532,1,prime
2026-06-04,-0.5434129401187571,0.2292528852802093,0,prime
2026-06-04,-0.5646428791679083,0.10124565632522838,0,prime
2026-06-04,1.688872540361458,0.12593237624922476,0,prime
2026-06-04,1.0618727814491016,0.002429904642556567,0,prime
2026-06-04,-0.7885649035534816,0.05180372387437569,0,prime
2026-06-04,0.749317434922889,0.03636225544022992,0,subprime
2026-06-04,1.547358085797134,0.06095851329800751,0,prime
2026-06-04,1.315790866782308,0.9762917932422531,1,subprime
2026-06-04,0.396580633438559,0.8620477601029519,1,prime
2026-06-04,-0.8234198377346533,1.0,1,subprime
2026-06-04,-0.03888181640213495,1.0,1,prime
2026-06-04,1.1081766114784846,0.8228056161173646,1,subprime
2026-06-04,0.4926745170923343,0.06433968505135859,0,prime
2026-06-04,1.0093506650608437,0.056080051284238666,0,prime
2026-06-04,-0.719363237350807,0.0,0,prime
2026-06-04,-1.1603032803499287,0.17012897290078638,0,prime
2026-06-04,-0.13957697157027027,0.0,0,prime
2026-06-04,1.3512515687512479,0.8665232713887694,1,subprime
2026-06-04,-1.4763530963566167,1.0,1,prime
2026-06-04,-0.29590824666161253,0.8387902330551898,1,prime
2026-06-04,-0.9515553719689485,1.0,1,subprime
2026-06-04,1.8784469431301423,0.9721985861724147,1,prime
2026-06-04,0.8174934751313667,0.975184888664018,1,prime
2026-06-04,-0.658323767035516,0.14029844352065235,0,prime
2026-06-04,0.6134691462161765,0.0,0,prime
2026-06-04,2.4313781372066705,0.9553807020024927,1,prime
2026-06-04,-0.8219790700510683,0.8185637569250275,1,prime
2026-06-04,0.10993330288906078,1.0,1,prime
2026-06-04,0.914377011482584,0.0,0,prime
2026-06-04,-1.1958675624723087,0.05398576530118397,0,subprime
2026-06-04,0.9668067406789711,0.1517149684716522,0,subprime
2026-06-04,1.384368940362435,0.8660029066111656,1,prime
2026-06-04,0.7625175996226321,0.06687208423524114,0,prime
2026-06-04,0.8164006311072212,0.9678092992247379,1,prime
2026-06-04,0.3617940435175903,0.10238982444343162,0,prime
2026-06-04,-0.8513396940290288,1.0,1,prime
2026-06-04,0.9899930511249817,0.07609747836701117,0,prime
2026-06-04,-0.03174393713460222,0.0,0,prime
2026-06-04,-0.5390575651328171,0.8615603935299623,1,prime
2026-06-04,1.6000109394541182,0.03145950962618227,0,prime
2026-06-04,0.6214581669738289,0.05454194626171038,0,prime
2026-06-04,0.6100367216773941,0.0,0,subprime
2026-06-04,1.4028626401380007,0.9911066965765646,1,subprime
2026-06-04,0.8131579584309179,0.046389851046112776,0,subprime
2026-06-04,-0.5870318806493933,1.0,1,prime
2026-06-04,1.624920438926679,0.26213327090055166,0,prime
2026-06-04,-0.34085508280973964,0.15239712037425368,0,prime
2026-06-04,-0.975200367837413,1.0,1,subprime
2026-06-04,0.31132883205077244,0.7810614682284184,1,prime
2026-06-04,2.0010803847862446,0.0548189234204626,0,prime
2026-06-04,0.13580723325396488,0.9879753752150672,1,subprime
2026-06-04,2.011009667187525,0.04686833076058434,0,prime
2026-06-04,-1.0644943510476832,0.8002760028976654,1,prime
2026-06-04,1.5696614498577413,0.0,0,subprime
2026-06-04,-1.0646703835292488,0.9326245883210613,1,subprime
2026-06-04,2.23479977182207,0.015607048519390605,0,prime
2026-06-04,0.5919706182993514,0.06323293605887408,0,prime
2026-06-04,-0.36974307889048463,1.0,1,prime
2026-06-04,0.5673373085362152,1.0,1,subprime
2026-06-04,-2.4697988246898395,0.14945427763122593,0,prime
2026-06-04,-0.8793420054355938,0.1247608567185174,0,prime
2026-06-04,-0.25122043886515444,0.0,0,prime
2026-06-04,-0.28077942138143497,0.0,0,subprime
2026-06-04,-0.3500678139950689,0.9708785644120089,1,subprime
2026-06-04,1.060978408286437,0.0,0,subprime
2026-06-04,1.1473450687145568,0.9700486223536042,1,subprime
2026-06-04,-1.684116153304584,0.07689541634912493,0,prime
2026-06-04,1.023003043809331,0.9746317015482046,1,prime
2026-06-04,-0.18805733369183486,0.07619395626142389,0,subprime
2026-06-04,0.48026476729091777,0.9499857563457901,1,prime
2026-06-04,-1.2285305442699994,0.16692960573281565,0,prime
2026-06-04,0.3981044358105391,0.053715769613398884,0,subprime
2026-06-04,0.31328295426605113,1.0,1,prime
2026-06-04,-0.8766239143791008,0.2555534833911333,0,prime
2026-06-04,-0.7349558442217909,0.13632902193579488,0,prime
2026-06-04,0.983568826719003,0.05854808307685559,0,prime
2026-06-04,1.1506128247955254,0.0,0,subprime
2026-06-04,0.5296605539606938,0.07857814335366531,0,subprime
2026-06-04,0.6535141147566627,0.8923779522513829,1,prime
2026-06-04,0.5575358396997521,0.906915329045492,1,prime
2026-06-04,-0.6420814290358108,0.09416622021495322,0,prime
2026-06-04,-0.19613290872254285,0.9956063172229705,1,prime
2026-06-04,0.6810049733217586,0.16766362959379438,0,prime
2026-06-04,-0.07791095898731348,1.0,1,prime
2026-06-04,1.2031537259795793,0.0857533296128156,0,subprime
2026-06-04,1.2052634524915908,0.8575490895991006,1,subprime
2026-06-04,-0.1863341037644407,0.0,0,subprime
2026-06-04,-1.5496990823874257,0.24233173094331054,0,prime
2026-06-04,0.5100081802842877,0.0,0,prime
2026-06-04,-0.42745931405494964,1.0,1,prime
2026-06-04,1.2307244805696242,0.13214556264776134,0,prime
2026-06-04,-0.987106993527622,0.012747203196127072,0,prime
2026-06-04,1.6051967485248484,0.1899519476845161,0,prime
2026-06-04,0.6168098986352248,0.09208953916408187,0,prime
2026-06-04,0.44527255633219204,0.029419154792062356,0,prime
2026-06-04,1.332974473395955,0.8310483490286849,1,subprime
2026-06-04,0.013887563655305912,0.0,0,subprime
2026-06-04,0.8673247426612587,0.09937794055920288,0,prime
2026-06-04,0.10306024612537257,0.10714348709310748,0,prime
2026-06-04,-0.1158676201381138,0.8897297436125016,1,prime
2026-06-04,-0.8524164342948453,0.0,0,prime
2026-06-04,-0.22722826578617394,0.0,0,subprime
2026-06-04,0.2832075399550469,0.0,0,prime
2026-06-04,-0.13078317850903753,0.8179817073852833,1,prime
2026-06-04,-0.37924063257082374,0.0,0,prime
2026-06-04,-0.4381141045007957,0.0,0,prime
2026-06-04,0.7616913169501421,0.1338197334468263,0,prime
2026-06-04,2.1750704169699264,1.0,1,prime
2026-06-04,3.1849457513177732,0.9248677175974215,1,subprime
2026-06-04,1.7965671491481303,0.8680251323439571,1,prime
2026-06-04,0.6201805713123708,1.0,1,prime
2026-06-04,-0.2714217515273496,0.17804254039993442,0,prime
2026-06-04,0.7562489985360531,0.9926190710809641,1,prime
2026-06-04,0.9451081605026836,0.9895921342311639,1,prime
2026-06-04,-1.1998146725257848,0.1160449396001252,0,prime
2026-06-04,-0.2207894353713914,0.9547612692990896,1,subprime
2026-06-04,1.0515540527612384,0.009703656161100374,0,prime
2026-06-04,0.9578483143831448,0.17464862401216427,0,prime
2026-06-04,0.41973431487345564,0.10656516242634234,0,prime
2026-06-04,1.3934355740161568,0.03852297071840105,0,prime
2026-06-04,1.6410573000741144,0.9150711136154919,1,subprime
2026-06-04,-0.37260307683689264,0.16886804142093909,0,prime
2026-06-04,1.3778132995086978,0.011125487169160161,0,prime
2026-06-04,-0.5115696664379503,0.031539005439603696,0,subprime
2026-06-04,0.5788779834820532,0.9788719710111221,1,prime
2026-06-04,-1.1610973970959622,1.0,1,prime
2026-06-04,0.7847515512822569,1.0,1,prime
2026-06-04,1.2758177227496208,0.1301717946606437,0,prime
2026-06-04,1.1713916388067613,0.10885386865248756,0,prime
2026-06-04,1.03254971477438,0.0,0,prime
2026-06-04,0.4889531248540541,1.0,1,prime
2026-06-04,0.8259193172381676,0.8714823030875858,1,prime
2026-06-04,0.7033282376434655,0.000710890438252329,0,subprime
2026-06-04,-0.2410076383608073,0.0,0,prime
2026-06-04,1.623638649148504,0.18452783134219472,0,prime
2026-06-04,0.10687942487257174,1.0,1,subprime
2026-06-04,0.05536061205131171,1.0,1,subprime
2026-06-04,-1.0794431801906321,0.09301599319724335,0,prime
2026-06-04,-1.0644398782607307,0.0,0,subprime
2026-06-04,2.1755005501177975,1.0,1,prime
2026-06-04,-0.03518538235569413,0.2155645710884953,0,subprime
2026-06-04,0.6079005143569902,1.0,1,prime
2026-06-04,0.22132893166783169,0.8824690440970134,1,prime
2026-06-04,0.5991869788981967,1.0,1,prime
2026-06-04,1.5829854047444332,0.043796454268238166,0,prime
2026-06-04,0.040624127631956664,0.14926185616632287,0,subprime
2026-06-04,-0.8348816419044103,0.1929078200599569,0,prime
2026-06-04,0.15779912468841473,0.03350168697590426,0,subprime
2026-06-04,2.193415748706692,1.0,1,prime
2026-06-04,0.9870783728468666,0.9110362375123989,1,prime
2026-06-04,1.5378612416887638,0.9360738268972759,1,prime
2026-06-04,1.5675660443608435,0.08787326282791821,0,prime
2026-06-04,2.458631352296722,0.0,0,prime
2026-06-04,-0.1496842106887546,0.15911794101135146,0,prime
2026-06-04,-0.6163729536245253,0.09622930583459546,0,prime
2026-06-04,-0.8249136423776398,1.0,1,subprime
2026-06-04,0.0993701698133973,1.0,1,prime
2026-06-04,0.8438988652731274,0.18733333455495008,0,subprime
2026-06-04,0.9730338390472926,1.0,1,prime
2026-06-04,0.547866731684972,0.14656797251089412,0,prime
2026-06-04,-0.4622693052290766,0.10070205840329335,0,subprime
2026-06-04,-0.6128376737283974,0.8427243158717643,1,prime
2026-06-04,0.31376872319393256,0.127349387125814,0,prime
2026-06-04,2.0059874504147754,0.9791693167947945,1,prime
2026-06-04,-0.1923778505508973,0.9093352085581432,1,prime
2026-06-04,1.9873495148790807,0.983265396535487,1,prime
2026-06-04,1.168544047533379,0.013547335408991286,0,subprime
2026-06-04,-0.1444128646953894,0.8792950543631342,1,prime
2026-06-04,0.12567322936467706,0.1661972398286908,0,subprime
2026-06-04,0.35322420490625933,0.9292365349692246,1,prime
2026-06-04,0.3849647348818967,0.8726039751226102,1,prime
2026-06-04,2.070206781928786,0.006839121723963094,0,prime
2026-06-04,1.202742407790725,0.9005782346284068,1,prime
2026-06-04,-0.27427890831141155,0.16347630244678685,0,prime
2026-06-04,1.052001222722755,0.0,0,subprime
2026-06-04,1.9585569463940269,0.88669086748269,1,prime
2026-06-04,-0.7323635291404118,0.10674095507715411,0,prime
2026-06-04,0.09565330409065304,0.0,0,subprime
2026-06-04,-0.0530912712922752,0.0,0,prime
2026-06-04,0.7797422968287652,0.9587913169027524,1,subprime
2026-06-04,0.3729824792264551,0.8732351642042754,1,subprime
2026-06-04,-0.3110260131070399,0.16164593242149838,0,prime
2026-06-04,-0.7362661894764082,0.9072565075973065,1,prime
2026-06-04,-0.3397569479313448,0.0,0,prime
2026-06-04,0.7002167634103041,0.161520397230948,0,prime
2026-06-04,0.9486284183093745,1.0,1,subprime
2026-06-04,0.4463689534119196,0.8939373557554826,1,prime
2026-06-04,2.081404750040105,1.0,1,subprime
2026-06-04,1.7991824858599357,0.0,0,subprime
2026-06-04,1.2619296692046014,0.0,0,subprime
2026-06-04,0.8158032866303956,0.0726313163375323,0,prime
2026-06-04,1.0367620597533653,0.0,0,subprime
2026-06-04,2.548969457356488,0.9423523184572647,1,prime
2026-06-04,1.402046583485524,0.19638990571445994,0,prime
2026-06-04,1.9566195774928468,0.0,0,prime
2026-06-04,0.5062926444312945,1.0,1,prime
2026-06-04,0.5165474599609865,1.0,1,subprime
2026-06-04,1.2573377768996044,0.960794232639752,1,subprime
2026-06-04,0.13603879119509782,0.08441519416024912,0,prime
2026-06-04,-0.07634278285959228,0.08878157821978776,0,prime
2026-06-04,-0.23282527487317262,0.9709442689455904,1,prime
2026-06-04,0.11173039658615852,0.9788377035460214,1,subprime
2026-06-04,-0.8545178988005759,0.17612956677302663,0,subprime
2026-06-04,-0.6993625798790264,0.050406415989422505,0,prime
2026-06-04,1.1628391247623076,0.07873652416710947,0,prime
2026-06-04,1.8621048010563463,0.8726385634568654,1,subprime
2026-06-04,1.4783092144801557,0.17381211182086928,0,subprime
2026-06-04,1.7066131350820828,0.13084296215484992,0,prime
2026-06-04,0.2579117390453086,0.9084272898278959,1,prime
2026-06-04,0.05284506150403906,0.0,0,prime
2026-06-04,-0.9232531086007127,0.0,0,prime
2026-06-04,-0.7853414547810784,0.12331317742024438,0,prime
2026-06-04,1.3319735763501428,0.8935692317884104,1,prime
2026-06-04,0.464230949060285,0.0,0,prime
2026-06-04,1.213372338047848,1.0,1,subprime
2026-06-04,0.8664279463360633,0.024398272391171746,0,prime
2026-06-04,1.0121494512077782,0.9653233436665637,1,prime
2026-06-04,1.0525974331778127,0.07335978263117486,0,subprime
2026-06-04,-0.6904400028899926,0.1154451403648836,0,subprime
2026-06-04,0.3408885039294174,0.9719841262922936,1,prime
2026-06-04,-0.018257657028681207,0.029054022925083956,0,prime
2026-06-04,0.16593091013072964,0.10227847805683421,0,prime
2026-06-04,1.8036268958135793,0.8998909564773302,1,subprime
2026-06-04,1.690139435493576,0.9602732520813353,1,subprime
2026-06-04,1.9631735176695067,0.8958621546711331,1,prime
2026-06-04,-1.0865604655065504,0.05631525628068036,0,prime
2026-06-04,0.29762360067971383,0.6238829444169791,1,prime
2026-06-04,0.5237585508700501,0.9787325315641668,1,prime
2026-06-04,0.0865735541043583,0.10752706847830319,0,subprime
2026-06-04,-0.0631932764017874,1.0,1,prime
2026-06-04,1.1581986466561012,0.260725691655337,0,subprime
2026-06-04,0.9389629131300634,1.0,1,subprime
2026-06-04,0.5854245026701675,0.8339043272061799,1,subprime
2026-06-04,-2.2272816358864085,0.7958268280734926,1,prime
2026-06-04,1.0894967946530199,0.9924257062819115,1,subprime
2026-06-04,0.12232101352511687,0.1265490378931628,0,prime
2026-06-04,1.0963334282540342,0.030407295617289318,0,prime
2026-06-04,-0.9370030574081629,0.0,0,prime
2026-06-04,-0.1461250506475087,0.8201208942424008,1,prime
2026-06-04,0.9003206872454274,0.0,0,subprime
2026-06-04,1.1366687792511212,0.9717175603087163,1,subprime
2026-06-04,1.4915378150782201,0.918910366862069,1,prime
2026-06-04,-0.43158688680868273,0.0,0,subprime
2026-06-04,0.3894012462937858,0.0,0,subprime
2026-06-04,1.22452163606452,0.04661022721257021,0,subprime
2026-06-04,0.2842129089735062,1.0,1,prime
2026-06-04,0.788831341738206,0.9951986573539564,1,prime
2026-06-04,0.22065716247167977,0.9929281900797157,1,prime
2026-06-04,1.1726578380384982,0.9931303132654833,1,prime
2026-06-04,1.032715793968882,0.8156178928962152,1,prime
2026-06-04,0.43287053637008843,1.0,1,prime
2026-06-04,-0.2948721687025291,1.0,1,prime
2026-06-04,0.2630113423236053,1.0,1,prime
2026-06-04,-0.7672326331701198,0.7114784508341029,1,prime
2026-06-04,-1.2079173790331015,0.03046313326224229,0,subprime
2026-06-04,0.9714913036075901,0.0,0,subprime
2026-06-04,0.5022767989475602,0.0,0,subprime
2026-06-04,0.33900297506238497,0.888009761143812,1,prime
2026-06-04,2.3880575918093263,0.995777543488724,1,subprime
2026-06-04,2.163642731428099,0.2809948472648845,0,prime
2026-06-04,-0.014092330361966332,0.7935119697424302,1,subprime
2026-06-04,0.5685373234590264,0.8772291772395612,1,prime
2026-06-04,3.0996150069572033,0.9289670372862153,1,prime
2026-06-04,-1.1264133955671183,0.0,0,prime
2026-06-04,2.026939630878669,0.13761951012030832,0,subprime
2026-06-04,-0.1546009396555258,0.8174501683628514,1,prime
2026-06-04,-0.6725655446095082,0.9896522771974784,1,prime
2026-06-04,0.8951862579213372,0.8549667319406657,1,prime
2026-06-04,1.579914634709892,1.0,1,subprime
2026-06-04,0.6236309307713283,0.0,0,subprime
2026-06-04,-0.779763448200609,0.8631812985937501,1,subprime
2026-06-04,0.30247547307397704,0.0,0,subprime
2026-06-04,-1.1746363002545661,0.0,0,prime
2026-06-04,-0.23973724378154215,0.0,0,prime
2026-06-04,1.1987843256666104,0.9296837220221325,1,subprime
2026-06-04,0.23135141355965821,0.0,0,prime
2026-06-04,1.7093120583600379,0.9457870633452049,1,subprime
2026-06-04,1.75687693906093,0.8135300364213176,1,prime
2026-06-05,0.34512799902647484,0.0019908878897240342,0,prime
2026-06-05,-0.568566600416362,0.9953380117717414,1,subprime
2026-06-05,1.3137688981507543,1.0,1,prime
2026-06-05,0.7276409463145188,0.9652179630164777,1,prime
2026-06-05,-0.8658845341823368,0.8752675159813806,1,prime
2026-06-05,1.8412319608052412,0.10143753139744335,0,prime
2026-06-05,-0.3959545335781508,0.10099645415065411,0,prime
2026-06-05,1.261591692001101,0.8760947773394074,1,prime
2026-06-05,-0.001169618988478227,0.8058413699592165,1,prime
2026-06-05,0.9161158379174241,0.0,0,prime
2026-06-05,0.9109153363007604,0.05337846884334899,0,prime
2026-06-05,1.9412564774655152,0.11961063585072003,0,prime
2026-06-05,1.5693285408881157,0.0403580725844176,0,prime
2026-06-05,0.5357995285854791,0.963782315116107,1,prime
2026-06-05,2.1194807801080002,0.8457195822073401,1,subprime
2026-06-05,-1.800997486895549,0.0,0,subprime
2026-06-05,0.20860533763270145,0.0,0,prime
2026-06-05,1.5064323219491835,0.9258013157527457,1,subprime
2026-06-05,1.0533485642364842,0.0345846387564081,0,prime
2026-06-05,1.1245589566897487,0.8549012366527303,1,prime
2026-06-05,0.31729720807757855,1.0,1,subprime
2026-06-05,-0.3556111707995907,0.9417498901243911,1,prime
2026-06-05,0.4546354639912893,0.963058286342727,1,prime
2026-06-05,0.21777971796643925,0.9231822297090269,1,subprime
2026-06-05,1.389525437838516,0.9389496259813842,1,prime
2026-06-05,1.3314822900859378,0.9427734762935948,1,prime
2026-06-05,0.23395241686815382,1.0,1,subprime
2026-06-05,0.14722300688399026,0.2492569583365139,0,subprime
2026-06-05,-0.5004341761996344,0.16835826192858472,0,subprime
2026-06-05,0.21328726148127858,0.9005787085504618,1,prime
2026-06-05,0.8827093969646647,0.7583491543280836,1,prime
2026-06-05,1.4025124992669968,1.0,1,subprime
2026-06-05,1.6361736397184043,0.8430088803900153,1,prime
2026-06-05,-1.1980833467418703,0.8513292192107684,1,subprime
2026-06-05,1.4448212441532284,0.9035208695769467,1,prime
2026-06-05,1.514717559426321,0.1829609243720461,0,prime
2026-06-05,-0.6679869772985608,0.8461371974450108,1,prime
2026-06-05,0.5776309370176631,0.14179115995799835,0,prime
2026-06-05,-0.3198760873043286,0.9996620922661154,1,prime
2026-06-05,-1.7669666148809706,0.0,0,prime
2026-06-05,-0.14324691085600694,1.0,1,subprime
2026-06-05,0.4474499973535032,0.0,0,prime
2026-06-05,-0.8563462706083905,0.9969154716065827,1,prime
2026-06-05,0.24690716332121976,0.03399944404195106,0,subprime
2026-06-05,0.07769214241614597,0.029413521566334488,0,prime
2026-06-05,0.7794155046010327,0.0,0,subprime
2026-06-05,-0.03038612579410027,0.18534922583295285,0,prime
2026-06-05,0.4309371899426919,0.8611170555566295,1,prime
2026-06-05,-0.3662925205106614,0.0,0,prime
2026-06-05,3.1659249057997085,0.0,0,prime
2026-06-05,-0.7198129097468743,0.9437447349426884,1,subprime
2026-06-05,0.5441645795438459,1.0,1,prime
2026-06-05,0.08524628070666374,0.022336016043165485,0,prime
2026-06-05,0.3730660794253078,0.9011528041147447,1,subprime
2026-06-05,-0.3571698398286741,1.0,1,prime
2026-06-05,1.2436852399646785,0.023225054667757497,0,prime
2026-06-05,-1.2768905856913388,1.0,1,prime
2026-06-05,0.20238005715318663,0.8884958361214024,1,subprime
2026-06-05,0.06685709933529516,0.8588226068916482,1,prime
2026-06-05,1.1815807886443057,0.9107452766929613,1,prime
2026-06-05,0.8405638754831297,0.0,0,subprime
2026-06-05,0.7677248737110925,1.0,1,subprime
2026-06-05,0.19303952510781408,0.04668346143164331,0,prime
2026-06-05,-0.634021671929876,0.05002157396678437,0,prime
2026-06-05,1.1938174582682137,1.0,1,subprime
2026-06-05,-2.7070251963007133,1.0,1,subprime
2026-06-05,1.3269039503935371,0.8715895899713266,1,prime
2026-06-05,1.3111410213067112,0.8875505822826312,1,prime
2026-06-05,-0.7041437770185041,0.9785242977787834,1,prime
2026-06-05,1.9347548211847165,0.03535818868813731,0,subprime
2026-06-05,0.2802789760277228,1.0,1,prime
2026-06-05,0.2309679788981716,0.0,0,subprime
2026-06-05,0.8081160686750815,0.0,0,prime
2026-06-05,0.18849713081438352,0.04814280626575343,0,prime
2026-06-05,1.548479083010005,1.0,1,prime
2026-06-05,1.2550956023679847,0.0,0,subprime
2026-06-05,1.6609744520179488,0.03783218431057016,0,subprime
2026-06-05,1.0727589780516187,0.8023641775761254,1,prime
2026-06-05,0.32168052759115356,1.0,1,subprime
2026-06-05,0.21109209857833583,0.9688531892307577,1,subprime
2026-06-05,1.7282106776427,0.14295575967678498,0,prime
2026-06-05,0.08449587478893206,0.0,0,prime
2026-06-05,0.4880602237679704,0.9076706476019111,1,subprime
2026-06-05,0.6021769018780556,0.013172953042570192,0,prime
2026-06-05,0.6231617741430261,0.8696145766547954,1,prime
2026-06-05,0.44137948850129627,0.9622312943585953,1,prime
2026-06-05,0.7142749487790538,0.0,0,prime
2026-06-05,0.08362201234454592,0.042335308231216166,0,prime
2026-06-05,0.6353566028016594,0.07558652399615706,0,prime
2026-06-05,1.4688721954967079,1.0,1,subprime
2026-06-05,2.2437408243637416,0.8592825485154194,1,subprime
2026-06-05,0.22712515345435486,0.9957865862169584,1,prime
2026-06-05,0.5739305852175556,0.1531175809165886,0,prime
2026-06-05,0.23658804474396466,0.0,0,prime
2026-06-05,0.2501170546990079,0.1064449879703156,0,prime
2026-06-05,-1.6352056420800567,0.0626841039357964,0,prime
2026-06-05,0.5755214295790136,0.0,0,prime
2026-06-05,-0.09963451748905294,0.0,0,prime
2026-06-05,0.6423577677332135,0.8795870120712309,1,prime
2026-06-05,-0.270417039364759,0.9435087134093799,1,prime
2026-06-05,2.9392031098442932,0.15169931323900315,0,prime
2026-06-05,0.7026979525940905,0.021492539325976626,0,prime
2026-06-05,0.9137424577503771,0.9506563656885119,1,subprime
2026-06-05,-0.24835010004708236,0.9541819775844932,1,prime
2026-06-05,1.375740659024184,0.1442451875916276,0,prime
2026-06-05,0.6977156624908043,0.8918190057880014,1,prime
2026-06-05,-0.6326225262495889,1.0,1,prime
2026-06-05,1.1194291627115307,0.27040473145461796,0,subprime
2026-06-05,2.413120128561184,1.0,1,prime
2026-06-05,0.18097091237354257,0.27465187698273463,0,prime
2026-06-05,2.6018460133754515,0.10856261835628467,0,prime
2026-06-05,-0.14566218595380065,1.0,1,prime
2026-06-05,-0.052529202370151795,0.04411237059013586,0,subprime
2026-06-05,1.7430821621487511,1.0,1,prime
2026-06-05,2.942012954534509,0.9433598820134967,1,prime
2026-06-05,1.216628389788653,0.8451480114954529,1,prime
2026-06-05,2.12807271601586,0.0,0,prime
2026-06-05,0.17575795335682037,0.8523137690083293,1,prime
2026-06-05,0.709443138963383,0.06277989948745608,0,subprime
2026-06-05,1.1395756071525784,0.0,0,prime
2026-06-05,2.1168620168546632,0.042967459943452475,0,prime
2026-06-05,0.783913865155303,0.04145303531003863,0,subprime
2026-06-05,-0.37380508027879944,1.0,1,subprime
2026-06-05,1.2941122714626132,0.054070663016556025,0,prime
2026-06-05,-0.041791505437194454,0.9790518393738777,1,prime
2026-06-05,-0.6152930138955349,0.7984454783900095,1,prime
2026-06-05,2.308836387708309,1.0,1,subprime
2026-06-05,0.12612860324522368,0.7989897897650723,1,prime
2026-06-05,0.5514809135498021,0.0,0,prime
2026-06-05,0.1835582396104165,1.0,1,prime
2026-06-05,0.9683576057458645,0.8698496433176908,1,prime
2026-06-05,2.029958837219544,1.0,1,prime
2026-06-05,-0.1622596239309897,1.0,1,prime
2026-06-05,1.3299067964476627,0.0,0,subprime
2026-06-05,0.6468659161635003,1.0,1,prime
2026-06-05,-0.6831334234069647,1.0,1,prime
2026-06-05,0.7614897227003085,0.11350283379142952,0,prime
2026-06-05,2.2451196931061603,0.9778354821708983,1,prime
2026-06-05,0.9850561704468292,0.9346024626143613,1,prime
2026-06-05,0.24104535534775173,0.0,0,prime
2026-06-05,1.2484209360614096,0.06915160961994968,0,prime
2026-06-05,1.352981709445393,0.0,0,subprime
2026-06-05,-0.23640818506250216,0.1600946735592565,0,prime
2026-06-05,2.506126986851259,1.0,1,prime
2026-06-05,1.2469954486432007,0.12963602454636552,0,prime
2026-06-05,2.9777367110928763,0.9616861197671058,1,prime
2026-06-05,-0.7660070021920949,0.9749984255158319,1,prime
2026-06-05,1.1384194812872082,0.1172026665465457,0,prime
2026-06-05,2.141389576592302,0.019378110760894712,0,prime
2026-06-05,-0.8173060995986093,0.2097785900065941,0,prime
2026-06-05,0.26877461756084675,0.9107552122883501,1,subprime
2026-06-05,0.5450871416837924,0.0,0,prime
2026-06-05,-0.2091348169075401,0.9306301890704493,1,prime
2026-06-05,0.09368030191686882,1.0,1,prime
2026-06-05,1.3484539918268883,0.15256754807436154,0,subprime
2026-06-05,0.6346950510167171,0.23039811810683275,0,prime
2026-06-05,-0.6750003613499475,0.0484609143784675,0,prime
2026-06-05,0.5476179133142071,1.0,1,prime
2026-06-05,2.4104903085680967,0.9102127207239921,1,subprime
2026-06-05,1.5102450941075412,0.9866425311039106,1,subprime
2026-06-05,-0.6360169247166044,1.0,1,subprime
2026-06-05,1.531450569626159,1.0,1,prime
2026-06-05,1.0592542129822098,0.06373435101956733,0,subprime
2026-06-05,1.1090280048435395,1.0,1,prime
2026-06-05,0.19731309983276185,0.8698656797134183,1,prime
2026-06-05,-0.8899570615303835,0.976767830382081,1,subprime
2026-06-05,0.31376447595330986,0.16827924747968503,0,prime
2026-06-05,1.4724885131018453,0.0,0,subprime
2026-06-05,1.8899442397929986,0.9352759648055368,1,subprime
2026-06-05,1.4869322349948262,0.09643361590031255,0,prime
2026-06-05,1.068392082054698,0.0,0,subprime
2026-06-05,0.871627879360527,0.0,0,prime
2026-06-05,-0.20233752354171808,0.14709436316836746,0,prime
2026-06-05,-0.5229703890278253,1.0,1,prime
2026-06-05,-0.09030106792752346,0.9967742797936718,1,subprime
2026-06-05,-0.37783227085375215,0.9294611875769526,1,prime
2026-06-05,-0.683006085415463,0.05457628727295229,0,prime
2026-06-05,0.8789739241749746,0.003202022346433353,0,subprime
2026-06-05,-0.8897189116657828,0.21481268776175094,0,prime
2026-06-05,-0.30383166242148074,1.0,1,prime
2026-06-05,0.5956774120434579,0.0,0,subprime
2026-06-05,-0.2639733888241319,0.06042626369764181,0,prime
2026-06-05,0.22638656928611084,0.0,0,prime
2026-06-05,0.5453786849290438,0.8578496336105237,1,prime
2026-06-05,-1.3391640496218775,0.828222258548565,1,subprime
2026-06-05,0.7259429869280664,0.0,0,prime
2026-06-05,0.030615776441551112,0.0,0,prime
2026-06-05,0.47986255819487,1.0,1,prime
2026-06-05,-1.161600699006816,0.8955790707886819,1,prime
2026-06-05,-0.0916057120711481,0.0,0,prime
2026-06-05,0.8538775103656246,0.17122084895022105,0,prime
2026-06-05,0.550949514558263,0.8625766155014707,1,prime
2026-06-05,-0.21595005669229916,1.0,1,prime
2026-06-05,0.48964536326070324,0.12704193411071762,0,subprime
2026-06-05,0.852865251726687,0.10346652500078342,0,prime
2026-06-05,0.48770277363551273,1.0,1,subprime
2026-06-05,-0.47770161947061174,0.0,0,prime
2026-06-05,1.3235415567449473,0.15454183813027272,0,subprime
2026-06-05,0.004377316202261672,0.8555036809750506,1,subprime
2026-06-05,0.06788909236256346,0.05220542595010213,0,prime
2026-06-05,1.9946869515447534,0.08213626501658736,0,prime
2026-06-05,0.27168232432322126,0.0,0,prime
2026-06-05,1.6103657542093055,0.8337211749827591,1,subprime
2026-06-05,0.7482670829589865,0.8905381807183803,1,subprime
2026-06-05,0.07418006175769432,0.8818422209999374,1,prime
2026-06-05,2.5337324054052295,0.20868903564242386,0,prime
2026-06-05,1.3502539418090158,0.0,0,prime
2026-06-05,1.2806369607846908,1.0,1,prime
2026-06-05,0.9716684044347379,0.9409805016405707,1,prime
2026-06-05,-0.24163066018610857,0.0,0,prime
2026-06-05,0.1611499226821036,0.023381132214025633,0,prime
2026-06-05,-0.7420285893791211,0.8493952936890992,1,prime
2026-06-05,0.04195059723538974,0.9501429434622422,1,prime
2026-06-05,0.25372064800306626,1.0,1,subprime
2026-06-05,2.1975354014557476,1.0,1,prime
2026-06-05,0.13086091953068602,0.28332218950844745,0,subprime
2026-06-05,0.8689057194618498,0.13071827196144725,0,prime
2026-06-05,0.8397382588547612,0.013341600957653015,0,prime
2026-06-05,0.6226971982135409,0.9465918260370145,1,subprime
2026-06-05,1.7621998974592294,0.06418404258190848,0,subprime
2026-06-05,1.0407977189062223,0.09042216057925156,0,subprime
2026-06-05,1.3259712087327058,0.8896791830598703,1,subprime
2026-06-05,1.4198624716641832,0.09469047720348078,0,subprime
2026-06-05,1.3887607736813385,1.0,1,subprime
2026-06-05,-1.6529982908880783,1.0,1,prime
2026-06-05,0.9377719454310827,1.0,1,prime
2026-06-05,0.7870993483788167,1.0,1,prime
2026-06-05,-0.48639522030142557,0.0,0,prime
2026-06-05,0.2951791767326059,0.8561801043458653,1,prime
2026-06-05,-1.888876885783802,0.09564550888553286,0,prime
2026-06-05,0.8409295921719078,0.7950085527050086,1,prime
2026-06-05,-1.2927638995909154,0.8831998160998279,1,subprime
2026-06-05,0.40868334973040993,0.0,0,prime
2026-06-05,-0.6435383242104374,0.8911185035577129,1,prime
2026-06-05,-0.4576057735974238,0.14469021496974735,0,subprime
2026-06-05,0.9627766683657191,0.8669705623657016,1,subprime
2026-06-05,0.10541707504702602,0.16846567126124568,0,prime
2026-06-05,0.7024821778528173,0.9101353051658212,1,subprime
2026-06-05,-0.29292523068851006,0.9023171934263345,1,subprime
2026-06-05,2.265940941896971,1.0,1,prime
2026-06-05,-0.549508715500293,0.14589017117134306,0,subprime
2026-06-05,1.0628281564724247,1.0,1,prime
2026-06-05,0.41887649428104723,1.0,1,prime
2026-06-05,0.0453846126677907,0.0,0,prime
2026-06-05,-0.7217711705312656,0.0,0,prime
2026-06-05,0.8100174450932858,0.9625668717733576,1,prime
2026-06-05,-0.0887532613437797,0.0,0,prime
2026-06-05,0.5042272621823849,0.0,0,prime
2026-06-05,-0.45246093449357094,0.12435445909504099,0,subprime
2026-06-05,0.507861758226266,0.08837842042492436,0,prime
2026-06-05,0.2904797958607568,0.0,0,prime
2026-06-05,-0.13875206645374927,0.15007956977441983,0,subprime
2026-06-05,1.5988799507665403,0.936019411377797,1,prime
2026-06-05,1.6116402146324396,0.1282847466190613,0,prime
2026-06-05,0.8519710485398492,0.1939560643245289,0,prime
2026-06-05,2.5638661340871085,0.0,0,subprime
2026-06-05,2.4474011988303053,0.0,0,prime
2026-06-05,1.3438015708599733,0.1977657513881847,0,subprime
2026-06-05,-0.4387299381453559,1.0,1,prime
2026-06-05,-0.7217456511639776,0.0,0,subprime
2026-06-05,0.975684639995795,0.10413039196232567,0,subprime
2026-06-05,0.15540959871577176,0.0,0,prime
2026-06-05,-0.6978454711193404,0.7556061045374085,1,prime
2026-06-05,0.6073192091116891,0.8707138127583545,1,prime
2026-06-05,1.865837208544955,0.8438683248845371,1,prime
2026-06-05,1.7294594250037028,0.163433109659191,0,subprime
2026-06-05,-0.11068453177793991,1.0,1,prime
2026-06-05,0.760272226860312,0.014542521744479682,0,subprime
2026-06-05,-0.3562129857568933,1.0,1,subprime
2026-06-05,1.2877844124022606,1.0,1,prime
2026-06-05,2.7639429200380228,1.0,1,subprime
2026-06-05,1.116096611665167,0.8654331359547338,1,subprime
2026-06-05,-0.3838336525175071,0.9594552021605893,1,prime
2026-06-05,-0.4970079368877963,1.0,1,subprime
2026-06-05,-0.14251012083170367,0.0,0,prime
2026-06-05,2.3091456402333876,0.0921517726815964,0,subprime
2026-06-05,0.7627952861537945,1.0,1,subprime
2026-06-05,-1.6097233925663872,0.14182554011055387,0,subprime
2026-06-05,1.1166405874551764,0.8541384616779307,1,prime
2026-06-05,2.184322489964088,0.8860530624056127,1,prime
2026-06-05,0.5107671200030329,0.0,0,prime
2026-06-05,-0.4590041887920747,0.0,0,prime
2026-06-05,1.3846098976135475,0.07132008245091076,0,prime
2026-06-05,1.4975950990928912,0.0,0,prime
2026-06-05,0.7932888940863788,0.9106858276231756,1,prime
2026-06-05,-0.667200209522418,0.16233512711952167,0,subprime
2026-06-05,1.086513968355444,1.0,1,prime
2026-06-05,1.3283059093962573,1.0,1,subprime
2026-06-05,1.4864513598063813,0.0,0,prime
2026-06-05,-0.3902757421254449,0.03678466169992986,0,prime
2026-06-05,0.3949802635153836,0.0,0,subprime
2026-06-05,-0.4204772419335093,0.9391075884370074,1,prime
2026-06-05,0.31947822698941136,0.16983261324326626,0,subprime
2026-06-05,0.5580386047069422,0.9738825368127577,1,prime
2026-06-05,2.0966593527458475,0.9229523733870507,1,prime
2026-06-05,-0.4899544279716813,0.9377123163447194,1,prime
2026-06-05,0.5648471264861009,0.9124818385544131,1,subprime
2026-06-05,1.6683936572064235,0.19041533324922974,0,prime
2026-06-05,1.6605721684500259,0.12368306706761605,0,prime
2026-06-05,0.7604349153166827,0.0,0,subprime
2026-06-05,1.6117272862831138,0.12371383178025276,0,subprime
2026-06-05,0.08323011925592583,0.09399977613020999,0,prime
2026-06-05,2.4958913958390543,0.907771758062225,1,prime
2026-06-05,1.043667285534257,1.0,1,prime
2026-06-05,0.5326040255362114,0.882524378617292,1,subprime
2026-06-05,-0.5593099365031459,0.0,0,prime
2026-06-05,0.08234955620121409,0.20488930056728147,0,prime
2026-06-05,0.25446743308754954,0.013744925460743886,0,subprime
2026-06-05,-1.0983527391906582,0.11663373877968246,0,prime
2026-06-05,-0.39569618990398336,0.770289623187796,1,prime
2026-06-05,0.2779927323985244,0.057731146005155685,0,prime
2026-06-05,0.49287213223438797,0.0,0,prime
2026-06-05,0.9682368642315518,0.7833360801203175,1,subprime
2026-06-05,0.9969844452881667,0.9842280911744621,1,prime
2026-06-05,1.9932910182135957,0.04504459744644757,0,prime
2026-06-05,0.7026107292246405,0.08682736272248401,0,subprime
2026-06-05,-0.49833098645376783,0.1463554883870185,0,prime
2026-06-05,0.5593663669398654,0.2698272248909615,0,prime
2026-06-05,2.524462833353524,0.025086064986435078,0,subprime
2026-06-05,-0.9380727181508984,0.15102174425889067,0,subprime
2026-06-05,0.3552004626484468,0.0,0,subprime
2026-06-05,0.5680077518193702,0.9168479988437153,1,prime
2026-06-05,1.4669396674501087,0.0,0,prime
2026-06-05,1.5491279738186257,0.03803824285832327,0,subprime
2026-06-05,1.3553099575747072,0.0,0,prime
2026-06-05,-0.19247418305393327,0.06683400352661063,0,subprime
2026-06-05,0.5821780493865873,0.19080952414730074,0,prime
2026-06-05,0.5907773463731167,0.06468538645700479,0,prime
2026-06-05,0.355895828684341,0.0,0,subprime
2026-06-05,0.8917382206619344,0.041001530223422414,0,prime
2026-06-05,2.182619298508106,1.0,1,subprime
2026-06-05,2.269673992232807,0.033718401487078775,0,prime
2026-06-05,-0.9288731571443728,1.0,1,subprime
2026-06-05,0.8432879942919667,0.09025451822522332,0,prime
2026-06-05,0.3708115066738845,1.0,1,prime
2026-06-05,2.3738069573964524,0.1200827956581138,0,prime
2026-06-05,-0.12328762976218233,0.7758478661847943,1,subprime
2026-06-05,0.9193737556364859,0.08298926183173441,0,subprime
2026-06-05,1.4000032034982346,0.10343264941326039,0,subprime
2026-06-05,1.6379488830111246,1.0,1,subprime
2026-06-05,0.49395834944320705,0.9514406677066752,1,prime
2026-06-05,1.344937746431087,1.0,1,subprime
2026-06-05,0.07319279584955296,0.0,0,subprime
2026-06-05,1.8052225116781373,1.0,1,prime
2026-06-05,0.3926932558252781,0.7937330996576384,1,prime
2026-06-05,0.8336863614327126,0.942927783686842,1,prime
2026-06-05,1.7987111126294777,0.06419022214667743,0,prime
2026-06-05,0.3923546910823661,1.0,1,prime
2026-06-05,-0.37079324571076067,0.8910766963651027,1,prime
2026-06-05,1.513637696272717,0.11283900007081614,0,prime
2026-06-05,1.321204132412967,0.0,0,subprime
2026-06-05,-0.06011923387771223,0.0,0,prime
2026-06-05,0.34292799509450594,1.0,1,subprime
2026-06-05,-0.43331103590567543,0.0,0,subprime
2026-06-05,-0.21971664181917516,0.0,0,prime
2026-06-05,-0.2770595355397921,0.7599472915534811,1,subprime
2026-06-05,0.6705035141355082,1.0,1,subprime
2026-06-05,1.187396164447015,0.0,0,prime
2026-06-05,0.5311829975641742,0.0,0,prime
2026-06-05,1.212144230964109,0.05024498999598118,0,prime
2026-06-05,1.2632486267114171,0.004006558329349069,0,prime
2026-06-05,0.8335383009968504,0.8651228771604167,1,prime
2026-06-05,2.7839485714702907,0.029929653964703835,0,prime
2026-06-05,0.7732499184627638,0.9610979876876389,1,prime
2026-06-05,1.429992183388359,0.1321807509691349,0,prime
2026-06-05,0.3580370104813275,0.1385512045286209,0,subprime
2026-06-05,0.9774706371524771,0.8037723481864714,1,prime
2026-06-05,-0.2877940089641273,0.0,0,prime
2026-06-05,-1.1405935840516612,0.8070699484798541,1,subprime
2026-06-05,1.5412619536947565,0.0,0,prime
2026-06-05,0.2712909206058652,0.1692763205489552,0,prime
2026-06-05,1.3876850880988556,0.12395987201576812,0,prime
2026-06-05,2.4161403165490203,0.1931910263111113,0,prime
2026-06-05,1.5582435756916249,1.0,1,prime
2026-06-05,0.8152797120878565,0.03286042257941656,0,prime
2026-06-05,1.1079626779724323,0.06584163645877208,0,prime
2026-06-05,1.3888485393196024,0.0,0,prime
2026-06-05,-0.03635106000678878,0.975219039961776,1,prime
2026-06-05,2.4281370790413015,0.9403864066633248,1,prime
2026-06-05,-1.341760714545274,1.0,1,prime
2026-06-05,1.4345336506805162,1.0,1,prime
2026-06-05,1.2645161723197207,0.0,0,prime
2026-06-05,1.1624476867880627,1.0,1,prime
2026-06-05,1.1571140876659596,0.08725103030677472,0,prime
2026-06-05,0.09877065882397806,1.0,1,subprime
2026-06-05,1.5130736276660406,0.9565908775027208,1,subprime
2026-06-05,1.932788827905608,1.0,1,subprime
2026-06-05,0.8714654043631458,0.1061469107301225,0,prime
2026-06-05,0.019348130762780413,0.9853339998734594,1,prime
2026-06-05,0.248662316425668,0.007468204480716216,0,prime
2026-06-05,-0.04638949059686115,0.9687893950714315,1,prime
2026-06-05,1.4694630163322069,0.8682077174641937,1,prime
2026-06-05,0.5214700746570562,0.05179774099053351,0,subprime
2026-06-05,0.5990656342778973,0.06537817487715629,0,prime
2026-06-05,-0.5743182939069266,0.046710519841063725,0,subprime
2026-06-05,0.5737148413023111,0.8054885114200117,1,prime
2026-06-05,0.26169801048002145,1.0,1,subprime
2026-06-05,0.053036667153492756,0.10301682732121739,0,prime
2026-06-05,-0.7218370218128204,0.9813239159664997,1,prime
2026-06-05,-0.9594300864998461,0.0,0,prime
2026-06-06,1.9158968547338766,0.016895632544068007,0,prime
2026-06-06,2.2232529696298857,0.04884317955533043,0,subprime
2026-06-06,-0.01014218593120142,0.15374605735131913,0,subprime
2026-06-06,-0.2059775369209823,0.04642255485423861,0,prime
2026-06-06,0.960235388104822,1.0,1,prime
2026-06-06,3.057967150717307,0.9411785539842139,1,prime
2026-06-06,0.21115997585396706,0.0,0,prime
2026-06-06,0.8101661153541492,0.863943857811736,1,subprime
2026-06-06,1.4575336940555499,0.7286468849186416,1,prime
2026-06-06,0.05912167126462853,0.9630610217902759,1,prime
2026-06-06,0.9945625702169613,0.81566292059099,1,prime
2026-06-06,0.9444762668415961,1.0,1,prime
2026-06-06,1.7631471622916328,0.9138437141653636,1,prime
2026-06-06,1.1234944907144317,0.0,0,subprime
2026-06-06,0.9809649608096727,0.8420752368331779,1,prime
2026-06-06,2.062159053303293,0.9808152436267513,1,prime
2026-06-06,0.91143162117146,0.8880906610650152,1,prime
2026-06-06,0.33373625139635404,1.0,1,prime
2026-06-06,1.9410567800610643,0.00125380903358812,0,prime
2026-06-06,0.7368295528312775,0.05543276880254295,0,subprime
2026-06-06,2.2430560946446088,0.0,0,prime
2026-06-06,1.5716553480788638,0.14702003174310135,0,subprime
2026-06-06,1.99736814740131,1.0,1,prime
2026-06-06,1.3081563633637678,0.12428456841015754,0,prime
2026-06-06,1.9421060520217446,0.022485781635752343,0,subprime
2026-06-06,0.7967439455716615,0.026020267357800064,0,prime
2026-06-06,-1.447270482951125,0.954347585147872,1,prime
2026-06-06,1.107101495663095,0.15426345135107528,0,prime
2026-06-06,1.3187152307048198,0.1530195700777409,0,subprime
2026-06-06,-0.32781766923642464,0.10369274002397877,0,prime
2026-06-06,1.6483834806155673,0.00827614049713965,0,prime
2026-06-06,0.6049796119521801,0.9086405815535413,1,prime
2026-06-06,0.2515708976036065,0.0,0,prime
2026-06-06,1.2327663526367352,0.1370462514109056,0,subprime
2026-06-06,0.2086687337431704,0.11444280744776658,0,prime
2026-06-06,1.7835878517691182,0.0,0,prime
2026-06-06,0.3188953799476443,0.038623310104580554,0,prime
2026-06-06,0.24106402847211195,0.05827868614481004,0,subprime
2026-06-06,1.8736025951165,1.0,1,prime
2026-06-06,-0.2217477577272814,0.8717571828977588,1,prime
2026-06-06,0.9966791661446903,0.9472965918994686,1,prime
2026-06-06,-1.30099624985994,0.056548321045604116,0,subprime
2026-06-06,1.1776263169263892,0.1523114014610747,0,prime
2026-06-06,2.579383368421275,0.0,0,subprime
2026-06-06,1.6827109221505823,0.0,0,prime
2026-06-06,-0.8779228767692283,1.0,1,prime
2026-06-06,0.2661122222575343,0.020716458252635676,0,prime
2026-06-06,-0.5465006796210651,0.2361385897014865,0,prime
2026-06-06,1.9247496010644296,0.9382082637275134,1,subprime
2026-06-06,0.153784076925518,0.0,0,prime
2026-06-06,2.4830252053926176,0.8644592230566226,1,prime
2026-06-06,0.8937752145187261,0.886408780058727,1,subprime
2026-06-06,2.730207167482106,0.9323100838326923,1,subprime
2026-06-06,1.9466115226188019,0.1354386653786412,0,prime
2026-06-06,1.0712401637207694,0.18408856597869808,0,prime
2026-06-06,0.7028192180045219,0.06634677949343339,0,subprime
2026-06-06,0.7313581423081164,0.19337115186402457,0,prime
2026-06-06,1.1836054364270128,0.050978243499449495,0,prime
2026-06-06,0.8222745650337139,0.19866840358532373,0,prime
2026-06-06,-1.1028005563480225,0.9489042261557905,1,subprime
2026-06-06,0.8233087319409829,0.0,0,subprime
2026-06-06,1.4201380029713198,0.06794735004169719,0,subprime
2026-06-06,1.526050943818709,0.737094621944582,1,prime
2026-06-06,-0.3976250484161524,1.0,1,subprime
2026-06-06,2.9711418617316343,0.01502564558795854,0,prime
2026-06-06,1.307413085571093,0.21129019767363882,0,prime
2026-06-06,2.164934770752661,0.9087796711633467,1,prime
2026-06-06,1.9116128785765936,0.13969286305042583,0,prime
2026-06-06,1.563271800557017,0.15700016634014818,0,prime
2026-06-06,0.8010304481599777,0.03760473535357452,0,subprime
2026-06-06,2.0508960479610834,0.05874689134903749,0,prime
2026-06-06,2.4535376398963824,0.24395402015089696,0,prime
2026-06-06,0.47314660100339745,0.0,0,prime
2026-06-06,-0.24014996129665855,0.02806714304460452,0,subprime
2026-06-06,1.1966023831892867,0.9144333782162093,1,prime
2026-06-06,1.2124031598985259,0.8767907578228445,1,prime
2026-06-06,0.8001168328890835,0.8470909479271762,1,prime
2026-06-06,0.9588590053193027,1.0,1,prime
2026-06-06,1.4481561318238247,0.9472024368437879,1,prime
2026-06-06,1.1230562229325238,1.0,1,prime
2026-06-06,-0.5674218831845218,0.9232232024003233,1,prime
2026-06-06,2.327042426377588,0.9365705210042965,1,prime
2026-06-06,-0.7873291207152872,0.07249815133489852,0,prime
2026-06-06,-0.2601216163807457,0.9248305960096316,1,prime
2026-06-06,1.3038810216219252,0.0,0,prime
2026-06-06,1.7782321766637454,0.07002003180377817,0,prime
2026-06-06,0.22774192415370087,1.0,1,prime
2026-06-06,-0.4336362943526225,0.9539803229862405,1,prime
2026-06-06,2.7726371703421115,0.026526474377777144,0,prime
2026-06-06,1.0522167210022007,0.7114023286474139,1,prime
2026-06-06,0.9576137450286268,0.20932654846496976,0,prime
2026-06-06,0.9544939021507968,0.7798625163771011,1,prime
2026-06-06,0.35713613910774383,0.0,0,prime
2026-06-06,3.0794162270306944,0.08877089982856678,0,prime
2026-06-06,0.7905305097779474,0.9246387771640765,1,prime
2026-06-06,2.1233644986779567,0.2794709849268059,0,prime
2026-06-06,1.9994641065823187,0.8957713581219486,1,prime
2026-06-06,1.6204135746979396,1.0,1,prime
2026-06-06,3.222206791464514,0.9313841131590096,1,prime
2026-06-06,2.4207829470701276,0.0,0,subprime
2026-06-06,-1.9665464494088702,0.011457572762588297,0,prime
2026-06-06,0.037104763654618234,0.13656182290287827,0,prime
2026-06-06,0.0688180798652428,0.8874652842784649,1,subprime
2026-06-06,2.552356567975721,0.932588114989275,1,prime
2026-06-06,-0.49423382887515344,0.9635284596991153,1,prime
2026-06-06,1.977638908314113,1.0,1,prime
2026-06-06,-0.436473146087322,0.08932185034467835,0,prime
2026-06-06,0.192442168315343,0.8553314040098186,1,subprime
2026-06-06,1.194358406667169,0.0,0,prime
2026-06-06,-0.1994069890365452,0.07011842406658841,0,subprime
2026-06-06,1.200486519211178,1.0,1,subprime
2026-06-06,0.6647507676937365,0.12293339325633483,0,subprime
2026-06-06,-0.8060677898772347,0.9693401855787961,1,prime
2026-06-06,1.1559168430964069,0.8298599909651576,1,subprime
2026-06-06,3.0190487958805874,0.06776859238157293,0,prime
2026-06-06,1.6073028353375924,0.13486883880345502,0,prime
2026-06-06,1.137147915249875,0.0,0,subprime
2026-06-06,1.8246052460786564,0.9932766996172259,1,prime
2026-06-06,1.4559217782818903,0.2445933889593031,0,prime
2026-06-06,0.18063777548613713,0.0,0,subprime
2026-06-06,1.1470932644691512,0.91509450176701,1,prime
2026-06-06,1.1577511027416605,1.0,1,prime
2026-06-06,0.9269275918968661,0.8501563593408435,1,prime
2026-06-06,1.7425737174310525,0.0,0,prime
2026-06-06,0.78051902025724,0.954069709433156,1,prime
2026-06-06,1.5264671438614665,0.862784409168615,1,subprime
2026-06-06,-0.2607661838838321,0.8814737576585305,1,prime
2026-06-06,0.5233482743677971,0.912950050142997,1,prime
2026-06-06,-0.5025424892535894,0.07249090791118691,0,prime
2026-06-06,1.5630872471297783,0.9819644775975692,1,subprime
2026-06-06,-0.038864310987231976,0.153894985349253,0,subprime
2026-06-06,0.9965908156223025,0.0023793752468930715,0,prime
2026-06-06,-0.15024140052139856,0.03937678730079797,0,prime
2026-06-06,0.505349084096713,0.0,0,prime
2026-06-06,0.8314751430685237,0.8700115589736248,1,prime
2026-06-06,-0.3557687125098129,1.0,1,prime
2026-06-06,0.5735652775410487,1.0,1,prime
2026-06-06,1.347913705015499,0.05080336720107809,0,prime
2026-06-06,0.18198616866195172,1.0,1,prime
2026-06-06,0.43037545025529195,0.0,0,prime
2026-06-06,-1.778780423158822,0.7541753934115591,1,prime
2026-06-06,0.255332552241781,0.0,0,prime
2026-06-06,0.2433424480248022,0.0,0,prime
2026-06-06,-0.5308854858897681,0.1056345583507522,0,prime
2026-06-06,0.7163002499746651,1.0,1,prime
2026-06-06,0.8686933874095031,0.0260836082882694,0,prime
2026-06-06,0.3382384607383112,0.048823313207978655,0,prime
2026-06-06,1.3792414490974079,1.0,1,prime
2026-06-06,0.29614046269462724,0.13196906720453813,0,prime
2026-06-06,0.7039927356523996,0.12044319131167093,0,subprime
2026-06-06,-0.28439867987185685,0.9404430578173021,1,prime
2026-06-06,1.6232148609531805,0.9115425451203977,1,prime
2026-06-06,2.221819278972889,1.0,1,prime
2026-06-06,1.1823475190480932,1.0,1,prime
2026-06-06,0.2478529128768553,0.008817432608843837,0,subprime
2026-06-06,-0.1879586201424247,0.0,0,prime
2026-06-06,1.9978181758423168,1.0,1,prime
2026-06-06,1.404008419178116,1.0,1,prime
2026-06-06,1.2097812274710962,0.09402116377167781,0,subprime
2026-06-06,0.683743219046383,0.979740467950382,1,prime
2026-06-06,1.530590723713277,0.8814302527429362,1,prime
2026-06-06,0.013829874342707105,0.8998001299139526,1,prime
2026-06-06,1.156983910263446,0.0,0,prime
2026-06-06,-0.12884658387298986,1.0,1,prime
2026-06-06,0.9333340406882532,0.9138230435368343,1,prime
2026-06-06,1.4964194195286962,0.11803813212020764,0,prime
2026-06-06,1.4483317861552747,0.845327125470576,1,prime
2026-06-06,2.2928848804721107,0.32395381689283675,0,prime
2026-06-06,0.1090412959385395,0.893031408330383,1,prime
2026-06-06,0.5855033464843936,0.9805542251976629,1,subprime
2026-06-06,1.21871090833297,0.1252058374676563,0,prime
2026-06-06,1.2679187306474953,0.896369194278702,1,prime
2026-06-06,0.15666819388707598,0.720569007826058,1,prime
2026-06-06,0.9783377403270308,0.9993316913179211,1,prime
2026-06-06,1.0626324335780117,0.0,0,prime
2026-06-06,0.3183256232659468,0.0,0,subprime
2026-06-06,-0.9334887782912143,0.9122405929898318,1,subprime
2026-06-06,0.8879917056718349,0.11342057627920586,0,subprime
2026-06-06,3.5727370578258677,0.9737315760996395,1,subprime
2026-06-06,3.0755747386104684,0.05843611688927926,0,prime
2026-06-06,1.1681850414392505,0.8291024602055203,1,prime
2026-06-06,1.351100095999442,0.9900859195452639,1,subprime
2026-06-06,1.6580545841733065,0.9692714580887476,1,prime
2026-06-06,-0.76630601790712,0.12883425688861894,0,prime
2026-06-06,0.2536732389521529,0.8711004374683216,1,prime
2026-06-06,-0.12073771203013006,0.06385840241808194,0,prime
2026-06-06,2.5287844802935444,0.9591717492658851,1,subprime
2026-06-06,1.1848090762109764,0.1997065384161136,0,prime
2026-06-06,0.599442701287528,1.0,1,subprime
2026-06-06,0.9159349522900981,0.8577056886159914,1,prime
2026-06-06,1.227432859047048,0.14304764773717943,0,prime
2026-06-06,1.2270169947500604,0.8008256456785633,1,prime
2026-06-06,0.836323789227911,0.9582550608800193,1,subprime
2026-06-06,-2.738560689572091,0.19292958501310978,0,prime
2026-06-06,0.49153921904264514,0.8586549224566116,1,prime
2026-06-06,-1.2270220273043653,1.0,1,prime
2026-06-06,1.1609822976466786,0.0,0,subprime
2026-06-06,0.31324419087500077,0.13782582158248302,0,prime
2026-06-06,1.5142884097558458,0.0,0,prime
2026-06-06,1.508419580946603,0.882731396052402,1,prime
2026-06-06,0.5208124968006772,1.0,1,subprime
2026-06-06,1.1197032521749484,0.22333334317057962,0,subprime
2026-06-06,0.9828366851499799,1.0,1,prime
2026-06-06,-0.4040149759358863,0.9439378169550905,1,subprime
2026-06-06,0.5027430430128532,0.6774839945138349,1,prime
2026-06-06,-0.5941353783366813,1.0,1,prime
2026-06-06,0.49470729295203447,0.9885584803950496,1,subprime
2026-06-06,0.7280900291883963,0.9299212415548912,1,prime
2026-06-06,0.7048951545108735,1.0,1,prime
2026-06-06,-1.2816041823851716,1.0,1,subprime
2026-06-06,2.7282765584073103,0.05512207849122033,0,subprime
2026-06-06,0.7244388304460767,0.2543194209076284,0,subprime
2026-06-06,0.8852569900298982,0.03486958059767305,0,prime
2026-06-06,-0.6567191922590526,1.0,1,prime
2026-06-06,0.4441285324189368,0.8523299830765966,1,subprime
2026-06-06,1.4441914002819776,0.019089197338246225,0,prime
2026-06-06,-0.19793680107899647,0.059977897421612664,0,subprime
2026-06-06,0.9109838317358367,1.0,1,prime
2026-06-06,1.1579792917152312,1.0,1,prime
2026-06-06,1.6984119958697872,0.11302907464203163,0,prime
2026-06-06,0.22337706179621108,1.0,1,prime
2026-06-06,0.0007032445528276643,0.9971703983866704,1,prime
2026-06-06,0.4702087939582657,0.8021250314013051,1,subprime
2026-06-06,-0.9359207446452457,0.0,0,subprime
2026-06-06,0.07199481235253369,1.0,1,prime
2026-06-06,0.7600710632126979,0.9751758183718957,1,prime
2026-06-06,0.7899752220351205,0.013037114668250305,0,subprime
2026-06-06,1.9084048496296049,0.08070030392804636,0,subprime
2026-06-06,0.3874213094312056,0.01914421245620788,0,subprime
2026-06-06,1.9895580842247407,0.9734877836248971,1,prime
2026-06-06,0.9055468841776086,1.0,1,prime
2026-06-06,0.30790761388345955,0.0,0,subprime
2026-06-06,1.223252438858208,0.8828821035549386,1,prime
2026-06-06,-0.32678067028082214,0.8727390645216421,1,prime
2026-06-06,1.2803274419078028,0.22845396112763353,0,subprime
2026-06-06,0.0008469532256857315,0.06040370447780978,0,prime
2026-06-06,-0.9849490906439492,0.017606929117041988,0,prime
2026-06-06,0.3685480980866088,0.04669535102184633,0,prime
2026-06-06,0.835315474133233,0.17048097910887713,0,subprime
2026-06-06,0.859086592368907,0.20133953436253296,0,subprime
2026-06-06,-0.2922772534104735,0.029164840675145895,0,prime
2026-06-06,0.49571275766297446,0.0,0,prime
2026-06-06,1.5900616620290262,0.17319856733195269,0,subprime
2026-06-06,1.0882057295878471,0.9989685031011335,1,prime
2026-06-06,2.8590372785450326,0.1049540574378135,0,prime
2026-06-06,1.2529984444562818,0.07457838251969381,0,prime
2026-06-06,1.7218001952146507,0.7866554282708182,1,prime
2026-06-06,1.7395841635365643,1.0,1,prime
2026-06-06,0.3251456134199313,0.8107663534405384,1,prime
2026-06-06,1.6889121451221383,1.0,1,prime
2026-06-06,0.17787249168085262,0.05509455577311026,0,subprime
2026-06-06,1.7917320914981874,0.042346777424881535,0,subprime
2026-06-06,1.9017746804164863,0.0,0,prime
2026-06-06,0.7809021411532024,0.12068843079385588,0,prime
2026-06-06,1.3398971984347539,0.0936582590987371,0,prime
2026-06-06,0.13855793014023843,0.9477720208034153,1,prime
2026-06-06,0.4306323196717592,0.0,0,prime
2026-06-06,-0.35151187174615506,0.01035262769100287,0,prime
2026-06-06,0.2837978397126,0.8550126659418149,1,prime
2026-06-06,2.246164970905658,0.8635181224999186,1,subprime
2026-06-06,-0.6261839056831876,0.014177400822342374,0,subprime
2026-06-06,1.5077289951088446,0.9369656498328074,1,prime
2026-06-06,0.9556278448626442,0.30351157921111416,0,subprime
2026-06-06,-0.5885571553587413,0.802970676897245,1,subprime
2026-06-06,1.3549017307733875,1.0,1,subprime
2026-06-06,1.091898576072756,1.0,1,prime
2026-06-06,1.3528277559910258,0.8491967227445215,1,prime
2026-06-06,-0.05940294552027492,0.8947674495678675,1,prime
2026-06-06,1.760233230987408,1.0,1,prime
2026-06-06,1.6222221411320272,0.0,0,prime
2026-06-06,0.9167275057012003,0.038535063522002935,0,prime
2026-06-06,1.1391958340873536,0.9620698097991005,1,prime
2026-06-06,2.1305143239681716,0.09187814411667526,0,prime
2026-06-06,-0.18640773864959514,0.0,0,prime
2026-06-06,-0.19568526473103243,1.0,1,subprime
2026-06-06,-1.7171374039343514,0.8320987699152649,1,prime
2026-06-06,0.3814985237927034,1.0,1,prime
2026-06-06,1.3271787411607727,1.0,1,prime
2026-06-06,0.42672988211493984,0.8093556724338616,1,prime
2026-06-06,2.547106585719847,0.7427013386442368,1,prime
2026-06-06,1.253554693423049,0.830929093094302,1,prime
2026-06-06,1.096127749994519,0.029345932406073624,0,prime
2026-06-06,1.1853709190616055,0.0,0,subprime
2026-06-06,2.582902239156879,0.9925221888339933,1,subprime
2026-06-06,0.019140164618772992,1.0,1,prime
2026-06-06,-0.4211127315305717,0.007695565078138476,0,subprime
2026-06-06,1.4712900988821664,0.018365888142085382,0,subprime
2026-06-06,0.3711396107827617,0.0,0,subprime
2026-06-06,0.9532299264762578,1.0,1,prime
2026-06-06,0.4160180225943767,1.0,1,subprime
2026-06-06,0.7914043834109432,0.0,0,prime
2026-06-06,0.7268497423323896,0.11248535467089787,0,prime
2026-06-06,1.3787441250350645,0.8419323327314475,1,prime
2026-06-06,0.509780453325485,0.0,0,prime
2026-06-06,0.03279247895820159,1.0,1,prime
2026-06-06,1.3343859613269813,0.8377109204740265,1,subprime
2026-06-06,0.6640799896429561,0.011795080916365719,0,prime
2026-06-06,2.4626735528863244,0.19012989239411587,0,subprime
2026-06-06,0.8429509725343676,0.984335897847956,1,prime
2026-06-06,-0.1504209373412111,1.0,1,prime
2026-06-06,1.141941739084112,0.07365450715941613,0,prime
2026-06-06,0.4174533481932896,1.0,1,prime
2026-06-06,1.3102521752167562,0.14414989089622318,0,prime
2026-06-06,1.0553203729774314,0.8840156166534537,1,subprime
2026-06-06,0.9071437328350439,0.8685114801980951,1,subprime
2026-06-06,-0.48407938149836005,0.0708802675394638,0,prime
2026-06-06,1.5571468854533435,0.9263705768556643,1,prime
2026-06-06,2.2458199077298917,0.0,0,prime
2026-06-06,-1.1449566221099938,0.14880321204767605,0,subprime
2026-06-06,1.2675358625685829,0.8172747996675612,1,prime
2026-06-06,1.5390225341440797,0.0,0,prime
2026-06-06,1.21502037466467,0.9131090733965717,1,prime
2026-06-06,1.1193140956306729,0.0,0,prime
2026-06-06,1.6914266946584298,0.9108151908747508,1,prime
2026-06-06,1.2406949350984589,0.111518754218723,0,subprime
2026-06-06,2.253422320909287,0.88882774342488,1,prime
2026-06-06,0.6104656962734198,0.7904873799064247,1,prime
2026-06-06,-0.15020331065532855,0.17948443339647216,0,subprime
2026-06-06,-0.8250900482182922,0.07481886934860987,0,prime
2026-06-06,1.8430087265905608,0.9882615869868223,1,prime
2026-06-06,0.9082830413618332,0.0,0,subprime
2026-06-06,0.9395322783685427,1.0,1,prime
2026-06-06,0.4933417319232526,0.8930995806512523,1,prime
2026-06-06,0.7926402740499919,0.9329018438987665,1,prime
2026-06-06,2.251800256903335,1.0,1,prime
2026-06-06,1.7511409973646326,0.05646366618331373,0,prime
2026-06-06,1.572076884797468,0.09206173577857621,0,prime
2026-06-06,1.1531884914142858,0.04798986819846887,0,prime
2026-06-06,0.7741326052780826,0.18304909484840065,0,subprime
2026-06-06,0.7407621877002221,0.08692165257650941,0,subprime
2026-06-06,0.06763216951204898,0.057678056137180675,0,prime
2026-06-06,1.7803182435294298,1.0,1,prime
2026-06-06,-0.16783105751760796,0.0,0,prime
2026-06-06,-0.25364621862284775,0.03424076552035163,0,prime
2026-06-06,1.352257277860084,0.0086711208614891,0,prime
2026-06-06,0.7913209076853309,0.8354129137448688,1,subprime
2026-06-06,0.7461826446659535,0.0,0,prime
2026-06-06,-0.3906639360224059,0.13391352423691572,0,subprime
2026-06-06,-0.8309638940712863,0.0,0,prime
2026-06-06,0.02933081083571376,0.0,0,prime
2026-06-06,1.6324638488529917,0.1511764314792895,0,prime
2026-06-06,-0.46836439309686007,0.08805392343595964,0,prime
2026-06-06,1.849648790652223,0.9236734717739339,1,prime
2026-06-06,1.0305116220126032,1.0,1,prime
2026-06-06,1.2593115143992548,0.9521108840383581,1,prime
2026-06-06,-0.13911786812165605,1.0,1,prime
2026-06-06,0.9720163502894767,0.07309700642915348,0,prime
2026-06-06,0.6155014926210622,0.0,0,prime
2026-06-06,-0.058125271967903624,0.07907140424732083,0,prime
2026-06-06,-0.056134334172731615,0.019097331611913414,0,subprime
2026-06-06,0.4360974415882369,0.02442808868331579,0,prime
2026-06-06,0.3996975129183888,0.16221249414112032,0,prime
2026-06-06,0.6499612592290089,0.06804283710877969,0,subprime
2026-06-06,3.233344054436496,1.0,1,prime
2026-06-06,1.6639519130043492,0.1333598049342847,0,prime
2026-06-06,1.0773976414229982,0.9255107441480197,1,prime
2026-06-06,-0.592217563279274,1.0,1,prime
2026-06-06,1.7824132111071909,0.8636371381553771,1,subprime
2026-06-06,1.6207537373236973,1.0,1,prime
2026-06-06,1.8634287926172086,0.7524912097458423,1,subprime
2026-06-06,0.18927495057574584,0.9855853857414922,1,prime
2026-06-06,0.5929536301162379,1.0,1,prime
2026-06-06,-0.9281432642359048,0.9726605751163618,1,prime
2026-06-06,1.9668529128877879,1.0,1,prime
2026-06-06,1.0443436272654556,1.0,1,prime
2026-06-06,-1.3197724837481557,1.0,1,subprime
2026-06-06,2.8942345959113607,0.9019989523371844,1,prime
2026-06-06,0.07986315345451345,0.17929827404707824,0,subprime
2026-06-06,0.8515594502885772,0.9480887955631259,1,prime
2026-06-06,2.2744774039697306,0.0035018886052110773,0,prime
2026-06-06,0.45517328528349116,1.0,1,prime
2026-06-06,1.9962030845253498,0.025027811427184007,0,subprime
2026-06-06,1.7621244337157818,0.006770559433625312,0,prime
2026-06-06,2.1596669764770526,0.0,0,subprime
2026-06-06,-0.23876624648175382,0.8819068716221911,1,subprime
2026-06-06,1.4404807940093924,0.11698869777663516,0,subprime
2026-06-06,0.574520821530949,0.17212909136840493,0,subprime
2026-06-06,0.2366296103914336,0.05181046395149085,0,prime
2026-06-06,1.1324791246119825,0.1130666815395187,0,prime
2026-06-06,-0.0027385972951081694,0.0,0,subprime
2026-06-06,0.05906875811320067,0.20883095523709833,0,prime
2026-06-06,-0.6083856553657244,0.910081873140063,1,prime
2026-06-06,0.7766966787645154,1.0,1,prime
2026-06-06,0.2730852930154697,0.8689189031226221,1,prime
2026-06-06,0.7733275744911539,0.11974388459154645,0,subprime
2026-06-06,2.660366825905483,0.6970745289429284,1,prime
2026-06-06,1.4448727432374986,0.8281731135192326,1,prime
2026-06-06,-0.001724223212147713,1.0,1,prime
2026-06-06,1.0925637800387915,0.0,0,prime
2026-06-06,0.966555552544625,0.07762695072054551,0,prime
2026-06-06,0.408329150284574,0.9476552975963091,1,prime
2026-06-06,0.3151434067604635,0.11629864482377554,0,subprime
2026-06-06,0.2965443710332989,0.7594432596441616,1,prime
2026-06-06,0.7227024992268847,1.0,1,prime
2026-06-06,0.2082608356486585,0.9965916287917038,1,prime
2026-06-06,1.1681894927595664,0.9424263559939305,1,prime
2026-06-06,1.5121511008587238,1.0,1,prime
2026-06-06,0.7756542816724773,0.14269436316328427,0,prime
2026-06-06,0.12416740847937369,0.0803719566915243,0,subprime
2026-06-06,1.3401792808766415,0.7729546664153939,1,prime
2026-06-07,0.99231280802759,0.15029069641751255,0,subprime
2026-06-07,0.5332893669246714,0.9483201758907979,1,prime
2026-06-07,0.3915234448639142,0.047648133959348325,0,prime
2026-06-07,1.294117387538336,1.0,1,prime
2026-06-07,1.1069101627929687,1.0,1,prime
2026-06-07,3.364231721636305,1.0,1,prime
2026-06-07,2.0856376534484102,1.0,1,subprime
2026-06-07,1.6516924539372182,0.0,0,subprime
2026-06-07,1.263982279630202,0.954700469217101,1,subprime
2026-06-07,1.8752682846759952,0.9515445220992157,1,prime
2026-06-07,0.10647978742326913,0.8837456224812293,1,prime
2026-06-07,1.3968808066907719,1.0,1,subprime
2026-06-07,0.8773204603934642,1.0,1,subprime
2026-06-07,0.17848688813805424,0.8457792671008777,1,prime
2026-06-07,1.556763955228221,0.065165694131841,0,subprime
2026-06-07,1.0987701724417844,0.8407894696102254,1,prime
2026-06-07,3.061481515762631,0.8697818796731696,1,subprime
2026-06-07,1.7499320205066669,0.9703314642382833,1,subprime
2026-06-07,1.1189126440375667,0.11794280444274333,0,prime
2026-06-07,1.0519686731700042,1.0,1,prime
2026-06-07,0.45362369439170114,0.0674193037211047,0,subprime
2026-06-07,1.4412506887468983,1.0,1,subprime
2026-06-07,1.058501670574107,1.0,1,prime
2026-06-07,2.0105290540497998,1.0,1,prime
2026-06-07,0.7171768734831322,0.04382993489180166,0,prime
2026-06-07,-0.5943863806404899,0.15182932134682112,0,prime
2026-06-07,1.1422459004722894,0.94272169793908,1,subprime
2026-06-07,2.198016890467345,0.0,0,prime
2026-06-07,1.790234311038011,0.11849754407838752,0,subprime
2026-06-07,1.1955200143464424,0.023483306367442617,0,prime
2026-06-07,0.15669672648496202,0.029749681378797944,0,prime
2026-06-07,2.4888228733131914,0.785227309765764,1,subprime
2026-06-07,0.8379856894673218,0.8558848809726534,1,prime
2026-06-07,2.6524438660623115,1.0,1,prime
2026-06-07,1.6101317297681454,1.0,1,prime
2026-06-07,2.5972954970076025,1.0,1,subprime
2026-06-07,0.47888302165406216,0.048891311937462836,0,prime
2026-06-07,2.2384367778571512,0.17215877881082417,0,prime
2026-06-07,1.3973532070772579,1.0,1,prime
2026-06-07,0.5464515069376503,0.14072610446501652,0,prime
2026-06-07,-0.4930401332833161,0.01901118417647266,0,subprime
2026-06-07,-1.1875954059981364,0.9623838840769416,1,prime
2026-06-07,2.0049208008514636,0.05244604263234676,0,prime
2026-06-07,2.304022999939002,0.0993217882670076,0,subprime
2026-06-07,0.37510642441334663,0.08330589505058225,0,prime
2026-06-07,1.2872082728516903,0.0661831594079507,0,prime
2026-06-07,0.5743565608215262,0.795314131305623,1,prime
2026-06-07,1.063233932589904,0.18516426927079857,0,subprime
2026-06-07,1.0164138569338814,0.0,0,prime
2026-06-07,-1.0406368492469986,0.06681940561924446,0,subprime
2026-06-07,2.043205895192729,0.06333109887128067,0,prime
2026-06-07,-0.35897848823838774,0.016919175743071564,0,subprime
2026-06-07,0.6460125599467963,0.2793029945253396,0,prime
2026-06-07,1.568189343774586,0.09120652795765075,0,subprime
2026-06-07,0.5159109333325183,1.0,1,prime
2026-06-07,1.1207950504184165,0.08098929536250275,0,subprime
2026-06-07,1.6056469005438916,0.8517804090117049,1,prime
2026-06-07,0.7486654497147591,0.13688644991532112,0,subprime
2026-06-07,0.6354230834359346,0.924421317517604,1,prime
2026-06-07,0.2824379800434357,0.2635417713087548,0,subprime
2026-06-07,1.1810410700138654,0.9089160492394501,1,subprime
2026-06-07,0.29098969892643556,0.10028507081119994,0,prime
2026-06-07,1.0155208753792824,1.0,1,prime
2026-06-07,1.173803133639713,0.12519616552619697,0,subprime
2026-06-07,1.3355961683012203,0.840860608152134,1,prime
2026-06-07,1.9641570042753997,0.01423644312005174,0,prime
2026-06-07,-0.4979715960816431,0.0,0,subprime
2026-06-07,-0.06363818382259234,0.0829663690244325,0,subprime
2026-06-07,0.5824820884048315,0.013995319942578313,0,prime
2026-06-07,-0.12997375641716746,0.052574325735750466,0,prime
2026-06-07,1.9919154138493211,0.08591084615361144,0,subprime
2026-06-07,1.5650534530295621,1.0,1,prime
2026-06-07,0.7373800118439765,0.9184220303667339,1,subprime
2026-06-07,1.5424375297550694,0.04357357404877787,0,prime
2026-06-07,-0.8598361992688788,1.0,1,subprime
2026-06-07,2.5635006315849624,1.0,1,subprime
2026-06-07,0.7961201932203456,0.19043233859506412,0,prime
2026-06-07,0.8680144346175471,0.15033117281755015,0,subprime
2026-06-07,1.550645464660645,1.0,1,prime
2026-06-07,-0.24400739785480519,0.09362701833488174,0,subprime
2026-06-07,0.5835487434441515,0.07460786662258988,0,prime
2026-06-07,2.089124214676546,0.13390974156111068,0,prime
2026-06-07,2.620363890430604,0.30965699200794605,0,prime
2026-06-07,0.43944013248875025,0.8987422458935255,1,subprime
2026-06-07,1.2254056892380256,0.9684124769680752,1,prime
2026-06-07,1.8617643101514092,0.23166269560504746,0,prime
2026-06-07,2.6065995353729905,0.0,0,subprime
2026-06-07,2.1333430672933407,0.16603022086256436,0,prime
2026-06-07,-0.317343023831939,1.0,1,subprime
2026-06-07,1.8343659509507655,0.9720200792502082,1,prime
2026-06-07,0.8325512629016378,0.9375589267892338,1,prime
2026-06-07,0.701413333195738,0.9968912409308146,1,prime
2026-06-07,0.6045542659817427,1.0,1,subprime
2026-06-07,0.11210704749087363,0.9228259172694513,1,subprime
2026-06-07,0.9070799711492912,0.28288825709673804,0,prime
2026-06-07,1.2804569302991768,1.0,1,prime
2026-06-07,1.1542804989834612,0.053889712942412286,0,prime
2026-06-07,1.7457051812583884,0.0,0,prime
2026-06-07,1.6519440901775886,0.13450497817696733,0,prime
2026-06-07,0.17593544659633953,0.0,0,prime
2026-06-07,1.7825678359574342,1.0,1,prime
2026-06-07,1.8668936574661648,1.0,1,prime
2026-06-07,-0.005437303790238213,0.13682124245551364,0,subprime
2026-06-07,0.2062447691364554,0.11605189357646706,0,prime
2026-06-07,1.8336439033930756,0.0048442250364223866,0,prime
2026-06-07,1.0829746411528927,0.9236036339602134,1,prime
2026-06-07,0.5792740678477779,0.0,0,prime
2026-06-07,1.423293346200365,0.9663850611036606,1,prime
2026-06-07,-0.12416644894793372,1.0,1,prime
2026-06-07,1.1875713502324698,0.9804145340809906,1,prime
2026-06-07,1.0353325150162895,0.9454106068701407,1,prime
2026-06-07,1.7144864827291144,0.010498916485831546,0,prime
2026-06-07,1.1622118119412144,1.0,1,prime
2026-06-07,0.029489711461648693,0.062049685330345064,0,prime
2026-06-07,0.673295952424087,0.0,0,subprime
2026-06-07,2.200188211356697,0.0,0,subprime
2026-06-07,3.43943999563995,1.0,1,subprime
2026-06-07,0.7888338097755833,1.0,1,prime
2026-06-07,1.5111512704298833,0.8454421944620912,1,subprime
2026-06-07,-0.07345509397162853,0.06830746427862128,0,prime
2026-06-07,1.929958217501134,1.0,1,prime
2026-06-07,0.040610643522572154,0.09089773088281468,0,prime
2026-06-07,1.87946053104224,1.0,1,subprime
2026-06-07,2.0411851081389676,0.17428699191790165,0,subprime
2026-06-07,1.4921214845846524,1.0,1,prime
2026-06-07,-0.10553748085708192,0.7874898766137531,1,subprime
2026-06-07,1.35757430764594,1.0,1,prime
2026-06-07,0.8079676341618713,0.9484624869204293,1,prime
2026-06-07,0.9622226269563304,0.18176801071788198,0,prime
2026-06-07,1.597923926790867,0.8281733514326923,1,prime
2026-06-07,1.3708772194599967,0.07833279255199198,0,prime
2026-06-07,1.9815035712346019,0.9397983616186121,1,prime
2026-06-07,1.4140648001288385,1.0,1,subprime
2026-06-07,-0.39394101493803757,0.1396107541772581,0,subprime
2026-06-07,1.4366907838353595,0.21469401404934313,0,subprime
2026-06-07,0.1795361100119539,0.10028536175219041,0,prime
2026-06-07,1.602971171274701,0.2042207933697844,0,subprime
2026-06-07,1.6064790044056982,0.03333514100465024,0,prime
2026-06-07,1.3691966910661473,0.8911827552722624,1,prime
2026-06-07,1.3612917688688755,0.1327613223443337,0,prime
2026-06-07,0.5536729693497133,0.13584460823998668,0,prime
2026-06-07,2.1474406246749145,0.9339974716284732,1,prime
2026-06-07,1.9875543668520943,0.032575895599425704,0,prime
2026-06-07,1.3415340076281057,1.0,1,subprime
2026-06-07,2.134292758446324,0.8270153087126237,1,prime
2026-06-07,1.6343276942477782,0.9755954773189366,1,prime
2026-06-07,0.9939382260937083,0.8909185232074397,1,subprime
2026-06-07,-0.9459057648647855,0.2816274473948998,0,subprime
2026-06-07,2.2397558809043403,1.0,1,prime
2026-06-07,-0.24550720589848463,0.028616695001734208,0,subprime
2026-06-07,1.1173784737145782,0.9410663574001661,1,subprime
2026-06-07,0.31662298614759177,0.0,0,prime
2026-06-07,-0.42112697588004644,0.19865893390463799,0,prime
2026-06-07,1.7803979071182678,0.9361079375925817,1,prime
2026-06-07,1.4318600071118912,0.0,0,prime
2026-06-07,0.9492391536790059,0.08039152034708452,0,prime
2026-06-07,-0.8102999131312807,0.07000053294587255,0,subprime
2026-06-07,1.2946601025178273,0.026084685081649087,0,prime
2026-06-07,-0.10741893245783474,0.8977680467105981,1,prime
2026-06-07,3.880533203167968,0.01535425113419317,0,subprime
2026-06-07,1.595917940496221,0.0,0,prime
2026-06-07,1.2583544792176284,0.9883619099587337,1,prime
2026-06-07,1.843858023823879,0.10581124650967216,0,prime
2026-06-07,1.8598637553163315,1.0,1,subprime
2026-06-07,0.3881192865783648,0.00722556610633536,0,subprime
2026-06-07,0.9007057473643945,0.9156812246866741,1,prime
2026-06-07,0.7327634381310175,0.8790817294361553,1,prime
2026-06-07,1.6034996954203207,0.0,0,prime
2026-06-07,1.0469480751598716,0.2086019586184298,0,prime
2026-06-07,1.0040747940440302,1.0,1,subprime
2026-06-07,0.5432877964569127,0.27457220830659723,0,prime
2026-06-07,1.3562237461562785,0.05896441446436679,0,prime
2026-06-07,0.2678866552007181,0.0,0,prime
2026-06-07,1.61065105840107,0.9799634276723004,1,prime
2026-06-07,0.5994194620213911,0.01716197951340743,0,subprime
2026-06-07,0.38667204859097926,0.0,0,prime
2026-06-07,0.7086769835611444,0.9680817555399598,1,prime
2026-06-07,1.1823143166735437,0.08750529496099667,0,prime
2026-06-07,2.103298223388696,0.8234580659165396,1,subprime
2026-06-07,-0.24769416092510044,0.9175064136339305,1,prime
2026-06-07,0.7953650855769175,0.12025961265077313,0,prime
2026-06-07,0.7632298195099044,0.14333687368353573,0,subprime
2026-06-07,2.213049921606091,1.0,1,prime
2026-06-07,2.0589692953052774,0.7734982782395902,1,prime
2026-06-07,-0.06332325716363352,0.10037095193420653,0,prime
2026-06-07,0.00856062303465921,0.18229082942509892,0,prime
2026-06-07,0.5956799452703232,0.9488403338716932,1,prime
2026-06-07,0.29267615921225465,0.8492507365518811,1,prime
2026-06-07,-1.1134262823346703,0.11116198379920561,0,prime
2026-06-07,-1.954376412282806,0.1497041703782479,0,prime
2026-06-07,2.6005061148226543,1.0,1,prime
2026-06-07,1.8511629357080828,0.23436490734514412,0,prime
2026-06-07,0.10839517347197714,0.9775895660913755,1,subprime
2026-06-07,1.9534769191454484,0.0014218263322887253,0,prime
2026-06-07,0.18466558134574507,0.8876529891932441,1,prime
2026-06-07,1.0575593010020539,0.0,0,prime
2026-06-07,1.2934885317173235,0.19728990414092487,0,prime
2026-06-07,1.9846766612634537,0.9474736148957472,1,prime
2026-06-07,1.4742220020396293,1.0,1,prime
2026-06-07,1.9938223340474157,0.12200530844522686,0,subprime
2026-06-07,-0.4876340703746924,1.0,1,prime
2026-06-07,1.691307613855988,0.872450783725646,1,prime
2026-06-07,-0.7939121362192794,0.9335371686778371,1,prime
2026-06-07,0.7147550661948203,0.9917114856318504,1,subprime
2026-06-07,2.1520817732441904,0.1268304491505841,0,prime
2026-06-07,1.3243627019443889,0.1638854121106298,0,prime
2026-06-07,1.9417891723064453,1.0,1,subprime
2026-06-07,2.002614183796707,0.0,0,prime
2026-06-07,1.7113753375454555,1.0,1,prime
2026-06-07,2.702465359470702,0.958434296926138,1,subprime
2026-06-07,-0.8235379892570567,0.0,0,prime
2026-06-07,2.6372374329142536,1.0,1,subprime
2026-06-07,1.3703188896846792,0.9374162483821135,1,prime
2026-06-07,0.8680095932003997,0.07778812788846895,0,prime
2026-06-07,1.476810231546457,0.14142876135151378,0,prime
2026-06-07,1.529062766636869,0.7902783281670626,1,subprime
2026-06-07,0.7320383495766006,0.1243629587569657,0,subprime
2026-06-07,0.548900522541244,0.0,0,prime
2026-06-07,-0.38990192549566394,0.9610529239227703,1,prime
2026-06-07,1.8947399376326204,1.0,1,prime
2026-06-07,0.7914724684240433,0.7889244903633207,1,prime
2026-06-07,1.557906675596199,1.0,1,prime
2026-06-07,3.858547954922297,0.8630415183073993,1,prime
2026-06-07,2.5600461894632565,0.14085489450708932,0,subprime
2026-06-07,3.624224095719612,0.027350610293726034,0,subprime
2026-06-07,1.0377837386797406,0.012832986468568945,0,prime
2026-06-07,0.51641070365421,0.07590688125082706,0,prime
2026-06-07,0.4485706551670233,1.0,1,prime
2026-06-07,1.6272405767028069,0.7689993254351867,1,prime
2026-06-07,0.5373293813139433,0.09869563307962576,0,prime
2026-06-07,-0.06572951295688645,1.0,1,subprime
2026-06-07,1.580367089434718,0.8363275235469693,1,subprime
2026-06-07,1.9489158399835484,0.1375982208657071,0,prime
2026-06-07,0.8960246565302407,0.22023188907114274,0,prime
2026-06-07,0.8299501956115714,0.9185108206585917,1,prime
2026-06-07,0.19229065946416934,1.0,1,prime
2026-06-07,1.7685128462055186,1.0,1,subprime
2026-06-07,-0.7819347741408427,0.0,0,subprime
2026-06-07,0.4945029829281389,0.9156443936589858,1,prime
2026-06-07,0.8339094736371809,0.9270602420212731,1,prime
2026-06-07,2.215447555271475,0.0,0,prime
2026-06-07,1.5177133635680904,0.20312709380989877,0,prime
2026-06-07,0.2478493128351693,0.07262190118263667,0,prime
2026-06-07,-0.0735912580210325,0.0010960594862204978,0,prime
2026-06-07,2.110829192178916,0.0,0,prime
2026-06-07,-0.3051529987964654,0.006905176804305489,0,prime
2026-06-07,0.6476166932192686,0.13629594191318586,0,prime
2026-06-07,2.12942496384495,0.9518244291146629,1,prime
2026-06-07,2.53130685601769,0.0,0,subprime
2026-06-07,-0.06994781074481438,0.08296212666727502,0,subprime
2026-06-07,-0.3363817803751421,0.061870641084155666,0,subprime
2026-06-07,0.08646650573806147,0.024283736465527016,0,prime
2026-06-07,-0.36906202910863595,0.07142913652565855,0,subprime
2026-06-07,1.014667326970744,0.9975510438613949,1,prime
2026-06-07,0.7768729770550826,0.0,0,subprime
2026-06-07,-0.6872942820831234,0.22173831032427965,0,prime
2026-06-07,-0.23293753330905087,0.8717671097772465,1,prime
2026-06-07,-0.06036585659826099,1.0,1,prime
2026-06-07,0.9925879202326574,0.0,0,subprime
2026-06-07,2.0128626651570833,0.14753660654002393,0,prime
2026-06-07,1.5293583872726357,0.855799027380892,1,prime
2026-06-07,2.211853176798407,1.0,1,prime
2026-06-07,1.3802852664548504,0.9739326800190387,1,prime
2026-06-07,0.8375816646187777,1.0,1,prime
2026-06-07,2.088946381625731,0.16555574510351295,0,subprime
2026-06-07,1.5602891878349854,0.12006390499304594,0,prime
2026-06-07,0.4880568802436691,0.992561463915413,1,prime
2026-06-07,1.2374180222249314,0.9129683478285412,1,prime
2026-06-07,0.5111865641493737,0.8576538475490096,1,prime
2026-06-07,1.9402089719573299,0.9475935857120398,1,prime
2026-06-07,2.3080293006119756,0.9279138513597517,1,prime
2026-06-07,1.0975736537207281,1.0,1,prime
2026-06-07,2.2007445959074943,0.1738908410667916,0,prime
2026-06-07,1.3118908153773323,0.2778900751997851,0,prime
2026-06-07,0.4212777912123109,0.134060047814339,0,prime
2026-06-07,0.9177918951761145,0.00022634753730094853,0,prime
2026-06-07,1.176169331807463,0.844582720515347,1,prime
2026-06-07,0.5101016415570008,1.0,1,prime
2026-06-07,0.39877119249606985,0.2706675594751557,0,prime
2026-06-07,0.43588065478031623,0.8550215703965338,1,prime
2026-06-07,0.026274422977262235,0.05972833089515755,0,subprime
2026-06-07,1.2575359821902063,0.03275501549984601,0,prime
2026-06-07,1.72622499042158,0.17884006896415708,0,prime
2026-06-07,-0.23954602411610293,0.8223227764018899,1,prime
2026-06-07,-0.18484843028850872,0.09318892254692626,0,prime
2026-06-07,1.490544488693788,1.0,1,subprime
2026-06-07,1.1995086440931053,1.0,1,subprime
2026-06-07,-0.904271304361776,0.10330640304653138,0,subprime
2026-06-07,2.768493341326586,0.8252575888865682,1,prime
2026-06-07,1.3839703551851157,0.914996916806788,1,subprime
2026-06-07,-0.6221458842813647,0.9070451438222702,1,prime
2026-06-07,0.33293629242021616,0.05506885799820363,0,prime
2026-06-07,0.35662021698860313,0.16937895513374124,0,prime
2026-06-07,1.085726336274729,0.017523663177678964,0,prime
2026-06-07,0.27406623144377507,0.0,0,prime
2026-06-07,2.367474911385195,0.060740303432043924,0,subprime
2026-06-07,1.0275910660408578,0.9342745475105817,1,prime
2026-06-07,0.9496925305797644,1.0,1,prime
2026-06-07,1.430574294734238,0.04663392004354154,0,prime
2026-06-07,0.7314587993055948,0.06823240320594202,0,subprime
2026-06-07,1.57958629267736,0.07641163963332996,0,subprime
2026-06-07,0.06378554270061354,0.8465671970547823,1,prime
2026-06-07,-0.29828411337280736,0.9036552722015403,1,subprime
2026-06-07,1.0863177110392164,0.998969249875276,1,subprime
2026-06-07,2.683659379412495,0.7842892551325561,1,subprime
2026-06-07,-0.757759531119073,0.0,0,prime
2026-06-07,-0.08360297570051323,0.0,0,prime
2026-06-07,1.0748815163035847,1.0,1,subprime
2026-06-07,0.932886389159186,0.09899627428562918,0,subprime
2026-06-07,1.1839936256503274,0.0064292314842185755,0,prime
2026-06-07,2.4856718825605117,0.16661808169457137,0,prime
2026-06-07,3.3567771443929146,0.9829888868053294,1,subprime
2026-06-07,-0.3944494474767746,0.9249595278963497,1,prime
2026-06-07,0.6544983296911657,0.9420153095188831,1,subprime
2026-06-07,0.7688933225047554,0.9796577516433107,1,prime
2026-06-07,0.013402828147875523,1.0,1,prime
2026-06-07,1.3189141816873993,1.0,1,prime
2026-06-07,-1.6010204220636002,0.0597425896071596,0,prime
2026-06-07,1.0741546045544568,0.0,0,prime
2026-06-07,0.4289535446601921,0.00266113230036652,0,prime
2026-06-07,0.85959395481647,0.9717813512551171,1,prime
2026-06-07,2.7145803003711766,0.0,0,prime
2026-06-07,1.3888000798746918,0.0,0,prime
2026-06-07,1.6026010842417486,0.7239199865514815,1,prime
2026-06-07,-0.13952520279084313,1.0,1,prime
2026-06-07,-0.16360372451094785,1.0,1,prime
2026-06-07,-0.10307596491208271,0.12042128326171464,0,prime
2026-06-07,0.5818781730187184,0.9939165242973265,1,subprime
2026-06-07,0.23488253235457468,0.8546222155326653,1,prime
2026-06-07,0.09512033459278457,0.0,0,prime
2026-06-07,0.9004402494879394,0.10965791050798068,0,subprime
2026-06-07,0.5866584339046499,0.05794020285993412,0,prime
2026-06-07,-0.8288893361390488,0.8279918844527854,1,subprime
2026-06-07,3.155712533857925,0.0,0,subprime
2026-06-07,0.7951595275035395,0.1761121580731033,0,prime
2026-06-07,1.5448956845052089,0.04265867997960725,0,prime
2026-06-07,0.3048693174544138,0.7792707966531279,1,prime
2026-06-07,0.894059513468908,1.0,1,prime
2026-06-07,0.04420873662911007,0.1343019879649608,0,subprime
2026-06-07,1.2657505127963309,0.0654176465652798,0,subprime
2026-06-07,2.418425015636988,0.3124807405138118,0,prime
2026-06-07,1.108015420659718,0.2312057113030959,0,prime
2026-06-07,2.202327809176559,0.0,0,prime
2026-06-07,2.321708376841975,0.0,0,prime
2026-06-07,1.2251436788479044,0.23421300328609712,0,prime
2026-06-07,0.8369319508131249,0.23948395449783416,0,prime
2026-06-07,0.8135597242598381,0.966352930938198,1,prime
2026-06-07,-0.6217419556319932,0.0,0,subprime
2026-06-07,-0.046181123909986965,0.04643810472884071,0,prime
2026-06-07,1.243506438690192,0.9090634785919052,1,subprime
2026-06-07,0.8582794500044627,0.0,0,prime
2026-06-07,-1.4542353161968746,0.8993001480633462,1,subprime
2026-06-07,1.2605189106891481,0.8363839886374457,1,prime
2026-06-07,2.2184687714676654,1.0,1,subprime
2026-06-07,1.289673398368683,1.0,1,prime
2026-06-07,1.1117212348509322,0.0,0,prime
2026-06-07,0.8933266117304349,0.9089304526625385,1,prime
2026-06-07,2.4323007518408177,1.0,1,prime
2026-06-07,0.4609039582448513,0.0,0,subprime
2026-06-07,2.52422322377048,0.9763094079010604,1,prime
2026-06-07,0.10477315958605715,0.20903828971471014,0,prime
2026-06-07,1.8519050096765897,1.0,1,subprime
2026-06-07,2.2959468445735203,0.9923599546160069,1,subprime
2026-06-07,-0.8893506562111917,1.0,1,prime
2026-06-07,-0.1750141710962798,0.9935050594996688,1,prime
2026-06-07,2.357688607480324,1.0,1,prime
2026-06-07,0.8939439546123137,0.0,0,prime
2026-06-07,2.0960740383704533,0.0,0,prime
2026-06-07,1.672648934374057,0.0,0,subprime
2026-06-07,3.3436480944246325,0.11165220650925102,0,prime
2026-06-07,0.038977729391429294,0.19199529934398527,0,prime
2026-06-07,1.7968786905123646,1.0,1,subprime
2026-06-07,0.18703009753797672,0.8777333979213698,1,prime
2026-06-07,-0.9539379949085025,1.0,1,subprime
2026-06-07,0.20004427645160527,0.07800122137214105,0,subprime
2026-06-07,1.043733460475386,0.9449973496639403,1,prime
2026-06-07,1.8795502987905153,0.004839804688477639,0,prime
2026-06-07,1.402693909215512,0.7413621204640455,1,prime
2026-06-07,0.6427998124836378,0.9683489323074559,1,prime
2026-06-07,1.6664597444605815,1.0,1,prime
2026-06-07,1.478248002233679,0.06161133920047169,0,prime
2026-06-07,1.4383868942855844,0.0,0,subprime
2026-06-07,1.2189408705823948,1.0,1,subprime
2026-06-07,-0.8656321461478871,0.0,0,prime
2026-06-07,0.9314686283676454,0.7452177995564401,1,prime
2026-06-07,1.4253920096896542,1.0,1,prime
2026-06-07,1.53290632334783,0.115083943532719,0,prime
2026-06-07,0.48633488653659873,0.9239691796779747,1,subprime
2026-06-07,1.2248781892452254,0.07132597735376589,0,subprime
2026-06-07,2.291984772552642,1.0,1,prime
2026-06-07,2.2604857173828368,0.9397820152731937,1,prime
2026-06-07,0.05830254890007103,0.14110218994524748,0,subprime
2026-06-07,1.2657049037912877,0.0,0,prime
2026-06-07,1.2892776244186532,0.09695103646452834,0,subprime
2026-06-07,1.7067075179434874,0.16410672581031638,0,prime
2026-06-07,1.1326081037391824,0.8765226240671921,1,subprime
2026-06-07,0.9764417244534751,0.0,0,prime
2026-06-07,1.3569275009054484,0.021254239274869816,0,prime
2026-06-07,0.8647534465293512,0.9928506070753211,1,prime
2026-06-07,-2.5410668522204944,0.88619272402856,1,prime
2026-06-08,1.9286038495941158,0.9494956927079367,1,prime
2026-06-08,-0.2542014521639051,1.0,1,prime
2026-06-08,1.440350818457752,0.8677510290411582,1,prime
2026-06-08,1.1416164676054477,0.0,0,prime
2026-06-08,1.6519308584530754,0.19530466776937802,0,prime
2026-06-08,1.0704225534921987,0.9697638126918097,1,prime
2026-06-08,1.7059894198314245,0.2170310052688824,0,prime
2026-06-08,0.6440156493371203,0.8954891192682314,1,subprime
2026-06-08,1.30496145246317,0.0513195667149165,0,prime
2026-06-08,0.9128782489442346,0.08061775761269294,0,prime
2026-06-08,0.7807790591285118,0.850488683583347,1,prime
2026-06-08,2.459034337016302,0.0,0,prime
2026-06-08,2.3135324858927833,0.9386607885721369,1,subprime
2026-06-08,0.05249575144038765,0.9190437263302139,1,prime
2026-06-08,1.3196616074953484,0.0,0,subprime
2026-06-08,1.290653235059163,0.0,0,prime
2026-06-08,1.4900355700026893,0.0,0,prime
2026-06-08,2.4368674241670187,0.0,0,prime
2026-06-08,1.8224302075036634,1.0,1,prime
2026-06-08,-0.1794821974131724,0.0,0,prime
2026-06-08,0.8978930881638769,0.005084000947972116,0,prime
2026-06-08,-0.10838938523302155,0.8163590863837047,1,subprime
2026-06-08,1.3531619765857874,0.0,0,prime
2026-06-08,0.6587301997569176,0.0,0,prime
2026-06-08,1.3855954647936841,0.9488174839669268,1,prime
2026-06-08,2.0988521321213423,0.16064269761311897,0,prime
2026-06-08,1.6461445971561766,0.09696202077847921,0,prime
2026-06-08,0.700390201711959,0.8505599706500505,1,prime
2026-06-08,0.7569634580281918,0.0,0,prime
2026-06-08,0.9942612768508244,0.9252367728846338,1,prime
2026-06-08,-0.289957127817132,0.8925727306013682,1,prime
2026-06-08,-0.7431445692570704,0.8840356532688612,1,prime
2026-06-08,0.777771834955703,0.0,0,prime
2026-06-08,2.3879331952171468,0.193700931955958,0,prime
2026-06-08,1.1248332708601798,0.0,0,prime
2026-06-08,-0.4226416299713802,0.9572419988653279,1,subprime
2026-06-08,2.6913771851609583,0.19091952670179194,0,prime
2026-06-08,0.848138759672247,0.0,0,subprime
2026-06-08,-0.2810302306413084,0.0,0,prime
2026-06-08,-0.8761257961921778,0.10673533128335207,0,prime
2026-06-08,1.1852068986268638,0.9669261375813698,1,prime
2026-06-08,1.5623895553440736,0.0,0,prime
2026-06-08,0.4349134568358519,0.0002945261511315203,0,prime
2026-06-08,0.9186090718876171,0.019903310453848286,0,subprime
2026-06-08,2.0705870337500585,0.811499671995456,1,subprime
2026-06-08,0.4560173222320433,0.7851045912158157,1,prime
2026-06-08,2.1035772012289518,0.9355492561587649,1,prime
2026-06-08,1.443136822525629,0.03897244355535856,0,prime
2026-06-08,1.929241126731034,0.9279185233392813,1,prime
2026-06-08,0.27140939134573305,0.18933686828192972,0,prime
2026-06-08,0.5033786328507085,0.052327482818270876,0,subprime
2026-06-08,3.258647795997777,0.144399465963305,0,subprime
2026-06-08,0.15527629063387538,1.0,1,prime
2026-06-08,0.5211857441103478,0.13005594866020875,0,subprime
2026-06-08,0.6264837639482284,1.0,1,prime
2026-06-08,0.28782772794381106,0.15257402265689157,0,prime
2026-06-08,0.8105128938565136,0.0,0,prime
2026-06-08,-0.12458476339160307,0.8642177465646488,1,prime
2026-06-08,1.501891632889152,0.032772951508201816,0,prime
2026-06-08,-0.2217314478384862,0.052925149264545154,0,prime
2026-06-08,2.343616299645822,0.02330505220984745,0,prime
2026-06-08,0.6388496729147425,0.873465617097466,1,prime
2026-06-08,1.52286863461677,0.9182474778756906,1,prime
2026-06-08,-0.9417200065500084,0.0,0,prime
2026-06-08,1.554531469998799,0.0,0,prime
2026-06-08,-0.31510440030129705,1.0,1,subprime
2026-06-08,-0.5509002995717958,0.9591288362911354,1,prime
2026-06-08,1.4532330527679242,0.9469467575852666,1,prime
2026-06-08,0.3055732778263357,0.9895491115517913,1,subprime
2026-06-08,-0.6211421514840281,0.8586794624134412,1,prime
2026-06-08,0.823618621300138,0.15545831431795087,0,prime
2026-06-08,2.0603167417512553,0.254191912820458,0,prime
2026-06-08,2.0597135920527054,0.2375425309697823,0,prime
2026-06-08,0.36069246545340494,0.041182751023416286,0,prime
2026-06-08,1.4902106348770272,0.052913609020008426,0,subprime
2026-06-08,2.3331966968522773,0.8392041141446125,1,prime
2026-06-08,0.7223325096304927,0.08109126955315518,0,prime
2026-06-08,0.4354742294868412,0.12552140042329982,0,subprime
2026-06-08,1.9987435122151642,0.9790731694830305,1,subprime
2026-06-08,0.9940725247022812,0.08190774463067599,0,prime
2026-06-08,3.1634653915061235,1.0,1,subprime
2026-06-08,2.1096365912720088,0.0003450986869896755,0,subprime
2026-06-08,2.793587538005889,0.0,0,subprime
2026-06-08,2.13812486211745,0.9575412279048368,1,prime
2026-06-08,2.3229494563490873,0.03233922173130753,0,prime
2026-06-08,1.2957390718814,0.0,0,subprime
2026-06-08,0.11480739608799762,0.0,0,subprime
2026-06-08,2.2541581699873405,0.9703314067550532,1,prime
2026-06-08,1.0023859304254172,0.18304128103498332,0,subprime
2026-06-08,1.888887715972106,0.9426310708824999,1,prime
2026-06-08,-0.7284190728504376,0.11259171073654992,0,prime
2026-06-08,1.6186359131673589,0.7772514120156351,1,prime
2026-06-08,0.41768398547091,0.9371417542518333,1,subprime
2026-06-08,0.11141295321465905,0.13164994999202725,0,prime
2026-06-08,2.169436683686077,0.0,0,prime
2026-06-08,0.19667526546834102,0.043836169439032915,0,prime
2026-06-08,0.52314478580292,0.9249647212927984,1,subprime
2026-06-08,0.6009046168016149,0.88145803971363,1,prime
2026-06-08,0.545957258825514,0.962159182612959,1,subprime
2026-06-08,0.8324499084747315,0.9279140969071378,1,prime
2026-06-08,0.3351347397676441,1.0,1,subprime
2026-06-08,1.1077583958221608,0.1091461595249609,0,subprime
2026-06-08,2.2322309850070896,0.03145233095407031,0,subprime
2026-06-08,1.9793582011068513,0.0,0,prime
2026-06-08,-0.7448704394535308,0.10159743797887646,0,prime
2026-06-08,1.3399052804836349,0.01395899514618787,0,subprime
2026-06-08,2.027064232149299,0.9707556251524713,1,subprime
2026-06-08,1.3330672364138452,1.0,1,prime
2026-06-08,-0.2372812969472038,1.0,1,prime
2026-06-08,2.008972809143886,0.050286222759736494,0,prime
2026-06-08,1.7709148424552597,1.0,1,prime
2026-06-08,3.7585536681057787,0.0,0,prime
2026-06-08,2.381951846725298,0.9136985751485206,1,subprime
2026-06-08,0.6186144489229787,0.12212598316538366,0,prime
2026-06-08,2.946544141718825,1.0,1,subprime
2026-06-08,0.390164561047862,0.11545320610336118,0,prime
2026-06-08,1.9481119645443516,0.952017633134861,1,prime
2026-06-08,0.9178213219219836,0.8367195708935024,1,prime
2026-06-08,2.138240207328696,1.0,1,subprime
2026-06-08,0.05928202397315174,0.9930637692738795,1,prime
2026-06-08,2.1457583560705205,0.0,0,subprime
2026-06-08,1.3378786892684824,1.0,1,prime
2026-06-08,0.6116430021946601,0.16856569642040461,0,prime
2026-06-08,1.0204320842817687,0.9503594464013735,1,subprime
2026-06-08,2.153334481900107,0.1223698781212646,0,prime
2026-06-08,1.8977095248524594,0.863844297202396,1,prime
2026-06-08,2.463071106868859,0.11111751603276834,0,subprime
2026-06-08,1.5197899807513147,0.9652838365720093,1,prime
2026-06-08,-1.149902844487374,1.0,1,prime
2026-06-08,2.0624251344291538,0.1425018664375644,0,subprime
2026-06-08,2.7048111576225553,0.00015919647183755548,0,prime
2026-06-08,0.49424281656568336,1.0,1,prime
2026-06-08,2.2368777666306214,0.9099971517321905,1,prime
2026-06-08,0.16280305870932188,0.8831395008956717,1,prime
2026-06-08,-0.10431567469954972,0.08050676189878586,0,subprime
2026-06-08,1.2538163178967716,0.15612469534175955,0,prime
2026-06-08,-1.0323044985560095,0.8683266384543384,1,prime
2026-06-08,2.936308127476904,0.0,0,prime
2026-06-08,-0.23653233860763745,1.0,1,prime
2026-06-08,0.9649449675410213,0.05921085655265224,0,subprime
2026-06-08,1.0348123072370665,1.0,1,prime
2026-06-08,0.5083143600547337,0.07812625451919337,0,prime
2026-06-08,0.6967385442780585,1.0,1,prime
2026-06-08,-1.453873689735372,0.8594175198567333,1,prime
2026-06-08,-0.28272539550605913,0.06011908218728575,0,prime
2026-06-08,1.3292097355835726,0.0602711772873319,0,subprime
2026-06-08,1.149726874961443,0.2844373026389909,0,prime
2026-06-08,2.5172963612855273,1.0,1,prime
2026-06-08,-0.30180583617614753,1.0,1,subprime
2026-06-08,2.2720139956204077,0.8897866114570363,1,subprime
2026-06-08,0.7915499345961723,1.0,1,prime
2026-06-08,2.195464106099435,0.0,0,prime
2026-06-08,0.4539695178530837,0.0,0,prime
2026-06-08,1.2401880825841718,1.0,1,prime
2026-06-08,2.0468961377340857,0.9101564170706016,1,prime
2026-06-08,0.916957159336544,0.0,0,prime
2026-06-08,2.137862245734368,0.8700407371625427,1,prime
2026-06-08,1.8498992108295371,0.03725044283049051,0,prime
2026-06-08,1.8858207275216248,0.022753375288747005,0,prime
2026-06-08,1.099262972630959,0.8205220343949577,1,prime
2026-06-08,1.017281272065114,0.9563743624195824,1,prime
2026-06-08,2.92426325282746,1.0,1,prime
2026-06-08,1.8722189665170463,1.0,1,prime
2026-06-08,1.25481950572183,0.11748062369601732,0,prime
2026-06-08,2.269719638400063,0.8532889366933463,1,prime
2026-06-08,0.6352669907985887,0.8859107560590815,1,prime
2026-06-08,2.4165496003010727,0.03881900612931974,0,subprime
2026-06-08,1.7948033625117477,1.0,1,prime
2026-06-08,2.1046263773510114,0.0,0,subprime
2026-06-08,1.4456099100954973,0.14831345935693108,0,subprime
2026-06-08,2.0816474588744387,0.110538076603523,0,prime
2026-06-08,1.5470234542371673,0.12445313031816486,0,prime
2026-06-08,0.6870363035801452,0.9976249035140284,1,subprime
2026-06-08,-0.4664270974550231,0.00982176466558786,0,prime
2026-06-08,-0.42049699808733143,0.05322881477019795,0,prime
2026-06-08,2.0929742010577703,0.9573893818400699,1,subprime
2026-06-08,-0.15744319306387533,0.0763830227226992,0,prime
2026-06-08,1.887821025716622,1.0,1,prime
2026-06-08,1.4363766592382374,0.0,0,prime
2026-06-08,0.8347167066316252,0.15703550226492313,0,subprime
2026-06-08,1.0306131471850528,0.1357951811649042,0,prime
2026-06-08,0.6339309937673331,0.8010320446812969,1,prime
2026-06-08,0.5860145245816333,1.0,1,prime
2026-06-08,1.2097466363234466,1.0,1,prime
2026-06-08,-0.3405300812513794,0.0,0,prime
2026-06-08,1.1527781782410809,0.0,0,subprime
2026-06-08,1.3407128021723294,0.0,0,subprime
2026-06-08,1.2269307406717473,0.0,0,subprime
2026-06-08,1.1520375217263823,0.9158894778219202,1,prime
2026-06-08,2.5897966987700944,0.8589593167424064,1,prime
2026-06-08,2.50232269869863,0.1697960047232464,0,prime
2026-06-08,1.9746712215722957,0.8785662246732022,1,subprime
2026-06-08,0.3462299424885763,0.9990745088270981,1,prime
2026-06-08,3.366829256240404,1.0,1,subprime
2026-06-08,0.6133329313736833,0.0,0,prime
2026-06-08,-0.8127276258475384,0.0,0,prime
2026-06-08,1.2814818437006843,0.9402598368197752,1,prime
2026-06-08,1.3793945132939056,0.6889902024095159,1,prime
2026-06-08,0.7066903445752633,0.9336544052557113,1,subprime
2026-06-08,-0.27896802685739397,0.941491863030805,1,subprime
2026-06-08,0.4997574998446199,0.0,0,prime
2026-06-08,1.6123822260813179,0.20964039801417778,0,prime
2026-06-08,0.2710662775355691,0.0,0,prime
2026-06-08,-0.1841413010242683,0.8954860303732193,1,prime
2026-06-08,2.042661861092368,0.050512975296978714,0,prime
2026-06-08,2.1613485279417164,1.0,1,prime
2026-06-08,1.2298902730439594,0.7464750846795598,1,prime
2026-06-08,1.5638278389909859,0.8310596850743442,1,prime
2026-06-08,1.0883817496003272,0.10844684471641575,0,prime
2026-06-08,0.9281333683978026,1.0,1,prime
2026-06-08,0.6924236317233261,0.17436616850441342,0,prime
2026-06-08,-0.10285583759110661,0.16342971563220576,0,prime
2026-06-08,0.7192444383088255,1.0,1,prime
2026-06-08,1.2840868074380232,0.09408726583659494,0,prime
2026-06-08,1.4465528511445276,1.0,1,subprime
2026-06-08,2.3352888998234804,0.027970342838214292,0,subprime
2026-06-08,2.3899641122385495,0.09614964257817064,0,subprime
2026-06-08,0.1802379119994585,0.14934851775300362,0,prime
2026-06-08,2.176082185785213,0.0,0,prime
2026-06-08,1.150194796405972,0.8900281080459655,1,subprime
2026-06-08,1.0199768840666597,0.9519820780429503,1,prime
2026-06-08,1.0918809128870974,0.0820802334345655,0,subprime
2026-06-08,2.6344827112441545,1.0,1,prime
2026-06-08,0.7783162130001753,0.8767986523323372,1,prime
2026-06-08,1.2509673560278334,1.0,1,subprime
2026-06-08,1.9554694029251738,1.0,1,prime
2026-06-08,1.4421827290538867,0.0,0,prime
2026-06-08,1.51506051696358,0.0,0,subprime
2026-06-08,1.5125539780988764,0.08681373192397698,0,subprime
2026-06-08,2.5664597095223707,1.0,1,subprime
2026-06-08,1.6346956686507779,0.0,0,subprime
2026-06-08,2.465904893529677,0.0,0,subprime
2026-06-08,0.19758645931520769,0.1584828141810448,0,prime
2026-06-08,1.3369673098616575,0.05675961678115789,0,prime
2026-06-08,1.1396141316107884,0.8594910131552524,1,subprime
2026-06-08,0.5756747193157364,0.0,0,prime
2026-06-08,0.825120032422478,0.036910592974924064,0,prime
2026-06-08,0.4333192049501745,0.0,0,prime
2026-06-08,0.20318615562105857,0.9378232950377906,1,prime
2026-06-08,2.7788709318792306,1.0,1,prime
2026-06-08,1.4655500379025523,0.09143664512526226,0,prime
2026-06-08,0.21999503533645437,0.0,0,subprime
2026-06-08,0.4074026519456452,1.0,1,prime
2026-06-08,3.1328394461941818,1.0,1,prime
2026-06-08,2.6385825812445636,0.09368931824781057,0,prime
2026-06-08,1.1477092525324626,0.0,0,prime
2026-06-08,2.1279321321963534,1.0,1,prime
2026-06-08,3.296699502966691,0.8909731751117743,1,prime
2026-06-08,1.6717856790840742,0.0,0,subprime
2026-06-08,0.7222928090403563,0.9568431594323956,1,prime
2026-06-08,0.5069549764609763,0.8790767849120107,1,prime
2026-06-08,0.13998123360985204,1.0,1,prime
2026-06-08,1.5712741719801093,1.0,1,prime
2026-06-08,-0.13440129517108823,0.021636101124275872,0,subprime
2026-06-08,1.4291249229337706,1.0,1,subprime
2026-06-08,2.3673144527639236,0.0,0,prime
2026-06-08,0.5708039908054426,0.8149341553975205,1,prime
2026-06-08,0.9861512360410258,0.986244794407771,1,prime
2026-06-08,0.2607617451109463,0.9327418328838405,1,prime
2026-06-08,1.4138232513524653,0.12759791196847975,0,subprime
2026-06-08,0.5109791601627571,0.792601004793254,1,subprime
2026-06-08,-0.0013057184600968608,0.060799943315660625,0,prime
2026-06-08,-0.4239748551220637,0.20813918896488987,0,prime
2026-06-08,1.8345224378361595,0.0037505649532621824,0,subprime
2026-06-08,1.358943879199992,0.10475444306000725,0,prime
2026-06-08,1.290435427971209,0.06121227218200181,0,prime
2026-06-08,0.9135173322197783,0.9918762489613787,1,subprime
2026-06-08,2.375696035263725,0.0,0,subprime
2026-06-08,0.38492414330253355,0.1744037527336377,0,prime
2026-06-08,0.563410879311242,0.0,0,subprime
2026-06-08,2.484249741942086,1.0,1,subprime
2026-06-08,2.084800285372948,0.0,0,subprime
2026-06-08,1.944282503736538,0.9948079634119528,1,prime
2026-06-08,1.5995195671807252,0.055043780939133195,0,subprime
2026-06-08,0.5674442799286389,0.04406133392776139,0,subprime
2026-06-08,-2.2834791827988337,0.01768251109712455,0,prime
2026-06-08,1.562634253297862,0.9727174258819477,1,prime
2026-06-08,1.5228616658970382,0.9478937112980889,1,prime
2026-06-08,0.9497853858650409,0.0,0,subprime
2026-06-08,2.689846118870431,1.0,1,prime
2026-06-08,1.2891932235454657,0.16050642865015602,0,prime
2026-06-08,2.152551080161872,0.8819329612183768,1,subprime
2026-06-08,0.07853860326587148,0.12747906823853594,0,subprime
2026-06-08,1.6882108115280894,0.09388943232621072,0,subprime
2026-06-08,1.5888007727747726,0.20446930709727607,0,prime
2026-06-08,1.2910942630147013,0.12778097426477525,0,prime
2026-06-08,-0.184664342318698,0.9832681574279112,1,prime
2026-06-08,-0.6499617399261644,0.0,0,prime
2026-06-08,2.4127766168042433,0.13735469031291464,0,subprime
2026-06-08,0.17934966618154802,0.8704609139581606,1,subprime
2026-06-08,1.1491379397663228,0.15814770643943943,0,prime
2026-06-08,1.4237190678678835,0.9086301184417072,1,prime
2026-06-08,1.0891419923483043,1.0,1,prime
2026-06-08,2.054742512679016,0.24030236551715875,0,subprime
2026-06-08,1.3088031426046172,0.1281962201055285,0,prime
2026-06-08,2.1441490957523843,0.19347861102820388,0,prime
2026-06-08,3.2649480750552033,1.0,1,prime
2026-06-08,1.0494688536284296,0.9239279743586541,1,prime
2026-06-08,0.22862050837184134,0.11785159171206336,0,prime
2026-06-08,-0.40980361646886254,1.0,1,prime
2026-06-08,0.6638812322607888,0.805494098776355,1,subprime
2026-06-08,4.455645140419159,1.0,1,prime
2026-06-08,2.297563528074407,0.0,0,prime
2026-06-08,0.440142256812478,0.19858707265942366,0,subprime
2026-06-08,1.8765315454672618,0.9839898922996614,1,subprime
2026-06-08,0.976060003331999,0.20744558794968782,0,prime
2026-06-08,0.6167310853533114,0.04051413832055301,0,prime
2026-06-08,0.8904907864775062,0.0,0,subprime
2026-06-08,2.583136066115118,0.0,0,prime
2026-06-08,1.6003760037708605,0.04335202414174714,0,prime
2026-06-08,0.29480359912881016,0.0,0,prime
2026-06-08,0.8693081189364025,0.1285199687320548,0,subprime
2026-06-08,1.1705795642263,0.07028337469678977,0,prime
2026-06-08,1.767933265972459,0.25869405957017555,0,prime
2026-06-08,1.1510875880987022,1.0,1,prime
2026-06-08,0.31022155652684247,0.07748316325713114,0,prime
2026-06-08,-0.13829702024246693,0.0,0,subprime
2026-06-08,0.6386434195343074,0.08633951821898112,0,prime
2026-06-08,-0.7698843690513766,0.7832402051630877,1,prime
2026-06-08,1.034336549093616,0.8640599504808898,1,prime
2026-06-08,-0.2929463961368446,0.11752247334774872,0,prime
2026-06-08,1.5031192554876633,0.0,0,subprime
2026-06-08,2.0072466877539785,0.0,0,prime
2026-06-08,-0.49742348260075087,0.11973385155159502,0,prime
2026-06-08,0.980169450059966,1.0,1,prime
2026-06-08,1.3459686582230332,0.0377486143430648,0,subprime
2026-06-08,1.646441527215205,0.763670333463823,1,subprime
2026-06-08,0.2435333894881775,0.0439093322979837,0,prime
2026-06-08,1.3005916360479783,1.0,1,prime
2026-06-08,0.9288834033860192,0.8220835986084125,1,prime
2026-06-08,2.4667963686387853,0.8332039314456845,1,subprime
2026-06-08,0.9256728463374053,0.08644934794073342,0,prime
2026-06-08,1.4886493197542157,0.8773678485759444,1,prime
2026-06-08,-0.3141369204185811,0.05458316779041672,0,prime
2026-06-08,1.7507559760526807,0.8663394334207648,1,prime
2026-06-08,1.8700016513403916,0.8663136598415027,1,prime
2026-06-08,0.5109667665982345,0.038309798481965585,0,prime
2026-06-08,2.7546646582510563,0.0,0,prime
2026-06-08,0.6472183766409858,0.937541597270808,1,prime
2026-06-08,2.1972606593912865,0.014605882103385849,0,subprime
2026-06-08,1.8829763061106788,0.0393500074226633,0,subprime
2026-06-08,2.554497771356835,0.0,0,prime
2026-06-08,0.32850494486579196,0.8856543927332284,1,prime
2026-06-08,2.676297258980844,0.9434146555903469,1,prime
2026-06-08,0.8177781093663727,0.09278281239945177,0,prime
2026-06-08,1.0094019160547407,0.08975696089362264,0,subprime
2026-06-08,2.046664840015487,0.14148256167677728,0,prime
2026-06-08,1.5289493972452102,1.0,1,prime
2026-06-08,0.12927424763529682,0.8718850247309792,1,prime
2026-06-08,3.104870136720524,0.2221416907384247,0,subprime
2026-06-08,1.0686375171173061,0.8604099744359999,1,prime
2026-06-08,0.34690749182071356,0.08268651513126016,0,prime
2026-06-08,0.5108527422726803,0.0072726079881606995,0,subprime
2026-06-08,2.2875250323156178,0.1331121884671646,0,subprime
2026-06-08,1.5646125817258025,0.917863678488219,1,prime
2026-06-08,1.5288359233289206,0.024280603478804924,0,prime
2026-06-08,1.1585330135070613,1.0,1,prime
2026-06-08,2.121148031868298,0.9234280599132924,1,prime
2026-06-08,0.9466370534157293,0.0,0,prime
2026-06-08,1.107991434047645,0.7755577516744759,1,subprime
2026-06-08,2.0687401671027144,0.13027308719448016,0,subprime
2026-06-08,0.7649959804162957,1.0,1,prime
2026-06-08,1.3480848768764293,0.12007479737665,0,prime
2026-06-08,0.8509499156007349,1.0,1,prime
2026-06-08,-0.19365808314495192,0.9558721981755791,1,subprime
2026-06-08,0.4666925604647335,1.0,1,prime
2026-06-08,1.4232582985711153,1.0,1,prime
2026-06-08,2.1421085549130705,0.15996354958316314,0,prime
2026-06-08,0.8513371843106589,0.15183368019301596,0,prime
2026-06-08,1.9688072986563507,0.8840123486172787,1,subprime
2026-06-08,2.7722871455140177,0.0,0,prime
2026-06-08,1.0898694806869333,0.002206805506887864,0,prime
2026-06-08,0.690757619730362,1.0,1,prime
2026-06-08,3.3559361633540403,0.22746136261119193,0,prime
2026-06-08,0.9552373978740676,0.9290782227488927,1,subprime
2026-06-08,1.1020829523128024,0.0,0,prime
2026-06-08,2.7489575166686038,0.998704668875821,1,prime
2026-06-08,0.9954824433490981,0.14882549226006078,0,prime
2026-06-08,1.7918344704808893,0.9065788055773281,1,subprime
2026-06-08,1.140555422463841,0.0,0,subprime
2026-06-08,1.817729227909091,0.0445151319932762,0,subprime
2026-06-08,-0.06923348515737016,1.0,1,subprime
2026-06-08,-0.396693369981977,0.12482284365589863,0,prime
2026-06-08,0.23769526569282762,0.0,0,subprime
2026-06-08,2.232483985818559,0.9156712123974926,1,prime
2026-06-08,1.3481135205617274,0.9830701622912807,1,prime
2026-06-08,1.2482228773457449,0.07881964431733347,0,subprime
2026-06-08,0.2359718305178713,0.0,0,prime
2026-06-08,0.7910611563185905,0.9363055153684124,1,prime
2026-06-08,1.489034476134749,0.0,0,prime
2026-06-08,2.589751783156222,0.20551624487155634,0,prime
2026-06-08,0.307487557239566,0.9671781571445495,1,subprime
2026-06-08,-1.2347849176136532,1.0,1,prime
2026-06-08,1.3884373621052637,1.0,1,subprime
2026-06-08,0.5873007819647366,0.9384579453547995,1,subprime
2026-06-08,-0.1806297221566242,0.9815329497647078,1,prime
2026-06-08,0.01692452379923104,0.8754709579212081,1,prime
2026-06-08,0.6955476857995286,0.06302368456064823,0,subprime
2026-06-08,0.46288719066839945,0.9729494815979745,1,prime
2026-06-08,0.5974842674491593,0.8425672261738666,1,prime
2026-06-09,2.199717134500003,0.08686645061939476,0,prime
2026-06-09,1.8212934411412398,0.8585813494269643,1,prime
2026-06-09,3.4736618505839907,0.0683441089075757,0,subprime
2026-06-09,1.326764288533093,1.0,1,prime
2026-06-09,2.4578237896100923,0.0,0,prime
2026-06-09,0.31422089947873766,0.9795109636205956,1,prime
2026-06-09,1.6226725741986432,0.0,0,subprime
2026-06-09,4.264947881631325,0.05914340544045779,0,subprime
2026-06-09,1.698041489097681,0.9148706164494178,1,subprime
2026-06-09,2.700378804953715,0.9648460039599926,1,prime
2026-06-09,0.8994972138165048,0.8076918997214229,1,prime
2026-06-09,1.31256785048684,0.0,0,prime
2026-06-09,2.8077605523117626,0.09631030305969265,0,prime
2026-06-09,1.6521218440792216,0.727152033165745,1,prime
2026-06-09,2.288029538035142,1.0,1,prime
2026-06-09,0.3867995613318941,1.0,1,subprime
2026-06-09,2.206800274121934,1.0,1,prime
2026-06-09,1.9534127373808117,0.9835757795324406,1,prime
2026-06-09,0.6539346467744914,0.9647817831079035,1,prime
2026-06-09,1.6643432032245684,0.0,0,subprime
2026-06-09,0.9125798751160761,0.9952178632844936,1,prime
2026-06-09,2.7634490372323874,0.1557666754819238,0,prime
2026-06-09,1.3714432500746703,0.896768399269874,1,subprime
2026-06-09,0.919349453943948,0.11288316756302168,0,prime
2026-06-09,1.6681453074661352,0.02359617974721077,0,prime
2026-06-09,0.6867893663336623,0.0,0,subprime
2026-06-09,1.5088061683059117,0.0,0,subprime
2026-06-09,0.916223364741422,0.14131013502437728,0,subprime
2026-06-09,3.0266410552071576,1.0,1,subprime
2026-06-09,1.935872458286354,0.16267885063258236,0,subprime
2026-06-09,1.6392436321822135,0.02729275560069548,0,prime
2026-06-09,1.2691776205483014,0.9694591029643305,1,prime
2026-06-09,1.43308106904459,0.8843035541702629,1,prime
2026-06-09,1.3650292051568953,0.9415939963912165,1,prime
2026-06-09,2.811219215995256,0.9057892410265084,1,prime
2026-06-09,1.1326114998317127,0.1990592368096429,0,prime
2026-06-09,1.984511542216692,0.825396443995801,1,prime
2026-06-09,0.9606424450806381,0.12189624880184165,0,prime
2026-06-09,1.89055467295674,0.8038634160989119,1,prime
2026-06-09,3.249121149991894,0.8974554459628445,1,prime
2026-06-09,1.5272110772431569,0.15523162366680143,0,prime
2026-06-09,1.9228299993648545,0.8983515082141457,1,prime
2026-06-09,1.2175700819865514,0.0,0,prime
2026-06-09,1.0394597529451266,0.9531668614336307,1,prime
2026-06-09,0.9005364779328693,0.9722929714261268,1,subprime
2026-06-09,-0.6575392388350758,0.022207687510051782,0,prime
2026-06-09,0.8413889261447907,0.09738430863928438,0,prime
2026-06-09,1.52632132014882,1.0,1,prime
2026-06-09,-0.475732568824919,0.12258418469391977,0,prime
2026-06-09,1.0118308381231926,0.9093702090293119,1,subprime
2026-06-09,2.006477127054408,0.05527786228787539,0,prime
2026-06-09,2.3391186369269876,0.0,0,subprime
2026-06-09,-1.3998141475343855,0.0020388603228430613,0,prime
2026-06-09,1.3990138557755039,0.08814305668445475,0,prime
2026-06-09,0.6318361070641033,0.10388427911489591,0,prime
2026-06-09,-0.2659161469249678,0.0,0,subprime
2026-06-09,2.0161178861722067,0.0,0,prime
2026-06-09,1.5625211568988724,0.8263574571906875,1,prime
2026-06-09,1.8811260701180945,0.9290265614150452,1,prime
2026-06-09,-0.5857149529141914,0.0,0,subprime
2026-06-09,1.964141336908316,0.09284710724381498,0,prime
2026-06-09,2.523508016940024,0.930536488892983,1,prime
2026-06-09,2.9117086683866895,0.0,0,prime
2026-06-09,2.3386578840709986,0.966787561162178,1,prime
2026-06-09,1.09491434828387,0.05220296722836302,0,prime
2026-06-09,1.7385983629609056,0.0,0,subprime
2026-06-09,1.4505599229754478,0.9187655926211218,1,subprime
2026-06-09,2.4221207078520104,0.9529445068308593,1,prime
2026-06-09,0.8705881069314174,0.742342759719233,1,prime
2026-06-09,2.386076934223742,0.1545877487217375,0,prime
2026-06-09,1.406452432409402,1.0,1,prime
2026-06-09,1.8322863362435649,0.9959404719152924,1,subprime
2026-06-09,0.8657523168846948,0.9099514835462414,1,prime
2026-06-09,0.9246328004813649,0.0,0,subprime
2026-06-09,3.3164917181994085,0.07840385539733975,0,prime
2026-06-09,0.38652575876368755,0.7920363496351884,1,prime
2026-06-09,0.5478748671174329,0.10740884790645738,0,subprime
2026-06-09,1.8322894127873037,1.0,1,prime
2026-06-09,1.35795740004093,0.9495077102165761,1,subprime
2026-06-09,3.836761929520181,0.0,0,prime
2026-06-09,1.3311238300283417,0.23320869248898712,0,prime
2026-06-09,1.0538724081081638,0.8284658234116811,1,subprime
2026-06-09,0.05092371525571471,0.0,0,subprime
2026-06-09,-0.7039280829921253,0.0,0,prime
2026-06-09,1.6019776178152143,1.0,1,prime
2026-06-09,1.71720126971225,1.0,1,prime
2026-06-09,1.7582651109413878,0.06962944124301922,0,prime
2026-06-09,1.465861181657744,0.12065640871025961,0,prime
2026-06-09,0.4346476972894784,0.9405083868801193,1,prime
2026-06-09,2.455819555119728,0.11922097845585718,0,prime
2026-06-09,2.1535814418931976,0.8490131407135941,1,prime
2026-06-09,2.078893804873868,0.9961047525811766,1,subprime
2026-06-09,1.1031401348619676,0.9306148542654448,1,prime
2026-06-09,0.8347780461581432,0.9827117383526206,1,subprime
2026-06-09,0.6827851634855268,0.0,0,prime
2026-06-09,2.3242635705061794,0.9649128999198024,1,prime
2026-06-09,2.182471418156372,0.14539074460802065,0,prime
2026-06-09,0.3618505501965066,0.9800110841614262,1,subprime
2026-06-09,0.26411301110219343,1.0,1,subprime
2026-06-09,1.3189073311885384,1.0,1,prime
2026-06-09,2.5440298180942507,0.1489394357516336,0,prime
2026-06-09,0.13179735251588354,0.05192333349752525,0,prime
2026-06-09,2.43638496382412,0.0,0,subprime
2026-06-09,1.1743787298215136,1.0,1,prime
2026-06-09,0.24038508861185326,0.8234370982552559,1,prime
2026-06-09,2.5830508394585143,0.9495755452426535,1,subprime
2026-06-09,1.4018333495817856,0.8971519610557179,1,prime
2026-06-09,1.7526288478799081,0.21561096862040213,0,prime
2026-06-09,0.3061311127843289,0.0272383074790565,0,prime
2026-06-09,1.4210686250969318,0.9780090674149042,1,prime
2026-06-09,-0.8667835642707888,0.1750719425864196,0,subprime
2026-06-09,1.0257192681481058,1.0,1,prime
2026-06-09,2.3256718007216373,1.0,1,prime
2026-06-09,0.7344705460901404,0.9483737042340349,1,prime
2026-06-09,-0.1241772250214026,0.9732553785820456,1,subprime
2026-06-09,-0.08630821892550711,0.07179855652109192,0,prime
2026-06-09,1.378476951438703,0.0,0,prime
2026-06-09,2.4141680923092688,0.8983455637725369,1,subprime
2026-06-09,1.5495834770180406,0.8976032148601872,1,subprime
2026-06-09,0.4426827168335691,0.8792084429399726,1,prime
2026-06-09,2.568483897974265,0.8229403177141946,1,subprime
2026-06-09,0.38034772937755046,0.022126735581307913,0,prime
2026-06-09,1.0040693731501442,0.20539574533699895,0,prime
2026-06-09,1.2199317354192447,0.9389173090542197,1,prime
2026-06-09,1.3588783049459001,0.6970796211544465,1,prime
2026-06-09,1.1080550198943535,0.8297442567668889,1,prime
2026-06-09,1.0139532241815692,0.07615822733652321,0,prime
2026-06-09,1.3538842730202034,0.16670354618123412,0,prime
2026-06-09,0.19933436335909804,1.0,1,prime
2026-06-09,1.5926930952765876,1.0,1,subprime
2026-06-09,2.856610840055178,0.03163358004842287,0,prime
2026-06-09,0.1847161428854538,1.0,1,prime
2026-06-09,0.8661663167088967,1.0,1,prime
2026-06-09,0.6258027992216435,0.907534383964247,1,subprime
2026-06-09,1.5444451225695885,0.9196537790598078,1,subprime
2026-06-09,2.1999851869475417,0.9473398389433257,1,subprime
2026-06-09,2.9063832961795724,0.8891315266272145,1,prime
2026-06-09,2.8980146115336662,0.9259516752170053,1,prime
2026-06-09,4.0683139705657565,1.0,1,prime
2026-06-09,0.4049799744729352,0.8436738340585751,1,prime
2026-06-09,2.4889155326721433,1.0,1,prime
2026-06-09,1.425581640122729,0.0,0,prime
2026-06-09,1.6602601886094162,0.12231859695861125,0,prime
2026-06-09,0.5327756226046562,0.06367331094738088,0,subprime
2026-06-09,1.0336567726487134,0.8146108570285784,1,prime
2026-06-09,2.0643025166718125,1.0,1,prime
2026-06-09,1.4146608020089502,0.0,0,subprime
2026-06-09,0.48813662383832435,0.09425096165903007,0,prime
2026-06-09,0.8569840873409837,1.0,1,prime
2026-06-09,1.0417776577781295,0.27457452532476656,0,prime
2026-06-09,1.0450062530826565,0.2380659533616111,0,prime
2026-06-09,2.095439081809078,0.8528367383508639,1,subprime
2026-06-09,-1.2187979849672341,0.13628617562288847,0,prime
2026-06-09,3.133300105267267,0.9879421590487929,1,prime
2026-06-09,3.0436031605280487,0.9022037025230766,1,prime
2026-06-09,1.716972207291819,0.7929132839763555,1,subprime
2026-06-09,0.5576309090255337,0.0,0,prime
2026-06-09,1.6900661498093494,0.058445415131954025,0,prime
2026-06-09,0.2572562506937952,1.0,1,prime
2026-06-09,1.7351353923142334,1.0,1,prime
2026-06-09,1.4321548661145604,0.8821200956399786,1,prime
2026-06-09,-0.29598140506746495,0.0878313957777564,0,prime
2026-06-09,0.44482187022676367,0.0,0,prime
2026-06-09,2.137097227969852,0.859030666111745,1,prime
2026-06-09,0.2055165538457715,0.1710196657678382,0,prime
2026-06-09,0.020833202573759424,0.8991113411893993,1,subprime
2026-06-09,1.3697851155317282,0.9391008386787613,1,subprime
2026-06-09,0.06209521508383986,0.12814482168775362,0,prime
2026-06-09,1.7412244653127735,0.910679327003516,1,prime
2026-06-09,3.0786358220822017,0.8010619472775632,1,prime
2026-06-09,-0.44434430638846045,0.9790614435620308,1,prime
2026-06-09,1.3708833146296064,0.1514099923050379,0,prime
2026-06-09,3.429773542830458,0.0,0,prime
2026-06-09,1.501368095546192,0.009655065115602338,0,prime
2026-06-09,0.5411123108840099,0.07505262512969584,0,prime
2026-06-09,1.8526488787184046,0.0,0,prime
2026-06-09,1.601271242116638,0.8042110576587794,1,prime
2026-06-09,1.4653636814059507,0.26118498855646627,0,subprime
2026-06-09,1.6256166271223813,1.0,1,subprime
2026-06-09,0.7447106072669075,0.8518773883188411,1,subprime
2026-06-09,2.0039130499662914,0.0,0,prime
2026-06-09,0.0742229898671789,0.9257726928692611,1,prime
2026-06-09,0.7778520141977846,1.0,1,prime
2026-06-09,1.0754298669496176,1.0,1,subprime
2026-06-09,1.505081331911667,0.8295937585247937,1,prime
2026-06-09,3.1304057255528472,0.8489867329554224,1,prime
2026-06-09,0.2412129280598836,0.9710759345766667,1,prime
2026-06-09,2.820297833297116,0.0,0,prime
2026-06-09,0.9996481001190951,1.0,1,prime
2026-06-09,2.3006623667118244,0.0,0,subprime
2026-06-09,0.05006189507945602,0.0,0,prime
2026-06-09,0.39519440379764226,0.7659737439660462,1,prime
2026-06-09,-0.04720605077444806,0.0,0,subprime
2026-06-09,0.9738743335417908,1.0,1,prime
2026-06-09,1.879056637129794,0.987274667698828,1,prime
2026-06-09,0.48893355256281357,0.8919440036760197,1,subprime
2026-06-09,2.492647512935206,0.0012585286460862141,0,prime
2026-06-09,1.0334030340455946,0.050319638840866134,0,subprime
2026-06-09,3.003462652567703,0.7987220968553941,1,prime
2026-06-09,1.2831384699989212,0.94487710677499,1,prime
2026-06-09,0.94370863389428,0.8541914282126989,1,prime
2026-06-09,1.923061800082377,1.0,1,prime
2026-06-09,1.7056406389647063,0.83853202954175,1,subprime
2026-06-09,0.7496424687796087,0.0,0,subprime
2026-06-09,2.0287527298582386,0.0,0,prime
2026-06-09,1.300538516911723,0.9942300588549098,1,prime
2026-06-09,0.6925380902187198,0.16508392583337822,0,prime
2026-06-09,1.7654103414442848,0.9559106725063475,1,prime
2026-06-09,2.073883306562295,0.929424299923545,1,prime
2026-06-09,1.1997307045231547,0.9500606563977708,1,prime
2026-06-09,1.2360052490623934,1.0,1,prime
2026-06-09,1.4940733875409444,0.1332445073636867,0,subprime
2026-06-09,0.5810087608023721,0.8048093604466963,1,subprime
2026-06-09,0.7412526918736629,0.0,0,prime
2026-06-09,0.44875763787897327,0.22184736811776357,0,subprime
2026-06-09,0.5236406361849779,0.952642522277863,1,prime
2026-06-09,1.0623457647440746,0.0,0,subprime
2026-06-09,-0.2509909430133974,0.802560246393585,1,subprime
2026-06-09,-0.09154961076806845,0.8143109842602583,1,prime
2026-06-09,1.6490928228980053,1.0,1,prime
2026-06-09,2.1868841551145133,0.09940227812356647,0,prime
2026-06-09,1.4928064662791682,0.9778429772648753,1,prime
2026-06-09,1.578884159053075,1.0,1,prime
2026-06-09,0.25606855654250826,0.7732567496796802,1,subprime
2026-06-09,0.36609775282303303,1.0,1,prime
2026-06-09,-0.5235305875238006,0.1211693125246924,0,prime
2026-06-09,0.6898362883504083,0.17944480128936818,0,prime
2026-06-09,0.07671294957458308,0.9498192947048576,1,subprime
2026-06-09,2.668561972406115,1.0,1,prime
2026-06-09,2.6578442292487483,0.09903600169910526,0,subprime
2026-06-09,2.402691416689346,0.9007153249162969,1,subprime
2026-06-09,2.549272118921855,0.12578430900976661,0,prime
2026-06-09,0.8578370559042499,0.9073374131179454,1,prime
2026-06-09,1.2450619504015201,0.0,0,prime
2026-06-09,2.940687690660269,0.9612338779861304,1,prime
2026-06-09,1.8906447140404592,0.8670912888164605,1,subprime
2026-06-09,1.4997892708280405,0.9441657474492142,1,subprime
2026-06-09,2.902988734278317,0.042340282912348565,0,prime
2026-06-09,2.2556152962899803,0.0,0,prime
2026-06-09,1.6921489723272876,1.0,1,prime
2026-06-09,0.12941107751594294,0.0956715797522637,0,prime
2026-06-09,1.6311489964898231,0.9831149175975156,1,prime
2026-06-09,0.3103433282953043,1.0,1,prime
2026-06-09,0.9389165429237225,0.1375712693452752,0,prime
2026-06-09,1.3767457239903247,0.061102458265726536,0,prime
2026-06-09,0.4468954177023323,1.0,1,prime
2026-06-09,1.4494784916905366,0.0068434155222689,0,prime
2026-06-09,1.7128778422953521,0.09514965912941264,0,prime
2026-06-09,1.5628981961890227,0.8765837780491558,1,prime
2026-06-09,0.4153065044923012,0.8107054875246608,1,prime
2026-06-09,1.6566029389845705,0.22221081013657654,0,subprime
2026-06-09,3.4948337332188766,1.0,1,prime
2026-06-09,1.0310391956937175,0.1946363884087404,0,subprime
2026-06-09,2.7593808367645196,1.0,1,prime
2026-06-09,0.24456052229757952,0.8197974527267525,1,prime
2026-06-09,0.1504320343197425,0.8628551052278096,1,prime
2026-06-09,2.0859504787634275,0.0,0,subprime
2026-06-09,2.550630272180764,0.9688600654929354,1,prime
2026-06-09,0.9495587503653568,0.9387916269495609,1,prime
2026-06-09,0.6748482123688402,0.16784721123621077,0,prime
2026-06-09,2.2071396242943,0.873150311799897,1,subprime
2026-06-09,1.3202196355029943,0.961824438866837,1,prime
2026-06-09,0.0048332807282587265,0.0,0,prime
2026-06-09,1.3166163541441342,1.0,1,prime
2026-06-09,1.0371984563424914,0.05159334138812527,0,prime
2026-06-09,3.2800782117222997,0.9562708003961707,1,prime
2026-06-09,1.4196079849560148,0.17035901712730192,0,subprime
2026-06-09,4.208940125016188,0.9943323093094907,1,subprime
2026-06-09,-0.4113321386436628,1.0,1,prime
2026-06-09,0.7343093390665764,0.9533024312795351,1,prime
2026-06-09,1.314379305155326,0.0,0,subprime
2026-06-09,-0.6617046063169612,0.15721497582229543,0,prime
2026-06-09,1.0513721803393796,1.0,1,prime
2026-06-09,1.742389997535788,0.9334305946620525,1,prime
2026-06-09,1.5857124812414725,1.0,1,prime
2026-06-09,1.768779383442649,1.0,1,prime
2026-06-09,0.8747373145471169,0.9896993651528729,1,prime
2026-06-09,2.5153022936191434,0.7904139156764399,1,prime
2026-06-09,1.4712943209346676,0.9244592280851202,1,prime
2026-06-09,1.100115144961534,0.03709998859758392,0,prime
2026-06-09,2.072276077218491,0.9720692746187864,1,prime
2026-06-09,1.4688463200273894,0.12814733517104895,0,prime
2026-06-09,2.2342386737625066,1.0,1,prime
2026-06-09,-0.012969412267640035,0.9482098220220241,1,subprime
2026-06-09,0.875077029160545,1.0,1,prime
2026-06-09,2.4440125361890654,0.014649889839017972,0,subprime
2026-06-09,1.3161276901909256,1.0,1,prime
2026-06-09,0.6506297830133401,0.8437491963994492,1,prime
2026-06-09,1.4112842987773553,0.9666515636925966,1,subprime
2026-06-09,1.165187963899401,0.0,0,prime
2026-06-09,0.8371200035864561,0.175498530440835,0,subprime
2026-06-09,1.6533604942009776,0.8163127962812828,1,prime
2026-06-09,0.6149515330670485,0.11281467909382331,0,prime
2026-06-09,1.937328976202659,0.0,0,prime
2026-06-09,0.7226280114917589,0.0,0,prime
2026-06-09,2.3573095269642863,0.9035270968521659,1,subprime
2026-06-09,0.7989622803256192,1.0,1,subprime
2026-06-09,0.16950424339921444,1.0,1,prime
2026-06-09,1.996597720367837,0.9790351041084907,1,prime
2026-06-09,1.4747515344749393,0.07333918719267454,0,prime
2026-06-09,0.038184956947073134,0.9164588571495739,1,subprime
2026-06-09,0.16867817890590975,0.11315517066062407,0,subprime
2026-06-09,0.7875839861432657,0.0,0,subprime
2026-06-09,2.1463933743942474,1.0,1,prime
2026-06-09,1.9367446731628961,0.014785555123198686,0,prime
2026-06-09,1.899001160970981,0.09101196093081237,0,prime
2026-06-09,1.7398660922849825,0.988395466176601,1,prime
2026-06-09,1.444002160998756,0.0,0,subprime
2026-06-09,0.7300216589263325,1.0,1,prime
2026-06-09,0.19425137981887275,0.0,0,prime
2026-06-09,0.7375739144763523,0.7459963487262873,1,subprime
2026-06-09,2.138403248289757,0.21268210096302137,0,prime
2026-06-09,1.0927844441024395,0.8996056365739163,1,prime
2026-06-09,0.39786133777719046,0.13221337246639359,0,subprime
2026-06-09,2.995134026309984,0.021681404050710694,0,prime
2026-06-09,1.8976477013373394,0.0,0,prime
2026-06-09,0.14389273513729628,0.9501305046331354,1,prime
2026-06-09,-0.8416324759723233,0.9127617459393682,1,prime
2026-06-09,2.2789378143749475,0.9350416335021378,1,prime
2026-06-09,-0.02430288691308813,0.045899675612365055,0,prime
2026-06-09,-1.5599062643686759,1.0,1,subprime
2026-06-09,1.5024502686885228,0.0,0,prime
2026-06-09,1.61005353943068,0.7925808449763895,1,prime
2026-06-09,1.1838934444676903,0.8906869591736087,1,prime
2026-06-09,0.24869870789773563,0.04227087970624225,0,prime
2026-06-09,2.4437897845543795,1.0,1,subprime
2026-06-09,1.9125553226676413,0.06665742105260158,0,prime
2026-06-09,2.0502455572928158,0.0,0,subprime
2026-06-09,0.7469450600295923,1.0,1,prime
2026-06-09,0.4567470350476307,0.0,0,subprime
2026-06-09,1.040304195117199,0.05192497402039453,0,prime
2026-06-09,1.711105667431281,0.0,0,prime
2026-06-09,1.924481656678723,0.08481882876359356,0,subprime
2026-06-09,2.169696547920812,0.9296614480552781,1,prime
2026-06-09,0.0032365285111686237,0.898435583950677,1,prime
2026-06-09,2.412516255219746,0.9648814342739452,1,prime
2026-06-09,-0.08534379538288084,0.0,0,prime
2026-06-09,0.4723270042967186,0.05352734616275365,0,prime
2026-06-09,2.238205700330832,0.08104591890561508,0,prime
2026-06-09,1.3899020468978496,0.07755920384152998,0,prime
2026-06-09,0.730531935204611,0.0,0,prime
2026-06-09,1.5700074959100392,1.0,1,prime
2026-06-09,0.5053531994044086,0.9019290208551911,1,prime
2026-06-09,1.7324694734702417,0.147464215298166,0,subprime
2026-06-09,1.7289297328330269,0.9541732720592978,1,prime
2026-06-09,0.9463149756633434,0.9168549929822948,1,prime
2026-06-09,2.980634587973076,0.8439160807403503,1,prime
2026-06-09,1.7925537286249298,0.10586814494236364,0,prime
2026-06-09,1.0885544065217048,0.882309136423523,1,subprime
2026-06-09,0.916004293153541,0.9982262342347274,1,subprime
2026-06-09,2.5376541681272147,1.0,1,prime
2026-06-09,1.3381207409683296,0.0,0,subprime
2026-06-09,0.44960874033320075,0.916302132710363,1,subprime
2026-06-09,0.24436148962998705,0.0,0,prime
2026-06-09,2.5688422434352867,0.0,0,prime
2026-06-09,3.6409888850423764,0.952360675113822,1,prime
2026-06-09,2.3563515170942972,0.08783880822524878,0,subprime
2026-06-09,1.1133145054431743,0.0,0,prime
2026-06-09,-1.0408172120686163,0.0,0,prime
2026-06-09,1.2346527767098163,0.0,0,prime
2026-06-09,0.7813712249912331,1.0,1,prime
2026-06-09,-0.12322412755134993,0.99669409800095,1,subprime
2026-06-09,1.4326585581822848,1.0,1,prime
2026-06-09,2.200231241209459,0.11328161746114525,0,prime
2026-06-09,1.37414525174018,0.8304532082360818,1,subprime
2026-06-09,0.8590012171413973,1.0,1,prime
2026-06-09,1.2966503751696257,0.008739225326674968,0,subprime
2026-06-09,0.278833575597381,0.13253796724277134,0,prime
2026-06-09,-1.0734583825678092,0.1700318996249,0,prime
2026-06-09,0.6412825950859425,1.0,1,subprime
2026-06-09,0.6779509402962094,0.0,0,subprime
2026-06-09,-0.15467782834940746,0.9799092370855084,1,prime
2026-06-09,-0.05099686964359562,0.935096859442764,1,subprime
2026-06-09,3.233843073227437,0.9608425694356373,1,prime
2026-06-09,2.4789809136994974,0.9686762795379802,1,prime
2026-06-09,3.5157390539073266,0.8887844242387284,1,subprime
2026-06-09,1.0533721129521045,0.031194731543919815,0,prime
2026-06-09,1.485438408272826,0.13173760531744586,0,prime
2026-06-09,0.8877638018173404,0.9434397331323408,1,prime
2026-06-09,-0.48961276019803246,0.9550322799069348,1,prime
2026-06-09,1.815350392152184,0.21347588297320835,0,prime
2026-06-09,1.2956482672908007,0.03195077790453897,0,subprime
2026-06-09,1.6277527784688004,0.08382618359708763,0,prime
2026-06-09,2.360204486455957,0.0,0,subprime
2026-06-09,2.0436110209915395,0.8761815619792157,1,subprime
2026-06-09,1.114290313082976,0.1590114039411788,0,subprime
2026-06-09,-0.3425529150677784,0.19018221861543533,0,prime
2026-06-09,2.597182018245978,1.0,1,prime
2026-06-09,1.6626367242505344,0.033377239369790535,0,prime
2026-06-09,2.5557418681089548,0.010543751991158666,0,subprime
2026-06-09,0.6055342728063468,0.19195601948844712,0,prime
2026-06-09,1.2499112240076957,0.0,0,subprime
2026-06-09,1.2842121452759472,0.0,0,subprime
2026-06-09,-0.055587449328746485,0.974116122956574,1,prime
2026-06-09,2.822639174111205,0.9489343743086629,1,prime
2026-06-09,-0.44448453253875786,0.9269056866672952,1,prime
2026-06-09,0.8969041718479941,0.0,0,prime
2026-06-09,1.0575144270965462,1.0,1,prime
2026-06-09,1.8183146147048599,0.0,0,prime
2026-06-09,0.24958233342863223,0.15006462940129672,0,prime
2026-06-10,2.5419339056171193,1.0,1,prime
2026-06-10,1.733549504518618,0.05368286166226488,0,subprime
2026-06-10,0.5908288825364726,0.1378391039859688,0,prime
2026-06-10,0.6077042832359607,0.9033686168449326,1,prime
2026-06-10,3.1124504215251143,0.9312765224894497,1,prime
2026-06-10,4.260067066777038,0.9578922374134796,1,prime
2026-06-10,-0.020793743150209876,0.8081841124829858,1,prime
2026-06-10,-0.5965949366807193,0.020477954226762518,0,prime
2026-06-10,0.8035811768315586,0.08371296272143192,0,subprime
2026-06-10,0.008796188493864321,0.9506568726019878,1,prime
2026-06-10,2.5873068586830192,0.9004398625071404,1,subprime
2026-06-10,1.2157443209444077,0.9341011250308117,1,subprime
2026-06-10,2.0937940479653774,0.0006597517431150904,0,prime
2026-06-10,1.7121217746008488,0.7931003107804935,1,prime
2026-06-10,1.4044852822264442,0.14379355729967624,0,subprime
2026-06-10,1.3906061722875778,0.07437955887220782,0,subprime
2026-06-10,1.503758677686533,0.24914132776828332,0,prime
2026-06-10,3.1241630623873458,0.1589360871486779,0,prime
2026-06-10,0.9730505681822347,1.0,1,subprime
2026-06-10,1.296163000771847,0.9254971894059864,1,subprime
2026-06-10,1.0481528134448077,0.9584977719750575,1,subprime
2026-06-10,2.692115430064909,0.23135957789985392,0,prime
2026-06-10,0.30440226291842354,0.15046777384052928,0,prime
2026-06-10,2.8109999582913154,0.881917655036447,1,subprime
2026-06-10,1.1872715321521672,1.0,1,subprime
2026-06-10,1.5651220557450876,0.18651991545643296,0,prime
2026-06-10,1.1778128105009356,0.12253787699949556,0,prime
2026-06-10,0.7673064421579165,0.9922450343455408,1,subprime
2026-06-10,1.5626580208070284,0.9125029803653226,1,subprime
2026-06-10,2.2038213781079303,0.9267377337794077,1,prime
2026-06-10,1.5643474283011838,1.0,1,prime
2026-06-10,1.7794785274708138,0.7221450057812844,1,subprime
2026-06-10,0.1990869060710012,0.0,0,prime
2026-06-10,2.7540844119961037,0.17028406208975028,0,prime
2026-06-10,1.2039173376905388,0.0,0,prime
2026-06-10,2.1949816896358056,0.970803194780769,1,prime
2026-06-10,1.2021606113220327,0.0,0,prime
2026-06-10,-0.31309596529023986,0.09388435424338826,0,subprime
2026-06-10,1.2955741410365427,0.07955456282801815,0,prime
2026-06-10,0.715391535784633,0.03003463118368623,0,prime
2026-06-10,0.3343961757802725,1.0,1,subprime
2026-06-10,2.709266346202458,0.6511123691752282,1,prime
2026-06-10,-0.33347857675183934,0.11742863452824477,0,prime
2026-06-10,2.244583321696239,0.14107933304753595,0,prime
2026-06-10,-0.1273628443332746,0.0833637323496891,0,subprime
2026-06-10,3.127473934715599,1.0,1,prime
2026-06-10,2.1244820028291436,0.2034260496147301,0,subprime
2026-06-10,2.9658285057076537,0.0,0,prime
2026-06-10,1.675159110673504,0.6790623786027592,1,prime
2026-06-10,0.2967796003945977,0.951176268762861,1,prime
2026-06-10,0.9413714255205562,0.0,0,subprime
2026-06-10,-0.26508256943507225,0.9833408791496973,1,prime
2026-06-10,1.5107722283402296,0.16173407162939274,0,subprime
2026-06-10,-0.2439421977995393,0.033104450600601965,0,subprime
2026-06-10,0.3675664475393905,0.07059900089456035,0,prime
2026-06-10,1.9762895153658153,0.8602186614873771,1,prime
2026-06-10,0.9766053725524906,0.9285096920913456,1,prime
2026-06-10,3.5494290297425137,0.1201667057388254,0,prime
2026-06-10,0.1420572145760466,1.0,1,prime
2026-06-10,0.9676316928269613,0.8428981814074604,1,subprime
2026-06-10,3.358713564312019,0.0,0,prime
2026-06-10,0.22067726119197628,0.0940816956541759,0,prime
2026-06-10,1.056253271395895,0.07508971112273141,0,prime
2026-06-10,2.42238566838638,0.9666442628380877,1,subprime
2026-06-10,1.268311522481833,1.0,1,prime
2026-06-10,0.6926683100180725,0.9335779619059915,1,prime
2026-06-10,1.6646844718204583,0.8608036798397385,1,subprime
2026-06-10,1.0230238061532764,1.0,1,prime
2026-06-10,1.4917791364829707,0.0,0,prime
2026-06-10,-0.19328832667788198,0.11805477664082088,0,subprime
2026-06-10,1.1415714545196922,0.13008831530059675,0,prime
2026-06-10,2.990929200993558,0.995983690402972,1,prime
2026-06-10,2.3529992719514725,0.0,0,prime
2026-06-10,1.0106792894418295,0.0,0,prime
2026-06-10,2.73210838180735,0.8433349407528816,1,prime
2026-06-10,1.6475519931340386,0.21245527862779018,0,prime
2026-06-10,0.8101698595212654,0.16508669160364506,0,prime
2026-06-10,1.9247210026288806,0.0,0,prime
2026-06-10,1.7953994569948795,1.0,1,subprime
2026-06-10,2.2345548828458144,1.0,1,subprime
2026-06-10,0.7483602439055721,1.0,1,prime
2026-06-10,3.060267297240386,0.0,0,prime
2026-06-10,1.6430781170326487,0.1883095072546582,0,prime
2026-06-10,1.5390812110394148,1.0,1,prime
2026-06-10,1.1773529520397277,1.0,1,prime
2026-06-10,2.5689907543638313,0.0,0,prime
2026-06-10,2.3606413136505218,0.9604353548052466,1,prime
2026-06-10,1.1904208695133751,0.04116771018688477,0,subprime
2026-06-10,3.069813777535651,0.19778231359200768,0,subprime
2026-06-10,3.464316704747308,0.007365334604628862,0,prime
2026-06-10,0.27066231917966777,0.921574405922203,1,subprime
2026-06-10,0.3661246814222405,0.7449037892518293,1,prime
2026-06-10,1.672926047817431,1.0,1,prime
2026-06-10,1.2601138730103603,0.1526662797733827,0,subprime
2026-06-10,1.9717882509757894,0.0,0,prime
2026-06-10,0.993247460505077,0.0,0,subprime
2026-06-10,0.7356458203234042,0.03589708477497503,0,prime
2026-06-10,2.0353766638827597,0.025370517030579093,0,prime
2026-06-10,1.9160317802811444,0.9752098822558236,1,prime
2026-06-10,1.277465957666081,1.0,1,prime
2026-06-10,0.49370244751274717,0.8547006822843106,1,subprime
2026-06-10,1.699525419008045,0.12030528228248087,0,prime
2026-06-10,3.4334291244410946,0.9975152636414575,1,prime
2026-06-10,3.1034038483512445,0.0,0,prime
2026-06-10,1.0902499263394587,0.8125652200089849,1,prime
2026-06-10,2.7501925648942844,0.9848980975997199,1,subprime
2026-06-10,0.8069351201977099,0.19756454769285417,0,prime
2026-06-10,2.4208991051644904,0.0,0,prime
2026-06-10,0.9311354747676855,0.034695252350026295,0,subprime
2026-06-10,2.1007025044229444,0.0,0,subprime
2026-06-10,0.37379530663966043,0.015491225579003003,0,subprime
2026-06-10,1.7507646839474709,1.0,1,prime
2026-06-10,1.328715751754401,0.9720296233440847,1,subprime
2026-06-10,0.6181439688033048,0.14243343338849412,0,subprime
2026-06-10,0.9934023355237487,0.19067269747306997,0,prime
2026-06-10,2.5087080866720464,0.8033764538343429,1,prime
2026-06-10,3.1894157868721833,0.9829702295616285,1,prime
2026-06-10,0.5014667639108361,0.0,0,subprime
2026-06-10,1.2131235353382648,0.8053556313991539,1,prime
2026-06-10,2.177560424594499,1.0,1,prime
2026-06-10,2.9448627377979233,0.7806162429188407,1,prime
2026-06-10,2.4759784723859823,0.1772941787298521,0,subprime
2026-06-10,0.9469492248345325,0.032329386821607964,0,prime
2026-06-10,2.1744995805138054,0.06469181552205001,0,prime
2026-06-10,0.6026517206342613,1.0,1,prime
2026-06-10,1.0213457957520102,1.0,1,prime
2026-06-10,2.3984422875839995,0.9846931878504903,1,subprime
2026-06-10,1.3425096285510787,0.8933141425259216,1,prime
2026-06-10,3.227548650139446,0.9552111003413012,1,subprime
2026-06-10,0.8384166837920047,0.00012198895031409474,0,prime
2026-06-10,0.9828424070686012,0.0,0,prime
2026-06-10,1.6190396695437115,0.861059548695671,1,subprime
2026-06-10,-1.3038849181415584,1.0,1,prime
2026-06-10,2.5264739260624856,0.9562832126741163,1,prime
2026-06-10,-0.5033608610122511,0.9972182104944823,1,prime
2026-06-10,0.8816465994025386,0.7703062693646386,1,subprime
2026-06-10,0.8560821302289926,0.03907039251060644,0,prime
2026-06-10,2.0553932304813434,0.9443560598833065,1,prime
2026-06-10,2.4548328801679324,1.0,1,subprime
2026-06-10,1.7486800915956682,0.9628486154538776,1,subprime
2026-06-10,2.72882323846668,0.035705423653060786,0,prime
2026-06-10,2.6896836990042083,1.0,1,subprime
2026-06-10,2.192305484901274,0.9888084344347297,1,subprime
2026-06-10,2.3121022140605376,0.9787730944111999,1,prime
2026-06-10,2.5548751227927617,0.891063502019199,1,subprime
2026-06-10,3.200594326869308,0.8079562366877382,1,prime
2026-06-10,1.1496180708580357,0.034000460785543044,0,prime
2026-06-10,-0.288603061876501,0.7773770622640042,1,subprime
2026-06-10,-0.593496016285199,0.19743732201750833,0,prime
2026-06-10,0.2236520950487002,0.8938340185783539,1,prime
2026-06-10,2.671662152127833,0.8982431778175807,1,prime
2026-06-10,1.2703998655210829,0.9455141655496387,1,prime
2026-06-10,1.1493808286478002,0.158814049478274,0,subprime
2026-06-10,2.4296292796975782,0.08499607099258746,0,subprime
2026-06-10,0.8407241367341498,0.9092539039289211,1,prime
2026-06-10,0.6361405403265905,1.0,1,subprime
2026-06-10,1.9779536302686256,0.026265023025611157,0,prime
2026-06-10,3.653836732395964,1.0,1,prime
2026-06-10,2.9310120704695812,0.15548542386761505,0,prime
2026-06-10,1.1924065419097865,1.0,1,subprime
2026-06-10,0.8791001402350375,0.0,0,subprime
2026-06-10,1.554267508995382,0.9896490364326581,1,prime
2026-06-10,0.6997867874950123,0.11381574237316992,0,prime
2026-06-10,1.0099943033963485,0.0,0,prime
2026-06-10,2.281559185127444,0.0,0,prime
2026-06-10,3.689086328348744,0.17477841859152926,0,subprime
2026-06-10,-0.26295215588240706,0.0,0,prime
2026-06-10,0.24643465630938066,0.0854451209310893,0,prime
2026-06-10,0.30132749169307727,0.03229975689999576,0,prime
2026-06-10,3.5819500077654625,0.0,0,prime
2026-06-10,1.4290931311317143,0.9152691710892973,1,prime
2026-06-10,1.881052797957465,0.052741347768466396,0,prime
2026-06-10,1.2454179600285773,0.016319781013983466,0,prime
2026-06-10,0.31349934987325967,0.09033590408166405,0,subprime
2026-06-10,1.48941629330187,0.8538917171073653,1,prime
2026-06-10,0.49251679612759225,0.08926622729404377,0,prime
2026-06-10,2.802431124163044,0.8269253659606981,1,prime
2026-06-10,1.5462309749007672,0.9798343200232841,1,prime
2026-06-10,2.0288061934627835,0.08980164686298972,0,prime
2026-06-10,0.9668882896093434,0.0538045038194087,0,prime
2026-06-10,1.0756963149144139,1.0,1,prime
2026-06-10,2.6896075527297327,0.0,0,subprime
2026-06-10,1.6958353398803885,0.73846834708933,1,prime
2026-06-10,2.5875944787764453,0.9380748859888159,1,subprime
2026-06-10,1.5504151823354069,0.13131767226490643,0,subprime
2026-06-10,2.176309816614804,0.09841898252581946,0,subprime
2026-06-10,0.7256963374392278,0.8841524673459671,1,prime
2026-06-10,1.3840566622707358,0.0,0,subprime
2026-06-10,0.07538157866856654,0.8389443237228295,1,subprime
2026-06-10,4.164502114875785,0.07009051836399799,0,prime
2026-06-10,2.8261445812886272,0.08013756462631552,0,prime
2026-06-10,2.0707670214117826,0.9202766983742948,1,prime
2026-06-10,0.8024329317496113,0.02810319851870573,0,prime
2026-06-10,2.628137638278453,0.09987445482405169,0,subprime
2026-06-10,2.4105977161027123,0.23850579062259408,0,prime
2026-06-10,1.067882726724283,0.0,0,prime
2026-06-10,0.7242833062985933,0.8779986722236706,1,prime
2026-06-10,1.355647083391015,0.045189857355496355,0,subprime
2026-06-10,0.714583262933389,0.9011813934524119,1,prime
2026-06-10,2.050866517059531,0.1038947754948334,0,prime
2026-06-10,1.4798661915349962,0.16340149537753698,0,prime
2026-06-10,2.610357159210159,0.0,0,subprime
2026-06-10,1.020624822508376,0.0,0,subprime
2026-06-10,1.929545489513046,0.9427739043645953,1,prime
2026-06-10,0.5600955404697557,0.959103400978119,1,prime
2026-06-10,0.8578258169820439,0.020480939909257194,0,subprime
2026-06-10,0.5905851639124086,1.0,1,prime
2026-06-10,0.42401925109176064,1.0,1,subprime
2026-06-10,0.33132968179545075,0.9463946136002103,1,prime
2026-06-10,0.26091272703164714,0.1991932058760079,0,subprime
2026-06-10,2.070984724812533,1.0,1,subprime
2026-06-10,1.856046409582906,0.0,0,prime
2026-06-10,0.3402094989978943,0.02140469943636871,0,subprime
2026-06-10,0.1231032356394115,0.9048459115626848,1,prime
2026-06-10,3.1085512639817034,0.20578690198657457,0,subprime
2026-06-10,2.629950939910584,0.09956591044808977,0,prime
2026-06-10,1.990912113890653,0.07279492578828495,0,prime
2026-06-10,0.08599300643687369,0.0,0,prime
2026-06-10,0.8384948421907026,0.02587862238325328,0,prime
2026-06-10,0.7414566771478243,0.035894209751284926,0,subprime
2026-06-10,1.9985082554564044,0.088407280714384,0,subprime
2026-06-10,1.6855552207428062,0.8463676124810755,1,prime
2026-06-10,2.9651957095123045,0.0,0,prime
2026-06-10,1.3291941938416598,0.036301083674075155,0,prime
2026-06-10,2.552389705005141,0.8989481089601224,1,prime
2026-06-10,0.5969781026762091,0.0,0,prime
2026-06-10,2.5993542289113942,0.01705134010650928,0,prime
2026-06-10,2.3748105476971713,0.06679756889292898,0,prime
2026-06-10,2.0015498694352587,0.855141064212573,1,subprime
2026-06-10,1.1251739562242657,0.01647064915623323,0,prime
2026-06-10,1.2656823814980387,0.0843743200248766,0,subprime
2026-06-10,2.297919975508044,0.0,0,prime
2026-06-10,1.4627321953142227,0.05165408482672072,0,prime
2026-06-10,0.8830932489858594,0.9122593293220955,1,prime
2026-06-10,0.9060165849611098,0.8753094664400995,1,prime
2026-06-10,0.7968196692136307,1.0,1,prime
2026-06-10,1.8522898317248684,0.1494307290308617,0,prime
2026-06-10,3.588662511198246,1.0,1,prime
2026-06-10,0.8949456979618761,0.7121037486347686,1,prime
2026-06-10,0.5089298515468572,0.3142847226930469,0,prime
2026-06-10,1.6594670772234767,0.0,0,prime
2026-06-10,0.9713616687842599,0.15116231674634395,0,subprime
2026-06-10,1.5880896441378187,0.06793416249766436,0,subprime
2026-06-10,0.2282705082069345,0.8628847493284326,1,prime
2026-06-10,1.3248505863485986,0.8851188232327716,1,prime
2026-06-10,1.402925492646202,0.8808562445171972,1,subprime
2026-06-10,2.1677255675345024,0.0,0,prime
2026-06-10,3.4625582965866935,0.9920638911331974,1,prime
2026-06-10,0.821330384482489,0.8167399852782256,1,prime
2026-06-10,0.963926207728068,0.9288264365573718,1,prime
2026-06-10,1.3232788966264815,0.9382808878921509,1,prime
2026-06-10,2.1708185109800113,0.965556961425083,1,subprime
2026-06-10,1.462941878230356,1.0,1,prime
2026-06-10,1.5932320604063641,0.0,0,prime
2026-06-10,0.510807266798842,0.9755361384841543,1,subprime
2026-06-10,0.4072822403196046,0.0031868618014711803,0,prime
2026-06-10,2.978966674855259,6.752671081648731e-05,0,subprime
2026-06-10,2.8429674394285795,1.0,1,subprime
2026-06-10,1.888070471316469,0.0,0,subprime
2026-06-10,0.6340282210913213,1.0,1,prime
2026-06-10,0.275286694557785,0.7480544876058343,1,prime
2026-06-10,2.597624502239051,0.9802197303009637,1,prime
2026-06-10,1.9974152226713264,0.7900941271056976,1,prime
2026-06-10,1.6775801525054523,0.0062202301098222,0,subprime
2026-06-10,0.7153603645799351,0.9700090611117692,1,prime
2026-06-10,0.6269609608831823,0.0,0,prime
2026-06-10,2.8586993531020255,0.0,0,prime
2026-06-10,2.1669769725485866,0.07342622305799243,0,prime
2026-06-10,1.4610670637633623,0.8445664555398089,1,prime
2026-06-10,1.5217232072400135,0.6593147586244523,1,prime
2026-06-10,0.9503706643438898,0.8329114800535674,1,subprime
2026-06-10,1.5544175989891875,0.13705233609610068,0,prime
2026-06-10,1.7162226441558188,0.0,0,subprime
2026-06-10,0.0019746048585516096,0.12620629976330733,0,subprime
2026-06-10,1.7381376641414812,1.0,1,prime
2026-06-10,0.7157333262781472,0.10446795824344071,0,subprime
2026-06-10,1.819524365262854,0.0036471040038325298,0,prime
2026-06-10,1.1148806430770346,0.7877593217899069,1,subprime
2026-06-10,1.4656996428510818,1.0,1,prime
2026-06-10,0.6296003443283946,0.05861562335783348,0,prime
2026-06-10,3.007893341017744,0.8744991019530624,1,prime
2026-06-10,0.6227881631572763,0.07811834726198873,0,prime
2026-06-10,-0.0389787288939607,1.0,1,subprime
2026-06-10,1.7731880591184093,0.0,0,subprime
2026-06-10,2.6437156282206367,0.08045887711941924,0,prime
2026-06-10,1.549401112423139,0.1269249641300305,0,subprime
2026-06-10,1.3055778559436828,0.0,0,prime
2026-06-10,0.8391080563005634,1.0,1,prime
2026-06-10,1.2311369266963605,0.08926662677700756,0,prime
2026-06-10,0.8382102207377938,1.0,1,prime
2026-06-10,0.8645456358386918,0.0,0,subprime
2026-06-10,2.0807955982293915,0.0,0,prime
2026-06-10,2.5310501022686034,0.08203104771926839,0,prime
2026-06-10,1.7065532618562878,0.10278239430323155,0,subprime
2026-06-10,2.080740502998231,0.9143231392041467,1,prime
2026-06-10,-0.06630488146509017,0.9348476350404775,1,prime
2026-06-10,3.6071470143990636,1.0,1,prime
2026-06-10,1.0571612247646152,0.10560249718448825,0,prime
2026-06-10,2.651059257024885,0.08535653853465276,0,prime
2026-06-10,-0.4689532013207469,0.10463284421646718,0,prime
2026-06-10,1.355181196570126,0.00959712056892223,0,subprime
2026-06-10,3.0778981516135047,0.1008125411294557,0,subprime
2026-06-10,0.19959653105869313,0.8034264564222958,1,subprime
2026-06-10,0.9083682399125663,0.0,0,prime
2026-06-10,1.8439865378169686,0.022840585586115125,0,prime
2026-06-10,1.5244089834647212,0.009989200389185326,0,prime
2026-06-10,1.6898230986815472,0.08115510705343341,0,prime
2026-06-10,2.0240931050083226,0.9710195333854038,1,prime
2026-06-10,2.911774826186377,0.03821870689934865,0,prime
2026-06-10,0.4303852948739859,0.1727524875126985,0,prime
2026-06-10,2.8717707609413505,0.0,0,subprime
2026-06-10,1.4627573336044413,0.7910317871286386,1,prime
2026-06-10,1.415922810234699,0.8077512844915805,1,prime
2026-06-10,2.684049556136002,0.7600195638085746,1,subprime
2026-06-10,1.2540437037499448,0.14579893764529406,0,prime
2026-06-10,0.25204135281299433,0.7452349392995605,1,prime
2026-06-10,1.2550949581943427,0.8992601960903008,1,subprime
2026-06-10,1.5266586284644517,0.0,0,prime
2026-06-10,2.56716708157833,1.0,1,subprime
2026-06-10,3.2075352157758856,1.0,1,prime
2026-06-10,-0.027101728571645944,1.0,1,prime
2026-06-10,2.0948009774752463,0.0434678522682877,0,prime
2026-06-10,1.8644081138674027,0.12340307747705435,0,subprime
2026-06-10,1.1898884314865474,1.0,1,prime
2026-06-10,2.783605775038424,0.04030727128315346,0,prime
2026-06-10,1.9765718619666204,1.0,1,prime
2026-06-10,1.1980701940867096,0.09323626041358005,0,subprime
2026-06-10,2.119178765652068,0.0,0,prime
2026-06-10,1.384018141737474,0.0,0,prime
2026-06-10,0.24432945099781755,0.802911324155006,1,prime
2026-06-10,1.5408387157254342,0.087330450270164,0,subprime
2026-06-10,0.8630143931075133,0.0,0,prime
2026-06-10,3.162082540826593,0.9917286514496516,1,prime
2026-06-10,1.7856311751178042,0.9056914936541329,1,prime
2026-06-10,0.20570237775431055,0.0,0,subprime
2026-06-10,2.1097055862129355,0.1456816880838453,0,prime
2026-06-10,-0.3890882196247991,0.9099488515840806,1,subprime
2026-06-10,3.0359962315376054,1.0,1,prime
2026-06-10,0.34720512299782147,0.7440452173793937,1,prime
2026-06-10,-0.31687860910593035,0.9662167169057954,1,prime
2026-06-10,1.9158022134560941,0.9753651364743084,1,prime
2026-06-10,-0.538241423932821,1.0,1,prime
2026-06-10,1.7357543299720657,0.0,0,prime
2026-06-10,2.129828558564622,0.09515814724994576,0,prime
2026-06-10,0.9229408182550051,0.127799497412069,0,subprime
2026-06-10,1.9618818392980644,1.0,1,subprime
2026-06-10,3.7475490273772505,0.14234914529449783,0,prime
2026-06-10,2.29314130128839,0.8647708893142202,1,prime
2026-06-10,0.3966646649161021,0.00951991122339469,0,prime
2026-06-10,2.5761729005495173,0.05421475975489684,0,prime
2026-06-10,1.9180975400493894,0.9899282480931746,1,subprime
2026-06-10,1.3239860732102076,0.16990500586556107,0,subprime
2026-06-10,0.24425448355702795,0.0,0,prime
2026-06-10,0.10491740262692906,0.9646970573421451,1,prime
2026-06-10,1.1631138343270822,1.0,1,prime
2026-06-10,0.9258226439809265,0.08858961412607244,0,prime
2026-06-10,0.9421164567652407,0.8638900560208992,1,prime
2026-06-10,1.5728121811270779,0.8335675727034235,1,prime
2026-06-10,-0.2592663423440218,0.11305192944631093,0,subprime
2026-06-10,2.2859579685738916,0.07787740038574846,0,prime
2026-06-10,2.010469555688902,0.17425466147153995,0,subprime
2026-06-10,1.8717767590921657,0.07974813997970054,0,subprime
2026-06-10,1.5300442453334855,0.7735413137801106,1,subprime
2026-06-10,2.5240265879868478,1.0,1,prime
2026-06-10,2.863462725550591,1.0,1,prime
2026-06-10,-0.03166255093004677,0.15253401920880716,0,prime
2026-06-10,0.6980778093955528,1.0,1,prime
2026-06-10,-0.17127675626670769,0.8895740464231086,1,prime
2026-06-10,2.8977092844593653,0.8759460352557503,1,prime
2026-06-10,1.1343204369829576,0.9516281321007021,1,prime
2026-06-10,0.5965353798931625,0.0,0,subprime
2026-06-10,2.0989867901656076,1.0,1,subprime
2026-06-10,1.641201939132259,0.9481004471266785,1,subprime
2026-06-10,2.6171429670372124,0.8655396001173266,1,prime
2026-06-10,0.2498273987342201,1.0,1,subprime
2026-06-10,3.3449204498162524,0.20579864596184447,0,prime
2026-06-10,2.7079284127538212,0.02109019882037707,0,subprime
2026-06-10,0.7202740202479546,1.0,1,prime
2026-06-10,3.4176743919951065,1.0,1,prime
2026-06-10,-0.3601555972920465,0.9346090802077501,1,prime
2026-06-10,1.883114158022226,0.925164785318762,1,prime
2026-06-10,2.274400978918505,0.8450197245244985,1,prime
2026-06-10,2.470382808374981,0.8893312114272218,1,prime
2026-06-10,0.002384145818771888,0.02277053687603409,0,prime
2026-06-10,2.0578270094136117,0.9107144987752208,1,subprime
2026-06-10,1.2966525336160724,0.006846031595383953,0,prime
2026-06-10,2.9025011633878988,0.8988710649686266,1,subprime
2026-06-10,2.277769444518041,1.0,1,subprime
2026-06-10,2.0080722171572316,0.8454920699759039,1,subprime
2026-06-10,1.6403683611928757,1.0,1,prime
2026-06-10,3.0801934113165457,0.0,0,prime
2026-06-10,1.029014302452909,0.951459000892537,1,prime
2026-06-10,3.9642558377211543,0.0,0,subprime
2026-06-10,-0.4063191687819432,0.8327300547237048,1,prime
2026-06-10,1.8546058147954443,0.8702936218284357,1,prime
2026-06-10,2.223607240598276,0.0,0,prime
2026-06-10,1.3903666440230642,0.18491095144008254,0,prime
2026-06-10,2.226141092013336,0.7647705760172314,1,prime
2026-06-10,0.014409550734432841,0.0,0,prime
2026-06-10,1.910965428018519,0.1257843269063008,0,subprime
2026-06-11,2.7128211016412016,0.1780018960559023,0,subprime
2026-06-11,1.2295854193980194,0.13710610627041925,0,prime
2026-06-11,1.2719800476561867,0.863785908711838,1,subprime
2026-06-11,-0.26320412131848037,1.0,1,prime
2026-06-11,1.394190878101894,0.0,0,prime
2026-06-11,3.0855761746731307,0.0,0,subprime
2026-06-11,1.3374915954279785,1.0,1,prime
2026-06-11,4.006395346659336,0.26025735513051673,0,prime
2026-06-11,1.814743850208443,0.1279484575300624,0,subprime
2026-06-11,2.156058714093113,0.8123184801503776,1,subprime
2026-06-11,0.3738851400153853,0.8774177144228956,1,subprime
2026-06-11,0.3444085949410438,0.1165604829483624,0,prime
2026-06-11,0.9436486258699764,0.9839795870838296,1,prime
2026-06-11,1.3486000452348839,0.9112465967785797,1,prime
2026-06-11,1.0373824125066071,0.8401539209265374,1,prime
2026-06-11,1.709831483584868,0.8764363369335286,1,prime
2026-06-11,0.9474969514649249,0.9179525245703896,1,prime
2026-06-11,0.05350986497472365,0.9160469614822789,1,prime
2026-06-11,1.9162080199577707,0.8413131046324305,1,prime
2026-06-11,1.5722124473084846,0.2013914624321849,0,prime
2026-06-11,0.5553258147245579,0.1251581145978249,0,subprime
2026-06-11,3.9912623352306804,0.04973893712756091,0,prime
2026-06-11,0.8711342066018686,0.08977404293959418,0,prime
2026-06-11,2.701765873829415,0.04574957675145599,0,prime
2026-06-11,1.7537089616349735,0.0,0,prime
2026-06-11,0.4376667442100233,0.03158701570801761,0,prime
2026-06-11,1.6439452348706693,1.0,1,prime
2026-06-11,3.6946379303474393,0.799189890470899,1,prime
2026-06-11,3.768685036301612,0.21766896394422622,0,prime
2026-06-11,1.249591757567269,0.8433150828595775,1,subprime
2026-06-11,1.7825552032406817,0.10523687358659936,0,prime
2026-06-11,1.5107001987925033,1.0,1,prime
2026-06-11,1.5795667767396533,0.052832708062376284,0,prime
2026-06-11,2.406314415450499,1.0,1,prime
2026-06-11,3.457072440762564,0.8702632385443148,1,prime
2026-06-11,0.41872297497160127,0.13005819578486677,0,prime
2026-06-11,-0.0625152064090364,0.9972798032459814,1,prime
2026-06-11,2.6354597802160713,0.9013062020449211,1,prime
2026-06-11,0.8316125195961641,0.08757872196868642,0,prime
2026-06-11,0.3807802857193403,0.12462424209510287,0,subprime
2026-06-11,0.7615611773790127,1.0,1,subprime
2026-06-11,0.21249836518148757,0.19269631465353,0,prime
2026-06-11,3.0070193642496066,0.9060076146490258,1,subprime
2026-06-11,3.2754674807992155,0.14445712675753353,0,prime
2026-06-11,2.806111063585515,1.0,1,subprime
2026-06-11,1.4164261394491522,0.2618810372015773,0,subprime
2026-06-11,0.9410862858530824,0.14378998969162643,0,prime
2026-06-11,1.4595180176134956,0.05019765328925835,0,subprime
2026-06-11,2.7193427174007665,0.09984303668525729,0,prime
2026-06-11,0.5554435872437551,0.09956161090356588,0,prime
2026-06-11,1.8385237817247309,0.937609829425656,1,prime
2026-06-11,3.7043266941643056,0.05076283048331354,0,prime
2026-06-11,1.6768626223745424,0.9922835831448648,1,prime
2026-06-11,1.5090707677807385,0.0,0,prime
2026-06-11,1.8874591947922914,0.09073297225753857,0,prime
2026-06-11,1.961638128867798,0.0,0,prime
2026-06-11,0.39075450218622976,0.9644526060906541,1,prime
2026-06-11,0.10279707289761308,0.9394192026039192,1,prime
2026-06-11,1.5812980949224762,0.09708491252780879,0,prime
2026-06-11,1.322167007154775,0.17131355842749316,0,prime
2026-06-11,0.9639830173059701,0.035042876821778327,0,prime
2026-06-11,0.8806903420166052,0.030213322341562404,0,subprime
2026-06-11,0.043126879956638,0.2967033120573553,0,prime
2026-06-11,2.397493361095662,0.9221080693570263,1,subprime
2026-06-11,1.7516682181346261,0.959584826976549,1,subprime
2026-06-11,3.691577646417552,0.88449675599293,1,prime
2026-06-11,1.1271493120262115,0.8891796099222589,1,prime
2026-06-11,0.0020466482374144057,0.27611428629999746,0,prime
2026-06-11,0.9989089766804334,0.8997214126309525,1,prime
2026-06-11,3.2120375150646843,0.8766680372950044,1,prime
2026-06-11,3.894215682046762,0.008382490128534814,0,prime
2026-06-11,0.7502726554749732,0.0,0,subprime
2026-06-11,1.18387199833737,0.0,0,prime
2026-06-11,-0.5908999971930651,0.0,0,prime
2026-06-11,2.5887777656823108,0.0544428356860114,0,subprime
2026-06-11,1.1815582971033676,0.8898246702003451,1,prime
2026-06-11,1.6520227838239674,0.8483867442851254,1,prime
2026-06-11,1.783879184865646,1.0,1,prime
2026-06-11,0.6293982553364745,0.9397589155072616,1,prime
2026-06-11,3.6516487793686734,0.8922650071832524,1,prime
2026-06-11,1.5610023464166014,0.0,0,prime
2026-06-11,3.2518399195328196,0.9397007807757634,1,prime
2026-06-11,1.9823710524009255,0.023838145288545536,0,prime
2026-06-11,0.668378454188025,0.0,0,subprime
2026-06-11,1.5503920155570534,0.8906898052415757,1,subprime
2026-06-11,0.5246225713413717,0.0,0,prime
2026-06-11,1.6644508067731147,0.9565642704103752,1,prime
2026-06-11,-0.2253943658104216,1.0,1,prime
2026-06-11,1.8523017347172344,0.8179979303347537,1,prime
2026-06-11,0.6147964348677282,0.11096705699610465,0,prime
2026-06-11,2.299182826511905,0.11384847950589339,0,prime
2026-06-11,1.8575377866794454,0.8900761102902324,1,prime
2026-06-11,0.050792201224967304,0.017728259449251722,0,subprime
2026-06-11,0.8364750686055284,0.060389415210854364,0,prime
2026-06-11,2.102561356007771,0.9515743107628757,1,subprime
2026-06-11,1.7780296130865805,0.1564731038095422,0,prime
2026-06-11,1.6424198172819346,0.9385758794558617,1,prime
2026-06-11,2.5013729298978475,0.18794166605800752,0,prime
2026-06-11,0.7973747976931596,0.7553184299368856,1,subprime
2026-06-11,2.625805352852658,0.05813281978807218,0,subprime
2026-06-11,2.937781494681528,0.11310387896313373,0,subprime
2026-06-11,2.851900033912566,0.982431466989949,1,prime
2026-06-11,2.8644431412334015,0.704691496259293,1,subprime
2026-06-11,0.1437690110436518,1.0,1,subprime
2026-06-11,0.37184488802967164,0.0,0,prime
2026-06-11,2.722934260712271,0.001353818543014057,0,prime
2026-06-11,3.1513791151155255,1.0,1,subprime
2026-06-11,1.5652123485036704,0.9102668090601782,1,prime
2026-06-11,1.209914363583941,0.09613456671763607,0,prime
2026-06-11,2.2291293286348766,0.9348248589757544,1,prime
2026-06-11,-0.44224124212882043,1.0,1,prime
2026-06-11,1.3098830755647577,0.09199661770349313,0,prime
2026-06-11,3.0725084895091337,0.7684399223234052,1,prime
2026-06-11,1.9748822834083928,1.0,1,subprime
2026-06-11,3.165522025754579,0.02003615337419612,0,prime
2026-06-11,2.8091476679612293,0.9922950423717952,1,prime
2026-06-11,1.6134171788101435,0.067871203766511,0,subprime
2026-06-11,2.0640919210474316,0.9355226999729143,1,prime
2026-06-11,2.368394884178004,1.0,1,prime
2026-06-11,0.0660538784466902,0.8669774844143519,1,prime
2026-06-11,0.6087716630812146,0.8484087278914634,1,prime
2026-06-11,2.636837196422641,1.0,1,prime
2026-06-11,2.0231857427286393,0.04349174829936668,0,prime
2026-06-11,3.158512740305011,1.0,1,prime
2026-06-11,0.6619970483147422,0.9639232382793061,1,prime
2026-06-11,2.5876433725970904,1.0,1,prime
2026-06-11,2.550275755109079,0.23987067548454125,0,prime
2026-06-11,1.633563564904176,0.0,0,prime
2026-06-11,-1.033472705863504,0.0,0,prime
2026-06-11,0.05855092442665821,0.0,0,prime
2026-06-11,1.6230728519695687,0.16377358392964586,0,prime
2026-06-11,1.3686636380540942,0.0,0,prime
2026-06-11,1.2234233593366144,0.9092894018355631,1,subprime
2026-06-11,2.5059410270816023,0.9573831071276263,1,prime
2026-06-11,1.0755514374402724,0.0901102166215656,0,prime
2026-06-11,1.8546796035280773,0.32189195880915095,0,subprime
2026-06-11,2.3628512942850697,0.9833846666618187,1,prime
2026-06-11,1.0616791268930537,0.9428385994244212,1,prime
2026-06-11,1.5125508498578184,0.0,0,prime
2026-06-11,2.0152164695696446,0.731652296709037,1,prime
2026-06-11,0.27880982138457133,0.026480146080373634,0,prime
2026-06-11,1.3487554799853936,0.04684301722946634,0,prime
2026-06-11,1.6613390644752837,1.0,1,prime
2026-06-11,2.578039042050496,0.0348699628000929,0,prime
2026-06-11,1.7606000522888976,0.007177981914221282,0,prime
2026-06-11,3.0827576466854225,0.0,0,prime
2026-06-11,0.647588041450073,1.0,1,prime
2026-06-11,1.2200383386134368,0.8458989461212492,1,subprime
2026-06-11,0.30305878719873847,0.0,0,prime
2026-06-11,0.9824332903382439,0.9080086654146998,1,prime
2026-06-11,0.9749346275427138,0.0,0,prime
2026-06-11,3.306054298541616,0.9451309689757529,1,prime
2026-06-11,-0.09230949071708316,1.0,1,prime
2026-06-11,3.036212322088658,0.8659706096024851,1,prime
2026-06-11,3.2026917038983536,0.09057490059087586,0,prime
2026-06-11,1.1320634828069034,0.0798462419849488,0,prime
2026-06-11,2.2473302483900666,0.0,0,prime
2026-06-11,1.9739108381952377,0.0,0,subprime
2026-06-11,1.6391065595464098,0.08797185757709958,0,prime
2026-06-11,1.0589824985225675,1.0,1,prime
2026-06-11,2.8702775478314697,0.12451788431562198,0,prime
2026-06-11,-0.32644176424048155,0.8210482834722175,1,subprime
2026-06-11,1.6605827312776227,1.0,1,prime
2026-06-11,0.9875690689486138,1.0,1,prime
2026-06-11,3.3968162867288463,1.0,1,prime
2026-06-11,3.0389702113571753,0.9105501097045101,1,subprime
2026-06-11,0.38121787933623486,0.10182161866202619,0,prime
2026-06-11,1.4736728034616133,0.14718415512184352,0,subprime
2026-06-11,1.6438595337814585,0.02542051872251566,0,prime
2026-06-11,1.4557381229125945,0.0,0,prime
2026-06-11,1.1379679681147645,0.9216259530741289,1,prime
2026-06-11,4.180781210066206,0.09100900231409229,0,prime
2026-06-11,1.5470512116257389,0.07394571567867037,0,subprime
2026-06-11,0.48116653175148394,1.0,1,prime
2026-06-11,2.7251448800326625,0.9067302780626967,1,prime
2026-06-11,1.3988670443473699,0.025518900112127325,0,prime
2026-06-11,3.0713252181919812,0.0,0,prime
2026-06-11,1.9582424360260098,0.06450277623063858,0,prime
2026-06-11,0.8906258362650329,0.10543015852617504,0,prime
2026-06-11,1.317109867625498,0.0065856362931010215,0,subprime
2026-06-11,0.7468270004312794,1.0,1,prime
2026-06-11,2.3000271691186542,1.0,1,subprime
2026-06-11,1.530602675351835,0.0,0,prime
2026-06-11,1.0756179362754683,0.0,0,subprime
2026-06-11,1.4688697938192268,0.0,0,prime
2026-06-11,1.6151319657426018,0.0,0,subprime
2026-06-11,1.1427116912303674,0.11193210873499124,0,prime
2026-06-11,0.9093180565627895,0.0764306895609577,0,prime
2026-06-11,2.4811133420045697,0.15084504674091093,0,subprime
2026-06-11,1.593167771448126,0.8817627652364162,1,prime
2026-06-11,-0.03897389445291899,0.2340920233959108,0,subprime
2026-06-11,2.3783784527343608,0.14253801140853406,0,prime
2026-06-11,2.144215056822455,0.18766250398394418,0,prime
2026-06-11,1.1571992405424274,0.9555894709931737,1,prime
2026-06-11,0.8886227384499921,1.0,1,prime
2026-06-11,1.7227648157158606,0.9320185940706767,1,prime
2026-06-11,2.2904750965045544,0.9984380117258707,1,prime
2026-06-11,1.0386385071668744,0.8580451108920898,1,prime
2026-06-11,1.1886780979603215,0.8534107235769197,1,prime
2026-06-11,3.448508657268383,0.8034693577694958,1,subprime
2026-06-11,0.7234675936859885,1.0,1,prime
2026-06-11,1.5774689891979925,0.9451570258431747,1,prime
2026-06-11,0.231379331728359,0.09072471221912298,0,prime
2026-06-11,0.12922562435991103,0.0,0,prime
2026-06-11,2.515817234619269,1.0,1,prime
2026-06-11,-0.13039410809579866,0.19645036309073352,0,prime
2026-06-11,0.1713169806130712,0.9318783587460616,1,prime
2026-06-11,0.11425216158325102,0.0,0,prime
2026-06-11,0.18170780826026967,1.0,1,prime
2026-06-11,2.567424702950246,0.9435878945645062,1,prime
2026-06-11,3.0381530867163544,0.9082536515961639,1,subprime
2026-06-11,3.1579978065498717,0.8424359813639068,1,subprime
2026-06-11,1.4108614545484812,0.8293602555273644,1,subprime
2026-06-11,1.144561482070872,0.01645851649426061,0,prime
2026-06-11,0.970215843055419,1.0,1,subprime
2026-06-11,3.3148215413385267,0.044934317338941515,0,prime
2026-06-11,1.5810972741550149,0.9613284570471101,1,prime
2026-06-11,0.2864034667535056,0.04079031722898082,0,subprime
2026-06-11,2.8257536120910896,1.0,1,subprime
2026-06-11,1.2449738922032778,0.803413286528015,1,prime
2026-06-11,2.627224210695312,0.9000504341669467,1,prime
2026-06-11,1.0411355704282075,1.0,1,prime
2026-06-11,2.876278779619791,0.16344411224435051,0,prime
2026-06-11,1.6802771832035974,0.1833873572736444,0,prime
2026-06-11,1.2841800378660868,0.08106971637851476,0,subprime
2026-06-11,2.4397631720117627,0.15481244604436034,0,prime
2026-06-11,1.6072577788308946,0.961939327105866,1,prime
2026-06-11,0.3061226216337847,1.0,1,prime
2026-06-11,0.8275851953534641,0.0,0,subprime
2026-06-11,2.695615535617483,0.6208010377063423,1,prime
2026-06-11,2.764991248186692,0.9867119512344762,1,prime
2026-06-11,1.5157710350748532,0.8694972955920807,1,prime
2026-06-11,1.4041454472955182,0.8789683656196968,1,subprime
2026-06-11,0.7609125404486708,0.8328202414317866,1,subprime
2026-06-11,2.3405209129654185,0.07342679145320785,0,prime
2026-06-11,2.186647436366201,0.9111081221073624,1,prime
2026-06-11,1.8440922126316441,0.08624271496457894,0,subprime
2026-06-11,2.450657838441443,0.0,0,prime
2026-06-11,2.5260102598259113,1.0,1,subprime
2026-06-11,1.3209384382352116,0.9254699602392013,1,subprime
2026-06-11,1.417039587867793,0.1302775093437487,0,prime
2026-06-11,1.1968222664900214,0.0,0,subprime
2026-06-11,0.7585800639177738,0.1316282413576818,0,prime
2026-06-11,1.2355321626931142,0.0468042302031293,0,prime
2026-06-11,3.9022950451259755,0.11972508299745903,0,prime
2026-06-11,2.3368853757873023,0.902259214532512,1,prime
2026-06-11,2.3477601700837254,0.06653449449785709,0,prime
2026-06-11,0.5343990983352163,0.0008534871641664235,0,prime
2026-06-11,3.843975730772831,0.9691887537052958,1,prime
2026-06-11,2.5456087643491476,0.03212960209538557,0,prime
2026-06-11,2.2551353708562214,0.0,0,subprime
2026-06-11,3.0810214165583214,0.20388135167241517,0,prime
2026-06-11,2.9037879554914694,1.0,1,prime
2026-06-11,1.7542354779286153,0.11097680861648399,0,prime
2026-06-11,2.679965195167625,0.1693138496822267,0,prime
2026-06-11,-1.147199548977346,1.0,1,prime
2026-06-11,1.1658135423232805,1.0,1,prime
2026-06-11,2.3279130908384706,0.9120366001107909,1,prime
2026-06-11,0.7566976154740438,0.0,0,prime
2026-06-11,0.9205011683538847,0.0,0,subprime
2026-06-11,0.11383711857638557,0.04948054191770264,0,prime
2026-06-11,-0.011269224138602096,0.0032773838528456153,0,prime
2026-06-11,-0.11348659406386741,0.1079317035398695,0,prime
2026-06-11,3.5282982964246448,0.03910841903703068,0,prime
2026-06-11,1.8326557753574857,0.0,0,prime
2026-06-11,0.6780025980007054,0.02319373391098668,0,prime
2026-06-11,1.3928487032647139,0.0028332989608994275,0,prime
2026-06-11,2.938894776915681,0.7566067610368404,1,prime
2026-06-11,0.4368011857468783,0.028860806413650384,0,prime
2026-06-11,2.7058664661231737,0.9558737190536727,1,prime
2026-06-11,1.5525251883617837,0.9028818233684391,1,prime
2026-06-11,1.2171052594762823,0.9753917087684479,1,subprime
2026-06-11,2.521858571206911,0.9500754063249909,1,prime
2026-06-11,0.16743045653101496,0.9002249799441763,1,prime
2026-06-11,2.5488396458861082,0.08953431067501258,0,prime
2026-06-11,2.8280227546371535,0.930487545855084,1,prime
2026-06-11,1.5301706659397034,0.9107254700416905,1,subprime
2026-06-11,2.590325524706942,0.05596817009698939,0,prime
2026-06-11,0.14599639196017544,0.7581452986898805,1,subprime
2026-06-11,2.892671860503394,0.9778005177755673,1,prime
2026-06-11,1.16359965469469,0.07903363099069158,0,subprime
2026-06-11,-0.04927747384656134,0.03680737775295899,0,prime
2026-06-11,3.3070678472155626,1.0,1,subprime
2026-06-11,2.303363376571064,0.05578021821853545,0,prime
2026-06-11,1.7509857457520879,0.8974229325853484,1,prime
2026-06-11,2.4442180167131227,0.23310465196559987,0,subprime
2026-06-11,0.288690586360167,0.17481655241620386,0,prime
2026-06-11,0.8257354560728153,0.8944858221430867,1,prime
2026-06-11,1.8641071976351442,0.9598183293985788,1,subprime
2026-06-11,1.730688204869849,0.03357952478602909,0,subprime
2026-06-11,1.7837794607145276,0.0,0,prime
2026-06-11,0.4193210898218118,0.7822583672963774,1,prime
2026-06-11,1.553992764537125,0.0,0,subprime
2026-06-11,1.2499945749791905,0.058201102411938155,0,prime
2026-06-11,-0.2749210259620989,0.10671958903671315,0,prime
2026-06-11,1.9215667336474804,0.10477917179820015,0,subprime
2026-06-11,0.6725840679979278,0.7066615614450756,1,prime
2026-06-11,1.8046733540208122,0.03533823001538398,0,prime
2026-06-11,2.9508384167023776,0.04154190860743807,0,subprime
2026-06-11,3.759799829505531,0.007739921140090589,0,subprime
2026-06-11,0.9523988782645786,0.8767448633144813,1,prime
2026-06-11,1.8524171949759534,0.1155550011499348,0,prime
2026-06-11,1.7263138370642368,0.12341861462178037,0,prime
2026-06-11,0.9343886089813249,0.0,0,prime
2026-06-11,2.322592242749661,0.0,0,prime
2026-06-11,1.6431255914964888,0.9102343331008776,1,prime
2026-06-11,2.5250761588746373,1.0,1,prime
2026-06-11,1.7031074893948495,0.174030273249333,0,prime
2026-06-11,2.397388804143828,0.916472867444887,1,prime
2026-06-11,0.5327637987097489,0.16116320448768573,0,prime
2026-06-11,1.6978416988292908,1.0,1,prime
2026-06-11,3.237141475230623,0.06104662244280104,0,prime
2026-06-11,2.6024181445595786,0.9469582431865451,1,prime
2026-06-11,2.5994303656808593,0.0,0,prime
2026-06-11,1.3526907506705128,0.0,0,prime
2026-06-11,3.1482039365647205,0.0428361531276861,0,subprime
2026-06-11,1.6348908041162824,0.8358073297380634,1,prime
2026-06-11,2.434296616496308,0.04289334700043748,0,subprime
2026-06-11,0.684836761650823,0.0,0,prime
2026-06-11,1.8063855942337088,0.0,0,prime
2026-06-11,1.147204857222,0.008706659900386361,0,prime
2026-06-11,1.9171351743505727,0.009326821896333742,0,subprime
2026-06-11,2.9664487417408125,1.0,1,prime
2026-06-11,1.8947094142922942,1.0,1,prime
2026-06-11,1.3379379413433419,0.8452786316231828,1,prime
2026-06-11,0.14035004314320187,0.9635672273330614,1,prime
2026-06-11,-0.36534728154291174,0.9400076193347929,1,subprime
2026-06-11,1.4606723644324753,0.0,0,subprime
2026-06-11,1.8357723189874129,0.9506422037331816,1,prime
2026-06-11,0.3104598406129824,0.07952268537763005,0,prime
2026-06-11,2.233511058771648,0.9388886686512165,1,subprime
2026-06-11,2.2690227351822188,0.9521169785439975,1,prime
2026-06-11,1.6025635597160701,0.8875520053000845,1,subprime
2026-06-11,2.5790048897327456,0.813993274089842,1,prime
2026-06-11,2.4817205424245063,0.0,0,prime
2026-06-11,3.3152904371407192,0.8984918190406774,1,prime
2026-06-11,1.744157567402728,0.11484001509404261,0,prime
2026-06-11,2.3604255061516293,0.904356304231149,1,prime
2026-06-11,0.6194637487602872,0.0,0,prime
2026-06-11,1.0265577821913692,0.16271060829880507,0,prime
2026-06-11,2.6552610740003564,0.0,0,prime
2026-06-11,1.754621000692553,1.0,1,subprime
2026-06-11,2.8738892922755426,0.021524138595466133,0,subprime
2026-06-11,4.623757965555811,0.2295324917680491,0,prime
2026-06-11,0.9708315212337139,0.9740255425700317,1,prime
2026-06-11,-0.04128126469649129,0.9597265470309405,1,prime
2026-06-11,3.8141055439136062,0.9087868805364334,1,prime
2026-06-11,1.1517596093018283,0.9846532839457225,1,prime
2026-06-11,0.3447256722376244,0.0,0,prime
2026-06-11,0.6530182936616116,1.0,1,subprime
2026-06-11,3.061922453448286,0.1988346475923673,0,prime
2026-06-11,2.101685115543519,0.18294896823788645,0,subprime
2026-06-11,3.3340983655747904,0.9765528404545951,1,prime
2026-06-11,1.2844389942221808,0.9136056479827073,1,prime
2026-06-11,2.614503521019496,0.10863081659005627,0,prime
2026-06-11,1.9831881199837795,0.0,0,prime
2026-06-11,1.1912730208851994,0.021359410735766502,0,prime
2026-06-11,2.4318851920561473,1.0,1,prime
2026-06-11,0.8842267600943047,0.0,0,subprime
2026-06-11,2.1105919726438507,0.08859760755789363,0,subprime
2026-06-11,3.1304352317033657,0.17303356100330952,0,prime
2026-06-11,1.8116697199851555,0.05836703080954434,0,subprime
2026-06-11,0.7387375345728898,1.0,1,subprime
2026-06-11,3.2647650285641685,1.0,1,prime
2026-06-11,2.2828743176385675,1.0,1,prime
2026-06-11,0.9504839473373743,0.9752559492335635,1,prime
2026-06-11,-0.14995108896953413,1.0,1,prime
2026-06-11,1.5502132851409662,0.023071886793225804,0,prime
2026-06-11,1.8770806373850915,0.14422898094058728,0,subprime
2026-06-11,2.079941268445362,0.8151485280139579,1,prime
2026-06-11,1.876411866648968,0.0,0,prime
2026-06-11,3.092928332399528,0.0,0,subprime
2026-06-11,0.5173822510498447,0.3985763450219758,0,subprime
2026-06-11,1.3704562855883506,0.023357825116862144,0,prime
2026-06-11,3.476584181067509,0.07855929253200573,0,prime
2026-06-11,1.3406727544797923,0.837872432668957,1,subprime
2026-06-11,1.1047811516953616,0.04933139867482091,0,prime
2026-06-11,2.332830818301537,1.0,1,prime
2026-06-11,1.7044007629327595,1.0,1,subprime
2026-06-11,2.7245754660057018,0.9029112861556774,1,prime
2026-06-11,2.9368140174222637,0.012279893249601062,0,prime
2026-06-11,2.0910878172273386,0.14118989036235913,0,prime
2026-06-11,1.0139091023183575,0.15232087380270276,0,subprime
2026-06-11,1.4819889364790908,0.9890937412486069,1,prime
2026-06-11,-0.24901583382534254,1.0,1,prime
2026-06-11,1.9168598832761632,0.0,0,subprime
2026-06-11,2.2089578334140363,0.8974383175362567,1,prime
2026-06-11,2.156897275118214,0.09880724797493351,0,prime
2026-06-11,0.9028933814127724,0.0,0,prime
2026-06-11,1.86093131440838,1.0,1,prime
2026-06-11,0.5382663314746094,0.9186937631155269,1,subprime
2026-06-11,1.552335153315675,1.0,1,subprime
2026-06-11,2.949980432190959,0.8573311802211858,1,prime
2026-06-11,3.1674807299571617,0.8692290589668399,1,prime
2026-06-11,2.641417411449418,0.2586967716498667,0,subprime
2026-06-11,1.4188012436048059,0.10710116308845963,0,prime
2026-06-11,2.2219219461919506,0.037896089962670985,0,prime
2026-06-11,1.6575144834774442,0.07742150731959889,0,subprime
2026-06-11,0.7888896388917045,0.8316125340939255,1,subprime
2026-06-11,2.5116409512661417,0.8420658256094988,1,prime
2026-06-12,2.5449164854421418,0.0819050241820859,0,prime
2026-06-12,3.3152175720690717,0.024938925524743638,0,prime
2026-06-12,2.0959427215176487,0.9115068129213252,1,prime
2026-06-12,0.9355394848926633,0.18125405317075016,0,prime
2026-06-12,2.2395910817509685,1.0,1,prime
2026-06-12,1.3505404938236905,0.97743252790348,1,prime
2026-06-12,2.6086431121280165,1.0,1,prime
2026-06-12,2.1797133701076783,0.20465062298243633,0,prime
2026-06-12,2.916190177240444,1.0,1,prime
2026-06-12,1.597021679973261,0.11542391777381487,0,prime
2026-06-12,2.1106495382970323,0.89633164581917,1,prime
2026-06-12,2.1725985748539367,0.9591109253258469,1,prime
2026-06-12,0.7660023428308276,0.9446638546976615,1,subprime
2026-06-12,0.8220914104379051,1.0,1,subprime
2026-06-12,0.6868063073876074,0.0,0,subprime
2026-06-12,2.5862389870811517,0.26453824812978816,0,prime
2026-06-12,0.9619868317089345,0.7819344225545094,1,prime
2026-06-12,2.1356701246511145,1.0,1,prime
2026-06-12,0.5077745772419293,0.19961258340948812,0,prime
2026-06-12,2.4414376706732965,0.9558318235417593,1,prime
2026-06-12,2.5497614995126265,0.8555777503571815,1,prime
2026-06-12,1.896834183046158,0.12352023389107819,0,prime
2026-06-12,4.274987256586084,0.8306223537091371,1,prime
2026-06-12,2.4859362030132606,0.12925226924047317,0,prime
2026-06-12,3.774225144076053,0.0,0,subprime
2026-06-12,2.71880791721752,0.03261258757482591,0,prime
2026-06-12,0.27739131799088623,0.13161459434683231,0,prime
2026-06-12,0.1451331668627207,0.0,0,prime
2026-06-12,1.7500950046290744,0.05233873363229703,0,prime
2026-06-12,0.5054492069414536,0.0,0,subprime
2026-06-12,2.6041147912746183,0.9847132045151737,1,prime
2026-06-12,-0.2759595493805753,1.0,1,subprime
2026-06-12,1.563881060252659,0.9317160224945887,1,subprime
2026-06-12,0.6711379794746046,0.0,0,prime
2026-06-12,1.2415079167142296,0.1309566765138011,0,prime
2026-06-12,2.2700874388105006,1.0,1,prime
2026-06-12,2.7952460944551354,0.9964097433449315,1,prime
2026-06-12,2.5850339220893224,0.04603514794895716,0,subprime
2026-06-12,1.5258401963160961,0.7290516469012494,1,subprime
2026-06-12,1.423750053851353,0.9281653330041427,1,subprime
2026-06-12,0.7977318637340174,0.8904287996892699,1,prime
2026-06-12,0.7760127393027667,0.042652408168739456,0,prime
2026-06-12,2.2619889470883527,0.989302686462558,1,subprime
2026-06-12,3.549867119477953,1.0,1,subprime
2026-06-12,1.073131454942375,0.9204891641213465,1,prime
2026-06-12,0.5228034089231368,0.0,0,prime
2026-06-12,2.3289457733638694,0.08621887259471334,0,subprime
2026-06-12,0.05630413806236256,0.02019055813627414,0,prime
2026-06-12,1.6087052260095533,0.2934560332383584,0,prime
2026-06-12,0.29131455278380236,1.0,1,prime
2026-06-12,1.1299046712697114,0.01602106863308933,0,subprime
2026-06-12,0.8064116735123774,0.8601916188802528,1,subprime
2026-06-12,1.84040600539023,0.05354384856514901,0,prime
2026-06-12,0.7540466786894795,0.1648120761528512,0,subprime
2026-06-12,3.2206097029045493,0.1038076818264991,0,prime
2026-06-12,0.6061565810643661,0.9156952409883709,1,subprime
2026-06-12,1.6125709467657647,0.9621045917789246,1,subprime
2026-06-12,3.146073178842207,1.0,1,prime
2026-06-12,1.889171307423792,0.875658675432163,1,prime
2026-06-12,3.035647569293025,0.9691162378769074,1,prime
2026-06-12,2.2188600574043873,0.0,0,prime
2026-06-12,1.488290587941552,0.9332901910856033,1,prime
2026-06-12,0.7532821684536155,0.19073847230044097,0,prime
2026-06-12,0.8504706575749323,0.8877504569679954,1,subprime
2026-06-12,3.2847273199629394,0.09340372251011572,0,subprime
2026-06-12,1.5588630919511588,0.0,0,prime
2026-06-12,2.046203530126344,0.9889795961235889,1,prime
2026-06-12,1.4726235828007612,0.07624980525654401,0,prime
2026-06-12,1.1787768913257755,1.0,1,subprime
2026-06-12,1.676209912088475,0.8925653265932331,1,prime
2026-06-12,2.316588870821756,1.0,1,prime
2026-06-12,1.3302748311351469,0.8853813595104341,1,prime
2026-06-12,1.3952803171516786,0.869705016414182,1,prime
2026-06-12,2.9191409924478773,0.1533239389996268,0,prime
2026-06-12,1.3730374675858754,0.0,0,prime
2026-06-12,0.3376772962974848,0.8785713412532499,1,subprime
2026-06-12,1.4920546520136475,0.12499236315711224,0,subprime
2026-06-12,0.41457051294785363,1.0,1,prime
2026-06-12,2.714547301793192,0.8335170068771192,1,subprime
2026-06-12,2.051573945470167,0.002379854136462696,0,prime
2026-06-12,1.6994274685547466,0.19563743388840596,0,subprime
2026-06-12,1.5064529916688576,0.9611139580650172,1,subprime
2026-06-12,1.0367328402163576,0.036957915673367196,0,prime
2026-06-12,1.253642003837507,0.12183759559637965,0,prime
2026-06-12,1.8524105995579516,0.1945518852112924,0,prime
2026-06-12,1.8968364756722973,0.019521168137434416,0,prime
2026-06-12,2.2209731074506296,0.9364119803103185,1,prime
2026-06-12,-0.5188820037394757,0.9226117460468369,1,subprime
2026-06-12,1.7496958792706743,0.9706801624470938,1,prime
2026-06-12,4.10251091543905,0.9993563386146916,1,prime
2026-06-12,0.8318153004014546,1.0,1,prime
2026-06-12,2.4454445041711432,0.8252351052384286,1,subprime
2026-06-12,2.0215884813475,0.11544654281217048,0,prime
2026-06-12,1.6327038300961545,1.0,1,subprime
2026-06-12,2.672326349795365,0.09588647817153303,0,prime
2026-06-12,0.08217500964172797,0.9496112008143385,1,prime
2026-06-12,2.8252277902206098,0.0,0,prime
2026-06-12,2.6641601052992145,0.9349627824908623,1,subprime
2026-06-12,3.0805332923858466,0.0,0,subprime
2026-06-12,2.583949118327719,0.0,0,prime
2026-06-12,0.046008995285705456,0.0,0,subprime
2026-06-12,2.678836185945383,0.9385486213579699,1,prime
2026-06-12,1.5491323067197966,0.0,0,prime
2026-06-12,3.5018040676079405,0.0,0,prime
2026-06-12,1.3422881024561848,0.0,0,subprime
2026-06-12,2.0581892527932526,0.9631268015278904,1,subprime
2026-06-12,2.8060302051455266,0.8974682197881205,1,prime
2026-06-12,1.3437168377351987,0.9823517150910996,1,subprime
2026-06-12,2.1373229863346492,0.049562255030840524,0,prime
2026-06-12,0.02240419647438907,0.0,0,prime
2026-06-12,1.5782387670086362,0.9160810186575286,1,prime
2026-06-12,2.9137230239233363,0.8279138735340472,1,prime
2026-06-12,2.9232492718370455,0.0,0,prime
2026-06-12,2.7381935608141172,0.09083269476074658,0,prime
2026-06-12,1.0476831482602025,0.9574919166803135,1,prime
2026-06-12,2.190981566281954,0.0,0,prime
2026-06-12,1.4008896859205386,0.20040962939807694,0,subprime
2026-06-12,2.44603022792572,1.0,1,prime
2026-06-12,0.8341643812118092,0.0,0,prime
2026-06-12,1.6249202922359722,0.8537858545234414,1,subprime
2026-06-12,0.8326016376684329,1.0,1,prime
2026-06-12,-0.48875812990482426,0.9600795074086155,1,subprime
2026-06-12,2.726394192461142,0.0873973269471861,0,prime
2026-06-12,0.6195441944241498,0.10081331670576595,0,prime
2026-06-12,0.5857725065244741,0.888657531816297,1,subprime
2026-06-12,1.8912803742316486,0.06085632536506206,0,prime
2026-06-12,2.061952539037934,0.0,0,prime
2026-06-12,2.3460402729405554,0.9476544559064042,1,subprime
2026-06-12,3.08021286196653,0.18705631436438255,0,subprime
2026-06-12,1.4456268268372288,0.20455513718090032,0,prime
2026-06-12,0.8660473845298987,0.20717325762684904,0,prime
2026-06-12,2.292817911312181,0.7981154808765468,1,subprime
2026-06-12,0.9420908266227963,0.8315505713675092,1,prime
2026-06-12,3.1135802904634224,1.0,1,prime
2026-06-12,2.9715983826771044,0.8770659945531621,1,prime
2026-06-12,2.4262385762963814,0.05343133104725727,0,prime
2026-06-12,1.4369192515834395,0.8099506177081516,1,subprime
2026-06-12,2.7018519262460288,0.011922407080924735,0,prime
2026-06-12,0.840285607362792,0.750881329205728,1,subprime
2026-06-12,1.0203331513069496,0.8783777139347047,1,prime
2026-06-12,2.1793814060411645,0.16372519859532425,0,prime
2026-06-12,0.9911232470314558,0.08062219528830074,0,subprime
2026-06-12,0.6363149515989459,0.9781171073063797,1,subprime
2026-06-12,2.6829953585703095,1.0,1,subprime
2026-06-12,3.3484694931290324,0.0,0,subprime
2026-06-12,3.5235614131550634,0.9473072395424675,1,prime
2026-06-12,-0.6468033758218483,1.0,1,prime
2026-06-12,0.6908111143852336,0.9888478578599021,1,prime
2026-06-12,2.534197861936117,0.1100974026052728,0,subprime
2026-06-12,1.30235874951241,0.8843775856302586,1,subprime
2026-06-12,-0.16680162021924905,0.06080372047203682,0,prime
2026-06-12,1.0638674175208267,0.8167156617846598,1,subprime
2026-06-12,1.383673136205294,0.0,0,subprime
2026-06-12,2.053825826359243,0.0,0,subprime
2026-06-12,2.8882942563689302,0.04236722038768841,0,prime
2026-06-12,2.718113143716837,0.0865962536524132,0,subprime
2026-06-12,3.656714831786819,1.0,1,prime
2026-06-12,2.3599202014349996,0.8553761405864855,1,subprime
2026-06-12,1.2968333680253794,0.9806300050325879,1,subprime
2026-06-12,0.6821103981971555,0.0019276031403850091,0,prime
2026-06-12,1.3390002069081222,0.0,0,subprime
2026-06-12,0.19811608236928535,0.15697329262846213,0,prime
2026-06-12,2.3020157641164305,0.11093072052388966,0,prime
2026-06-12,2.0561368670703453,1.0,1,prime
2026-06-12,0.7637618684125207,1.0,1,subprime
2026-06-12,3.0260190061728656,0.004034006030628548,0,subprime
2026-06-12,1.4034770527274802,0.16401461190449457,0,prime
2026-06-12,2.344956418495175,0.9415432695818564,1,prime
2026-06-12,0.8616401838141798,0.0,0,subprime
2026-06-12,0.9574541816191151,0.0675115273674048,0,prime
2026-06-12,2.3622009781650544,0.0,0,prime
2026-06-12,2.0398280458371976,0.0,0,prime
2026-06-12,1.010359033929473,0.9530809719224917,1,prime
2026-06-12,2.093677038283553,0.09874614342387741,0,prime
2026-06-12,0.8566861051285499,1.0,1,prime
2026-06-12,2.9943195471099484,0.04715009268411482,0,subprime
2026-06-12,0.872893061389126,0.029848945368826058,0,prime
2026-06-12,1.7067408511018516,0.8286445616762766,1,prime
2026-06-12,1.955970354235764,0.8427393858666475,1,prime
2026-06-12,3.4369940760015996,0.19750046290265302,0,subprime
2026-06-12,2.5205875038950163,0.035118718266376074,0,prime
2026-06-12,1.6870362178846292,0.0,0,prime
2026-06-12,1.1002189392853472,0.8258772592537361,1,subprime
2026-06-12,2.4109860985325575,0.9789536605723068,1,prime
2026-06-12,1.751568312756222,0.9215428512096295,1,prime
2026-06-12,2.1356360922973767,1.0,1,prime
2026-06-12,0.8335568663865229,0.9218315185259454,1,prime
2026-06-12,3.402753081265816,0.21286408314719985,0,prime
2026-06-12,1.9772782384340883,1.0,1,prime
2026-06-12,-0.34651513782384913,0.0,0,subprime
2026-06-12,1.7116887646757153,0.833856095960259,1,subprime
2026-06-12,-0.3733441205005701,0.8971739790670973,1,subprime
2026-06-12,1.6479727800891393,1.0,1,subprime
2026-06-12,2.383698682526251,0.8836949880615883,1,prime
2026-06-12,4.678707040079041,0.9200632775796357,1,prime
2026-06-12,1.3895824328962767,1.0,1,subprime
2026-06-12,2.824202587368486,0.9589284884167846,1,prime
2026-06-12,0.6484228704619226,0.040519641419724806,0,prime
2026-06-12,1.2958119906784387,0.8113189149974158,1,prime
2026-06-12,1.4204889311021716,0.05502553561463076,0,prime
2026-06-12,2.80904671314672,0.9345695640033709,1,prime
2026-06-12,3.937185100969854,0.08908206615472661,0,prime
2026-06-12,1.7484172132452067,0.0,0,prime
2026-06-12,3.038820807162496,0.12180498175136173,0,prime
2026-06-12,1.2341908673288464,0.01891509945727907,0,prime
2026-06-12,1.8896572209696416,0.017609384509940408,0,prime
2026-06-12,0.20759054300907476,0.984651731519342,1,prime
2026-06-12,1.108438323761711,0.913100840719718,1,subprime
2026-06-12,1.0678828013183088,1.0,1,prime
2026-06-12,0.10017780677400179,0.9668086927243066,1,prime
2026-06-12,0.17300684394174337,0.9802570711526404,1,prime
2026-06-12,2.369643015949718,0.11489435468170843,0,prime
2026-06-12,2.362947403837071,0.0015487983518763793,0,prime
2026-06-12,2.950461241151495,0.0,0,prime
2026-06-12,3.1690463015138954,0.11666094350826008,0,subprime
2026-06-12,2.36987257852972,0.17856522084770188,0,prime
2026-06-12,2.614155449039209,0.10509463942491307,0,subprime
2026-06-12,2.9786793778623997,0.8312571960084245,1,subprime
2026-06-12,3.0535088224341784,0.039768189960356415,0,prime
2026-06-12,2.8351788177048833,0.0,0,prime
2026-06-12,1.0917412552221468,0.0,0,prime
2026-06-12,1.1469750601898987,1.0,1,prime
2026-06-12,3.6968345564004887,0.9257682742005677,1,prime
2026-06-12,1.2575537962563073,0.8857605343672268,1,prime
2026-06-12,1.677304390892535,0.06761660636123458,0,prime
2026-06-12,0.34196697628506234,0.15441891928528328,0,prime
2026-06-12,1.8452001238228248,0.0,0,prime
2026-06-12,2.851663235643512,1.0,1,prime
2026-06-12,0.8832100569507989,0.7714280126388562,1,prime
2026-06-12,2.33784307714648,0.8440153316171913,1,subprime
2026-06-12,1.6596282591378198,0.7665056612430659,1,prime
2026-06-12,1.555692237618849,0.06847560532279276,0,prime
2026-06-12,2.2594929028252153,1.0,1,subprime
2026-06-12,1.7993198599268188,0.0,0,prime
2026-06-12,1.0457128258728003,0.9652470014825978,1,prime
2026-06-12,2.9938027013419806,0.0,0,subprime
2026-06-12,3.402109934456299,0.0,0,prime
2026-06-12,1.6030353304734826,0.9797298523469108,1,subprime
2026-06-12,1.7558177770448504,0.9601719650518759,1,prime
2026-06-12,2.5724460607704356,0.9742434871966705,1,prime
2026-06-12,0.15383647627517494,0.03869540859894287,0,prime
2026-06-12,2.3704148699492484,0.043149817831733495,0,subprime
2026-06-12,1.9298335708791556,0.19775802867178738,0,prime
2026-06-12,0.2734069598914193,0.796042490038518,1,prime
2026-06-12,1.8350088185040272,0.8909186707821661,1,subprime
2026-06-12,2.0016835528195798,0.0,0,subprime
2026-06-12,2.1616744843052333,0.9496333494155779,1,subprime
2026-06-12,1.3042337498670447,0.0,0,prime
2026-06-12,1.4637746841010917,0.9667596113726371,1,prime
2026-06-12,0.6555564208195837,0.0734962386178778,0,prime
2026-06-12,1.2219217054422513,0.0,0,subprime
2026-06-12,0.8056292948955994,1.0,1,prime
2026-06-12,2.9710262781549774,0.17465150297128115,0,subprime
2026-06-12,0.5505897894666334,0.8440441249636358,1,prime
2026-06-12,1.6010882037564436,1.0,1,subprime
2026-06-12,1.6388709660921967,0.025606092443752726,0,prime
2026-06-12,3.860957063215592,1.0,1,subprime
2026-06-12,2.668297094222763,0.9287151047920806,1,subprime
2026-06-12,1.1267496666003591,0.904360663894057,1,prime
2026-06-12,1.3096473612656578,0.9619078583975587,1,prime
2026-06-12,2.087842969351059,0.04466948379272483,0,prime
2026-06-12,2.162720916865027,0.8836636880627635,1,prime
2026-06-12,2.1235536544462397,0.9054882711425145,1,prime
2026-06-12,3.37314191118651,0.8857970944659409,1,subprime
2026-06-12,0.6430558962562953,0.2299087569146418,0,subprime
2026-06-12,3.953051312632293,0.2293171289879418,0,subprime
2026-06-12,0.8697058793942428,1.0,1,prime
2026-06-12,1.1972691988741793,0.0,0,prime
2026-06-12,2.4123449437585145,0.05778419409007585,0,prime
2026-06-12,0.24192663043346663,0.0572767866058612,0,prime
2026-06-12,3.7160721337145453,0.9393496074289853,1,prime
2026-06-12,1.8256719542779756,0.8117678352217219,1,prime
2026-06-12,2.50665803236535,0.8923850487825651,1,prime
2026-06-12,1.8631042474179427,0.034010003993055815,0,prime
2026-06-12,1.477786242285776,0.04502962465766418,0,subprime
2026-06-12,1.2194795680969015,0.0899780841512882,0,prime
2026-06-12,1.6710541646938426,0.13493907454960563,0,prime
2026-06-12,0.7914834571995977,1.0,1,prime
2026-06-12,0.31063136498015664,0.007816443069032952,0,subprime
2026-06-12,2.6597417926323805,0.06495615136445741,0,subprime
2026-06-12,2.7715031897708977,0.8045464017045606,1,prime
2026-06-12,2.7828152368114,0.05471611808892029,0,prime
2026-06-12,4.501230410957552,0.13434309628246566,0,prime
2026-06-12,2.754189190205514,0.043448463198473224,0,prime
2026-06-12,-0.013783121433369683,0.8181337461389473,1,prime
2026-06-12,2.707766527382982,0.8885623799200129,1,prime
2026-06-12,0.2887663875819677,1.0,1,prime
2026-06-12,1.1468433271983638,0.0,0,prime
2026-06-12,2.2157958426757354,0.03459591210058361,0,prime
2026-06-12,1.10692517805243,0.0,0,subprime
2026-06-12,3.2233629554040792,0.0,0,prime
2026-06-12,1.9816076101634454,0.0971000742237423,0,subprime
2026-06-12,1.704085527277593,1.0,1,prime
2026-06-12,2.5520983360425515,0.9956398799539389,1,subprime
2026-06-12,4.278632174638013,1.0,1,subprime
2026-06-12,1.555116279864429,0.9685822075488016,1,prime
2026-06-12,2.4832902371754035,0.0,0,prime
2026-06-12,1.8457427723562965,0.9472043494121534,1,prime
2026-06-12,2.0355949673595743,0.9514811325379985,1,subprime
2026-06-12,2.6950843012102292,0.9198732065729718,1,prime
2026-06-12,3.4273615918903566,0.9480661551506334,1,subprime
2026-06-12,3.293701505661606,0.0,0,prime
2026-06-12,3.769741212873666,0.1332875510694504,0,prime
2026-06-12,1.2177267453453426,0.0,0,prime
2026-06-12,3.6091355422425098,0.9006160748315074,1,prime
2026-06-12,0.8503382570400697,1.0,1,subprime
2026-06-12,0.30145624531733506,0.19306504232364158,0,prime
2026-06-12,0.8672024870567593,0.9989319000218624,1,subprime
2026-06-12,1.7849912658511589,1.0,1,prime
2026-06-12,3.232762462473507,0.14483432201633667,0,subprime
2026-06-12,2.369582347964484,0.06326492515680113,0,prime
2026-06-12,1.2607790782981187,1.0,1,prime
2026-06-12,1.5126456303841758,0.013724525239028569,0,prime
2026-06-12,2.183351198967326,0.03717408061999076,0,prime
2026-06-12,2.8577522200330856,0.1847415691669153,0,subprime
2026-06-12,2.5838552796581484,0.0,0,subprime
2026-06-12,1.8189180112597223,0.8899116457280174,1,prime
2026-06-12,1.9695539689709993,3.9559547648011784e-05,0,subprime
2026-06-12,1.8476652945689085,0.007311753539050822,0,subprime
2026-06-12,1.5357043573238667,0.14204347140283624,0,prime
2026-06-12,3.3626047997454247,0.901773986441325,1,subprime
2026-06-12,1.8928592820207468,0.0,0,prime
2026-06-12,2.83551408791617,1.0,1,prime
2026-06-12,0.9845982264526758,0.06840308107073464,0,prime
2026-06-12,2.61431411704257,0.7798776379793315,1,subprime
2026-06-12,1.3540977239025849,0.9072615210780411,1,prime
2026-06-12,3.6919752366483136,0.0,0,prime
2026-06-12,2.3088597613399724,0.0,0,prime
2026-06-12,0.8073198672826971,1.0,1,subprime
2026-06-12,1.6187588764685028,0.9420510807083056,1,prime
2026-06-12,1.5557369780084187,0.0,0,prime
2026-06-12,0.767050615810047,0.05865704140011976,0,prime
2026-06-12,2.53988205696401,0.0,0,prime
2026-06-12,1.9893814169563313,0.7923322483041577,1,prime
2026-06-12,2.6680493826995364,0.828579913817824,1,prime
2026-06-12,2.898646179822288,0.8674004235277882,1,prime
2026-06-12,-0.07705288673306798,0.07443243962870229,0,prime
2026-06-12,2.820800952253929,1.0,1,subprime
2026-06-12,2.388087524241364,0.9289937542260275,1,subprime
2026-06-12,2.685264964661445,0.0071599608282166965,0,prime
2026-06-12,0.9266587177308201,1.0,1,prime
2026-06-12,0.8160701185086738,0.9846534762213052,1,subprime
2026-06-12,3.0196016175961207,1.0,1,prime
2026-06-12,1.89166279873329,0.11944452409693525,0,prime
2026-06-12,3.3427259749503726,0.2688974923040477,0,prime
2026-06-12,3.564420428776599,0.0,0,prime
2026-06-12,0.9473983203558879,0.12860323273496305,0,prime
2026-06-12,2.478494818372414,0.03891627768307393,0,prime
2026-06-12,2.166277523787487,0.14003505919613435,0,prime
2026-06-12,3.2500223484622084,0.7549157834111999,1,subprime
2026-06-12,0.964130312493169,0.9528707358654551,1,prime
2026-06-12,1.4098327875630619,0.05370196467424386,0,prime
2026-06-12,3.0086960749139027,1.0,1,prime
2026-06-12,2.317536624204817,0.06949712570992367,0,prime
2026-06-12,1.1561791716202272,0.22288250201538512,0,prime
2026-06-12,2.222465541783469,0.2663678108128642,0,prime
2026-06-12,0.5781372162406526,0.11540731885194215,0,prime
2026-06-12,0.1772636465443207,0.06846657567413436,0,prime
2026-06-12,1.9618237590972325,0.9434215663898514,1,subprime
2026-06-12,1.9767900108475085,0.12508864648198817,0,subprime
2026-06-12,3.0535736213764295,0.0,0,prime
2026-06-12,0.650238652417169,0.17524899386096618,0,prime
2026-06-12,1.9019524266497208,0.9603171106672137,1,subprime
2026-06-12,2.226756387536464,0.0,0,subprime
2026-06-12,2.4386494826707903,1.0,1,prime
2026-06-12,2.095243538229074,0.8779812397757712,1,prime
2026-06-12,1.7172228778067695,1.0,1,subprime
2026-06-12,0.0320248307457609,0.09290737719304465,0,prime
2026-06-12,0.6070898813067369,0.0,0,prime
2026-06-12,1.4860080667495001,0.9196817523672589,1,subprime
2026-06-12,1.3946034690488804,0.0,0,subprime
2026-06-12,2.8373307029553883,0.0677402064490442,0,prime
2026-06-12,3.4606992192419144,0.0,0,prime
2026-06-12,2.2447694468624966,0.0,0,subprime
2026-06-12,2.7689118378321393,0.153283478780194,0,prime
2026-06-12,1.5700323177181774,0.10553403911789283,0,subprime
2026-06-12,1.017380273567318,0.0,0,prime
2026-06-12,2.9060645435924344,0.05337372091321691,0,prime
2026-06-12,1.5974599113478183,1.0,1,prime
2026-06-12,0.027014484703343555,1.0,1,prime
2026-06-12,3.414561414603028,0.9565568753600908,1,prime
2026-06-12,1.9109658864334786,0.008975116414078617,0,prime
2026-06-12,0.036250453296160945,0.8565720582506741,1,subprime
2026-06-12,2.147287259674674,0.9825848348239583,1,prime
2026-06-12,2.197372078382106,1.0,1,prime
2026-06-12,3.1304685955887552,0.889215563098836,1,prime
2026-06-12,2.116124104111914,0.8259033749686817,1,subprime
2026-06-12,1.275922124213661,0.04147276027515939,0,subprime
2026-06-12,1.8617724552868624,0.0,0,prime
2026-06-12,0.08139162588406545,0.7540631646132564,1,subprime
2026-06-12,1.1946262227301347,0.8944561425794643,1,subprime
2026-06-12,1.7952874730670476,0.9099964501229036,1,prime
2026-06-12,2.0526655039901853,0.11755879138749692,0,subprime
2026-06-12,2.0095267895628526,0.10767084960870629,0,subprime
2026-06-12,1.6241426514820758,0.2284018694993237,0,prime
2026-06-12,0.8570404010661183,0.02391741933088465,0,prime
2026-06-12,1.4755453689137548,1.0,1,subprime
2026-06-12,1.5716328869403156,0.1244593989774253,0,prime
2026-06-12,0.9507826340653002,0.9299111091528159,1,subprime
2026-06-12,1.0724920444570574,0.271452428522699,0,subprime
2026-06-13,-0.16717811497705704,0.9073811565980531,1,prime
2026-06-13,1.9994637910981716,0.9739263274235498,1,prime
2026-06-13,0.006331598855546128,0.12209593258291473,0,prime
2026-06-13,3.5513564291904314,0.026816654075965382,0,prime
2026-06-13,1.3531686813098394,0.9714788548417769,1,subprime
2026-06-13,2.020103264552696,0.05785803279675629,0,prime
2026-06-13,1.237464753021386,1.0,1,prime
2026-06-13,3.4025729204885025,1.0,1,subprime
2026-06-13,2.2142953981315454,0.0,0,prime
2026-06-13,2.189080396156001,0.94796089176121,1,prime
2026-06-13,1.3423314323836537,0.031197944045610312,0,prime
2026-06-13,3.2589295365422815,0.0,0,prime
2026-06-13,2.269535840209973,0.16573905152738128,0,prime
2026-06-13,2.523112318231511,1.0,1,prime
2026-06-13,2.390734276269532,0.9629059658223044,1,prime
2026-06-13,2.1676245429358216,0.1817945572811419,0,subprime
2026-06-13,0.5113248497894329,0.90261131180084,1,prime
2026-06-13,1.9519190793325238,0.7773811496694495,1,prime
2026-06-13,2.530852210446022,0.11643551546100732,0,subprime
2026-06-13,0.7151210976398461,0.16276328642531968,0,prime
2026-06-13,1.5082835210414793,0.0,0,prime
2026-06-13,1.9240404244890643,0.0,0,prime
2026-06-13,2.499506758090153,0.08354710477532176,0,prime
2026-06-13,1.6799991084745356,0.10269025013820257,0,subprime
2026-06-13,-0.09610164110167263,0.8905828268815171,1,prime
2026-06-13,2.454925738907466,1.0,1,prime
2026-06-13,0.7278006816651288,0.0,0,prime
2026-06-13,1.479664518304563,0.027757081787742624,0,prime
2026-06-13,2.172831331998167,1.0,1,subprime
2026-06-13,2.498255346401615,0.0,0,prime
2026-06-13,0.5983088331182185,0.12421174976511838,0,subprime
2026-06-13,1.1604612464962178,0.048877777334763055,0,subprime
2026-06-13,2.8845079529517372,1.0,1,prime
2026-06-13,3.65924344552735,0.8792655033640036,1,prime
2026-06-13,0.9123075973171615,0.09758175344273409,0,prime
2026-06-13,2.777917258518679,0.16796093446979887,0,subprime
2026-06-13,3.338805076648686,1.0,1,prime
2026-06-13,3.117145198936992,0.03361235072213732,0,subprime
2026-06-13,2.3455857561097657,1.0,1,prime
2026-06-13,2.321184739161108,0.0,0,prime
2026-06-13,0.8092611406527794,0.0,0,prime
2026-06-13,1.5777054980061207,0.039748259176615286,0,prime
2026-06-13,4.272644094873629,0.13777866607925526,0,subprime
2026-06-13,2.433307625393558,0.9640877317565132,1,prime
2026-06-13,0.2421137216446858,0.0,0,prime
2026-06-13,0.9446004163119026,0.9644130649126677,1,prime
2026-06-13,2.037670912865454,1.0,1,prime
2026-06-13,2.392167432286656,0.9327605266325476,1,prime
2026-06-13,1.475339917907026,1.0,1,prime
2026-06-13,1.0122842256612195,0.2896407075744193,0,subprime
2026-06-13,1.174003916414378,0.9842651306270179,1,subprime
2026-06-13,0.1665966980963942,0.056199486041215635,0,prime
2026-06-13,0.8840829854598411,0.14404249067340874,0,prime
2026-06-13,2.71117246918354,1.0,1,subprime
2026-06-13,2.900975345593694,0.8838324736143265,1,prime
2026-06-13,1.244048221590567,1.0,1,prime
2026-06-13,2.7426330083450434,1.0,1,prime
2026-06-13,1.6359123315648654,0.9143662088269588,1,prime
2026-06-13,1.9424511917677167,0.21495671951333822,0,prime
2026-06-13,3.5071488703978213,0.083750133795056,0,prime
2026-06-13,1.4732515636021934,0.05331951129514316,0,subprime
2026-06-13,2.589893212579961,0.014824098558813142,0,subprime
2026-06-13,2.764611096360229,0.0,0,subprime
2026-06-13,1.5755112915219125,0.05343145645916751,0,subprime
2026-06-13,3.292628984191241,0.07326502303022678,0,prime
2026-06-13,1.6941946281449414,0.9766162955526037,1,prime
2026-06-13,1.3609042768984128,0.0,0,prime
2026-06-13,0.5476755247631517,0.18064164129928773,0,subprime
2026-06-13,3.8424703730012277,0.22412571237655088,0,prime
2026-06-13,3.534360371720331,0.7442882201642829,1,prime
2026-06-13,2.858902133799337,0.8801487528407035,1,prime
2026-06-13,2.0512617480550146,0.03711983059209309,0,prime
2026-06-13,1.6564417579696467,1.0,1,subprime
2026-06-13,0.27701474354043953,1.0,1,subprime
2026-06-13,3.406128038424944,0.0,0,prime
2026-06-13,-0.5315191400648809,1.0,1,prime
2026-06-13,0.6984752178239062,0.9916194570170122,1,prime
2026-06-13,1.588886973318878,0.15145301546977902,0,prime
2026-06-13,2.9536119177882503,0.11280007756163117,0,prime
2026-06-13,1.2763836201171246,0.9697816332399777,1,prime
2026-06-13,3.093465555093731,1.0,1,prime
2026-06-13,1.4785159958414877,0.24466566859935884,0,subprime
2026-06-13,1.6928201627124597,0.0,0,prime
2026-06-13,3.647946055746866,0.9176116629271888,1,prime
2026-06-13,2.3616014870272237,0.0,0,prime
2026-06-13,0.8352308550454741,0.0,0,prime
2026-06-13,2.9125421633197677,0.024892225394081067,0,prime
2026-06-13,0.7937558385457162,0.12130223493939707,0,prime
2026-06-13,3.3956496658650095,1.0,1,prime
2026-06-13,1.4477040439827695,0.023261029032211444,0,prime
2026-06-13,2.7780362026604664,1.0,1,prime
2026-06-13,0.9148169507277668,0.13388090839700656,0,prime
2026-06-13,2.2339452674488673,0.8932420976719436,1,prime
2026-06-13,2.589255194553368,0.0,0,subprime
2026-06-13,2.7992513995787345,0.0,0,prime
2026-06-13,0.8326856010725436,0.0,0,prime
2026-06-13,0.16102822371301828,0.0,0,prime
2026-06-13,2.7743257007372426,0.11317612517613623,0,subprime
2026-06-13,2.2190066625279017,0.0244023136966756,0,prime
2026-06-13,1.746534262759106,0.17721344145098075,0,prime
2026-06-13,3.4137353401178627,0.9942616090893454,1,prime
2026-06-13,0.10135368667209876,0.0,0,prime
2026-06-13,2.316809153712811,0.0,0,subprime
2026-06-13,1.4326321258164212,0.9751075060415393,1,prime
2026-06-13,0.8348170234530539,0.0,0,prime
2026-06-13,2.576747793964837,1.0,1,prime
2026-06-13,2.4591407697725813,0.9002115055909021,1,prime
2026-06-13,2.5672059764141903,0.9193995870453577,1,prime
2026-06-13,0.6153019083602258,0.0,0,prime
2026-06-13,3.078123228475458,1.0,1,prime
2026-06-13,1.1020174898287176,0.25432383296807876,0,prime
2026-06-13,2.879889978177554,0.9412679071630435,1,prime
2026-06-13,1.3389929039442692,0.868904179909132,1,prime
2026-06-13,3.788572026098082,0.021246455359824865,0,subprime
2026-06-13,1.3104371765986098,0.06602328822878939,0,prime
2026-06-13,1.969638886718116,0.04205214427222577,0,prime
2026-06-13,0.8595017725530898,0.679687233613518,1,subprime
2026-06-13,0.38612725356539634,1.0,1,prime
2026-06-13,2.193691625587213,0.961848965588422,1,prime
2026-06-13,3.0779418611627136,0.0,0,prime
2026-06-13,1.8800762585709325,0.0,0,prime
2026-06-13,1.0991848609432386,1.0,1,prime
2026-06-13,2.9160659909421267,0.927086535305308,1,prime
2026-06-13,2.800477693418473,0.0,0,prime
2026-06-13,1.6324992790877297,0.9469053632439346,1,prime
2026-06-13,3.3189010394019123,1.0,1,prime
2026-06-13,1.7035211512391022,0.920555330234833,1,subprime
2026-06-13,3.3932878721438273,0.0660619389758252,0,subprime
2026-06-13,2.546675875163665,0.09193443367909332,0,prime
2026-06-13,1.8283797144247453,0.9862927116547268,1,subprime
2026-06-13,2.352194497694183,1.0,1,prime
2026-06-13,2.3769669938633173,0.9356274328306964,1,prime
2026-06-13,2.725782346557996,0.018030624290205625,0,subprime
2026-06-13,2.387003715613565,0.7668514520180234,1,prime
2026-06-13,2.7114138328864734,0.7041060132316568,1,prime
2026-06-13,1.0876771337155882,1.0,1,prime
2026-06-13,2.5812737521008398,0.08373048279698446,0,prime
2026-06-13,3.2918552785784003,0.07060519313489075,0,subprime
2026-06-13,2.348439200230724,0.0,0,subprime
2026-06-13,4.078177135384744,0.039725862643843125,0,subprime
2026-06-13,1.8209844566347826,0.022786805650924113,0,prime
2026-06-13,1.277636004443404,0.8939712896815017,1,prime
2026-06-13,0.9595536471424859,0.03925961183918328,0,prime
2026-06-13,1.773175379915199,0.04542585274189559,0,subprime
2026-06-13,1.1457420691017404,0.812486613779108,1,subprime
2026-06-13,2.3349520739045144,0.9625754001613875,1,subprime
2026-06-13,1.8397729529446267,0.022570895006268313,0,subprime
2026-06-13,2.835147398786005,0.9701366086773335,1,subprime
2026-06-13,2.836447457945501,0.8437051695995427,1,prime
2026-06-13,3.1688365978316346,0.0,0,prime
2026-06-13,1.550223333019351,1.0,1,prime
2026-06-13,1.0210368024491312,0.08413332154240975,0,subprime
2026-06-13,1.930790456833341,0.11503104026605135,0,prime
2026-06-13,2.4787153807036693,0.9980185887928306,1,subprime
2026-06-13,1.2685974166431402,0.8612788930486022,1,prime
2026-06-13,1.094300673724827,0.9234895855395089,1,prime
2026-06-13,3.4088366104575023,0.756378157014576,1,subprime
2026-06-13,1.5801159054847655,0.0,0,prime
2026-06-13,2.952537321519355,0.8333388999904698,1,prime
2026-06-13,1.9486459910850547,1.0,1,prime
2026-06-13,0.5647056193874589,0.12967230194182433,0,subprime
2026-06-13,3.6232459446796534,0.8638080996462034,1,prime
2026-06-13,1.9050501317337083,0.01296239402771733,0,prime
2026-06-13,3.2932249911255758,0.2801326020235667,0,subprime
2026-06-13,3.0853843779303407,0.9433910087540741,1,prime
2026-06-13,2.656280502902857,0.1954163557647214,0,prime
2026-06-13,1.3565700424977964,0.0,0,prime
2026-06-13,0.8846712835240766,0.021818938504575766,0,prime
2026-06-13,0.15233262625417465,0.0,0,prime
2026-06-13,3.019990550471975,0.8423946497883108,1,subprime
2026-06-13,2.3810369904262187,1.0,1,subprime
2026-06-13,1.9172434037862098,0.6757844827573511,1,prime
2026-06-13,1.7185119314595216,0.9022288994771611,1,subprime
2026-06-13,0.8802670272518773,0.08972030017595786,0,prime
2026-06-13,3.564390527981689,0.873703982143368,1,subprime
2026-06-13,2.623256932140976,0.10821817545705667,0,prime
2026-06-13,1.3656506051856336,0.9635523567951898,1,prime
2026-06-13,2.95025559791011,0.009660873260504986,0,prime
2026-06-13,2.1407281982871678,1.0,1,prime
2026-06-13,2.5794292890335218,0.8522720075026948,1,subprime
2026-06-13,3.8785372722265308,0.0,0,subprime
2026-06-13,2.071782296327638,0.14465704212239686,0,prime
2026-06-13,2.5642397192086794,0.21210971863175032,0,prime
2026-06-13,2.0515130286981673,1.0,1,subprime
2026-06-13,4.186834305245798,0.03785905247285677,0,prime
2026-06-13,3.446700709302,0.9686318112434082,1,subprime
2026-06-13,2.094391569806835,0.9314936350130323,1,prime
2026-06-13,1.1596219613564038,0.0,0,subprime
2026-06-13,3.301781543286186,0.8535852357701711,1,prime
2026-06-13,2.659790312381263,0.07603377616562598,0,prime
2026-06-13,0.009797322589797819,0.04158241734654315,0,prime
2026-06-13,3.005085002069327,1.0,1,prime
2026-06-13,2.176182819776993,0.9548183049424911,1,subprime
2026-06-13,2.384370623701831,0.868357913350408,1,subprime
2026-06-13,4.3934334578075225,0.9809702360739969,1,prime
2026-06-13,1.26431154288238,0.0,0,subprime
2026-06-13,2.2681344912476002,0.0,0,prime
2026-06-13,1.09578416104979,0.25064053283424187,0,prime
2026-06-13,1.7625842899247404,0.3314483611811871,0,prime
2026-06-13,2.1822751730817087,0.0,0,subprime
2026-06-13,1.0166614500838405,0.7850474619652568,1,prime
2026-06-13,1.6342368948306398,0.9310394201698319,1,prime
2026-06-13,1.4106930535109634,0.05851750753676452,0,subprime
2026-06-13,3.626755378332204,0.961770382707156,1,prime
2026-06-13,3.0885862505734925,1.0,1,prime
2026-06-13,1.66454346814799,0.9567318810318957,1,subprime
2026-06-13,-0.30318477099266516,0.0,0,prime
2026-06-13,2.2901980991206408,0.0,0,prime
2026-06-13,1.5296317677817561,0.2108135756357983,0,prime
2026-06-13,2.1941174081605563,0.8631384702266541,1,prime
2026-06-13,2.4090257548416867,0.8151540614969216,1,subprime
2026-06-13,1.5769518859441278,0.0,0,subprime
2026-06-13,0.9086896623152279,0.0,0,prime
2026-06-13,2.1547695294344336,0.7845046235117841,1,prime
2026-06-13,0.48610196964791497,1.0,1,prime
2026-06-13,3.010862795031121,0.9576333478576448,1,prime
2026-06-13,1.930455330368798,0.21090119273913913,0,prime
2026-06-13,2.727474191857042,0.0,0,prime
2026-06-13,1.8031845952614474,0.959124632030173,1,prime
2026-06-13,2.0277856557423397,0.0,0,prime
2026-06-13,2.5304086397973125,0.9252419460727277,1,prime
2026-06-13,1.0677409912399651,0.04896432334823573,0,subprime
2026-06-13,2.8649954042916654,0.0,0,subprime
2026-06-13,2.9188635555190316,1.0,1,prime
2026-06-13,-0.7475336638746386,0.03519858651899441,0,prime
2026-06-13,3.1824548328432276,0.9306755899151705,1,prime
2026-06-13,3.0616057193168484,0.0,0,subprime
2026-06-13,0.512124188931901,0.9959497561558918,1,prime
2026-06-13,2.061144217404032,0.9049723525114004,1,subprime
2026-06-13,2.0853001464153604,0.08269883444580364,0,prime
2026-06-13,2.2888749302218048,0.8389814909114888,1,prime
2026-06-13,1.178336989949524,1.0,1,prime
2026-06-13,2.040623198855868,1.0,1,prime
2026-06-13,2.9407939638422067,0.9193223727492231,1,prime
2026-06-13,2.0558870709584567,0.0,0,prime
2026-06-13,1.7353249519627973,1.0,1,prime
2026-06-13,1.7008946654481574,1.0,1,subprime
2026-06-13,3.689799026464838,0.9747687022774443,1,subprime
2026-06-13,2.7900104642004964,1.0,1,prime
2026-06-13,0.9872380651152335,0.032639451067389816,0,prime
2026-06-13,3.590661898306336,0.12106331732479907,0,prime
2026-06-13,2.324597653544548,0.0,0,subprime
2026-06-13,1.4181417296656793,0.9744435597336115,1,prime
2026-06-13,2.8368591506120167,0.13296656649061595,0,prime
2026-06-13,1.493678742424187,0.010567682317700354,0,prime
2026-06-13,1.8339771711008992,0.0,0,prime
2026-06-13,2.609978394648794,0.0,0,prime
2026-06-13,2.1128618732753903,0.9678046587332501,1,prime
2026-06-13,1.2384998483707645,0.7885313837414033,1,prime
2026-06-13,2.3616808805828353,0.0,0,prime
2026-06-13,1.9011423015793003,0.051309657392478565,0,prime
2026-06-13,0.21398942101346763,0.9013086141605536,1,prime
2026-06-13,1.8676170004315453,1.0,1,prime
2026-06-13,2.638293518101769,0.0,0,subprime
2026-06-13,1.8489621680264727,1.0,1,prime
2026-06-13,1.2907458349019851,1.0,1,prime
2026-06-13,1.8769779739632615,1.0,1,prime
2026-06-13,3.4402684797415573,0.057363318063147865,0,prime
2026-06-13,2.809245529973297,1.0,1,prime
2026-06-13,4.352331421746512,0.8941586498497333,1,subprime
2026-06-13,1.9435712885251566,0.11641118066666722,0,prime
2026-06-13,2.561844719579384,0.0,0,prime
2026-06-13,1.112620428524682,0.8609977032078344,1,subprime
2026-06-13,1.2845825238377089,0.9422024351577216,1,prime
2026-06-13,1.0864540725046319,0.08114756623452042,0,prime
2026-06-13,-0.5497177571383975,0.06933637221428583,0,subprime
2026-06-13,0.7753344811925202,0.0,0,prime
2026-06-13,1.8372018384669615,0.13051697279072544,0,prime
2026-06-13,2.1750323168363725,0.0,0,subprime
2026-06-13,3.6084224608013002,0.9468100327086482,1,prime
2026-06-13,2.6932845220623243,0.23989179498252505,0,prime
2026-06-13,1.2290316849889122,0.8379683470660877,1,subprime
2026-06-13,-0.43319552854017696,1.0,1,subprime
2026-06-13,2.265864759006921,0.13997673482981737,0,prime
2026-06-13,2.804089011175988,1.0,1,subprime
2026-06-13,2.358160437414126,1.0,1,prime
2026-06-13,0.9817209565995968,0.0,0,subprime
2026-06-13,2.026731135752227,0.9518540539849065,1,subprime
2026-06-13,2.6544044647221754,0.0,0,subprime
2026-06-13,0.9582591645703813,0.12552570426765278,0,prime
2026-06-13,1.4010459588801065,0.9290492095816187,1,prime
2026-06-13,2.254743356929809,0.8101377539612185,1,prime
2026-06-13,1.4217722752892088,0.9319370079202633,1,prime
2026-06-13,1.0747272180773328,0.13014489572872473,0,prime
2026-06-13,0.28391325333138595,0.9537137868760037,1,subprime
2026-06-13,1.052460998667031,0.9722062431846791,1,prime
2026-06-13,2.200212035760447,0.0,0,prime
2026-06-13,0.41500279809486207,0.0,0,prime
2026-06-13,-0.2543176557675464,0.8465904621241008,1,subprime
2026-06-13,2.225849163803364,0.8840212597813807,1,prime
2026-06-13,2.605941964654166,0.1619842837796434,0,prime
2026-06-13,0.7089536104834226,1.0,1,subprime
2026-06-13,3.2094204630127505,1.0,1,subprime
2026-06-13,0.26701177955201016,0.0846421887417581,0,prime
2026-06-13,2.707405975553532,0.8853116116727543,1,prime
2026-06-13,2.0645649696742208,0.9839345432855204,1,prime
2026-06-13,1.063254330614241,0.06559812976492317,0,subprime
2026-06-13,1.5663929399785883,0.0,0,prime
2026-06-13,3.203246374213592,0.0,0,prime
2026-06-13,0.7883036633698046,0.0,0,subprime
2026-06-13,1.9416798689413666,1.0,1,prime
2026-06-13,2.059430761914759,0.0,0,prime
2026-06-13,0.33489076249515803,1.0,1,prime
2026-06-13,2.6275771288683476,0.9519342416340751,1,prime
2026-06-13,2.7080845657021513,0.07954712859094212,0,prime
2026-06-13,2.7470145376753883,0.036729519171665226,0,prime
2026-06-13,2.890123960416553,0.8811268451250948,1,prime
2026-06-13,3.40055123038577,0.0,0,subprime
2026-06-13,1.3138599117219099,0.013374125552044966,0,prime
2026-06-13,2.4418496902697724,0.0246767818698556,0,prime
2026-06-13,3.631216821981786,0.8235450370733592,1,prime
2026-06-13,2.1020511609233417,1.0,1,subprime
2026-06-13,1.8167535239563652,0.9552199925510148,1,prime
2026-06-13,1.8803281772502927,0.2633792817419781,0,prime
2026-06-13,4.320259724118772,0.7760160615995862,1,prime
2026-06-13,0.9020912455165675,0.18715317898247713,0,prime
2026-06-13,2.6550034560350615,1.0,1,prime
2026-06-13,1.4878545520090953,1.0,1,prime
2026-06-13,1.2425867528494057,0.1400510395828497,0,prime
2026-06-13,1.500468580510253,0.010736177423154872,0,subprime
2026-06-13,2.490709773408315,0.9014623373166967,1,prime
2026-06-13,3.6097783188112293,0.9726026617410819,1,subprime
2026-06-13,0.616233693935565,0.11797227454105579,0,prime
2026-06-13,0.44697029366054775,0.9926420787688687,1,prime
2026-06-13,3.3348239641485047,0.0,0,prime
2026-06-13,1.3558658947328839,1.0,1,prime
2026-06-13,2.52337098823637,0.12997289201617268,0,prime
2026-06-13,2.4622134716717,0.0,0,prime
2026-06-13,1.6524533042803915,0.04067422630562745,0,prime
2026-06-13,2.3570337163724124,0.08604266542934197,0,prime
2026-06-13,0.7331377005948723,0.02488911312545573,0,prime
2026-06-13,3.1040039295382744,0.0,0,prime
2026-06-13,3.6004678528492566,0.20723764101505593,0,subprime
2026-06-13,1.2240554805988926,0.8752847461651164,1,prime
2026-06-13,0.46471151134242117,0.8371354579143043,1,prime
2026-06-13,2.699567118135389,1.0,1,prime
2026-06-13,2.7920082583009287,1.0,1,prime
2026-06-13,2.6120158837101966,0.9635055926942302,1,prime
2026-06-13,1.972034957531499,0.20253489297120572,0,prime
2026-06-13,2.854363952564354,0.0,0,prime
2026-06-13,2.7391679581350754,0.20134296369518212,0,subprime
2026-06-13,2.2042524355738604,1.0,1,prime
2026-06-13,1.852030231765633,0.0019383114223492648,0,prime
2026-06-13,0.7562161435194088,0.6867078304009787,1,prime
2026-06-13,0.9925537493714598,0.042326783438699195,0,subprime
2026-06-13,2.2479629924961344,0.21961047683882334,0,prime
2026-06-13,1.6618379245760218,0.8048157787568789,1,prime
2026-06-13,3.746073091025602,0.7824735207265733,1,prime
2026-06-13,1.9701973489285503,0.8944581038756605,1,subprime
2026-06-13,1.08490025738827,0.9200224059856528,1,subprime
2026-06-13,3.259323083419584,0.0,0,prime
2026-06-13,2.5833272120877417,0.9712363211426503,1,prime
2026-06-13,2.476914576532435,0.990698699413985,1,prime
2026-06-13,1.5964320686391893,0.9555948231432162,1,prime
2026-06-13,1.5889027745714073,0.8866751498783157,1,subprime
2026-06-13,2.8094671095819854,0.0,0,prime
2026-06-13,2.0981773032859974,0.0,0,subprime
2026-06-13,1.9797859662768396,0.9531548353926933,1,subprime
2026-06-13,1.8943905460668922,0.8388685265915634,1,prime
2026-06-13,1.921434869417326,1.0,1,prime
2026-06-13,2.4494490200504613,0.1825250956012362,0,prime
2026-06-13,1.7434620863362942,1.0,1,subprime
2026-06-13,1.0235112528378023,0.06772486468054144,0,prime
2026-06-13,0.8642837262810896,0.883813860763476,1,subprime
2026-06-13,3.1398941316601885,0.9808701093024245,1,subprime
2026-06-13,2.855649682929358,0.04275485574241207,0,subprime
2026-06-13,1.4847222107658484,0.15671881290148088,0,subprime
2026-06-13,2.272871994459597,0.9402764040592698,1,prime
2026-06-13,3.034875950429748,0.19619804851239067,0,subprime
2026-06-13,0.7432111123032519,0.0,0,subprime
2026-06-13,1.497981242084892,0.0,0,prime
2026-06-13,1.0794459209089202,0.0,0,prime
2026-06-13,3.002013692831735,0.14063159417223242,0,prime
2026-06-13,0.7456095601646495,0.0,0,subprime
2026-06-13,1.6305775960307338,0.9962916329328246,1,prime
2026-06-13,3.967842394512214,0.08302114034210158,0,prime
2026-06-13,1.550862548657467,0.04230179166030916,0,prime
2026-06-13,0.9630086323926421,0.05319599395087505,0,prime
2026-06-13,1.1946951638660992,0.0,0,prime
2026-06-13,1.5728646536329016,0.21437759233639683,0,subprime
2026-06-13,2.289238293477996,0.8629150849292255,1,prime
2026-06-13,3.8382940145688194,0.3038931268895854,0,prime
2026-06-13,1.9939498139346943,0.0,0,subprime
2026-06-13,1.2773872010636569,1.0,1,subprime
2026-06-13,1.4557330297152473,0.0,0,subprime
2026-06-13,1.377986316690538,1.0,1,subprime
2026-06-13,3.5474572602422834,0.14043935463898774,0,subprime
2026-06-13,2.293360367062117,0.0949137110459099,0,prime
2026-06-13,0.6743312208273484,0.0,0,prime
2026-06-13,1.8713312564433848,1.0,1,subprime
2026-06-13,2.9955002480260866,0.845917105122728,1,prime
2026-06-13,2.3241061719806377,0.0,0,subprime
2026-06-13,1.3912638172246354,0.0,0,prime
2026-06-13,0.8853723688619264,0.1296332561066678,0,prime
2026-06-13,1.8546885971084248,1.0,1,prime
2026-06-13,3.5144991314206866,0.9538028269543025,1,prime
2026-06-13,2.105358455961897,0.0,0,subprime
2026-06-13,2.150804299236656,0.1954507629660183,0,prime
2026-06-13,1.7438686490648403,0.0,0,prime
2026-06-13,2.4260623771275096,0.8536714714426232,1,subprime
2026-06-14,2.188966219253241,0.0,0,prime
2026-06-14,2.232358806327795,0.11169930523830143,0,subprime
2026-06-14,1.977962350289318,0.2687950025236242,0,subprime
2026-06-14,1.3878250053105328,0.06226740116128408,0,subprime
2026-06-14,1.2899871168463508,0.7751470684221737,1,subprime
2026-06-14,1.786893497573836,0.8310430023259694,1,prime
2026-06-14,1.1444961375674088,1.0,1,prime
2026-06-14,1.8381695330724577,0.9983215497023604,1,prime
2026-06-14,1.6696902098130408,0.0,0,prime
2026-06-14,2.2120523018326828,0.17352732892286782,0,prime
2026-06-14,4.355894430460278,0.8669902547027953,1,prime
2026-06-14,1.5348372521493887,0.9659218219071187,1,prime
2026-06-14,3.1395592971729283,0.04157621956319754,0,prime
2026-06-14,1.609945342645313,0.17270676383944084,0,prime
2026-06-14,0.7664746275305889,0.063160023819476,0,prime
2026-06-14,1.6473465742718276,1.0,1,subprime
2026-06-14,2.021894559620869,0.0,0,prime
2026-06-14,2.6698823617757674,0.7166473595171858,1,prime
2026-06-14,0.6770307579509884,0.09877770479060265,0,prime
2026-06-14,1.870929698256786,0.0,0,subprime
2026-06-14,0.3876488501470836,1.0,1,prime
2026-06-14,1.9272010501080938,0.8691122422817954,1,subprime
2026-06-14,2.9014308237425794,0.1844171359276572,0,prime
2026-06-14,0.8291991027408718,0.8203642823313116,1,prime
2026-06-14,1.1438270300203404,0.08489843887064438,0,prime
2026-06-14,2.113373378188636,0.0,0,prime
2026-06-14,1.7020595080295409,0.0,0,prime
2026-06-14,2.9748289849207614,0.8853616783694851,1,prime
2026-06-14,2.1623807731545663,0.006939713365800564,0,subprime
2026-06-14,0.32856311043398523,0.07968583585517103,0,prime
2026-06-14,2.9591527427233912,0.0,0,prime
2026-06-14,3.0108900942971637,0.8948030181310156,1,subprime
2026-06-14,1.941304675918652,1.0,1,subprime
2026-06-14,0.3629160075664519,0.0,0,prime
2026-06-14,2.0141002504784193,1.0,1,prime
2026-06-14,2.3556756888000923,0.07975168759236445,0,prime
2026-06-14,1.540892167851005,0.024823957931109607,0,prime
2026-06-14,0.8469803581734413,0.09623390259832787,0,subprime
2026-06-14,3.0313811168382383,0.1282406550679802,0,prime
2026-06-14,2.3465911567910034,0.038117369337594395,0,prime
2026-06-14,2.0375686685310646,0.17277333200505182,0,prime
2026-06-14,1.088779449638016,0.1593055181034887,0,prime
2026-06-14,2.2906734957212564,1.0,1,prime
2026-06-14,3.892344444426044,0.0,0,prime
2026-06-14,0.8083513536890761,1.0,1,subprime
2026-06-14,1.9920626243333095,1.0,1,prime
2026-06-14,2.7505612371209667,1.0,1,prime
2026-06-14,1.5905753489245071,0.903926826061783,1,prime
2026-06-14,3.098856943214794,0.08350388042069101,0,prime
2026-06-14,1.9520817941348834,0.7426624521206084,1,prime
2026-06-14,1.420228332962901,0.9631912184897227,1,subprime
2026-06-14,1.6554187737083605,0.0,0,prime
2026-06-14,2.5498995151044106,0.8777921672656911,1,prime
2026-06-14,2.537618596691275,0.8542877672978204,1,subprime
2026-06-14,0.18582533166505377,0.0,0,prime
2026-06-14,1.7959527950989143,0.8737849807209173,1,prime
2026-06-14,0.8626886603373063,0.061182729450445006,0,subprime
2026-06-14,1.3680762090332685,0.9310906939896108,1,prime
2026-06-14,1.8355739594977216,0.9107770897912382,1,prime
2026-06-14,3.1659014067466833,0.19284669021421513,0,subprime
2026-06-14,2.404196974728753,0.19292980954074354,0,subprime
2026-06-14,1.3780199608478836,0.8394425336058856,1,prime
2026-06-14,2.210727045295802,1.0,1,subprime
2026-06-14,1.8366154128043046,0.7625465034852676,1,subprime
2026-06-14,0.633039405796509,0.987239447751809,1,prime
2026-06-14,3.383162622236445,0.8819536202488814,1,prime
2026-06-14,2.253107596802111,0.18740333032187112,0,subprime
2026-06-14,1.1737244010652228,1.0,1,prime
2026-06-14,1.6696673487173597,0.08213272296182683,0,prime
2026-06-14,2.393954546894875,0.0,0,prime
2026-06-14,1.993509932708941,0.8928963052703385,1,prime
2026-06-14,1.5208066386456491,0.2555974546136829,0,prime
2026-06-14,2.592530119492088,0.023683547774590506,0,prime
2026-06-14,2.5203763826816625,0.1487149530645108,0,prime
2026-06-14,0.4107505998388652,0.0,0,prime
2026-06-14,1.0232354933092618,1.0,1,prime
2026-06-14,2.548769132427046,0.9555432007081053,1,prime
2026-06-14,1.104394243389049,0.1359570583796274,0,prime
2026-06-14,3.1299932882461405,0.037972908803513034,0,prime
2026-06-14,-0.07590372876605467,0.043235491779288364,0,subprime
2026-06-14,0.7625963989897588,0.9814320435270844,1,subprime
2026-06-14,0.7925963525523037,0.9628554569187093,1,prime
2026-06-14,2.057356208280594,0.7036460571286627,1,prime
2026-06-14,0.7976256757262559,0.9089848295712808,1,prime
2026-06-14,2.381594156484134,1.0,1,subprime
2026-06-14,0.5175567318874379,1.0,1,prime
2026-06-14,1.4889911342639632,0.8499231167303908,1,prime
2026-06-14,2.5843170586338196,0.0,0,prime
2026-06-14,2.60864007795218,0.002954790890164233,0,prime
2026-06-14,3.5708474237702603,0.10727372168134494,0,subprime
2026-06-14,1.8227272955253822,0.0,0,subprime
2026-06-14,2.0335399406945025,1.0,1,prime
2026-06-14,0.418232312292923,0.07745208923406834,0,subprime
2026-06-14,3.1806694770023745,0.1518201830968769,0,prime
2026-06-14,1.980132175788935,0.09380694489887173,0,subprime
2026-06-14,3.2148894977278557,0.8932917203329562,1,prime
2026-06-14,2.480923046938438,0.06834671067656574,0,prime
2026-06-14,0.8482161226922174,0.9426899858838538,1,prime
2026-06-14,1.3944449205623526,0.1098021310446853,0,prime
2026-06-14,1.9724453980573697,0.0,0,subprime
2026-06-14,3.8811495088466605,0.9841139970262338,1,prime
2026-06-14,1.137348419765734,0.0,0,prime
2026-06-14,0.9560963571964249,0.09061411845319653,0,prime
2026-06-14,2.148912595073308,0.14233501444082963,0,prime
2026-06-14,0.07052441862863668,0.0,0,prime
2026-06-14,3.1632646523504233,0.007193477402736001,0,subprime
2026-06-14,0.7564396235792337,0.0026610059609171732,0,subprime
2026-06-14,1.5924624489138424,0.0,0,subprime
2026-06-14,2.519920504761909,0.7452032735575607,1,subprime
2026-06-14,1.329938140975893,0.2244623794612909,0,prime
2026-06-14,2.524551927776996,0.0,0,prime
2026-06-14,1.2440379367303644,0.0,0,prime
2026-06-14,1.7976336870879097,0.9197254003130402,1,prime
2026-06-14,1.3827413451509305,0.8578835328686066,1,subprime
2026-06-14,1.9789719928548062,0.0,0,prime
2026-06-14,0.5764330578657184,0.21902314900257797,0,subprime
2026-06-14,1.9582825723746382,1.0,1,prime
2026-06-14,2.023034600056963,0.9043754028563524,1,prime
2026-06-14,1.7101160189842106,0.8011965270612522,1,prime
2026-06-14,3.293187748865921,1.0,1,prime
2026-06-14,0.7806223089583508,0.1721239585008144,0,prime
2026-06-14,1.2488399000666304,0.09741337916416504,0,subprime
2026-06-14,2.1082947134840406,1.0,1,prime
2026-06-14,1.57314260015487,0.9785913146405769,1,prime
2026-06-14,-0.11839913293196247,0.9907323557022873,1,subprime
2026-06-14,1.6492515478129044,0.900955416488822,1,subprime
2026-06-14,1.8332379723786363,0.9913383678136696,1,prime
2026-06-14,2.4955913532219496,0.0,0,subprime
2026-06-14,1.3672443325602845,0.03720517196551076,0,prime
2026-06-14,2.5440565197334193,0.0,0,subprime
2026-06-14,1.6912666687671298,0.697200798900609,1,prime
2026-06-14,1.4546971822844519,0.10113399819233596,0,prime
2026-06-14,1.9729106432447612,0.9758046529781516,1,prime
2026-06-14,0.4656907402439281,1.0,1,prime
2026-06-14,1.5512297765136225,0.15540010790158715,0,prime
2026-06-14,1.8563268490773732,0.003691728080596167,0,prime
2026-06-14,3.3045584229736202,0.010160190658366666,0,prime
2026-06-14,1.1250912182433925,0.0,0,subprime
2026-06-14,2.525114639298903,0.29977718837488776,0,prime
2026-06-14,2.705836141214919,0.9352883946769274,1,prime
2026-06-14,2.3834062786710764,1.0,1,prime
2026-06-14,1.5670262077024655,0.9356580501258356,1,subprime
2026-06-14,1.256113026843388,0.008379789048266272,0,subprime
2026-06-14,1.6546921172714648,0.0,0,subprime
2026-06-14,4.0470534831746745,0.0,0,prime
2026-06-14,0.5834985208592509,0.020095256303301265,0,prime
2026-06-14,1.5757734323327313,0.9481039726404603,1,prime
2026-06-14,0.19424653326994834,0.10049421875347932,0,prime
2026-06-14,2.191610249068845,1.0,1,subprime
2026-06-14,1.4590693837233533,0.0,0,subprime
2026-06-14,0.9522514891068211,0.7948213669925095,1,prime
2026-06-14,-0.09829979039398373,0.9205071997247688,1,prime
2026-06-14,0.516384082478442,0.0,0,subprime
2026-06-14,1.5024949055734589,0.8434014929499929,1,subprime
2026-06-14,2.709483296391076,0.11650073317657952,0,subprime
2026-06-14,0.5606477564020647,0.05516781698284254,0,subprime
2026-06-14,1.2506346421920993,1.0,1,prime
2026-06-14,2.4104552822575975,0.6725886261089653,1,prime
2026-06-14,1.9199611988823861,0.0,0,prime
2026-06-14,2.636739858599705,0.9208444310836701,1,prime
2026-06-14,2.0009595985629196,1.0,1,prime
2026-06-14,0.23762979641993232,0.9952877691095033,1,prime
2026-06-14,2.735483166394066,0.12844759114457482,0,prime
2026-06-14,-0.05960185584358224,0.0,0,prime
2026-06-14,2.7401440018253638,0.9179013624493338,1,subprime
2026-06-14,0.9116560151214662,0.10810562508109137,0,prime
2026-06-14,0.5723390027273934,0.22632832241983908,0,prime
2026-06-14,1.3576865919075505,0.0,0,subprime
2026-06-14,0.5411584029146017,1.0,1,prime
2026-06-14,2.3422466524839756,0.9266005159349654,1,prime
2026-06-14,0.7334006136548834,0.032742174932186854,0,prime
2026-06-14,2.7772180724078357,0.18278978239968954,0,subprime
2026-06-14,1.8429591945137958,0.9141375361032744,1,prime
2026-06-14,1.2481083093340684,0.8471227444886313,1,prime
2026-06-14,2.657090948937811,0.06735844876922659,0,prime
2026-06-14,3.4889106354037596,0.9424868679088191,1,prime
2026-06-14,0.521603512645394,0.0,0,prime
2026-06-14,0.8315751745813134,0.14938335434652003,0,subprime
2026-06-14,1.0740620977788398,0.8963597841015805,1,prime
2026-06-14,1.0405323770491992,0.0,0,prime
2026-06-14,1.5830737806707904,0.18856979996161152,0,prime
2026-06-14,1.9375840213267908,0.17775343745919228,0,subprime
2026-06-14,1.6548187574237248,0.0,0,prime
2026-06-14,1.2684176715246853,0.18081254842991873,0,prime
2026-06-14,1.4529850535540496,0.15465648224159198,0,subprime
2026-06-14,1.5764621231632572,0.0,0,prime
2026-06-14,0.5151811945477744,0.006770387642079566,0,subprime
2026-06-14,2.317094949567487,1.0,1,prime
2026-06-14,2.0312801474906657,0.9570040586901473,1,prime
2026-06-14,0.025611855080754697,1.0,1,prime
2026-06-14,2.2176454810150723,0.0894117847031913,0,subprime
2026-06-14,1.0481746172507043,1.0,1,prime
2026-06-14,2.120281516471124,0.9648255367337715,1,prime
2026-06-14,1.0676749309326177,0.029811203633416033,0,prime
2026-06-14,1.1788893543975223,0.004368719679191016,0,prime
2026-06-14,3.327223254665828,0.06406351467282431,0,prime
2026-06-14,2.222639854283007,1.0,1,subprime
2026-06-14,1.2067328963187416,0.937891160415033,1,prime
2026-06-14,2.8675328254869954,0.05280158901727868,0,subprime
2026-06-14,1.1782315896346351,0.018902533416117445,0,prime
2026-06-14,0.6909367573535461,1.0,1,subprime
2026-06-14,1.947334669340128,0.08207066161430178,0,prime
2026-06-14,1.2304565006546997,0.11549120209775639,0,subprime
2026-06-14,4.258122914924393,1.0,1,prime
2026-06-14,3.114343040518559,0.9494986696321103,1,prime
2026-06-14,2.3589723478854516,1.0,1,subprime
2026-06-14,1.370521197174249,1.0,1,prime
2026-06-14,2.1390411879623636,0.07305211758878952,0,subprime
2026-06-14,1.4325207924134182,0.02221444309156065,0,prime
2026-06-14,3.3714808800555103,0.9142830099565195,1,prime
2026-06-14,2.756516285144751,0.08367419818691356,0,prime
2026-06-14,1.9433387241041329,0.03144162010576708,0,prime
2026-06-14,-0.05010332300212972,1.0,1,prime
2026-06-14,3.1176107513704636,0.7584532278681244,1,subprime
2026-06-14,0.7385364604726512,0.02246184353881061,0,prime
2026-06-14,1.9292514025070826,0.8421385732776676,1,subprime
2026-06-14,2.641504047631107,0.12695708579175247,0,subprime
2026-06-14,2.1542772684337033,0.014212102945821835,0,prime
2026-06-14,0.7247215741035646,0.8444747950542154,1,subprime
2026-06-14,2.385677757916615,0.10405239209987428,0,prime
2026-06-14,1.3745029856415731,0.10731291499234187,0,prime
2026-06-14,1.5900525209354377,0.8494835575402545,1,subprime
2026-06-14,2.333238932380551,0.9889890231067515,1,prime
2026-06-14,2.534545792881982,0.07852166111037029,0,prime
2026-06-14,1.2417045352800886,0.0504720565427502,0,prime
2026-06-14,1.8385036183161156,0.9168795589994996,1,prime
2026-06-14,-0.7380442070036553,0.7899287021066873,1,prime
2026-06-14,1.6780586488877325,0.027237810808387487,0,prime
2026-06-14,1.5324170135965995,0.7635403521491357,1,prime
2026-06-14,2.9130227348522126,0.9476766870327541,1,prime
2026-06-14,0.6471408529870399,0.0975167380290114,0,prime
2026-06-14,0.9657543402617225,0.9272746849982147,1,prime
2026-06-14,1.386434268530469,0.8621221209447277,1,subprime
2026-06-14,2.8447236035923975,0.0,0,prime
2026-06-14,3.698429243811079,0.9005644356127285,1,subprime
2026-06-14,3.3757417351398713,0.076486369290375,0,prime
2026-06-14,1.3521667077475896,0.964086585484706,1,prime
2026-06-14,0.2663102467313998,0.0860594695942595,0,prime
2026-06-14,2.030903448025834,0.3150581906026523,0,subprime
2026-06-14,3.365701335197401,0.12064613261747363,0,subprime
2026-06-14,1.7499761288544706,0.0,0,prime
2026-06-14,2.7151222694556982,0.0,0,prime
2026-06-14,0.10418939178592201,0.8210991907229844,1,prime
2026-06-14,2.843054685990364,0.08648937900604434,0,prime
2026-06-14,2.257231226298497,0.1720555048100259,0,prime
2026-06-14,1.3550027016794193,0.08679543992385465,0,prime
2026-06-14,2.109930811547382,0.8544866146469381,1,prime
2026-06-14,3.2792603687501556,0.08097902998042097,0,prime
2026-06-14,0.27827101385079356,0.1165779749786222,0,prime
2026-06-14,0.23093804787852035,0.1859230057317374,0,prime
2026-06-14,2.9049315878541853,0.19342096346549348,0,prime
2026-06-14,1.408854952740314,0.8661124521146162,1,prime
2026-06-14,0.9215331545744253,1.0,1,subprime
2026-06-14,0.6789787469007333,0.8433428354683273,1,subprime
2026-06-14,1.8761467832869019,0.16468986299713137,0,subprime
2026-06-14,2.076308983299319,0.8628173055936438,1,prime
2026-06-14,0.9288901780128668,0.9639065504296366,1,prime
2026-06-14,1.8569283916150567,0.08100028803489914,0,prime
2026-06-14,3.4207623589028566,0.8928668641456705,1,prime
2026-06-14,1.0896399771745484,0.08933170479378436,0,prime
2026-06-14,1.6066689934083096,0.8097370549147043,1,prime
2026-06-14,2.568499183712503,1.0,1,subprime
2026-06-14,2.2780742231943614,0.9755912561050228,1,subprime
2026-06-14,2.17758862101975,1.0,1,prime
2026-06-14,2.6460796142808904,0.024529220598264633,0,subprime
2026-06-14,2.0774719443968075,0.07097711557333372,0,subprime
2026-06-14,0.12395988221062604,0.0,0,subprime
2026-06-14,2.2856088851867615,1.0,1,prime
2026-06-14,2.140188548292449,0.9012387412125816,1,prime
2026-06-14,2.4932332703231905,0.03968186970716097,0,prime
2026-06-14,3.52023529537649,0.049970531036882905,0,subprime
2026-06-14,0.5173651995303765,1.0,1,prime
2026-06-14,2.5824388906461007,0.16784799028904382,0,subprime
2026-06-14,0.7911130830822384,1.0,1,prime
2026-06-14,0.6351712408283947,0.0,0,subprime
2026-06-14,1.7925884632144264,0.06277988900192231,0,subprime
2026-06-14,1.986587980864384,0.11494075025744166,0,prime
2026-06-14,1.6766853669721558,0.03302770455107781,0,subprime
2026-06-14,1.3909396508698864,0.0,0,prime
2026-06-14,1.3449561732843223,0.04280290027029818,0,prime
2026-06-14,2.928234432215387,0.8065061802642575,1,prime
2026-06-14,0.670426716180075,1.0,1,subprime
2026-06-14,0.6664140076196641,0.0,0,prime
2026-06-14,1.3212069077745077,0.9451849367009629,1,prime
2026-06-14,2.6398867304934037,0.0,0,prime
2026-06-14,1.2090055114382028,0.31137948691204487,0,prime
2026-06-14,1.5551924002600304,0.0,0,prime
2026-06-14,2.360832918531206,0.0,0,subprime
2026-06-14,3.2228299203320345,1.0,1,prime
2026-06-14,1.693896125707449,0.0,0,subprime
2026-06-14,2.6056507403377323,0.993116415840184,1,prime
2026-06-14,2.6081966611108203,1.0,1,prime
2026-06-14,0.5232958402834031,0.9820564615229317,1,prime
2026-06-14,2.7207326421434637,0.1108094347497923,0,prime
2026-06-14,0.3449603799265424,0.19927874223101025,0,prime
2026-06-14,2.3089953511953802,1.0,1,prime
2026-06-14,2.1424792754300896,0.8885312946027362,1,prime
2026-06-14,1.8079959556965506,0.9972620285224111,1,prime
2026-06-14,1.5600969708572539,0.0,0,prime
2026-06-14,3.756426092689037,0.20364965203064936,0,prime
2026-06-14,1.7225490812101485,0.9104310977251852,1,prime
2026-06-14,2.247746282865392,0.8625952542749407,1,prime
2026-06-14,2.0699540412852695,0.030308934640311293,0,subprime
2026-06-14,3.08129701867618,0.9275159583986708,1,subprime
2026-06-14,1.276615896764668,0.8636491011736399,1,subprime
2026-06-14,1.0024777764647412,0.8045628256262998,1,prime
2026-06-14,2.3123318106520196,0.1925567817995488,0,subprime
2026-06-14,2.081634890130127,1.0,1,prime
2026-06-14,4.181508451839928,0.9817103977116328,1,subprime
2026-06-14,0.9889350902936228,0.6985633328120244,1,subprime
2026-06-14,1.7410430173566311,0.9982565881259051,1,prime
2026-06-14,3.9855688629834223,0.8669144279102743,1,prime
2026-06-14,2.900256111702783,1.0,1,subprime
2026-06-14,1.6237342809646889,0.7735492345744692,1,subprime
2026-06-14,3.798183164920505,0.9748739217873913,1,subprime
2026-06-14,2.2626919372241368,0.2279271285414171,0,subprime
2026-06-14,1.0565780518984595,0.03488037358988593,0,subprime
2026-06-14,1.1192509228803074,0.05052196081520902,0,prime
2026-06-14,1.7340742367858237,1.0,1,prime
2026-06-14,0.19271146967458042,0.0,0,prime
2026-06-14,1.8119017614122126,0.0953255823628743,0,subprime
2026-06-14,0.7665491750708355,0.8656670693410911,1,prime
2026-06-14,1.613640838019904,0.7804303747985368,1,subprime
2026-06-14,-0.04395682409078905,0.8581606788668572,1,prime
2026-06-14,2.5685892139522446,0.20412030464656736,0,prime
2026-06-14,3.2028536525391056,0.9331920233224114,1,subprime
2026-06-14,1.0529516423486402,1.0,1,prime
2026-06-14,2.132780847120813,0.12867627312965463,0,prime
2026-06-14,3.176051843175992,0.9782999487578932,1,prime
2026-06-14,2.8752003553747847,0.0,0,subprime
2026-06-14,1.3898276080768237,0.04969233694437787,0,prime
2026-06-14,0.4294794798914976,0.09938917187721291,0,prime
2026-06-14,1.391267328039303,0.1066337916790774,0,prime
2026-06-14,2.0044369072872366,0.0,0,prime
2026-06-14,0.22931897076928287,0.04746978057515814,0,prime
2026-06-14,2.576430592024349,0.9431621743894649,1,prime
2026-06-14,1.606378473596041,0.9941021171296126,1,subprime
2026-06-14,3.83144853490343,0.0032085541006008148,0,subprime
2026-06-14,0.8382800295959426,0.08294989883209344,0,prime
2026-06-14,2.754905815488251,0.880966677398443,1,subprime
2026-06-14,1.7986442029825593,0.0,0,prime
2026-06-14,2.158656590998717,0.8202548243475081,1,subprime
2026-06-14,3.369636570617967,1.0,1,subprime
2026-06-14,0.9589656037740742,0.1661792287206974,0,prime
2026-06-14,2.6055610644646157,0.0,0,prime
2026-06-14,0.9027826610427158,0.8396927778829808,1,subprime
2026-06-14,1.6865881575566328,0.12004017166527121,0,subprime
2026-06-14,3.8444744944906075,0.14061001578087634,0,prime
2026-06-14,1.9558001961372993,0.7575050553664551,1,prime
2026-06-14,0.9905923421021439,1.0,1,prime
2026-06-14,1.658541433767972,0.8962676324729687,1,prime
2026-06-14,-0.2888769586708533,1.0,1,prime
2026-06-14,3.407309845341156,1.0,1,prime
2026-06-14,1.2874338196691868,1.0,1,prime
2026-06-14,1.2413016431408463,0.037933223730728445,0,subprime
2026-06-14,3.54861802752062,0.15720900719280057,0,prime
2026-06-14,2.053438884603841,1.0,1,subprime
2026-06-14,2.2448042727898896,0.21626089604741955,0,prime
2026-06-14,3.126542116928352,1.0,1,subprime
2026-06-14,1.7943981353843048,1.0,1,prime
2026-06-14,1.120378965256837,0.8852446118361454,1,prime
2026-06-14,3.0082192892804356,0.16174816320302365,0,prime
2026-06-14,1.2022155428851882,0.8705562944072461,1,prime
2026-06-14,2.3295379943696113,0.0,0,prime
2026-06-14,0.5688835302927455,0.8559674018233975,1,prime
2026-06-14,1.3686518445520133,0.04134030565904674,0,prime
2026-06-14,2.533508738104369,0.006358496331763545,0,prime
2026-06-14,2.0484857809988273,0.04783934733317668,0,prime
2026-06-14,2.5359942304253007,0.9035754761018344,1,prime
2026-06-14,0.601588436456951,0.04688424578455784,0,prime
2026-06-14,1.5073990616979218,1.0,1,prime
2026-06-14,2.303254367260109,0.0,0,prime
2026-06-14,1.6931472464790982,0.024734807462898193,0,subprime
2026-06-14,2.340811299913937,0.1899857842314107,0,subprime
2026-06-14,1.6954120112622288,0.8541558237451192,1,subprime
2026-06-14,3.3709945158362267,0.12834788708311323,0,subprime
2026-06-14,2.7689809310891302,0.9854400391180108,1,prime
2026-06-14,2.3156947963835153,1.0,1,prime
2026-06-14,1.4530460738480309,1.0,1,prime
2026-06-14,1.6371599521037408,0.05014261813566765,0,prime
2026-06-14,0.31993329842356566,1.0,1,prime
2026-06-14,1.212009311554541,0.0,0,prime
2026-06-14,2.4369727415373106,0.0,0,prime
2026-06-14,2.4416732622576176,0.06638086966917585,0,subprime
2026-06-14,3.1415398716029737,0.7396166200295141,1,prime
2026-06-14,0.7066168154143002,0.06228191690823792,0,subprime
2026-06-14,0.9113016397649334,0.19821525740917814,0,prime
2026-06-14,3.4156326406344895,0.8676038206420816,1,subprime
2026-06-14,1.6755369046728015,0.08887279064249955,0,prime
2026-06-14,0.3272377407001059,0.0805481748733374,0,subprime
2026-06-14,2.3717291753878724,0.002378102428071037,0,prime
2026-06-14,1.0235281951340514,1.0,1,prime
2026-06-14,2.6427131504853674,0.9769708860105658,1,subprime
2026-06-14,3.04109246450236,0.0,0,prime
2026-06-14,2.20712187785744,1.0,1,prime
2026-06-14,2.2233471496246824,0.964135307515562,1,prime
2026-06-14,2.6598457538009104,0.9774757383055852,1,prime
2026-06-14,3.6273960526440767,0.09359189977922053,0,prime
2026-06-14,1.1938960485033485,0.24047371753464758,0,prime
2026-06-14,3.862055189470323,0.052629883200832554,0,subprime
2026-06-15,2.436874654171659,0.16411421337852858,0,prime
2026-06-15,1.0829517243122282,1.0,1,subprime
2026-06-15,3.0685686583377407,1.0,1,prime
2026-06-15,0.20468307073363312,0.8590389971785246,1,subprime
2026-06-15,1.1121284460778569,0.041541427437649756,0,subprime
2026-06-15,1.5450710240232062,0.02227588386648144,0,prime
2026-06-15,2.8880115184063726,0.9914388674146781,1,subprime
2026-06-15,1.6586726574331037,0.00774450998009598,0,subprime
2026-06-15,0.7926519532677252,0.8649056555153407,1,prime
2026-06-15,2.4189755521131997,1.0,1,prime
2026-06-15,2.2861128778589648,0.9356571728886509,1,prime
2026-06-15,0.5708291130718268,0.0,0,subprime
2026-06-15,1.9017095371572705,1.0,1,subprime
2026-06-15,1.0809411151814863,0.0,0,prime
2026-06-15,2.9120329771505236,0.12386123936017394,0,prime
2026-06-15,2.850618077827878,1.0,1,subprime
2026-06-15,3.461040185415674,0.010183885170268248,0,prime
2026-06-15,1.9125546945030596,1.0,1,prime
2026-06-15,1.8801037822263624,1.0,1,prime
2026-06-15,1.1638389711064319,0.8859904469857134,1,prime
2026-06-15,1.4498006054739274,1.0,1,prime
2026-06-15,1.5177671314971675,0.9057899440938632,1,prime
2026-06-15,1.2471650555868603,1.0,1,subprime
2026-06-15,2.7467083160103725,0.09890970626032247,0,subprime
2026-06-15,1.351459371652039,0.9797967414161116,1,prime
2026-06-15,0.28934222148790023,0.917801202203013,1,prime
2026-06-15,1.3557235710198619,0.9191019243836825,1,prime
2026-06-15,-1.2951367988195124,0.9406353215721018,1,subprime
2026-06-15,0.6827008572284585,0.9896563272892058,1,prime
2026-06-15,0.7496582381679413,0.7084849174818051,1,prime
2026-06-15,2.7106047486314298,0.9536599039644869,1,subprime
2026-06-15,0.6308615951472007,0.25060070387067135,0,prime
2026-06-15,1.299826620530525,1.0,1,subprime
2026-06-15,1.0786291956901246,0.02961513344610419,0,prime
2026-06-15,2.1754482166896376,0.09954242595296614,0,subprime
2026-06-15,1.07336813247239,0.0,0,prime
2026-06-15,1.3515497318002834,0.19687830411636745,0,subprime
2026-06-15,1.7993124510588439,0.10861169733321747,0,prime
2026-06-15,0.6482636011079896,0.0,0,prime
2026-06-15,2.2762486778782343,0.10825113619809051,0,prime
2026-06-15,1.0471012633134982,0.0,0,subprime
2026-06-15,2.0692772510459725,0.15364201190115467,0,prime
2026-06-15,3.7272489544865586,0.0,0,prime
2026-06-15,2.7824217433730656,0.12040888804522326,0,prime
2026-06-15,1.3169365940579167,0.7578788636856704,1,prime
2026-06-15,1.582395818954491,0.8760899227957193,1,prime
2026-06-15,0.5507909703777658,0.8616021061002614,1,prime
2026-06-15,2.2303086102728265,0.025039249759879954,0,prime
2026-06-15,1.029577328552387,0.0,0,prime
2026-06-15,1.9657422105455054,0.12299428319223298,0,prime
2026-06-15,-0.679163855707426,0.0,0,prime
2026-06-15,2.2395694502911567,1.0,1,prime
2026-06-15,1.4688032641101403,1.0,1,prime
2026-06-15,1.5789724206380156,1.0,1,prime
2026-06-15,3.8796621569692293,0.0,0,prime
2026-06-15,1.4634466552146326,0.894556064762655,1,subprime
2026-06-15,0.8395346393192048,1.0,1,subprime
2026-06-15,1.317022290676896,0.10406118417742233,0,prime
2026-06-15,0.8804817761615925,0.7790594515815105,1,prime
2026-06-15,2.65601580399079,1.0,1,prime
2026-06-15,2.2203267913758142,0.9704721002596081,1,prime
2026-06-15,2.2068191781424074,0.033415766547122756,0,subprime
2026-06-15,2.269962131771279,0.0,0,prime
2026-06-15,2.7515616634989435,0.9100628172519674,1,subprime
2026-06-15,1.01748903877876,0.2507407810519124,0,prime
2026-06-15,2.482554046282413,0.025317512133578267,0,prime
2026-06-15,2.8592000993434175,1.0,1,prime
2026-06-15,3.553229482025893,0.15604116776865856,0,subprime
2026-06-15,0.41011179754103266,0.053262229329012756,0,prime
2026-06-15,1.117102286298777,0.0,0,prime
2026-06-15,1.785821692922748,0.9941351769870663,1,prime
2026-06-15,1.702466712462415,0.08134551596702497,0,prime
2026-06-15,1.5398312295875645,1.0,1,prime
2026-06-15,3.0688676484786432,0.9419143745722972,1,prime
2026-06-15,1.7066466261464917,0.012474515749398729,0,prime
2026-06-15,1.3006638191855382,0.7658500832386692,1,prime
2026-06-15,2.4929724230618326,0.9639187684156012,1,prime
2026-06-15,1.076326326675681,0.007414495185442092,0,prime
2026-06-15,0.4351685853477607,0.12974225792419955,0,prime
2026-06-15,-0.831410020401681,0.0789399422794189,0,subprime
2026-06-15,0.9800935749892874,1.0,1,prime
2026-06-15,3.02142062863404,0.0,0,prime
2026-06-15,3.0393568410425886,0.9789243611467188,1,prime
2026-06-15,0.6642616056622517,0.07391857716767725,0,prime
2026-06-15,2.244297889887626,0.9651087376625055,1,subprime
2026-06-15,3.2937405151993557,0.8012980513693966,1,subprime
2026-06-15,1.9966896355347388,0.06385725502691789,0,prime
2026-06-15,-1.2400138515944115,0.0,0,subprime
2026-06-15,2.133314502851515,0.956598045109747,1,prime
2026-06-15,0.9926515636630937,0.9390250776707397,1,prime
2026-06-15,0.5042749497400141,0.8687373781889582,1,prime
2026-06-15,3.7262415326529092,0.9943793832163794,1,prime
2026-06-15,1.8960775774927736,0.0,0,subprime
2026-06-15,0.8672256287073751,0.01726145280333829,0,subprime
2026-06-15,2.521907125520605,0.951300685358328,1,subprime
2026-06-15,1.5120265061631686,0.9342267022605116,1,prime
2026-06-15,2.7318087961463235,0.9362953184005751,1,prime
2026-06-15,1.1984222663079103,1.0,1,subprime
2026-06-15,1.3628725033793618,0.9261056361592724,1,prime
2026-06-15,1.7751889279268616,1.0,1,prime
2026-06-15,9.640858055637302e-05,0.9111103239622834,1,subprime
2026-06-15,2.0129379976937583,0.1379977975931268,0,prime
2026-06-15,1.602042530258387,0.9545191455454428,1,prime
2026-06-15,2.5739502968431296,0.08001057870631192,0,prime
2026-06-15,0.4633883985758933,0.0,0,subprime
2026-06-15,1.9622431329619923,0.13034026090801953,0,subprime
2026-06-15,2.415971502886581,0.04320537317662442,0,prime
2026-06-15,2.2690328047340156,0.0,0,subprime
2026-06-15,1.5643215167247493,0.05756855679107791,0,prime
2026-06-15,1.5079423654264459,0.0228232392850495,0,prime
2026-06-15,1.6156722614368286,0.9241845697405777,1,subprime
2026-06-15,2.701529012042818,0.0,0,prime
2026-06-15,0.9133271450649789,0.15704120545222072,0,prime
2026-06-15,3.7945665183444843,0.0902588480082267,0,prime
2026-06-15,3.281762346361897,0.9092849731577268,1,prime
2026-06-15,1.4025606025686195,0.998507828810688,1,prime
2026-06-15,2.640316804271393,0.0,0,prime
2026-06-15,1.2416859875513198,0.931011477851403,1,subprime
2026-06-15,1.1490133379966267,0.0,0,prime
2026-06-15,1.926315424457359,0.0001625022940133919,0,prime
2026-06-15,2.9691599870908094,0.20451634615482223,0,prime
2026-06-15,3.120807314713269,0.7774809315639383,1,prime
2026-06-15,-0.2607234065377555,0.0,0,prime
2026-06-15,1.9516780374285005,0.9504894202747509,1,prime
2026-06-15,3.088034121633595,0.8422413503608592,1,prime
2026-06-15,-0.4611782802930253,0.10649508422113953,0,prime
2026-06-15,1.9629180316353056,0.856318171573488,1,prime
2026-06-15,1.5563654882414255,0.8496093412840106,1,prime
2026-06-15,3.076630317286269,0.0,0,prime
2026-06-15,2.3411734305562737,0.9064613669740317,1,prime
2026-06-15,1.5620441475217364,0.03881737533532044,0,prime
2026-06-15,1.6118674138956026,0.0,0,prime
2026-06-15,1.7717658981932518,0.15471523283992225,0,prime
2026-06-15,1.570730775063897,1.0,1,prime
2026-06-15,1.7792261507517049,0.0,0,prime
2026-06-15,2.1937769092026307,1.0,1,prime
2026-06-15,1.2343488092163268,0.024530681434072853,0,prime
2026-06-15,0.9308508287021867,0.8878804810792,1,prime
2026-06-15,3.068870645044192,0.0,0,prime
2026-06-15,1.1439280006132018,0.3043142894460269,0,prime
2026-06-15,0.3599005693350823,1.0,1,prime
2026-06-15,1.1497802856591586,0.9035684523161934,1,prime
2026-06-15,1.4888008184715251,1.0,1,prime
2026-06-15,1.9774000745022715,0.09101284962039993,0,subprime
2026-06-15,1.915443695605511,0.9750864894574551,1,prime
2026-06-15,2.0816617297247344,0.0,0,prime
2026-06-15,-0.3047370766221831,0.03713970703845895,0,prime
2026-06-15,1.4268501624953347,0.772738488438416,1,subprime
2026-06-15,2.3619219126600104,0.8444081002268379,1,subprime
2026-06-15,2.140958017114586,1.0,1,prime
2026-06-15,2.2012092450736747,0.056548907638602194,0,prime
2026-06-15,0.4129444273774314,0.9406338750951849,1,prime
2026-06-15,-0.35798817143622386,1.0,1,prime
2026-06-15,-0.3089211305237365,0.0,0,subprime
2026-06-15,1.8610039347612068,0.9601034287328887,1,prime
2026-06-15,1.3974534808426875,0.16813621814870788,0,prime
2026-06-15,1.7379515329115474,0.12793583069558884,0,subprime
2026-06-15,1.7634445105825467,0.9955987235290876,1,subprime
2026-06-15,-0.021884361374800987,1.0,1,prime
2026-06-15,2.1325711368764444,0.0,0,subprime
2026-06-15,0.7852797176785152,0.9309885664071821,1,prime
2026-06-15,0.8206264387103598,0.13969525401084748,0,subprime
2026-06-15,2.846124324249124,1.0,1,prime
2026-06-15,1.817244787971318,0.02613873250069023,0,subprime
2026-06-15,3.905989691075713,1.0,1,prime
2026-06-15,1.946790902871719,0.0,0,subprime
2026-06-15,1.7290706586344127,0.11264017581717244,0,subprime
2026-06-15,2.002112653676846,1.0,1,prime
2026-06-15,2.225143695859581,0.9662107173024086,1,prime
2026-06-15,3.497524434954938,0.8688584173543301,1,prime
2026-06-15,1.5352017620034923,1.0,1,prime
2026-06-15,1.3260970755364463,0.9462557763911524,1,prime
2026-06-15,1.2145161555078379,0.1487104945437985,0,prime
2026-06-15,1.8743832386550525,0.0,0,prime
2026-06-15,1.3232744214336314,1.0,1,prime
2026-06-15,-0.1925609085962252,0.9149150871020948,1,prime
2026-06-15,1.1517678384596404,0.8895142726152135,1,prime
2026-06-15,1.2492523763800079,0.012746806539481043,0,prime
2026-06-15,1.76254792571671,0.10027592287342207,0,prime
2026-06-15,3.477138685110996,0.748812818474889,1,prime
2026-06-15,1.2381012259898951,0.0,0,prime
2026-06-15,0.33157224977468513,0.07373104172261082,0,prime
2026-06-15,1.3192720030544152,0.975205656037286,1,prime
2026-06-15,0.7441492531484071,0.0,0,prime
2026-06-15,2.1274587472932716,1.0,1,prime
2026-06-15,2.155879373053071,0.9605904290640801,1,subprime
2026-06-15,0.15259705076745966,0.0,0,prime
2026-06-15,1.7961827505563577,1.0,1,prime
2026-06-15,2.5494867582395146,0.8401475006711794,1,prime
2026-06-15,2.0468292350193926,0.13425657293540322,0,subprime
2026-06-15,1.5489692207635968,0.0,0,prime
2026-06-15,1.1359292719403933,0.8602291590933628,1,subprime
2026-06-15,4.177638175689201,1.0,1,prime
2026-06-15,2.3120450863761626,0.8119276994289191,1,subprime
2026-06-15,2.628521860780819,0.09458444524111301,0,prime
2026-06-15,2.0332338415180904,0.0,0,subprime
2026-06-15,2.569768952989164,0.03367152421727844,0,prime
2026-06-15,1.5490128071650586,1.0,1,subprime
2026-06-15,0.9705629891474772,1.0,1,subprime
2026-06-15,0.6983378280270603,1.0,1,subprime
2026-06-15,1.549898085589917,0.922148309687601,1,subprime
2026-06-15,1.268002374138402,0.016759769112113285,0,subprime
2026-06-15,2.2930943774614296,0.0,0,prime
2026-06-15,2.010396553448833,0.9205186396129069,1,prime
2026-06-15,2.0152624644658985,0.0,0,prime
2026-06-15,1.8951968142277407,1.0,1,subprime
2026-06-15,0.532781167369426,0.9695180827190664,1,subprime
2026-06-15,-0.36333739703815326,0.0,0,prime
2026-06-15,2.111822120174378,0.9732298773665387,1,prime
2026-06-15,1.9113626054746176,0.8855057529063692,1,prime
2026-06-15,1.3844653186394986,0.0,0,subprime
2026-06-15,1.5490753470350227,0.896826012638035,1,prime
2026-06-15,1.9846352431897016,0.1182042568366993,0,prime
2026-06-15,0.02463199501549518,0.9112393087388945,1,subprime
2026-06-15,2.692400726958225,1.0,1,prime
2026-06-15,1.999997854864607,0.9555402695886124,1,prime
2026-06-15,3.5224999290677754,0.0,0,prime
2026-06-15,2.851762141807845,1.0,1,prime
2026-06-15,0.011515578171828356,0.9672149970164624,1,prime
2026-06-15,2.226488809759787,0.9951072595390239,1,prime
2026-06-15,0.5261947484450615,1.0,1,prime
2026-06-15,1.8197284158300755,0.22812154407644009,0,prime
2026-06-15,1.1578257120868722,0.8427534727882773,1,subprime
2026-06-15,1.0355212491932118,0.06660868543501355,0,prime
2026-06-15,0.9203102585495805,0.049800917686407375,0,subprime
2026-06-15,2.2223812100269145,0.007412883930712967,0,prime
2026-06-15,0.9730507361595557,1.0,1,subprime
2026-06-15,3.102662706930695,0.9841349684682178,1,prime
2026-06-15,3.2279458281517774,0.16435222791603138,0,prime
2026-06-15,2.382229382267824,0.9689591406566578,1,prime
2026-06-15,1.674194493655077,0.06787207918115845,0,subprime
2026-06-15,2.0825765258649716,0.06133975819890578,0,subprime
2026-06-15,0.8094815737021424,1.0,1,prime
2026-06-15,0.6305162463125313,0.9542235425130025,1,subprime
2026-06-15,0.15034822732180375,0.0,0,prime
2026-06-15,0.7106014343231626,0.0028303047746531806,0,prime
2026-06-15,0.09855333546833189,0.22881013572895667,0,prime
2026-06-15,1.9273851622934033,0.9064881453890972,1,prime
2026-06-15,3.123902457429448,0.0,0,prime
2026-06-15,1.8827747078749866,0.03732090899066626,0,subprime
2026-06-15,2.9578041889349858,0.21354594960335824,0,prime
2026-06-15,2.280995154816788,0.0436015486931923,0,subprime
2026-06-15,0.6891371270693356,0.8928911114274298,1,prime
2026-06-15,1.4480515671184369,0.8892981320346844,1,subprime
2026-06-15,0.9141025681428331,0.005894257981821749,0,subprime
2026-06-15,1.9730427803210517,0.0,0,prime
2026-06-15,1.242204069441064,0.9086606934705425,1,prime
2026-06-15,0.49022169074968347,0.041839301851246395,0,subprime
2026-06-15,2.2326381026361135,0.0,0,prime
2026-06-15,0.0035049029851168534,0.9363594315776121,1,prime
2026-06-15,2.458409660529411,0.7580625369701763,1,prime
2026-06-15,2.405644809287535,0.07362589804341477,0,prime
2026-06-15,1.4877578091065462,0.8349602432792608,1,prime
2026-06-15,0.17193448340012019,0.2458693403261053,0,subprime
2026-06-15,3.494814301692884,0.8893471217628217,1,prime
2026-06-15,1.472632686319418,0.0,0,subprime
2026-06-15,3.093673318921116,0.0,0,prime
2026-06-15,0.7605003209353937,0.969775718480817,1,subprime
2026-06-15,1.0802150438928142,0.025543947470500896,0,prime
2026-06-15,4.103870162803227,0.03202343414238423,0,subprime
2026-06-15,0.9143273416490144,1.0,1,prime
2026-06-15,2.405677865517897,0.8516290074412928,1,prime
2026-06-15,1.97326275964495,1.0,1,subprime
2026-06-15,0.7690042571220501,0.0,0,subprime
2026-06-15,0.9279849597345624,1.0,1,prime
2026-06-15,2.9734197096822843,0.0,0,prime
2026-06-15,3.439143239923856,0.009076854295147763,0,prime
2026-06-15,-0.6505968157491464,0.7981598908528191,1,prime
2026-06-15,2.8466234099936463,0.07258120734963151,0,prime
2026-06-15,3.2137162457352817,0.1452388433974265,0,subprime
2026-06-15,0.6041886514183836,1.0,1,prime
2026-06-15,0.12844792667893223,0.0,0,prime
2026-06-15,2.486237468776479,0.07295341118735234,0,prime
2026-06-15,2.5110475389653564,0.1706411179396926,0,prime
2026-06-15,1.1830962764578223,0.0,0,subprime
2026-06-15,0.7521411877178212,0.0,0,prime
2026-06-15,0.4134759612026442,0.8413233751822402,1,prime
2026-06-15,2.927547620699459,0.0,0,subprime
2026-06-15,0.9796422680502688,0.0,0,prime
2026-06-15,1.8574715190564266,0.9461253206816872,1,subprime
2026-06-15,1.9589994759455815,0.33190211786731927,0,prime
2026-06-15,1.0335891837629323,0.8248308560423689,1,subprime
2026-06-15,1.350509296686268,0.824108498384234,1,subprime
2026-06-15,-0.6272405114861799,1.0,1,prime
2026-06-15,2.278290616533911,0.0,0,subprime
2026-06-15,1.768664977486596,0.05008477575954635,0,subprime
2026-06-15,2.040955187875014,1.0,1,prime
2026-06-15,1.789967388310493,0.07726695833904437,0,subprime
2026-06-15,0.2184756309111675,0.7810148047895713,1,prime
2026-06-15,2.4880217114915135,1.0,1,subprime
2026-06-15,1.9025067744582593,0.06211731379726006,0,subprime
2026-06-15,0.8225310334853878,0.916184819048939,1,prime
2026-06-15,1.763968730834319,0.8596010718221682,1,prime
2026-06-15,0.9696255519185619,0.9192566139471666,1,prime
2026-06-15,2.2496860901055373,0.7952006502589781,1,prime
2026-06-15,1.5359898293628982,0.8848508784788642,1,subprime
2026-06-15,2.5813907622340064,0.010879462073853853,0,prime
2026-06-15,-0.2575460277225987,1.0,1,prime
2026-06-15,3.4338720795210667,0.9485498237758091,1,subprime
2026-06-15,2.2365056220969457,0.08472034048980776,0,prime
2026-06-15,0.270464463394249,0.0,0,subprime
2026-06-15,3.553003876443997,0.08513748527448356,0,prime
2026-06-15,1.791552908148618,1.0,1,prime
2026-06-15,1.824323521139637,0.060961911226305385,0,prime
2026-06-15,3.702837812454616,1.0,1,subprime
2026-06-15,2.4196450797896545,1.0,1,prime
2026-06-15,4.146631116475861,0.0737013963712499,0,subprime
2026-06-15,0.6535840868373648,0.9495831867941771,1,prime
2026-06-15,3.2617216801370206,0.9234331842757858,1,subprime
2026-06-15,1.3107301165336844,0.027315682644120848,0,prime
2026-06-15,0.2967151116999256,0.0001844213356190158,0,prime
2026-06-15,3.675345162644783,0.0,0,prime
2026-06-15,1.4275997790639818,0.01638230106442369,0,subprime
2026-06-15,2.7785829506271242,1.0,1,prime
2026-06-15,1.0528663149543596,0.8778796381576837,1,prime
2026-06-15,0.08279316442317519,0.9833566041331832,1,prime
2026-06-15,1.6635164499981687,0.845383333640488,1,subprime
2026-06-15,1.0547288663944974,0.2380962070418915,0,subprime
2026-06-15,2.8721980689627826,0.8938832190865097,1,prime
2026-06-15,0.49952711697450103,0.9978692301263566,1,prime
2026-06-15,0.7704406705363508,0.0,0,prime
2026-06-15,2.3168225914708462,0.8622902086272634,1,prime
2026-06-15,1.224926710303769,0.0,0,subprime
2026-06-15,0.23882859440601423,0.9373006649236822,1,subprime
2026-06-15,2.3002931016988497,0.8612098258702936,1,subprime
2026-06-15,2.309424604558892,0.0904026269806377,0,prime
2026-06-15,-0.7170372310053785,0.9889301741998011,1,prime
2026-06-15,2.646308169828419,0.0,0,prime
2026-06-15,2.0252892400353155,1.0,1,prime
2026-06-15,0.5593449599996649,0.06934353062354601,0,prime
2026-06-15,2.5717159335028024,1.0,1,prime
2026-06-15,2.2182637387918525,0.8638620698637799,1,subprime
2026-06-15,2.712574941294501,1.0,1,subprime
2026-06-15,1.4808723241740565,0.9803618499578275,1,prime
2026-06-15,2.0001316382217023,0.8923085750008807,1,prime
2026-06-15,2.825857973360792,0.06389131256378275,0,subprime
2026-06-15,-0.22853944937905646,0.9204228037646357,1,prime
2026-06-15,2.8906912978064336,0.0,0,prime
2026-06-15,1.8863077128971453,0.0609646246784922,0,prime
2026-06-15,3.0988624527847497,0.941007834130443,1,prime
2026-06-15,0.7740967501777408,0.7071270110254646,1,prime
2026-06-15,3.6307237402378965,0.03583156477869674,0,prime
2026-06-15,2.2864248270754803,0.059490325147278186,0,prime
2026-06-15,2.788766087320493,1.0,1,prime
2026-06-15,1.9198783353769378,0.0,0,subprime
2026-06-15,0.7396203876075879,0.987984524968171,1,prime
2026-06-15,0.9788543481060533,0.9516308916534721,1,prime
2026-06-15,2.5356731858914916,0.0,0,prime
2026-06-15,1.7968974646799427,0.9032137897447973,1,prime
2026-06-15,1.3144591850552596,0.7708067564751833,1,subprime
2026-06-15,1.1831045854189282,0.1399105815864432,0,subprime
2026-06-15,2.2439647316092888,0.9338145852718728,1,prime
2026-06-15,2.8698061268753894,0.986999388778731,1,prime
2026-06-15,1.1516824970292814,1.0,1,prime
2026-06-15,2.6586714564954232,1.0,1,subprime
2026-06-15,3.330012574752093,0.059581676712440385,0,prime
2026-06-15,3.4850215402987774,0.8971705717725666,1,prime
2026-06-15,0.3907495000958341,0.012389830716211345,0,subprime
2026-06-15,0.5231851298467891,0.0,0,prime
2026-06-15,1.3081831820101384,0.8586700439879795,1,prime
2026-06-15,2.1787186232061044,0.0,0,subprime
2026-06-15,2.93750604940587,0.0,0,prime
2026-06-15,1.140531271065955,0.033504939082113334,0,prime
2026-06-15,0.37482427858834555,0.7325204703333995,1,prime
2026-06-15,1.3459129330632962,0.01716150582149093,0,prime
2026-06-15,2.11129125644053,1.0,1,prime
2026-06-15,1.2216883381152286,0.02031528804833717,0,prime
2026-06-15,0.66406922426351,0.10503942697217068,0,subprime
2026-06-15,1.14566481236812,0.9039788497219712,1,prime
2026-06-15,-0.581599127079002,0.9920551608383855,1,subprime
2026-06-15,0.49343206895634495,1.0,1,subprime
2026-06-15,2.4243324634921297,1.0,1,subprime
2026-06-15,-0.3395404233276833,0.01411658629500629,0,prime
2026-06-15,0.8475885636230837,0.9308993718085529,1,subprime
2026-06-15,2.1588227094723993,0.9459256534327521,1,subprime
2026-06-15,1.192248647386492,0.799287835747264,1,prime
2026-06-15,0.5434506452526189,1.0,1,prime
2026-06-15,2.429286055468479,0.0,0,prime
2026-06-15,0.7504925943576816,0.005035819727777252,0,subprime
2026-06-15,0.37410930858639047,1.0,1,subprime
2026-06-15,2.2913468260381844,0.9655670046116505,1,prime
2026-06-15,1.6528190434373173,0.9616547847350836,1,subprime
2026-06-15,1.2598724632520644,0.0,0,prime
2026-06-15,2.2100511673827317,0.0,0,subprime
2026-06-15,1.662927876845174,0.15341296193607357,0,prime
2026-06-15,2.0552138131687023,1.0,1,prime
2026-06-15,1.2092117742463624,0.8332058917218563,1,prime
2026-06-15,3.1400412732003478,0.07400472594995565,0,subprime
2026-06-15,2.1921021113080545,0.6702503871148366,1,prime
2026-06-15,1.114982870167518,0.9423487874529166,1,prime
2026-06-15,0.9258777700778434,1.0,1,subprime
2026-06-15,1.8315594736705991,1.0,1,prime
2026-06-15,2.323628549151499,0.41239742693190556,0,subprime
2026-06-15,0.7536744642932143,0.06209327290471141,0,prime
2026-06-15,2.1044625923202984,0.07649377392148533,0,subprime
2026-06-15,0.16962989628363956,0.09336181657967119,0,prime
2026-06-15,2.1471322127182093,0.0,0,prime
2026-06-15,0.9250344621234746,0.9285713577741599,1,prime
2026-06-15,-0.3385817532742468,0.8067044394304008,1,subprime
2026-06-15,2.0727488182258855,0.08902267121159738,0,prime
2026-06-16,1.178566830649837,0.0,0,prime
2026-06-16,1.5599235388796804,0.8884165575605711,1,prime
2026-06-16,3.7210276686006702,0.9836750555676159,1,prime
2026-06-16,1.3317131966494753,0.07320846810815847,0,prime
2026-06-16,0.9221756273825961,0.09970700868385801,0,prime
2026-06-16,-0.15011545422982286,0.0699187353745792,0,prime
2026-06-16,2.7094144859767724,0.011633748348473978,0,subprime
2026-06-16,0.13922404535053867,0.08262305229388658,0,subprime
2026-06-16,2.0534857145336587,0.9269801147698608,1,subprime
2026-06-16,0.11584931731834791,0.0,0,subprime
2026-06-16,1.9411260029020512,0.0,0,subprime
2026-06-16,1.203179166934635,0.0,0,prime
2026-06-16,1.574230655622201,0.0,0,prime
2026-06-16,-0.16296113481084307,0.8552430863586329,1,prime
2026-06-16,1.4771663016912282,1.0,1,prime
2026-06-16,1.6438736859337055,0.03356918924851292,0,subprime
2026-06-16,1.3901747381989442,0.0,0,prime
2026-06-16,1.2322050200483299,0.0594382753932534,0,subprime
2026-06-16,0.34099141095603325,0.8533382567774224,1,subprime
2026-06-16,1.912044378565338,0.9759718773963514,1,prime
2026-06-16,2.6535443251754742,0.1686437222928865,0,prime
2026-06-16,1.7665179458421585,0.819624689498677,1,prime
2026-06-16,0.9114278338261482,0.06486362548940225,0,subprime
2026-06-16,1.2679556012625688,0.9710191886687701,1,prime
2026-06-16,1.7792516113388268,0.9539279410633661,1,prime
2026-06-16,1.540833085760957,0.20170409588448185,0,prime
2026-06-16,0.029343215753587115,0.19838874782262547,0,prime
2026-06-16,2.626456760764637,0.0,0,prime
2026-06-16,1.4693111292262295,0.9525460750807537,1,prime
2026-06-16,2.114390000395445,0.8963286185020506,1,prime
2026-06-16,1.6470245647510195,0.9227530529583791,1,prime
2026-06-16,1.2304345235770682,0.20750055499909334,0,subprime
2026-06-16,0.5084059876120401,0.7523279016254785,1,subprime
2026-06-16,-0.4334105484089321,0.21744507249846454,0,subprime
2026-06-16,0.5447960563369365,0.035787784472107675,0,subprime
2026-06-16,2.011992900613712,0.0645824802557505,0,subprime
2026-06-16,1.6242948846634195,0.0,0,subprime
2026-06-16,1.6302265414203077,0.12858060252778494,0,prime
2026-06-16,0.6982982171057387,0.2571875490968654,0,prime
2026-06-16,2.0623456589391234,0.2352807595653969,0,prime
2026-06-16,0.5117989321312764,0.06945167092410708,0,subprime
2026-06-16,-0.7729297286458912,1.0,1,subprime
2026-06-16,2.54402579167809,0.8368471825758028,1,prime
2026-06-16,3.1674889623053697,0.9760353471004412,1,prime
2026-06-16,3.2334833250350092,0.0,0,subprime
2026-06-16,-1.1023645976741694,0.8889862743017969,1,prime
2026-06-16,1.350712693309584,0.0,0,prime
2026-06-16,1.3183562629899968,0.9697928858144045,1,prime
2026-06-16,2.358743468698591,0.04398544265221012,0,subprime
2026-06-16,0.8182124662749538,0.0,0,subprime
2026-06-16,0.47630575589401913,1.0,1,prime
2026-06-16,1.6388206811912085,1.0,1,prime
2026-06-16,-1.0602991471503254,0.9099466231719018,1,subprime
2026-06-16,0.09120052818168345,0.0,0,prime
2026-06-16,2.6160730116291937,0.9538601284512532,1,prime
2026-06-16,0.8965918166768155,0.982729111280214,1,prime
2026-06-16,0.7861304019388007,0.11637833830651494,0,prime
2026-06-16,2.326988667761498,1.0,1,subprime
2026-06-16,2.178096744741371,0.08603639704958968,0,subprime
2026-06-16,1.5753336313484838,0.03164731940925089,0,prime
2026-06-16,2.342993958648513,0.15496507475591986,0,prime
2026-06-16,1.4979205170895709,0.0703665934458575,0,subprime
2026-06-16,2.2596593675135264,1.0,1,prime
2026-06-16,1.570554189090546,0.017351500750414535,0,subprime
2026-06-16,2.1623713291368407,0.8136727969807631,1,prime
2026-06-16,0.47432323723133285,0.06680373001474205,0,subprime
2026-06-16,0.8198952886181976,0.0028680906892750435,0,prime
2026-06-16,0.4113125863839946,0.08502147949887094,0,subprime
2026-06-16,1.8587150816482658,0.8793730563506454,1,prime
2026-06-16,0.4629169972101106,0.9759519941677356,1,prime
2026-06-16,1.6510821396257165,0.035225575613467106,0,prime
2026-06-16,0.6911991197620441,0.09840346588409996,0,prime
2026-06-16,0.7905351725787471,0.07179223615400701,0,subprime
2026-06-16,0.8972131021298536,0.9289197335446227,1,prime
2026-06-16,2.041225349960238,0.0,0,prime
2026-06-16,2.705162495191151,0.0029872299834850236,0,subprime
2026-06-16,3.205976331487313,0.0,0,prime
2026-06-16,2.829247877068819,0.004269232622356414,0,prime
2026-06-16,2.0430471581006873,0.9149032014656221,1,prime
2026-06-16,1.9531516042730355,0.021093206053144742,0,subprime
2026-06-16,1.4546395603935816,0.8530925377783478,1,prime
2026-06-16,0.7902795633818365,0.03492756015494805,0,subprime
2026-06-16,2.6610328935150176,0.0,0,prime
2026-06-16,0.4409322297595255,0.1457470873040796,0,subprime
2026-06-16,2.3106984833022626,0.10561378596112825,0,prime
2026-06-16,0.6918832244279274,0.8306288701148163,1,prime
2026-06-16,0.5616517572279189,0.8073352223053878,1,subprime
2026-06-16,1.5846124575397054,0.95615238912703,1,prime
2026-06-16,1.3178212622631345,0.2677738028850415,0,prime
2026-06-16,1.8497040956986426,0.08608402590686565,0,prime
2026-06-16,0.35085372640761925,0.10799724872830915,0,prime
2026-06-16,2.0102634900143714,0.10046365939354464,0,prime
2026-06-16,2.672121578908489,0.013418907874786612,0,prime
2026-06-16,0.8279648029432458,0.061352616261621945,0,prime
2026-06-16,1.4318822028606657,0.7043099239120482,1,prime
2026-06-16,2.9889691623179497,1.0,1,subprime
2026-06-16,1.4359207969896703,0.1631659626545775,0,prime
2026-06-16,2.1432604332652367,0.06402058231421064,0,prime
2026-06-16,1.7555599199798557,0.9998093246739743,1,prime
2026-06-16,0.19249198707166504,0.18178636684911795,0,prime
2026-06-16,0.5906942138977143,0.9561342190279116,1,prime
2026-06-16,2.4067597079648406,0.9949942114838127,1,prime
2026-06-16,1.8982308690360261,0.17192622498491403,0,prime
2026-06-16,1.9285036870166792,0.0,0,prime
2026-06-16,1.451388612395744,0.9943667894719461,1,prime
2026-06-16,1.2095018207781356,0.0,0,subprime
2026-06-16,2.654572841440358,1.0,1,prime
2026-06-16,2.3405395909703177,1.0,1,prime
2026-06-16,1.1025518897134208,0.8700699942754615,1,prime
2026-06-16,1.5356694961080286,0.0,0,prime
2026-06-16,0.875686833877984,0.09867507405655564,0,subprime
2026-06-16,0.6680349101745438,1.0,1,subprime
2026-06-16,3.035190751906417,1.0,1,prime
2026-06-16,0.32448311544341024,0.07538859095650152,0,prime
2026-06-16,2.93244295280825,0.2808641110075002,0,prime
2026-06-16,0.9751973456394335,0.011896166581303977,0,prime
2026-06-16,1.8591454480867324,1.0,1,prime
2026-06-16,0.8286218030605268,0.15729963311164757,0,prime
2026-06-16,0.8755405474467204,1.0,1,prime
2026-06-16,1.3151627996007216,0.0050945996022341775,0,prime
2026-06-16,2.912494262961653,0.8302634115855753,1,subprime
2026-06-16,1.3170938764629208,0.8979038997871253,1,prime
2026-06-16,3.3196571142376126,1.0,1,prime
2026-06-16,1.1048005797596891,0.8895979073704721,1,prime
2026-06-16,1.3960347847966412,0.9365142210387185,1,prime
2026-06-16,1.9240672178126481,0.12807537907310668,0,prime
2026-06-16,2.2113575506642795,0.9449294050044559,1,subprime
2026-06-16,1.8860328977729754,1.0,1,subprime
2026-06-16,0.31096232182511896,1.0,1,subprime
2026-06-16,2.8417107145460574,0.0,0,prime
2026-06-16,1.1382772472345242,0.9918943261994958,1,subprime
2026-06-16,1.304981416219527,0.0,0,prime
2026-06-16,1.263890819715692,0.06609366962511139,0,prime
2026-06-16,0.71776956603758,0.04363351602143117,0,subprime
2026-06-16,2.399578247250023,0.16383204744919638,0,prime
2026-06-16,0.5440022305258316,0.9492039795280219,1,subprime
2026-06-16,1.041704056807574,0.2675780290865163,0,prime
2026-06-16,2.5252300270544104,0.020265547878851195,0,subprime
2026-06-16,2.607644742072706,0.17630848424381632,0,prime
2026-06-16,0.4262257199309307,0.8856518292608615,1,prime
2026-06-16,2.2390713647055858,0.8036105084238652,1,prime
2026-06-16,2.9257462482265932,1.0,1,prime
2026-06-16,1.770228951366301,0.7006947956311745,1,prime
2026-06-16,2.060099719837889,0.844036668025645,1,prime
2026-06-16,0.9742489559150052,0.058133792423528716,0,subprime
2026-06-16,1.1129680545940017,0.9706368794489102,1,prime
2026-06-16,2.029415223625356,0.03677073036067571,0,prime
2026-06-16,0.8657171222776082,0.08386915446144447,0,prime
2026-06-16,0.6169262985072143,0.11831097967857282,0,prime
2026-06-16,0.9422252883929169,0.08017752601154085,0,prime
2026-06-16,2.7016822420813082,0.9108538568253125,1,prime
2026-06-16,1.5121659802801826,0.9676679945679727,1,prime
2026-06-16,1.4951756229224595,0.0,0,prime
2026-06-16,1.7808199681686818,0.8638269600807768,1,prime
2026-06-16,1.6818206247692882,0.0,0,subprime
2026-06-16,-0.5141213861339518,0.0,0,prime
2026-06-16,1.7677594569992392,0.1440662602237855,0,prime
2026-06-16,0.9029340574842496,0.07062485594647007,0,subprime
2026-06-16,-0.16421179585520607,0.9381576669411462,1,subprime
2026-06-16,2.0172643093383718,0.0,0,subprime
2026-06-16,1.786605069442787,0.8312778375342074,1,prime
2026-06-16,0.9568320535649899,0.0,0,prime
2026-06-16,1.195323399502046,1.0,1,prime
2026-06-16,1.9493670671460408,0.9666652527648291,1,subprime
2026-06-16,2.7918834056334783,0.025944976538752603,0,prime
2026-06-16,1.886801752675294,0.8804603357843617,1,prime
2026-06-16,2.611407960120279,0.8520969260634598,1,prime
2026-06-16,1.9894693870211124,1.0,1,prime
2026-06-16,3.1908387711291364,1.0,1,prime
2026-06-16,2.521300901131855,0.08950716548189941,0,prime
2026-06-16,2.253200978927967,0.10595122848045735,0,prime
2026-06-16,1.2098839608119425,0.9706364094188649,1,subprime
2026-06-16,1.5626493196969167,0.021344204540438366,0,subprime
2026-06-16,2.5772435056213245,0.05508526508104665,0,prime
2026-06-16,1.992946962473945,0.0,0,prime
2026-06-16,0.19870512513615046,0.062103334535333,0,prime
2026-06-16,-0.3517710578916997,0.0444472062632279,0,prime
2026-06-16,3.508959449901751,0.9422073022970522,1,prime
2026-06-16,1.119524718060739,0.9738401267365381,1,prime
2026-06-16,1.9387643000450874,0.9551561826962308,1,subprime
2026-06-16,2.616064255426763,0.0,0,prime
2026-06-16,1.7168708514979487,1.0,1,prime
2026-06-16,2.5302679481422183,0.0,0,prime
2026-06-16,1.474192981502891,0.0,0,prime
2026-06-16,2.8597694978175907,0.9534761311073815,1,subprime
2026-06-16,0.5726578196137195,0.1594407991182163,0,prime
2026-06-16,0.7257058553552703,0.9062107355782778,1,prime
2026-06-16,1.3828447636845163,1.0,1,prime
2026-06-16,3.5506112885760412,0.9128382667161372,1,subprime
2026-06-16,1.7897614024427484,0.0,0,prime
2026-06-16,2.0091685884375137,0.9274744553132809,1,prime
2026-06-16,0.848980718761311,0.861410443616252,1,prime
2026-06-16,1.3442559978251294,0.05837772719518222,0,subprime
2026-06-16,2.849132481886009,0.9263001345292609,1,prime
2026-06-16,3.3437123195273175,0.8185397147222094,1,prime
2026-06-16,2.112437497177329,0.0,0,subprime
2026-06-16,0.5755910379517455,1.0,1,prime
2026-06-16,2.282896397249407,0.09656467570636915,0,prime
2026-06-16,4.339110710501135,0.887827324819543,1,prime
2026-06-16,2.258628130070135,1.0,1,prime
2026-06-16,-0.1273061405013276,0.8960825085768533,1,prime
2026-06-16,1.533644528854787,0.009181783041766922,0,prime
2026-06-16,1.1856632330330013,1.0,1,prime
2026-06-16,0.49828757192845385,0.8081905743291423,1,prime
2026-06-16,1.899380913832656,0.01973569665188609,0,prime
2026-06-16,0.8778931766473077,0.7814286484795884,1,subprime
2026-06-16,0.5275410199418259,0.9676025912363551,1,prime
2026-06-16,0.283011297817475,0.8534729751923644,1,subprime
2026-06-16,-0.1434103405145799,0.9751235704120895,1,subprime
2026-06-16,1.6722983742635786,0.0,0,prime
2026-06-16,0.6660162560790797,0.14539604679863427,0,prime
2026-06-16,2.103561571262993,0.18640470571862583,0,prime
2026-06-16,0.6058287662743335,1.0,1,subprime
2026-06-16,1.9559922127605858,0.9119883003795054,1,prime
2026-06-16,3.2416421556269324,0.9467373885771947,1,prime
2026-06-16,1.2658944831389083,0.2058063245419228,0,subprime
2026-06-16,1.445264193546455,1.0,1,prime
2026-06-16,0.397105952828249,0.9213127013410256,1,subprime
2026-06-16,0.4007294060651163,0.9953650064846494,1,prime
2026-06-16,2.1319317733149346,1.0,1,prime
2026-06-16,0.9113556959429283,1.0,1,prime
2026-06-16,1.257009157882287,0.913371936754473,1,subprime
2026-06-16,1.718654882218502,0.09263913191477707,0,prime
2026-06-16,2.7153207340453593,0.0,0,subprime
2026-06-16,2.1762029782576633,0.9074532052857265,1,prime
2026-06-16,0.14935297215697196,0.987803653243921,1,subprime
2026-06-16,1.578103189051508,0.0,0,prime
2026-06-16,3.8246657773724686,1.0,1,prime
2026-06-16,2.5473578745323775,0.8055890578502104,1,prime
2026-06-16,0.6456575404064246,0.15509938482821825,0,prime
2026-06-16,1.8813254703323787,0.02516224516068256,0,subprime
2026-06-16,1.5517150900381416,0.0,0,subprime
2026-06-16,1.2641429875993744,0.03748261213544274,0,prime
2026-06-16,0.755702383786084,1.0,1,subprime
2026-06-16,1.5872919144713282,0.15013797448637084,0,subprime
2026-06-16,0.38859064723912984,0.3190848729611066,0,prime
2026-06-16,2.131625890037889,1.0,1,prime
2026-06-16,1.7715812020871755,0.9400266840074906,1,subprime
2026-06-16,1.2896521610672818,0.050906499765980134,0,subprime
2026-06-16,2.1847430683188587,0.09142338478272177,0,prime
2026-06-16,-0.6556442761974139,1.0,1,subprime
2026-06-16,4.006654133730012,0.0,0,prime
2026-06-16,1.2766216352247026,0.9484544313277022,1,prime
2026-06-16,2.6858314167282575,0.8635703036823843,1,subprime
2026-06-16,1.1850795161898136,0.12597500376830167,0,subprime
2026-06-16,0.4303275697756723,0.11196183250976893,0,prime
2026-06-16,1.5496997439652498,0.08061935667848207,0,prime
2026-06-16,2.121205161656177,0.03437195480671272,0,prime
2026-06-16,1.3652450023439262,0.8895266772938922,1,prime
2026-06-16,1.9448652002592963,1.0,1,prime
2026-06-16,4.314267518439834,0.9232566265141873,1,subprime
2026-06-16,-0.9046896972803782,0.8831295334902642,1,prime
2026-06-16,1.5509640434055982,0.13196885835584649,0,prime
2026-06-16,2.2974231236955815,0.8556920047152282,1,subprime
2026-06-16,-1.3233452273159467,0.8740679442072843,1,subprime
2026-06-16,2.0929278300385725,0.0,0,subprime
2026-06-16,1.9815237503746612,0.013317373059675737,0,subprime
2026-06-16,1.7988970163929425,0.021643534120005137,0,prime
2026-06-16,0.31349410943656686,0.9694529550404842,1,prime
2026-06-16,1.5961708811466448,0.0,0,prime
2026-06-16,0.9337326154860629,0.9140082251710087,1,subprime
2026-06-16,-0.049284615278295085,0.9611035106229089,1,prime
2026-06-16,1.6672846877821554,0.8395961249830411,1,prime
2026-06-16,1.8495816572737178,0.07864986078279913,0,subprime
2026-06-16,0.7870344292739245,1.0,1,prime
2026-06-16,2.038773502188818,0.9905274685050427,1,prime
2026-06-16,2.2678271437672164,0.01603125388958994,0,prime
2026-06-16,1.2777199278834597,1.0,1,subprime
2026-06-16,4.442873956737759,0.0166713744379895,0,prime
2026-06-16,1.389423985368518,0.8226976400732358,1,prime
2026-06-16,2.2662719016963635,0.15003130978307133,0,prime
2026-06-16,-0.05069967623727467,0.8512468055527705,1,prime
2026-06-16,1.8029129481542348,0.018224664670668182,0,prime
2026-06-16,1.3833663921744657,0.8841452750802329,1,subprime
2026-06-16,0.05667442580991189,0.11809234148471057,0,subprime
2026-06-16,2.1163366304754607,0.05272857436064203,0,prime
2026-06-16,0.9224162248010285,0.9718999092731927,1,prime
2026-06-16,-1.1455483327280795,0.9931889940877774,1,subprime
2026-06-16,0.964157745212,1.0,1,subprime
2026-06-16,-0.3064467807397695,0.04433975170089655,0,prime
2026-06-16,3.3117449522937914,0.0,0,prime
2026-06-16,1.6775591169743989,0.13999211398491562,0,prime
2026-06-16,0.7877616166620995,0.10057740656568237,0,subprime
2026-06-16,1.933883056635508,0.04001669134500043,0,prime
2026-06-16,1.3075612408672395,1.0,1,subprime
2026-06-16,2.2367151243837426,0.029137578469764627,0,prime
2026-06-16,1.0348954012800093,0.0334967715465026,0,prime
2026-06-16,2.562806881261185,0.0,0,prime
2026-06-16,2.4234081320619913,0.017556435142922516,0,subprime
2026-06-16,0.5589998790026848,0.0029151792996601963,0,prime
2026-06-16,1.3743433982965814,0.06337467366247496,0,prime
2026-06-16,2.107586373989001,0.8947805321150036,1,prime
2026-06-16,0.2966522865098984,0.10539536644400713,0,subprime
2026-06-16,2.1394410833973803,0.13025162529577586,0,prime
2026-06-16,2.1976652365144838,1.0,1,prime
2026-06-16,2.3405433916125995,0.7755868563067276,1,prime
2026-06-16,2.0924019480793783,0.7925754666993046,1,prime
2026-06-16,1.3492311407138393,0.0,0,prime
2026-06-16,1.1944478340907108,0.8938344721320808,1,prime
2026-06-16,1.47035983960326,1.0,1,prime
2026-06-16,0.19275991487783672,1.0,1,subprime
2026-06-16,0.9785145441714967,0.10859053604153715,0,subprime
2026-06-16,1.6630076876068554,0.0,0,prime
2026-06-16,2.686949141597317,0.0,0,prime
2026-06-16,1.4920301028307483,0.0,0,subprime
2026-06-16,1.133146900287338,0.08238087314152194,0,prime
2026-06-16,0.4825958841176239,0.039573216458482274,0,prime
2026-06-16,1.4913808872062617,0.022261940510698783,0,subprime
2026-06-16,0.7333575281832065,0.0,0,subprime
2026-06-16,-0.21633847304747,0.11667377914210238,0,prime
2026-06-16,1.035102674766474,0.9331679351289859,1,prime
2026-06-16,0.6162935868648513,0.0,0,subprime
2026-06-16,1.3658157616447268,0.07254780302713555,0,prime
2026-06-16,1.1045231277630472,0.8015379131560707,1,prime
2026-06-16,2.277482138959768,0.20793373024725137,0,subprime
2026-06-16,0.3462436373415796,1.0,1,prime
2026-06-16,1.3651156642657782,0.05104127983846915,0,subprime
2026-06-16,0.8794218315720485,0.006712225098054664,0,prime
2026-06-16,-0.7486779401141108,0.9722616714633963,1,prime
2026-06-16,0.02368534605231898,0.014139760125700958,0,prime
2026-06-16,0.15196184454644124,0.0,0,subprime
2026-06-16,1.7242876273524568,0.25727037844068407,0,prime
2026-06-16,1.4488124498138049,0.028891149547923992,0,subprime
2026-06-16,3.3911121164870144,1.0,1,prime
2026-06-16,1.2183119963442175,0.9860451059365775,1,prime
2026-06-16,3.3328923080661204,0.0,0,prime
2026-06-16,3.3112307626434694,0.7953305098450101,1,subprime
2026-06-16,1.7256734222726713,0.7209627088049191,1,subprime
2026-06-16,1.7853965201947744,0.17727488278837836,0,subprime
2026-06-16,2.4556230420893357,1.0,1,subprime
2026-06-16,0.9612679819759159,0.0,0,subprime
2026-06-16,-0.5659510734755573,1.0,1,prime
2026-06-16,1.005753923690793,0.006366904966150319,0,prime
2026-06-16,-0.03495153340693924,0.9884722917179766,1,subprime
2026-06-16,0.12039822045851967,0.9759052287266358,1,subprime
2026-06-16,2.249176739695343,1.0,1,prime
2026-06-16,1.3566536181820468,0.02332808461049378,0,prime
2026-06-16,0.5555910344535919,0.0,0,subprime
2026-06-16,1.7983757953205144,0.0,0,subprime
2026-06-16,1.2085379034220425,1.0,1,subprime
2026-06-16,1.3387996479010134,0.8835599565860155,1,prime
2026-06-16,0.458330925230237,0.07390151960936858,0,subprime
2026-06-16,3.337609835748265,0.13399982688722822,0,prime
2026-06-16,1.5540026113782626,0.0,0,prime
2026-06-16,0.6972220305445096,0.9917040183842059,1,prime
2026-06-16,0.8195357653709513,0.0,0,prime
2026-06-16,1.9182712244403257,0.06738343801638297,0,prime
2026-06-16,2.1584784533485735,0.965310290053604,1,prime
2026-06-16,-0.049553289858093486,0.16477283845991353,0,subprime
2026-06-16,-0.5791176507572198,1.0,1,prime
2026-06-16,1.395297414234147,0.0,0,prime
2026-06-16,2.7001525466668177,0.04505961807036192,0,subprime
2026-06-16,0.5601619819895791,0.0,0,prime
2026-06-16,0.6312324242739449,0.12415318219614067,0,subprime
2026-06-16,0.7196888427894498,0.9448638806636193,1,prime
2026-06-16,1.374101694555995,0.9765639812489634,1,prime
2026-06-16,-1.043373795721584,0.14087324827974768,0,prime
2026-06-16,0.5008170148501967,0.0,0,prime
2026-06-16,2.338935883822173,0.030401804114930726,0,prime
2026-06-16,0.5281628829054091,0.6808661423728191,1,subprime
2026-06-16,1.4227010434713818,0.0,0,prime
2026-06-16,1.962288796326597,0.9312724358579969,1,prime
2026-06-16,1.3012215853036737,0.15975849238105178,0,subprime
2026-06-16,1.3609594486728203,0.8204371636565617,1,prime
2026-06-16,1.6116527833134764,0.9367212569557382,1,prime
2026-06-16,0.3167906948076482,0.15158488543923088,0,prime
2026-06-16,2.184162049692671,0.19897511696558684,0,subprime
2026-06-16,2.1380627946525133,0.09577051139061667,0,prime
2026-06-16,0.9636792437526146,1.0,1,subprime
2026-06-16,1.0893563122655532,0.8893764848489157,1,subprime
2026-06-16,1.4560911760513688,0.9196972852129677,1,prime
2026-06-16,1.3596694000047664,0.8317366045229845,1,subprime
2026-06-16,0.6562666017698595,0.9694323086605152,1,prime
2026-06-16,1.2436006444965555,0.9304378328238198,1,prime
2026-06-16,0.9980561427823121,0.7617922179007878,1,prime
2026-06-16,1.0920899085896885,0.8973751932341352,1,prime
2026-06-16,2.422983076093476,0.0,0,prime
2026-06-16,3.606763577705401,0.9897741903897221,1,prime
2026-06-16,1.507551967896132,0.9398709965107751,1,prime
2026-06-16,0.8436130963379054,0.10654361881235265,0,subprime
2026-06-16,1.7386228441991758,0.020975079132389267,0,subprime
2026-06-16,1.50444987024261,0.021615254567697455,0,prime
2026-06-16,0.41382978804070025,0.8229933978511274,1,subprime
2026-06-16,0.8502202375015172,0.8771905206252782,1,subprime
2026-06-16,2.129956774525053,0.16570031489380793,0,subprime
2026-06-16,0.6576638014441598,0.9906559715995942,1,prime
2026-06-16,0.3296300724146175,0.8438795174668468,1,prime
2026-06-16,0.8760170639188446,0.8972569931702574,1,prime
2026-06-16,1.7867549441571722,0.14995125952355132,0,prime
2026-06-16,1.5770760155843295,0.9113446120628699,1,subprime
2026-06-16,1.5624107137181085,1.0,1,subprime
2026-06-16,0.9933348786891404,0.2279828090349528,0,prime
2026-06-16,1.8692466729827129,0.11357266002636078,0,subprime
2026-06-16,2.3010374205244895,0.03216577844420881,0,prime
2026-06-16,2.5091992449525993,0.9082312390144051,1,prime
2026-06-16,0.7174140639619931,0.07717349244311811,0,subprime
2026-06-16,2.01873050493632,0.14835936616751852,0,prime
2026-06-16,2.0893004179126726,0.9478470258484164,1,prime
2026-06-16,1.0168098334655,0.0,0,prime
2026-06-16,-0.08469495216614398,1.0,1,subprime
2026-06-17,0.25269350620661424,0.0,0,subprime
2026-06-17,0.34811763654125716,0.7906094416983827,1,prime
2026-06-17,1.5201317224407558,0.18453782612445438,0,prime
2026-06-17,-0.24854102836337977,1.0,1,prime
2026-06-17,1.4250369332369934,0.9578801866498113,1,prime
2026-06-17,1.4979575149002684,0.811550914138957,1,subprime
2026-06-17,0.9417411564410124,0.0,0,prime
2026-06-17,3.6926988546672366,1.0,1,prime
2026-06-17,-0.8240469413161442,1.0,1,prime
2026-06-17,2.8175391607097353,0.0,0,prime
2026-06-17,1.2891407013621339,0.10678726171937414,0,prime
2026-06-17,0.858292398090849,1.0,1,subprime
2026-06-17,1.2629049607636762,0.9505451344236562,1,prime
2026-06-17,1.038757915985761,0.9055633364890878,1,prime
2026-06-17,1.1273825685050252,0.9475941398695186,1,prime
2026-06-17,0.29815074569321753,0.21852904527936204,0,subprime
2026-06-17,0.8622085806324813,1.0,1,prime
2026-06-17,1.0460010067101548,0.23379444028579938,0,prime
2026-06-17,2.0240573804635447,1.0,1,subprime
2026-06-17,-0.3112765971846856,1.0,1,subprime
2026-06-17,0.6406204076758039,0.9302382024005975,1,subprime
2026-06-17,1.8981228123597458,0.9798007175392559,1,prime
2026-06-17,2.046352272857218,0.0,0,prime
2026-06-17,2.072983655903676,0.7829577635557791,1,prime
2026-06-17,-0.08183852623320109,0.972491482593246,1,subprime
2026-06-17,2.455761270398494,0.0820516691488613,0,subprime
2026-06-17,0.29758251667545665,0.19294897975053554,0,prime
2026-06-17,1.4328410700106724,1.0,1,prime
2026-06-17,-1.7540359715200542,0.009182680017085582,0,prime
2026-06-17,2.172824150392217,1.0,1,prime
2026-06-17,1.3292689768056782,0.0,0,prime
2026-06-17,0.5815826470954897,0.0,0,subprime
2026-06-17,-0.41005065979649036,0.15490250092269184,0,prime
2026-06-17,1.3432516677250452,0.0002574205941421673,0,prime
2026-06-17,-1.1094163588733408,0.9383054705026692,1,prime
2026-06-17,1.185068648525851,0.0,0,prime
2026-06-17,0.9463676024591473,1.0,1,subprime
2026-06-17,1.554933971506539,0.7865259004510248,1,prime
2026-06-17,-0.21187995396595993,1.0,1,prime
2026-06-17,-0.3534043741350852,0.0,0,prime
2026-06-17,2.287483815249339,1.0,1,subprime
2026-06-17,2.5199114000910585,0.8743713981635592,1,prime
2026-06-17,-0.5058174707635297,0.988829532724198,1,prime
2026-06-17,0.4280536411057374,0.9274760425651831,1,prime
2026-06-17,1.537723131090444,0.8568230148666469,1,prime
2026-06-17,2.299942120488687,0.0,0,prime
2026-06-17,1.0984943444163386,0.9375420031461354,1,prime
2026-06-17,0.8959553136519423,0.0,0,prime
2026-06-17,2.0898178134574987,1.0,1,prime
2026-06-17,1.601644924048924,0.9746491218483415,1,subprime
2026-06-17,1.7024737159103713,0.1032534351190941,0,prime
2026-06-17,1.3482478951602486,0.252893671599896,0,prime
2026-06-17,2.423602291067759,0.8934564656945562,1,prime
2026-06-17,1.3224704477067344,0.7577687566561891,1,prime
2026-06-17,0.3203534235372334,0.0617299429583835,0,prime
2026-06-17,2.023455635915644,0.12631722329870926,0,subprime
2026-06-17,0.1565467731800514,1.0,1,prime
2026-06-17,2.7783052972384854,0.1286250025772715,0,prime
2026-06-17,1.4426294178769934,0.0,0,prime
2026-06-17,1.4349764677835073,0.0,0,prime
2026-06-17,1.8089206027196045,1.0,1,prime
2026-06-17,1.7374698063380327,0.0,0,prime
2026-06-17,0.8432881963698998,0.07726623220872163,0,prime
2026-06-17,1.1385106085756564,0.978629143616617,1,prime
2026-06-17,0.773998011364529,0.8659080011792705,1,prime
2026-06-17,2.390760018040836,0.0,0,prime
2026-06-17,0.08509517744705453,0.9411356790099491,1,prime
2026-06-17,2.2288126078038086,0.05046836507325435,0,subprime
2026-06-17,2.0699660234181327,0.0,0,prime
2026-06-17,1.6078300852596488,0.9268907138710751,1,subprime
2026-06-17,2.3754165283420337,1.0,1,prime
2026-06-17,0.9461060990307798,0.0,0,prime
2026-06-17,1.982262717949304,1.0,1,prime
2026-06-17,0.3780714088350162,1.0,1,prime
2026-06-17,2.633740863774568,0.03490025169754278,0,prime
2026-06-17,0.6497541735084745,1.0,1,subprime
2026-06-17,0.6667990408553481,0.9444281838168022,1,prime
2026-06-17,2.7468496384449796,0.18559524632690919,0,prime
2026-06-17,0.7250908423065491,0.8620044534667186,1,prime
2026-06-17,0.3909787962465766,0.9306192542907301,1,prime
2026-06-17,1.2447592764066189,0.18211538554467518,0,prime
2026-06-17,-0.40435034342546095,0.2844130723996163,0,subprime
2026-06-17,2.437740134128311,0.12392400686441161,0,subprime
2026-06-17,1.1039924386592017,1.0,1,subprime
2026-06-17,1.8366544270597722,0.008341457768071436,0,prime
2026-06-17,-0.5100621436702886,0.0,0,prime
2026-06-17,1.7420181297433808,0.06210202089740415,0,prime
2026-06-17,1.215438339729172,0.0,0,subprime
2026-06-17,2.746309715884034,0.9246672037782065,1,subprime
2026-06-17,0.8360283241477389,0.17490423337385663,0,prime
2026-06-17,-0.27973368753619754,0.9344793669352465,1,subprime
2026-06-17,1.8620495639972097,1.0,1,prime
2026-06-17,-1.6093903200785813,0.8767364845333694,1,prime
2026-06-17,1.2169138980310774,0.29803558703493654,0,prime
2026-06-17,2.2749590922060525,0.967275180013035,1,subprime
2026-06-17,1.7382514886927978,1.0,1,subprime
2026-06-17,0.15926435594254262,0.0,0,subprime
2026-06-17,-0.300749637851474,0.008807340750149752,0,subprime
2026-06-17,2.2624246401294235,0.039644974722874995,0,prime
2026-06-17,1.8061967866899657,0.8334007570482495,1,prime
2026-06-17,0.6402108265044758,0.0822636704615837,0,prime
2026-06-17,1.972346758804502,0.8440498157776778,1,prime
2026-06-17,0.9934841996567663,0.9646403716813603,1,prime
2026-06-17,2.021593153500702,1.0,1,prime
2026-06-17,1.8214513750436991,0.17179415861841796,0,subprime
2026-06-17,2.2093042060441563,0.9936422035683772,1,prime
2026-06-17,0.5358508822120857,0.13137809176245752,0,subprime
2026-06-17,0.3527795977460314,0.0,0,prime
2026-06-17,2.73200532319372,0.9000536305701943,1,prime
2026-06-17,0.7636556907738659,0.04211329733654582,0,prime
2026-06-17,2.42401902869961,1.0,1,subprime
2026-06-17,1.0282243703177394,0.947425260713586,1,prime
2026-06-17,0.11572780279155426,0.2072526644736024,0,prime
2026-06-17,4.2069748596694065,1.0,1,prime
2026-06-17,1.4677964614999524,1.0,1,prime
2026-06-17,0.7074337125131253,0.9549161963090512,1,prime
2026-06-17,1.0888976568491964,0.08317540662825382,0,prime
2026-06-17,0.7755809364658038,0.9812063346613875,1,prime
2026-06-17,0.9071728557336846,0.021939192939890516,0,subprime
2026-06-17,1.4846049815808355,0.8753900891644739,1,prime
2026-06-17,1.5706363182374679,0.0,0,subprime
2026-06-17,1.2164456107681467,0.9869677866243695,1,prime
2026-06-17,1.7876419399140016,0.054881001636695924,0,prime
2026-06-17,1.6708221417527924,0.09432731730799611,0,prime
2026-06-17,1.1649153691986907,0.8485827542443181,1,prime
2026-06-17,0.9511821107722924,0.04234033403068143,0,subprime
2026-06-17,2.6431122908151496,1.0,1,prime
2026-06-17,0.6038393826371778,0.8545880950782592,1,prime
2026-06-17,2.2341295026335333,0.019970113347288973,0,prime
2026-06-17,1.0237745073236881,0.0,0,prime
2026-06-17,2.4604566486532518,0.08254323061244903,0,subprime
2026-06-17,3.3070011520985654,0.8764123326257444,1,prime
2026-06-17,0.18735903251190278,0.0,0,prime
2026-06-17,0.9609859206544923,1.0,1,prime
2026-06-17,2.297149060471909,0.033556392484495275,0,prime
2026-06-17,0.8528009136084718,0.017059836609304276,0,prime
2026-06-17,1.3945155149354105,0.9571861746220675,1,prime
2026-06-17,2.092928418981945,0.05336583775741865,0,prime
2026-06-17,1.2202004314649963,0.8701567138346318,1,prime
2026-06-17,-0.7220286785317098,0.06284303019937659,0,prime
2026-06-17,2.146004625472232,0.9959028828686866,1,prime
2026-06-17,2.0477347733181706,0.9356889561888633,1,prime
2026-06-17,1.085106225361189,0.0,0,prime
2026-06-17,0.46279277203922264,0.04400269387890461,0,prime
2026-06-17,0.7754659443182248,1.0,1,prime
2026-06-17,0.6398296116665406,0.09863768346253536,0,prime
2026-06-17,0.8880633659078209,0.9638749776401796,1,prime
2026-06-17,1.0545831753293349,0.1521103155776966,0,prime
2026-06-17,0.9598236307846384,0.9811477615152502,1,prime
2026-06-17,1.511796582718588,1.0,1,prime
2026-06-17,3.311225460827607,0.07610554525673847,0,prime
2026-06-17,2.6515787108736486,1.0,1,prime
2026-06-17,-0.06665778559764002,0.1569668168608993,0,prime
2026-06-17,1.864265352849529,0.9493858737351758,1,prime
2026-06-17,1.4655688955543886,0.07023606773039492,0,prime
2026-06-17,1.0064323755310336,1.0,1,prime
2026-06-17,1.3384255167577854,0.9676458538392405,1,prime
2026-06-17,2.5968823114996096,0.8663279364100891,1,prime
2026-06-17,2.337981817302774,0.8809158184631127,1,prime
2026-06-17,-0.37637141555567255,0.981660851994299,1,prime
2026-06-17,0.3973757031202785,0.8677718398942562,1,prime
2026-06-17,0.5863658905596941,0.06449615101522191,0,prime
2026-06-17,0.21465233721387977,0.11794985736945847,0,prime
2026-06-17,1.448381847466811,0.08574248919594146,0,prime
2026-06-17,2.449453813228172,0.9283755642733832,1,prime
2026-06-17,-0.19429920794781919,0.132084255806731,0,prime
2026-06-17,1.7434336460843243,0.006284709067155787,0,prime
2026-06-17,0.4496863667623955,0.9746125334482818,1,prime
2026-06-17,2.44903829161636,1.0,1,prime
2026-06-17,1.654805374719702,0.7572977820210808,1,prime
2026-06-17,0.6741700515562022,0.17645899967982587,0,subprime
2026-06-17,0.5872263038957647,0.9398665027371812,1,prime
2026-06-17,1.6861179222100953,0.8956904517538884,1,prime
2026-06-17,2.3224291006642583,0.9187958066540367,1,prime
2026-06-17,-0.04265082379602303,1.0,1,prime
2026-06-17,2.204757654543735,0.326665284766593,0,subprime
2026-06-17,1.0113323988169083,0.0,0,prime
2026-06-17,1.8435008180583259,1.0,1,prime
2026-06-17,1.803478247148508,0.8019727516794968,1,subprime
2026-06-17,1.868946774117405,1.0,1,subprime
2026-06-17,1.543520029443354,0.0,0,prime
2026-06-17,1.6374070693096352,0.020736732180640913,0,subprime
2026-06-17,1.5760782282623145,0.08960125237957861,0,prime
2026-06-17,-0.4330856206288489,0.06579570677639485,0,prime
2026-06-17,-0.5688625234539011,0.2224337641723841,0,prime
2026-06-17,1.9059516111754686,0.8457938095655916,1,prime
2026-06-17,-0.04803549073747759,0.06056778636558698,0,subprime
2026-06-17,1.3447196400890844,0.0,0,prime
2026-06-17,2.42173085071572,0.6696013148417751,1,subprime
2026-06-17,2.2361853408554024,0.8482916310472769,1,prime
2026-06-17,1.5063217539297118,0.15144809148672367,0,subprime
2026-06-17,2.4663695551256435,0.8501692422398087,1,subprime
2026-06-17,-0.07337833773799995,0.999058956079705,1,prime
2026-06-17,-0.5195088734363822,0.0,0,prime
2026-06-17,2.0559673851824574,0.14498341995127734,0,prime
2026-06-17,1.4855461516684556,1.0,1,prime
2026-06-17,3.589554577067757,0.7447963346413446,1,prime
2026-06-17,1.1972356434293692,0.11170038883366347,0,prime
2026-06-17,3.4674273636396715,0.07219556649361894,0,prime
2026-06-17,1.1765472162444826,1.0,1,prime
2026-06-17,2.602329609274606,1.0,1,prime
2026-06-17,1.8231648749493345,1.0,1,prime
2026-06-17,0.8510905389788125,1.0,1,prime
2026-06-17,-0.34629747294238444,0.048859718945856466,0,prime
2026-06-17,2.2949330712107905,0.2036191485150055,0,prime
2026-06-17,1.6614841557799558,0.0829794638854999,0,subprime
2026-06-17,1.8136731239335109,0.9032689041375954,1,prime
2026-06-17,1.586368936747923,0.19051052519520964,0,prime
2026-06-17,0.9149386021397528,0.9947543972502271,1,subprime
2026-06-17,1.4769323951974147,0.03850719240090811,0,subprime
2026-06-17,2.2566901450924246,0.07494983064217135,0,prime
2026-06-17,1.5660453603213333,0.8691621759629492,1,prime
2026-06-17,0.29169427677869453,0.9644172978227915,1,prime
2026-06-17,2.4140315791983182,0.12017799285068331,0,subprime
2026-06-17,1.2242351556010067,0.0,0,prime
2026-06-17,1.049989998291582,0.8922727083969303,1,prime
2026-06-17,0.9748672235117235,0.0,0,subprime
2026-06-17,0.44392661290367086,0.8026224410073962,1,prime
2026-06-17,1.9335622179462186,0.18913318569304563,0,subprime
2026-06-17,1.6166826917400903,0.0,0,prime
2026-06-17,1.07640871500973,0.1773887277031756,0,prime
2026-06-17,1.548156247445798,0.1186383049487934,0,prime
2026-06-17,1.2507493253209088,0.15979100694186132,0,prime
2026-06-17,0.2639311036028913,0.027786131621371665,0,prime
2026-06-17,0.36605602483713184,1.0,1,subprime
2026-06-17,1.325265267423216,0.0,0,prime
2026-06-17,-0.6781353421700573,0.0,0,subprime
2026-06-17,2.6079277812968367,1.0,1,subprime
2026-06-17,0.8966696957781146,0.9086309601954816,1,prime
2026-06-17,1.3886096832582733,0.0558740434685113,0,subprime
2026-06-17,2.2098738938771483,0.2061570708831238,0,prime
2026-06-17,1.5116982882059664,0.12213432877122807,0,prime
2026-06-17,1.7787156473109471,0.05303790271869605,0,subprime
2026-06-17,1.28534668878573,0.8681556787139948,1,prime
2026-06-17,-0.9807597609417287,0.0,0,prime
2026-06-17,0.24885885341574476,0.15657573900962757,0,subprime
2026-06-17,2.403990640185895,0.02901270328482594,0,subprime
2026-06-17,2.0698764915106653,1.0,1,subprime
2026-06-17,0.43725058415677387,1.0,1,prime
2026-06-17,0.635077979188112,0.9371650903332136,1,prime
2026-06-17,1.3390131430096928,0.9437637648385401,1,prime
2026-06-17,0.08982166389468071,0.9803384340016948,1,prime
2026-06-17,0.6090154990381896,0.9056511753384021,1,prime
2026-06-17,1.0735473846510268,1.0,1,prime
2026-06-17,2.186098462295968,0.8732664124807619,1,prime
2026-06-17,1.3702124410602254,0.0,0,subprime
2026-06-17,3.1461278750501527,0.0,0,prime
2026-06-17,0.660577940243107,0.24445401850471432,0,prime
2026-06-17,1.048929830105028,0.803847765983699,1,prime
2026-06-17,-1.0941429525769362,1.0,1,subprime
2026-06-17,1.2359572051200631,0.1559094461606597,0,prime
2026-06-17,2.6681629963938693,0.03136527840661289,0,subprime
2026-06-17,0.4557429900287042,0.0,0,subprime
2026-06-17,-0.14799879573103536,1.0,1,subprime
2026-06-17,0.9913206603681401,1.0,1,subprime
2026-06-17,0.7321027168081168,0.02437101033612241,0,subprime
2026-06-17,-0.48210109254465894,0.8831522050584046,1,prime
2026-06-17,3.135290747377084,0.08767133481847554,0,subprime
2026-06-17,1.4582280736858342,0.06490286057485399,0,prime
2026-06-17,2.3558132052739564,0.0,0,prime
2026-06-17,1.3571487893797807,1.0,1,subprime
2026-06-17,1.4411959516996407,0.9168507458858891,1,prime
2026-06-17,-0.03386486094614383,0.9018563692384651,1,prime
2026-06-17,1.5702532217032261,1.0,1,prime
2026-06-17,0.8788367972708894,0.0,0,subprime
2026-06-17,1.7172343984145337,0.11483540384138834,0,prime
2026-06-17,1.528327236108094,1.0,1,subprime
2026-06-17,2.0220990606645,0.0,0,subprime
2026-06-17,1.9695746940654593,1.0,1,subprime
2026-06-17,0.8543322336261095,0.919467149512663,1,prime
2026-06-17,2.471604080221187,0.09842710804906635,0,subprime
2026-06-17,2.3115039409277633,0.0,0,prime
2026-06-17,1.5613922721685596,0.015440866076832128,0,prime
2026-06-17,1.5727490271198425,0.08447600711098185,0,prime
2026-06-17,1.8870843519155862,0.08711660257133338,0,subprime
2026-06-17,1.108073974420059,0.0,0,subprime
2026-06-17,0.668959234792455,0.07207895896391928,0,prime
2026-06-17,1.6178421797534537,0.9546713721571326,1,prime
2026-06-17,0.8138865354183961,0.11788367147227673,0,prime
2026-06-17,0.35841020592892425,0.0804105987586428,0,prime
2026-06-17,2.319582108287643,1.0,1,subprime
2026-06-17,1.8786134107389818,0.0420866740668957,0,prime
2026-06-17,1.7089533551341596,0.16168757829727148,0,prime
2026-06-17,-1.0695838579183818,0.8875268358104057,1,subprime
2026-06-17,0.868543252533138,1.0,1,subprime
2026-06-17,2.1376903267132095,0.7617530656216072,1,prime
2026-06-17,1.7649473772353583,0.8114241099624596,1,prime
2026-06-17,1.2960833657506174,0.0,0,prime
2026-06-17,0.4384108504004023,0.08264687303738846,0,subprime
2026-06-17,1.286905773222489,0.8974757637253831,1,prime
2026-06-17,1.6926232592250057,1.0,1,prime
2026-06-17,2.3740544940773303,0.037669469254849194,0,subprime
2026-06-17,2.128686665423402,0.8155371046571254,1,prime
2026-06-17,2.6158376037382913,0.9035318059576462,1,subprime
2026-06-17,3.2945915940081854,0.040092819780376696,0,prime
2026-06-17,2.3612425397697936,0.05388327190663082,0,subprime
2026-06-17,0.6711305064046933,1.0,1,subprime
2026-06-17,1.7589694141537648,0.9532386019001916,1,subprime
2026-06-17,1.7080043342626556,0.8998674402346796,1,subprime
2026-06-17,0.7776539274895646,0.019354382018699205,0,subprime
2026-06-17,-0.6459235602334004,0.9436885473686428,1,subprime
2026-06-17,0.7663315498805979,1.0,1,prime
2026-06-17,1.7934271466443454,0.07106785363901441,0,prime
2026-06-17,2.176750691998744,1.0,1,prime
2026-06-17,1.0486764354113272,0.26780587161562275,0,subprime
2026-06-17,2.8508951088865517,0.0,0,subprime
2026-06-17,1.48354834286042,0.0,0,prime
2026-06-17,0.1363083824349034,0.9990807859487476,1,prime
2026-06-17,2.4409835819019525,0.9284211231683192,1,subprime
2026-06-17,1.8058012635719933,0.0,0,prime
2026-06-17,1.9677070441549607,0.11680408066801319,0,subprime
2026-06-17,0.22119521707871082,0.9668980238911545,1,subprime
2026-06-17,0.7816806524760295,0.026111408608785018,0,prime
2026-06-17,1.4041480317646355,0.9592914491180256,1,prime
2026-06-17,1.90082416768439,0.0,0,prime
2026-06-17,0.4700777439582079,0.11643141520166686,0,prime
2026-06-17,2.6950254649204046,0.0,0,subprime
2026-06-17,1.0565469798772682,1.0,1,subprime
2026-06-17,3.7388490057528663,1.0,1,subprime
2026-06-17,2.020145369748783,1.0,1,prime
2026-06-17,1.4255817185052109,0.05574511236013593,0,prime
2026-06-17,1.0449147610521603,0.12262184936866409,0,prime
2026-06-17,0.7796840184804945,0.06990978568563232,0,subprime
2026-06-17,1.3356128868147696,0.0,0,prime
2026-06-17,0.8971923296524698,0.0902177660763002,0,prime
2026-06-17,1.2162241581272415,0.0,0,prime
2026-06-17,2.269296416460493,0.08802369865698442,0,subprime
2026-06-17,1.4014832352533373,0.0,0,prime
2026-06-17,1.7637456756032661,1.0,1,prime
2026-06-17,0.4386341047151775,0.20830266481165888,0,prime
2026-06-17,1.4680600595667528,0.025920545141907572,0,subprime
2026-06-17,2.1211259546582486,0.07910420625058348,0,prime
2026-06-17,1.9592323219735128,0.8897947688599337,1,prime
2026-06-17,-0.195618559782881,0.9952372294990761,1,subprime
2026-06-17,1.2268449956116083,0.0,0,prime
2026-06-17,1.9795758654751348,0.0,0,subprime
2026-06-17,1.1454237405596486,0.17382707029662575,0,prime
2026-06-17,1.078954150121666,0.03124058744086103,0,prime
2026-06-17,2.8776708873973496,1.0,1,prime
2026-06-17,0.17978863352974184,0.1931619145364323,0,prime
2026-06-17,0.8754376966055608,0.0,0,subprime
2026-06-17,1.8254991784500987,0.028123676619381633,0,subprime
2026-06-17,0.09817420063542603,0.04651006917820402,0,subprime
2026-06-17,-0.4484106866514299,0.9553429648271707,1,subprime
2026-06-17,1.783155431138263,0.019130347042241706,0,prime
2026-06-17,1.0413702498062425,0.8454114217564281,1,prime
2026-06-17,1.9416691649900488,0.8149651618032018,1,prime
2026-06-17,1.1417053933053465,0.9297992208409089,1,subprime
2026-06-17,2.2455240965915335,0.8617815879418457,1,prime
2026-06-17,0.9258947281036136,0.10675313326377478,0,prime
2026-06-17,1.756776355841098,0.12014774091419718,0,subprime
2026-06-17,3.4397989763293624,1.0,1,prime
2026-06-17,0.5848583861786714,0.8581657159647718,1,prime
2026-06-17,-0.05078493590847577,0.0,0,prime
2026-06-17,2.1502182184153282,0.12785717905279365,0,prime
2026-06-17,-0.17366080043659426,0.9111034624783544,1,prime
2026-06-17,2.0101934840187226,0.8902623396794338,1,prime
2026-06-17,-0.05080877979214948,0.045504052255068775,0,subprime
2026-06-17,1.2559689573172896,0.9114493876511615,1,prime
2026-06-17,0.6685457962959551,0.9516027060730577,1,prime
2026-06-17,0.0980725207351989,0.0,0,prime
2026-06-17,1.5306891771553266,0.9881057079063932,1,subprime
2026-06-17,1.6235325294562064,0.03335183583807258,0,subprime
2026-06-17,-0.025959005434216254,0.0,0,prime
2026-06-17,1.6654524846489667,1.0,1,prime
2026-06-17,0.5677371147275065,0.0,0,prime
2026-06-17,2.4497915315112886,0.855150542030509,1,prime
2026-06-17,0.7896414387407757,0.12299978540043766,0,subprime
2026-06-17,0.15502663279405682,0.24207559333691547,0,prime
2026-06-17,0.3257351582080208,1.0,1,prime
2026-06-17,2.9490640508457715,0.1276265851227997,0,prime
2026-06-17,-1.7564399650821847,0.09271703888082049,0,subprime
2026-06-17,1.824675003951796,0.17196154653770174,0,prime
2026-06-17,0.7544311225429815,1.0,1,subprime
2026-06-17,1.9268264316995165,0.22473811288394335,0,subprime
2026-06-17,1.8878548825849815,0.12377452479911859,0,prime
2026-06-17,0.44639377730158314,0.08080783186136736,0,prime
2026-06-17,1.5900922109775741,0.9005783022223025,1,prime
2026-06-17,1.4439480912135265,0.027912440526663015,0,prime
2026-06-17,1.7107695598191284,0.02216112134001688,0,prime
2026-06-17,2.7792824228455935,1.0,1,subprime
2026-06-17,-0.6337576246052925,0.07484500671563948,0,prime
2026-06-17,2.7855239217943346,1.0,1,prime
2026-06-17,0.6109463062880289,0.0037999872888868635,0,prime
2026-06-17,1.9149454923181755,0.9986557901560587,1,subprime
2026-06-17,0.6168555536176199,0.0,0,prime
2026-06-17,1.2306693443423502,0.0,0,prime
2026-06-17,1.5843268407133022,0.0,0,prime
2026-06-17,0.9217641831396266,0.22185697318840553,0,prime
2026-06-17,0.43169258712548797,0.9650074995608273,1,prime
2026-06-17,1.9093926171811604,1.0,1,subprime
2026-06-17,-0.27959656191911897,0.8641042236321643,1,subprime
2026-06-17,0.2250123444969474,0.0,0,prime
2026-06-17,1.5698689843319302,1.0,1,prime
2026-06-17,0.4686888879087291,1.0,1,prime
2026-06-17,-0.10841157358343145,0.11210214556976397,0,prime
2026-06-17,1.4285136519796056,1.0,1,prime
2026-06-17,1.8068091217589544,0.0,0,prime
2026-06-17,2.640616001624397,1.0,1,subprime
2026-06-17,-0.42435039932227636,0.7877386027845354,1,prime
2026-06-18,1.298860948237853,0.04279827816492245,0,subprime
2026-06-18,1.0896609769360646,0.08939711941544054,0,subprime
2026-06-18,1.6148950333409373,0.7945116330171202,1,prime
2026-06-18,0.2057316198171244,0.0,0,prime
2026-06-18,1.2002772620523734,0.03443199943815888,0,prime
2026-06-18,0.5404728156999055,0.0,0,prime
2026-06-18,-0.20065896209930245,0.1259191168660837,0,prime
2026-06-18,1.163407074612629,0.10850051366912183,0,prime
2026-06-18,1.7381462919864572,0.9995552262499929,1,prime
2026-06-18,1.288037082207008,0.07013395368541428,0,subprime
2026-06-18,1.5582223015857442,1.0,1,prime
2026-06-18,1.4063902603836378,0.7281197645414559,1,subprime
2026-06-18,1.288729139949753,1.0,1,subprime
2026-06-18,-0.43477861282456476,1.0,1,prime
2026-06-18,0.6734387965940389,0.8525596545034925,1,prime
2026-06-18,2.0311711672016335,1.0,1,prime
2026-06-18,0.41005160400009344,0.0832930663035027,0,subprime
2026-06-18,0.8502599758743954,0.9205520955034715,1,prime
2026-06-18,0.16140157924782428,0.0,0,prime
2026-06-18,-0.009437218031139727,0.10950378437138863,0,subprime
2026-06-18,-0.011620211903847322,0.18109511481950738,0,prime
2026-06-18,-1.5302556525225914,0.9325498435618449,1,prime
2026-06-18,1.833315206639009,0.9792296953279339,1,prime
2026-06-18,0.27263388644726927,0.8857768127407165,1,prime
2026-06-18,1.9880324130450364,1.0,1,prime
2026-06-18,-0.11355361233914762,0.008737821936346465,0,prime
2026-06-18,2.046280237233031,0.1894866595307509,0,prime
2026-06-18,1.504223529028883,0.13153614270948283,0,prime
2026-06-18,-1.3977390917214554,0.09718122044899123,0,subprime
2026-06-18,0.9252829581614355,0.0,0,subprime
2026-06-18,1.5357374136152837,0.044256537821815205,0,prime
2026-06-18,0.9762214189024012,0.018227840803496313,0,prime
2026-06-18,1.4384920812521973,0.9009672823630758,1,subprime
2026-06-18,1.0918486624541321,0.0,0,prime
2026-06-18,3.3441197289714673,0.0,0,prime
2026-06-18,2.1005008468153816,0.0,0,subprime
2026-06-18,0.37828394642044105,0.9129974071037442,1,prime
2026-06-18,1.310794482918256,1.0,1,prime
2026-06-18,1.1567131342895098,0.0,0,prime
2026-06-18,1.6180289605340175,0.8378264282856482,1,prime
2026-06-18,2.779844346725283,1.0,1,prime
2026-06-18,1.9308388403874037,0.7217244275717268,1,prime
2026-06-18,0.25477079013944204,0.9532457325749726,1,subprime
2026-06-18,3.2762192492527458,0.8653043628142394,1,subprime
2026-06-18,0.8249715319312042,1.0,1,subprime
2026-06-18,0.6411580600562192,0.02460895422773891,0,prime
2026-06-18,2.0151467288278657,0.8625844598855781,1,subprime
2026-06-18,2.5228612694709938,0.1262031775934806,0,subprime
2026-06-18,2.1723507051982236,0.9010611490857194,1,subprime
2026-06-18,-0.270967783441489,0.005059939386405338,0,prime
2026-06-18,1.5958491059543998,0.8228207135959488,1,prime
2026-06-18,-0.0749716021008664,0.0017143891504843717,0,prime
2026-06-18,2.703638642403262,0.9117179527086491,1,prime
2026-06-18,0.4995503912759569,0.035542821883207475,0,subprime
2026-06-18,1.8609628438484056,0.9979018124954222,1,subprime
2026-06-18,1.4038536806241708,0.075518695929413,0,prime
2026-06-18,1.6316372707528097,0.0,0,subprime
2026-06-18,1.4119210918262004,0.0,0,subprime
2026-06-18,0.08316984213311374,0.15024738976052981,0,prime
2026-06-18,3.2751386328006173,0.9616732108999222,1,prime
2026-06-18,0.17670587735509968,0.1965915004588793,0,prime
2026-06-18,0.85216747568827,0.027588477469856158,0,prime
2026-06-18,0.5450104968635051,0.9137876121151786,1,prime
2026-06-18,0.4742968122487907,0.8546155361187098,1,subprime
2026-06-18,1.4122925473428698,0.0,0,prime
2026-06-18,0.8746404252660349,0.0,0,subprime
2026-06-18,0.8774160545181848,0.8184044572892045,1,subprime
2026-06-18,2.5201961319768764,0.060243738280456316,0,prime
2026-06-18,0.46230551365438644,0.0,0,prime
2026-06-18,1.13752676719295,0.0,0,prime
2026-06-18,0.5032197946465885,0.09154356077604818,0,prime
2026-06-18,2.5694006302890324,0.9248691289803366,1,prime
2026-06-18,-0.056090038941399856,0.9540245232756032,1,subprime
2026-06-18,0.2626957097141547,0.9637817217113203,1,prime
2026-06-18,0.5866746339185939,0.9859630731653393,1,prime
2026-06-18,0.347837446015528,0.011111949040681149,0,prime
2026-06-18,2.7517370741002782,1.0,1,prime
2026-06-18,2.2022677049699526,0.9777720226451664,1,prime
2026-06-18,0.8448237465878239,0.9261666818037506,1,subprime
2026-06-18,2.3295279848926764,0.8668199205364105,1,prime
2026-06-18,0.9110429635189623,0.10977037212063953,0,prime
2026-06-18,-0.3861414581887279,0.8882234854552374,1,prime
2026-06-18,3.671709609842904,0.9654960636695932,1,prime
2026-06-18,2.8279531164313614,0.007204043829732797,0,prime
2026-06-18,0.15058864965961094,0.8939124940727957,1,subprime
2026-06-18,2.8967031903508724,0.9561088541167299,1,prime
2026-06-18,-0.5539300703990997,1.0,1,prime
2026-06-18,1.303293960341692,0.0,0,prime
2026-06-18,1.9760160585225672,0.1187088928092003,0,prime
2026-06-18,3.6770515802626367,0.837318696742959,1,prime
2026-06-18,2.412150213922891,0.9972619814040171,1,subprime
2026-06-18,1.7978377252241686,0.012931322632841864,0,subprime
2026-06-18,2.456733179185643,0.917451646791902,1,prime
2026-06-18,1.6805304400323218,0.9396485501641666,1,prime
2026-06-18,1.0820458667770314,0.8765606815991582,1,prime
2026-06-18,0.8704278747998699,0.14043546592289213,0,prime
2026-06-18,1.3426337908418087,0.08268327306687467,0,subprime
2026-06-18,1.8029548248728982,0.03618188620523292,0,prime
2026-06-18,0.9027136310064987,0.048128110195827675,0,prime
2026-06-18,1.493625844729415,0.01409381750555247,0,prime
2026-06-18,1.2091767374224427,0.8176800437030836,1,subprime
2026-06-18,0.24511716564325137,0.10692612069347869,0,prime
2026-06-18,1.0151875564272945,0.142195224265117,0,prime
2026-06-18,1.4513690715509553,0.10279619433752459,0,prime
2026-06-18,0.01733223720405741,0.055082556202286366,0,prime
2026-06-18,1.8397145172553149,0.011758378182195252,0,prime
2026-06-18,3.0941554566833913,0.8760228031066134,1,prime
2026-06-18,1.6535235926583993,0.0,0,prime
2026-06-18,1.3694919200473052,0.9894332613216423,1,prime
2026-06-18,1.0976259875635253,0.8971436400016741,1,prime
2026-06-18,1.3653821729505806,0.0,0,prime
2026-06-18,-1.0012714251935213,1.0,1,prime
2026-06-18,2.005604371375704,0.02688844771294168,0,subprime
2026-06-18,1.5439603052486959,0.2129680974898786,0,prime
2026-06-18,2.694556301264149,1.0,1,prime
2026-06-18,0.4364694472030599,1.0,1,prime
2026-06-18,1.776403985286512,1.0,1,prime
2026-06-18,1.7277888162056643,0.8810951607797493,1,prime
2026-06-18,0.7854281630832443,0.10246830030241294,0,prime
2026-06-18,1.676135220240592,0.0,0,prime
2026-06-18,-1.0922300176630264,1.0,1,prime
2026-06-18,1.1966969584832419,0.928522827383938,1,subprime
2026-06-18,0.5343436051586701,0.0,0,prime
2026-06-18,1.0983123906645629,1.0,1,prime
2026-06-18,0.7785561779257556,0.08152038391669317,0,prime
2026-06-18,2.2387480300501332,0.19569756540126343,0,prime
2026-06-18,0.32802860965016856,1.0,1,prime
2026-06-18,1.0089551370311094,1.0,1,prime
2026-06-18,1.2085210787444292,0.9551191854643686,1,prime
2026-06-18,-0.17946611208914431,0.0,0,prime
2026-06-18,0.841178173633665,0.96071246352829,1,prime
2026-06-18,1.8884495682647606,0.016425014364156366,0,subprime
2026-06-18,-0.12036972855622374,0.99881538150487,1,subprime
2026-06-18,1.893608734305345,0.7684401798092674,1,prime
2026-06-18,-0.5077462340886363,0.8975752721466398,1,prime
2026-06-18,3.375656139004543,0.9735699315251939,1,prime
2026-06-18,1.618469885131068,0.10702047783652885,0,prime
2026-06-18,-0.530878737340915,0.9390373053848693,1,subprime
2026-06-18,1.660815765275586,0.04894952511706337,0,prime
2026-06-18,0.7343226735615342,0.1422471909908044,0,prime
2026-06-18,0.5475407471169829,0.0,0,prime
2026-06-18,2.8730102703766134,1.0,1,prime
2026-06-18,1.803502322895655,0.057575848653914054,0,prime
2026-06-18,3.5224172327985226,1.0,1,subprime
2026-06-18,0.8026825978814671,0.07830305374577474,0,subprime
2026-06-18,0.956662248868824,0.7065341625924982,1,prime
2026-06-18,0.6293623053582665,1.0,1,prime
2026-06-18,1.1586060135184277,0.8696300320420324,1,prime
2026-06-18,-0.3746054124806799,1.0,1,prime
2026-06-18,1.1277533023944064,0.164332465341926,0,prime
2026-06-18,3.3407806039418566,0.9900615126686909,1,subprime
2026-06-18,0.11353892675393107,0.09182059164594003,0,prime
2026-06-18,0.5045096390446685,0.9913546045780712,1,prime
2026-06-18,0.17973367686799246,0.86895966436537,1,prime
2026-06-18,1.0943534653610187,0.0,0,prime
2026-06-18,1.6855479263771675,0.9372348896730746,1,prime
2026-06-18,2.4863625863209218,0.9400168938803463,1,subprime
2026-06-18,2.1004788740997844,1.0,1,prime
2026-06-18,2.3422150185616,0.992662561826901,1,prime
2026-06-18,0.26133950426068453,0.7670719527943191,1,prime
2026-06-18,2.0797032963719917,0.9498394394342883,1,prime
2026-06-18,2.1412799881743574,0.184833312703065,0,subprime
2026-06-18,0.6230684882587587,0.0,0,subprime
2026-06-18,0.6627039708900496,0.9486480037917637,1,prime
2026-06-18,0.7210734443009656,0.9508497557450901,1,subprime
2026-06-18,3.33380729276659,0.9614680040692078,1,subprime
2026-06-18,1.6667369431769672,0.9304021793105925,1,subprime
2026-06-18,0.7456710017158024,0.0,0,subprime
2026-06-18,-0.1254726088300222,0.0,0,prime
2026-06-18,1.7306532655582434,0.17803018183388367,0,prime
2026-06-18,1.782052539483956,0.6689783822201327,1,prime
2026-06-18,1.5621755324331028,0.9126120208094662,1,prime
2026-06-18,1.1859771537152413,0.9308036515329683,1,prime
2026-06-18,2.0400078203130754,0.8924317805183181,1,prime
2026-06-18,1.0270719083761906,0.0,0,prime
2026-06-18,0.26967995480541374,1.0,1,prime
2026-06-18,1.3968438842738737,0.0,0,prime
2026-06-18,0.5096520128212704,0.9751697887281193,1,prime
2026-06-18,2.165003667576803,0.13944767883991374,0,prime
2026-06-18,2.2254268283615493,0.7892374322603739,1,subprime
2026-06-18,1.2927477145092414,1.0,1,prime
2026-06-18,1.915663421573511,1.0,1,prime
2026-06-18,1.6875495584125835,0.0,0,subprime
2026-06-18,0.6766278614821624,0.021879611333447117,0,prime
2026-06-18,3.4029478939751816,0.0,0,prime
2026-06-18,0.09264750683794021,0.07770833148457693,0,prime
2026-06-18,-0.25803882346561124,0.034696464129648476,0,subprime
2026-06-18,1.6769940788393753,0.044343475141208885,0,subprime
2026-06-18,1.2475288992502482,0.976863251091454,1,subprime
2026-06-18,2.1396120677307877,0.8701185170489006,1,prime
2026-06-18,3.213217449521553,0.04878484495077179,0,prime
2026-06-18,-0.6659403940383783,0.9867814621187705,1,subprime
2026-06-18,-0.25243776100521,0.08614132356654822,0,subprime
2026-06-18,1.2619300036188157,0.0,0,prime
2026-06-18,-0.19078935409524522,0.0,0,prime
2026-06-18,1.2305347692827202,0.157733896849937,0,prime
2026-06-18,2.5462332958604623,0.0,0,prime
2026-06-18,3.401304578266359,0.8537156663151837,1,prime
2026-06-18,-0.4148687511502436,0.05902912637460164,0,subprime
2026-06-18,2.7310735281001106,0.0626533680496549,0,prime
2026-06-18,1.5634564027490438,1.0,1,prime
2026-06-18,2.6705351992450845,0.2377773772478813,0,prime
2026-06-18,-0.4530188870480043,0.2104254146791065,0,prime
2026-06-18,-0.47422327497095873,0.7507494178645233,1,prime
2026-06-18,-1.1991954967430174,0.8362989567687316,1,prime
2026-06-18,1.2102117666902266,0.0,0,prime
2026-06-18,0.5249937060407451,0.9196918954971426,1,prime
2026-06-18,0.5591716782494379,0.08081548379587936,0,subprime
2026-06-18,1.0581832938073203,0.9001445865144987,1,prime
2026-06-18,-0.5475750484335618,0.0,0,prime
2026-06-18,1.4176128189029207,0.10921224901096652,0,subprime
2026-06-18,1.7548886858969972,0.14228090849420033,0,prime
2026-06-18,3.0990564334422137,0.023660151210092337,0,prime
2026-06-18,3.199190068099919,0.9769822821801373,1,prime
2026-06-18,1.4386616987544762,1.0,1,subprime
2026-06-18,-1.0676371080463278,0.9259662306672594,1,subprime
2026-06-18,3.797470522247623,0.0,0,prime
2026-06-18,0.4653895067260928,1.0,1,prime
2026-06-18,0.5705553336941812,1.0,1,prime
2026-06-18,1.0270842515802165,0.039008996633973274,0,prime
2026-06-18,2.247267392300127,0.13343382089388112,0,prime
2026-06-18,-0.049717407356550725,0.11877597308425707,0,prime
2026-06-18,-1.0325838345438259,0.0,0,prime
2026-06-18,2.270102292895025,1.0,1,prime
2026-06-18,1.841091300906841,0.0,0,prime
2026-06-18,2.151969405127506,0.16180948845786353,0,prime
2026-06-18,1.4653030475755289,0.6875033318491142,1,prime
2026-06-18,0.6314621216152291,1.0,1,subprime
2026-06-18,2.73916098620659,0.9046868810517071,1,prime
2026-06-18,1.852177510953625,0.0,0,prime
2026-06-18,-0.25293361041545936,0.08519444171227455,0,prime
2026-06-18,1.1151632034324035,1.0,1,prime
2026-06-18,1.0786266363923815,0.009117480298938552,0,prime
2026-06-18,1.331809293794066,0.9980797022479568,1,prime
2026-06-18,1.241854798680984,0.9072670168838353,1,prime
2026-06-18,-1.236187641215408,1.0,1,subprime
2026-06-18,1.95162284850008,0.11273015726363027,0,prime
2026-06-18,1.9978040408226008,0.9670975331270211,1,prime
2026-06-18,2.069529024557672,0.9188208601811219,1,prime
2026-06-18,0.9905992892121471,0.8520933324237362,1,prime
2026-06-18,1.4689970076259777,0.09607233295812034,0,prime
2026-06-18,-0.41611691825677677,0.00795836270041813,0,prime
2026-06-18,-0.03281992148482038,0.9296348209932715,1,prime
2026-06-18,-0.2937772296154484,0.9503366691671284,1,prime
2026-06-18,3.8810288017643084,1.0,1,prime
2026-06-18,1.0944156403025758,0.9487967418632776,1,prime
2026-06-18,0.7277390879668522,0.0,0,prime
2026-06-18,1.4525006023334674,0.9255461489191957,1,prime
2026-06-18,0.7317501134951008,0.7661005602013166,1,prime
2026-06-18,-0.25221490440947014,0.9235874877447349,1,subprime
2026-06-18,1.9181910908210746,1.0,1,prime
2026-06-18,0.5767232122673865,0.0,0,subprime
2026-06-18,0.3761759175000905,0.0,0,prime
2026-06-18,1.0115301815184714,0.031222231871631215,0,prime
2026-06-18,-0.8460402847782253,0.06145903618362474,0,prime
2026-06-18,0.9953643951306965,0.10778565663673889,0,subprime
2026-06-18,0.19907512949269057,0.8316771383404042,1,subprime
2026-06-18,0.15551402975577422,0.0042469998223435,0,prime
2026-06-18,0.9322631183285194,0.10303673474878039,0,prime
2026-06-18,0.5267431084332874,0.0613615485853812,0,prime
2026-06-18,1.0076749433444543,0.7708711146387857,1,prime
2026-06-18,-0.2837580518350902,0.9707003409287068,1,subprime
2026-06-18,1.7614232705034087,0.9271755500164548,1,prime
2026-06-18,0.11398092894400969,0.9164858479784266,1,prime
2026-06-18,0.8425741287593258,0.004566956337885883,0,subprime
2026-06-18,0.9052961653323457,1.0,1,prime
2026-06-18,3.5925049198118053,0.774526504356377,1,prime
2026-06-18,2.8918851892545203,0.8606665767882626,1,prime
2026-06-18,-0.37989641961646203,0.0,0,prime
2026-06-18,1.5614398741006283,0.01680206999755266,0,prime
2026-06-18,1.3681008823931495,0.035943264899902724,0,prime
2026-06-18,1.186010836783388,0.11925414469259442,0,prime
2026-06-18,3.282036968809668,0.9497561279880784,1,prime
2026-06-18,2.029010107228419,0.9933657952512835,1,prime
2026-06-18,3.4804976588000356,0.918182543120604,1,prime
2026-06-18,1.0789788896768937,1.0,1,prime
2026-06-18,1.0742666384177684,1.0,1,prime
2026-06-18,0.9077889222768829,1.0,1,prime
2026-06-18,3.1252281350504907,0.0657070567603226,0,subprime
2026-06-18,2.6338154785825205,0.0,0,prime
2026-06-18,1.4618774493796458,0.027957438579492427,0,prime
2026-06-18,1.9529376524754793,0.9035344301919536,1,prime
2026-06-18,0.6856278747739194,0.0,0,subprime
2026-06-18,3.9546643470370224,0.05130876859989118,0,prime
2026-06-18,1.2904475399040534,0.931225495166475,1,prime
2026-06-18,1.9122791745583685,0.0,0,prime
2026-06-18,2.2770873691846383,0.07422557508873542,0,prime
2026-06-18,2.9072422201845285,0.9822422282112019,1,prime
2026-06-18,2.083059171476185,0.0,0,prime
2026-06-18,0.8225002002816735,0.01768963234325105,0,prime
2026-06-18,1.3595072509718804,0.8989877450196935,1,prime
2026-06-18,4.050215795757655,0.9272353459070002,1,subprime
2026-06-18,1.5960256961221653,0.7972561433252139,1,prime
2026-06-18,1.0192325729657088,1.0,1,prime
2026-06-18,2.3937597347099064,0.0,0,subprime
2026-06-18,1.47927385893378,0.99395801960906,1,prime
2026-06-18,1.281313957994101,0.9655090696171602,1,prime
2026-06-18,1.444074735311745,0.024616410017898115,0,prime
2026-06-18,-0.8211823830945111,0.051396017295731164,0,subprime
2026-06-18,0.8280434553162412,0.07612019276100895,0,subprime
2026-06-18,2.047662933909034,0.923182369802874,1,subprime
2026-06-18,0.22518062556923468,0.11472461160689508,0,subprime
2026-06-18,1.0243000007608083,0.937512416683202,1,prime
2026-06-18,2.3010279422853923,1.0,1,prime
2026-06-18,1.5899782968691087,1.0,1,subprime
2026-06-18,2.2994690241354667,0.9329685591941052,1,prime
2026-06-18,0.8969914496324145,0.9350985736596316,1,subprime
2026-06-18,-0.8888674370422045,0.8727400012513982,1,prime
2026-06-18,0.6391883880634752,0.1466420805676189,0,prime
2026-06-18,-0.11518034278595901,1.0,1,prime
2026-06-18,1.7703660853332663,0.934912600351483,1,prime
2026-06-18,2.111196007958592,0.0,0,prime
2026-06-18,0.025929962727117895,0.17381683033054152,0,prime
2026-06-18,0.7689698007284871,0.03789846514970879,0,prime
2026-06-18,1.627468396284932,0.05834022424594577,0,prime
2026-06-18,2.2675283903207193,0.19207399234973271,0,prime
2026-06-18,1.0019856828920901,0.0,0,subprime
2026-06-18,2.300811399186381,0.24499658240313427,0,prime
2026-06-18,1.9523794411808097,0.6795335405885898,1,prime
2026-06-18,1.9080205937609651,0.07025643077142907,0,prime
2026-06-18,1.6676792945548577,0.05785227551181671,0,prime
2026-06-18,2.813723121252445,0.9959894421908078,1,prime
2026-06-18,1.4008819301982096,0.9885900115189027,1,prime
2026-06-18,0.7206326539355444,0.012467952672751172,0,prime
2026-06-18,1.7551083863958743,0.9948826390827568,1,subprime
2026-06-18,1.3742219759452035,0.03591813045803903,0,prime
2026-06-18,-0.6674520101635966,1.0,1,prime
2026-06-18,1.2196036673441708,0.09715182949536605,0,prime
2026-06-18,-0.4401168567709042,0.039947657304093616,0,prime
2026-06-18,0.7729486274494863,0.0,0,prime
2026-06-18,1.1108296287196597,1.0,1,subprime
2026-06-18,0.8074086817722583,0.009415345705028812,0,prime
2026-06-18,0.43582257563357873,0.08379160393254843,0,prime
2026-06-18,-0.13798069818431413,0.0,0,prime
2026-06-18,0.4768825147263335,0.9501142908119631,1,prime
2026-06-18,2.1090713068247284,0.13305354979502043,0,prime
2026-06-18,1.628976313838791,0.9134673845644518,1,subprime
2026-06-18,1.4469267041412779,0.9932037282658512,1,subprime
2026-06-18,1.7864398225226557,0.9810935951602743,1,prime
2026-06-18,0.5466029749398628,0.941770786488031,1,subprime
2026-06-18,0.336696877658449,0.8944973632576239,1,prime
2026-06-18,-1.1730307930507826,1.0,1,prime
2026-06-18,2.41560515615171,0.8658624234880163,1,subprime
2026-06-18,0.5774667797247645,0.8817292204704484,1,subprime
2026-06-18,2.012435685605832,0.8799370504753926,1,subprime
2026-06-18,0.10819978531752539,0.943589758245695,1,prime
2026-06-18,1.2298256526876623,1.0,1,prime
2026-06-18,-0.02312091430781904,0.9546966926119924,1,subprime
2026-06-18,1.3382404132497807,0.0,0,subprime
2026-06-18,0.5782338948586411,0.7818118353968726,1,subprime
2026-06-18,1.8677435174468842,1.0,1,subprime
2026-06-18,2.8475427596598872,0.8609236739754421,1,prime
2026-06-18,1.8564827018209948,0.9185401935059626,1,subprime
2026-06-18,2.66067315921272,1.0,1,prime
2026-06-18,1.7681302990499606,0.9457268059165842,1,subprime
2026-06-18,1.0890382475201337,0.0,0,prime
2026-06-18,2.317086943165488,0.23088366273262803,0,prime
2026-06-18,2.6162851033737535,0.14845325206930832,0,prime
2026-06-18,2.4268024620980477,0.20980271514691967,0,prime
2026-06-18,2.7290967681550216,0.10931706873634522,0,prime
2026-06-18,0.9237944956137721,0.8108889595936928,1,prime
2026-06-18,2.6162963059353843,1.0,1,subprime
2026-06-18,3.3751103609021187,0.8764691659976436,1,subprime
2026-06-18,2.624910577638954,0.05153621462682888,0,subprime
2026-06-18,1.347113849791528,0.13940645856005265,0,subprime
2026-06-18,0.34722801898268274,0.9800640062252636,1,prime
2026-06-18,0.8554290301923653,1.0,1,subprime
2026-06-18,2.01790035924206,1.0,1,prime
2026-06-18,1.0273718693286158,0.0,0,subprime
2026-06-18,1.9630838659773335,0.8681285443290451,1,prime
2026-06-18,3.0333818641830037,1.0,1,prime
2026-06-18,-0.1613382778312047,0.09946912255294416,0,prime
2026-06-18,2.345498770310767,0.16051212148441552,0,prime
2026-06-18,0.7239834648809716,0.13454528125211002,0,prime
2026-06-18,1.2959571738795863,0.8908214884689722,1,prime
2026-06-18,0.7016237742863708,0.07682104158322405,0,prime
2026-06-18,2.5078816878284504,0.9021158486139111,1,prime
2026-06-18,1.2287737588546077,0.864165664244974,1,prime
2026-06-18,0.3309750553418279,1.0,1,subprime
2026-06-18,0.8727309998630548,0.9375021762606816,1,prime
2026-06-18,1.4754874028159537,0.0,0,prime
2026-06-18,-0.6328645277296987,0.025047267201682287,0,prime
2026-06-18,1.7735336450086994,0.862409631305696,1,prime
2026-06-18,0.510529462515478,0.8877781164892906,1,prime
2026-06-18,0.19033039278857355,0.0,0,subprime
2026-06-18,1.1241417886758804,0.08970454237586312,0,prime
2026-06-18,2.5262631094327523,0.03051944139548482,0,prime
2026-06-18,-0.4936416561405854,1.0,1,prime
2026-06-18,0.9816350356666441,0.11059312955640807,0,prime
2026-06-18,0.30413687866365613,0.02562689920664856,0,subprime
2026-06-18,-0.05652108329557182,1.0,1,prime
2026-06-18,1.7360287300091592,0.0,0,subprime
2026-06-18,2.100157267599823,0.06656920720511568,0,prime
2026-06-18,1.7054853023246093,0.10119190797787764,0,subprime
2026-06-18,2.9727248949790455,0.9487148733820513,1,subprime
2026-06-18,0.057404068648450046,0.026955320885263104,0,prime
2026-06-18,1.8804354669247427,0.11020611071968126,0,prime
2026-06-18,2.1926222258896617,0.9167531442783017,1,prime
2026-06-18,-0.4258295550109983,1.0,1,prime
2026-06-18,1.0410995468538657,0.0,0,subprime
2026-06-19,0.8391825931868763,0.8567202433348824,1,prime
2026-06-19,1.849398698864467,0.14809161122550352,0,subprime
2026-06-19,-0.1616433010931233,0.0,0,prime
2026-06-19,1.2551698122390589,0.9738663552387898,1,prime
2026-06-19,0.4997215655685502,0.8372033441446246,1,prime
2026-06-19,-1.4018605129035833,1.0,1,subprime
2026-06-19,1.2614665885286527,0.8188905779255287,1,subprime
2026-06-19,1.5261515247793873,0.9028947494787207,1,prime
2026-06-19,0.8967526169885074,0.9716603159462656,1,prime
2026-06-19,0.692792428008622,1.0,1,prime
2026-06-19,0.7493371330181366,0.9938294323494735,1,prime
2026-06-19,1.4885044833510694,0.06810866849912729,0,prime
2026-06-19,0.17168457892373334,0.9673325110329116,1,subprime
2026-06-19,1.8677654917029514,0.0,0,subprime
2026-06-19,1.7145103837107833,0.05131628178501446,0,subprime
2026-06-19,-1.0896104147878427,0.10224229038463911,0,subprime
2026-06-19,1.3906231402366271,0.9233051835701757,1,prime
2026-06-19,0.1737301735886494,0.9497567294838021,1,prime
2026-06-19,1.7843992722445954,0.11874006138474455,0,prime
2026-06-19,2.2101939153259416,0.12234979334393598,0,prime
2026-06-19,-0.25283642604484724,0.9371617280027428,1,subprime
2026-06-19,1.7507195114864946,0.0,0,subprime
2026-06-19,2.0351840687762284,0.0,0,prime
2026-06-19,0.9195772327145942,0.0,0,subprime
2026-06-19,0.9188518233310079,0.0,0,prime
2026-06-19,0.16889204797452562,1.0,1,prime
2026-06-19,1.7019027375584965,0.1371568336751589,0,prime
2026-06-19,0.07129613489082443,0.9850743802161851,1,prime
2026-06-19,0.4881465562211875,0.04074176754844459,0,prime
2026-06-19,1.48538291269719,0.971593956176756,1,prime
2026-06-19,0.2109970609227867,0.0,0,prime
2026-06-19,-0.004980718663825323,0.9798627805561049,1,subprime
2026-06-19,1.2879046354210955,0.04147976778446649,0,prime
2026-06-19,3.207255027171698,0.8153743924067023,1,prime
2026-06-19,-0.746345850255598,0.0,0,prime
2026-06-19,-0.32469060047679843,0.08983401748718234,0,prime
2026-06-19,1.1770867376789498,0.07366502302165792,0,subprime
2026-06-19,0.9542790477105286,0.024987502928624127,0,subprime
2026-06-19,2.359106325403663,0.985680826210899,1,prime
2026-06-19,1.619362494434398,0.0770891486927703,0,prime
2026-06-19,1.805625898107429,0.9890051994949336,1,prime
2026-06-19,2.3547058821511273,0.019542800358368237,0,subprime
2026-06-19,1.5717111326255828,0.0,0,subprime
2026-06-19,1.5785519693876457,0.1317512365129523,0,prime
2026-06-19,-0.38585663512916546,0.10120056429946434,0,prime
2026-06-19,0.628846784562693,0.10593418265838528,0,prime
2026-06-19,1.1636188396142753,0.8376150920323565,1,subprime
2026-06-19,1.8405672687830474,0.0,0,prime
2026-06-19,2.135942652059059,0.0921694220098469,0,prime
2026-06-19,0.8133684901153234,0.9830967076668098,1,prime
2026-06-19,-0.5980284846625068,0.9166378347803398,1,prime
2026-06-19,-0.3476216769186784,0.9132640374035876,1,prime
2026-06-19,0.16654560572456667,0.9651366224048451,1,prime
2026-06-19,0.5862638668584724,0.05519266608750392,0,prime
2026-06-19,-0.3794467046592942,0.0,0,prime
2026-06-19,0.9418470958268695,0.16514834071796775,0,prime
2026-06-19,-0.05141054653574639,0.0,0,prime
2026-06-19,1.4604857158530378,0.8726056377003321,1,prime
2026-06-19,1.7692234843866093,0.17543218148360934,0,prime
2026-06-19,1.3621443209841257,0.9375834707922591,1,prime
2026-06-19,0.04427914077673589,1.0,1,subprime
2026-06-19,1.4130703380143208,0.9366226946552604,1,prime
2026-06-19,0.35451394065119823,0.9710841629359948,1,prime
2026-06-19,-1.297922273531881,0.19875029418338877,0,subprime
2026-06-19,1.659784514861014,0.0,0,prime
2026-06-19,0.05229489354228223,1.0,1,prime
2026-06-19,0.9660318458410764,0.018328416098583045,0,prime
2026-06-19,0.6086052649214193,0.0,0,prime
2026-06-19,-0.13299382074063248,0.10661910935061106,0,prime
2026-06-19,0.3994205807519018,0.03748641017689469,0,subprime
2026-06-19,2.5819437844302056,0.9359254184032981,1,prime
2026-06-19,2.057793371216676,0.9271880237453874,1,prime
2026-06-19,-1.3018594268669221,1.0,1,prime
2026-06-19,0.34227306127523116,0.14920733085729282,0,prime
2026-06-19,1.1692563476041185,0.009040317028990837,0,prime
2026-06-19,0.3173083703781343,0.0,0,subprime
2026-06-19,1.5180181599191753,0.0,0,prime
2026-06-19,2.5631656373843157,0.08357979548881914,0,prime
2026-06-19,2.1907649189044758,0.0,0,subprime
2026-06-19,1.8864999702222887,0.0,0,prime
2026-06-19,0.5532196607767257,1.0,1,prime
2026-06-19,-0.47085177819050084,1.0,1,prime
2026-06-19,2.079291062369702,0.0,0,prime
2026-06-19,1.6042831319984225,1.0,1,subprime
2026-06-19,1.757028489905343,0.0,0,prime
2026-06-19,1.7369362759874694,1.0,1,prime
2026-06-19,1.5778584509554723,0.8880588607030678,1,prime
2026-06-19,2.0512731207992863,0.9815210116396649,1,prime
2026-06-19,0.950799234948597,0.9504584052692042,1,prime
2026-06-19,-1.2771036635402546,0.0,0,prime
2026-06-19,1.2631430736405873,0.056500425742787415,0,prime
2026-06-19,1.6500297686971226,0.0,0,prime
2026-06-19,1.3172558221541992,1.0,1,subprime
2026-06-19,2.647885601580054,0.04870787407260271,0,prime
2026-06-19,-0.45954606755799543,0.14426223128801255,0,prime
2026-06-19,-0.5753485889019851,0.82522427338939,1,subprime
2026-06-19,1.422305798766305,0.1903501641221646,0,subprime
2026-06-19,1.1521320136633144,0.0,0,subprime
2026-06-19,0.8724058138586275,0.8655226863956176,1,prime
2026-06-19,0.41419127534847533,0.06620775378469652,0,prime
2026-06-19,2.5601555965341305,1.0,1,subprime
2026-06-19,1.7623887800304767,1.0,1,prime
2026-06-19,0.8248612746410985,0.03631566286373203,0,prime
2026-06-19,-0.8944137190848473,0.015622315425334522,0,prime
2026-06-19,0.34461978458372833,0.9247868039948911,1,prime
2026-06-19,1.0587263360188857,0.1263858665123946,0,subprime
2026-06-19,1.046533500540675,0.8479548771063536,1,prime
2026-06-19,0.7029979951670173,1.0,1,prime
2026-06-19,1.0153861413926106,0.7965838803804529,1,subprime
2026-06-19,1.930925900974584,0.0,0,prime
2026-06-19,0.8629198218606384,0.0,0,prime
2026-06-19,1.5863714921781191,1.0,1,prime
2026-06-19,1.9381988471959288,0.0,0,prime
2026-06-19,2.3632743635828444,0.8832672892342147,1,subprime
2026-06-19,0.8332348983688161,0.9338417670249588,1,prime
2026-06-19,0.3312132329639397,0.9797849295507683,1,prime
2026-06-19,0.9821661972949944,0.8894115025462312,1,prime
2026-06-19,1.4899887029499435,0.8426907270813122,1,subprime
2026-06-19,0.44092834908603673,0.0,0,prime
2026-06-19,3.430698641718811,0.8514985787466441,1,prime
2026-06-19,1.4965710257371698,0.9173812771208193,1,subprime
2026-06-19,0.7611420424462769,0.9187697977108004,1,prime
2026-06-19,1.9915442700557486,0.05568268504502616,0,prime
2026-06-19,1.8821621355823674,1.0,1,prime
2026-06-19,0.5044971342761344,1.0,1,subprime
2026-06-19,0.6018177021960898,0.05914331126794414,0,prime
2026-06-19,0.46943771288690117,0.9264416318992262,1,prime
2026-06-19,1.6314985290378465,0.0238701291450375,0,subprime
2026-06-19,2.254575155151665,0.16520475109798982,0,prime
2026-06-19,0.7850452542648477,0.0,0,prime
2026-06-19,0.42913102885864285,0.8636854070461623,1,prime
2026-06-19,1.339997520820336,0.0,0,subprime
2026-06-19,0.7776279878692343,0.06758149829644457,0,prime
2026-06-19,0.8472944515730726,0.9906794254793664,1,prime
2026-06-19,-0.3773490642935251,0.06427411971591453,0,prime
2026-06-19,1.1167025101798673,1.0,1,prime
2026-06-19,2.247049254886732,0.2757642468696079,0,prime
2026-06-19,2.2054229456952754,1.0,1,prime
2026-06-19,0.3788694517912662,0.0,0,prime
2026-06-19,0.5257505446700673,0.0737730001970581,0,prime
2026-06-19,1.2329936095691363,0.10269719428195284,0,prime
2026-06-19,1.104054888886489,1.0,1,prime
2026-06-19,1.0353041076344776,0.8790923702174682,1,prime
2026-06-19,3.817163201036503,0.0,0,subprime
2026-06-19,2.593426996602644,0.8678848221479107,1,prime
2026-06-19,3.1979263690374773,0.1547974239121152,0,prime
2026-06-19,1.9644266920945515,0.0,0,subprime
2026-06-19,1.9557036678797923,1.0,1,prime
2026-06-19,-0.005499870273265373,0.1747853998243566,0,prime
2026-06-19,0.6472048485406888,0.0,0,prime
2026-06-19,0.441014254862917,0.9966288901887317,1,prime
2026-06-19,0.3795530617553333,1.0,1,prime
2026-06-19,0.8312477759524503,0.8838715688884932,1,prime
2026-06-19,2.729342211525411,0.9720017033698019,1,subprime
2026-06-19,2.3378884962635142,0.9929184787256004,1,prime
2026-06-19,2.1428250914028126,0.9913790757897571,1,subprime
2026-06-19,0.7080457923497449,0.042841279874537785,0,prime
2026-06-19,2.5710028962460845,0.045748731966253856,0,prime
2026-06-19,1.894082896728992,0.05319601989339882,0,prime
2026-06-19,0.0770055843666656,0.01727423276224197,0,subprime
2026-06-19,1.3891624026715559,0.12905644119955467,0,prime
2026-06-19,-0.40907248514994277,0.0,0,prime
2026-06-19,1.3993317537535481,0.11296437902967209,0,prime
2026-06-19,2.6302489287541584,0.7609243289181823,1,prime
2026-06-19,1.3306192174118188,0.1594179860758817,0,prime
2026-06-19,0.29359408931181874,1.0,1,prime
2026-06-19,-0.3323022468084422,0.22143913052394132,0,subprime
2026-06-19,0.7564995252060097,0.9799748085423227,1,prime
2026-06-19,0.9830695844771686,0.8955905899245378,1,prime
2026-06-19,0.4173975802184132,0.024178560277148563,0,prime
2026-06-19,1.4712689447296978,0.8653349407589479,1,prime
2026-06-19,2.283927922757557,0.17764862515328492,0,prime
2026-06-19,0.1587025313409578,0.0,0,prime
2026-06-19,3.2012854093124727,0.8786725346873407,1,prime
2026-06-19,1.3024844171321446,0.1053627918097245,0,subprime
2026-06-19,2.146661622320771,0.10982345342358715,0,subprime
2026-06-19,0.8615115428415576,0.0,0,prime
2026-06-19,2.880025843040242,1.0,1,subprime
2026-06-19,0.2962134851811882,1.0,1,subprime
2026-06-19,0.7183970674250421,0.9041736204164751,1,subprime
2026-06-19,-0.3723136017125943,0.0,0,prime
2026-06-19,0.16122853644079105,0.11006204181583282,0,prime
2026-06-19,0.6675008808716166,0.11497509494724235,0,prime
2026-06-19,0.16483883780506958,0.7977356358130887,1,prime
2026-06-19,1.2868759891311046,0.8498181670990848,1,prime
2026-06-19,0.1387678961624329,0.947718244868951,1,prime
2026-06-19,-1.5727067493784164,0.8660886326285517,1,prime
2026-06-19,-1.1255470978847018,0.0,0,subprime
2026-06-19,1.620395306999753,0.1335338805110703,0,prime
2026-06-19,2.46913816159329,0.0789315302829044,0,subprime
2026-06-19,1.1975676286973016,0.13514403665579588,0,prime
2026-06-19,1.234989881314981,0.8561769623777264,1,prime
2026-06-19,-0.21506963232615095,1.0,1,prime
2026-06-19,0.8235561810887764,0.1434289797841829,0,subprime
2026-06-19,-1.1372007769820036,0.0,0,prime
2026-06-19,0.4128024239414818,0.851196007484551,1,prime
2026-06-19,1.7115720567483654,1.0,1,prime
2026-06-19,1.05318224926787,0.8746536515389731,1,prime
2026-06-19,1.5423233419106226,1.0,1,prime
2026-06-19,1.53178679331113,0.11528174513837518,0,subprime
2026-06-19,1.1073303791918083,0.0,0,prime
2026-06-19,1.894074958431549,0.1439312732276532,0,prime
2026-06-19,2.658555971868967,0.0,0,prime
2026-06-19,1.6508692213279368,0.18324484896115323,0,prime
2026-06-19,0.29632527430016664,0.18346167535664099,0,prime
2026-06-19,-0.6737069946704484,0.0,0,prime
2026-06-19,0.6831498624342962,0.9205905587579486,1,prime
2026-06-19,1.262510909414533,0.0,0,subprime
2026-06-19,1.4388216836157455,0.9431194230955114,1,subprime
2026-06-19,-0.30559169736668657,0.8404557635020399,1,prime
2026-06-19,0.4282989208541992,0.9727151646290157,1,subprime
2026-06-19,1.3040724104753185,0.013594548791906372,0,subprime
2026-06-19,0.876263883451122,0.9415124536069942,1,prime
2026-06-19,1.86292308857638,0.8018823204193055,1,prime
2026-06-19,1.5833413067813171,0.929237202568672,1,subprime
2026-06-19,1.3326272496704863,0.0,0,prime
2026-06-19,0.8499408334927074,0.9743189406091852,1,prime
2026-06-19,0.755555212547083,0.010313263718782675,0,prime
2026-06-19,2.2499448467362155,1.0,1,prime
2026-06-19,0.13269352390141365,1.0,1,prime
2026-06-19,1.254126723111949,1.0,1,prime
2026-06-19,0.7429722497477431,0.0,0,prime
2026-06-19,0.7731454285803511,0.11932863801042758,0,prime
2026-06-19,0.7722314961702427,0.0,0,prime
2026-06-19,-0.02828671854051712,0.053235909076687925,0,prime
2026-06-19,1.3068497683806564,0.0,0,subprime
2026-06-19,1.2517756749970395,1.0,1,prime
2026-06-19,-0.006241249851974606,1.0,1,prime
2026-06-19,1.5321262561400397,1.0,1,prime
2026-06-19,3.843742496575269,0.17422428567953646,0,prime
2026-06-19,-0.3256086268026024,1.0,1,subprime
2026-06-19,2.138378359909563,0.1382212796174192,0,prime
2026-06-19,2.323386187883354,0.7621811685817722,1,prime
2026-06-19,2.122991918174576,0.9048701435389273,1,subprime
2026-06-19,1.6310015616189624,0.0,0,prime
2026-06-19,1.5096138813595326,0.1685686163079114,0,subprime
2026-06-19,1.5999962059824813,1.0,1,prime
2026-06-19,0.924016517341131,0.02478586520346051,0,prime
2026-06-19,0.0028316553096798813,0.9854959625850521,1,subprime
2026-06-19,-0.8304907677997835,0.08611767397461828,0,prime
2026-06-19,0.26112448600198535,1.0,1,prime
2026-06-19,1.5491904918096213,0.7215119577332371,1,prime
2026-06-19,-0.7713069017502978,0.2183521459532276,0,prime
2026-06-19,-0.8883340895222949,0.10923595011805248,0,prime
2026-06-19,-0.4832342398996605,0.9653437774974192,1,prime
2026-06-19,1.1150740906290624,0.06530403972181655,0,subprime
2026-06-19,0.17347462294857274,0.9829866875333082,1,subprime
2026-06-19,-0.6537654531180255,0.6707499907742449,1,prime
2026-06-19,0.7492729488766527,0.8227864493503456,1,prime
2026-06-19,1.5206334109070605,0.046119017485253176,0,prime
2026-06-19,2.0215940886152293,1.0,1,subprime
2026-06-19,0.4418909609305942,0.7264857924138994,1,subprime
2026-06-19,1.6607217432201162,0.8827236853317931,1,prime
2026-06-19,0.181963203931771,1.0,1,subprime
2026-06-19,0.5950006549771056,0.9413845045765526,1,prime
2026-06-19,0.5257929225967393,1.0,1,subprime
2026-06-19,2.67222872620372,0.9222460367614368,1,prime
2026-06-19,2.1380134882428443,0.8885900536715999,1,prime
2026-06-19,1.2731459727742287,0.13952535554742823,0,prime
2026-06-19,-0.36500448152017584,0.9147927089581324,1,prime
2026-06-19,-0.5680692195123798,0.0,0,prime
2026-06-19,-0.3722944588088746,0.0,0,prime
2026-06-19,0.7399544336221582,0.1851957548031494,0,prime
2026-06-19,-1.49250877977776,0.0080339483431279,0,subprime
2026-06-19,1.0178937865244921,0.0,0,prime
2026-06-19,1.4804910724441913,0.0,0,prime
2026-06-19,-0.9264951294110992,0.03306480453855645,0,subprime
2026-06-19,1.2293328164377189,0.0,0,prime
2026-06-19,1.2357471747930886,0.8179132531764715,1,subprime
2026-06-19,0.8076858865500716,0.9927981080157097,1,prime
2026-06-19,3.349994510712094,0.9138763981714217,1,prime
2026-06-19,3.0659197066334927,0.7448920676654416,1,prime
2026-06-19,0.6676179106582372,1.0,1,prime
2026-06-19,0.17372747451196613,0.9728912615357301,1,prime
2026-06-19,1.4144575706380151,0.08572171353217811,0,prime
2026-06-19,0.6061111179883181,0.04947578479922123,0,prime
2026-06-19,2.247658191874787,0.944117391325167,1,prime
2026-06-19,-0.10308892017030802,0.9411784270027033,1,prime
2026-06-19,1.6246888604380487,0.750068628256711,1,prime
2026-06-19,0.5473308268988781,0.9324734003813225,1,prime
2026-06-19,1.7001270090241694,0.0,0,prime
2026-06-19,2.560827811265269,0.011244968032190467,0,prime
2026-06-19,1.214124558128536,0.9857637762853373,1,subprime
2026-06-19,1.0817357691552272,0.21361394182041515,0,prime
2026-06-19,2.2339606284233122,0.9372369305687321,1,prime
2026-06-19,0.7849400557022903,0.010611679590640771,0,prime
2026-06-19,0.5939618315873266,0.0,0,subprime
2026-06-19,0.38954034274353544,0.03656850309269774,0,prime
2026-06-19,1.6884874671660182,1.0,1,prime
2026-06-19,1.102177809701671,1.0,1,prime
2026-06-19,-0.16149689768109288,1.0,1,subprime
2026-06-19,0.7264545726032748,0.0,0,prime
2026-06-19,1.0021667219433754,0.9980219511587075,1,prime
2026-06-19,-0.7107935648158792,0.0,0,prime
2026-06-19,2.426276983714801,0.11437872668930608,0,prime
2026-06-19,2.381153276068088,0.8692579318888727,1,subprime
2026-06-19,1.9234167490504732,0.849803349295826,1,prime
2026-06-19,0.4733282387268506,0.7944689185270671,1,prime
2026-06-19,-0.6260992717130531,0.9446486371028581,1,prime
2026-06-19,1.6207485042366159,0.988962668279791,1,prime
2026-06-19,1.3397625022371047,0.0,0,subprime
2026-06-19,1.5372593457856314,0.0,0,prime
2026-06-19,0.9027974500475284,0.10469048046735807,0,subprime
2026-06-19,-0.49079092042805517,0.11707545347817977,0,prime
2026-06-19,0.8840434460834264,1.0,1,prime
2026-06-19,0.6783572552852248,0.13182529674305687,0,subprime
2026-06-19,0.23204004276460255,0.9583732672921966,1,subprime
2026-06-19,1.3056928780748165,0.19699636163394782,0,prime
2026-06-19,-0.5276485731925615,1.0,1,prime
2026-06-19,1.0928688783680156,0.06651086012809114,0,prime
2026-06-19,1.4753727351728874,0.9315841396001555,1,subprime
2026-06-19,1.7380578325925091,0.8621621253400609,1,prime
2026-06-19,0.9274020711227159,0.9108049378132401,1,prime
2026-06-19,0.6783587470596716,0.0,0,subprime
2026-06-19,2.693854759198101,0.0,0,prime
2026-06-19,1.3818583969897098,0.06059092202659643,0,prime
2026-06-19,0.8556010486458037,0.0,0,prime
2026-06-19,1.3062345995315217,0.09400335343525708,0,prime
2026-06-19,1.7845270322907316,0.1384332333075425,0,prime
2026-06-19,0.04354232305488592,0.12221703755346619,0,subprime
2026-06-19,1.010494144427439,0.9100805351237055,1,subprime
2026-06-19,1.1561874121206286,0.8430518145479514,1,prime
2026-06-19,2.188660160476144,0.2116606416004988,0,prime
2026-06-19,0.23136663131718427,1.0,1,prime
2026-06-19,0.06632854463848847,0.1365566408899483,0,prime
2026-06-19,-0.08665465666365768,1.0,1,prime
2026-06-19,0.33437021779273624,1.0,1,prime
2026-06-19,-0.963673479192807,0.0438444534081683,0,prime
2026-06-19,-0.3441450383228122,0.014642886961211611,0,prime
2026-06-19,3.334030804456533,0.20684689658999836,0,subprime
2026-06-19,1.7469667885399787,0.11527326231679462,0,prime
2026-06-19,0.21706870140899215,0.9707432451393838,1,prime
2026-06-19,0.09701237796084528,0.0,0,prime
2026-06-19,1.4179303732029367,0.9144261842832355,1,prime
2026-06-19,2.6673710373153323,0.012871020535174256,0,subprime
2026-06-19,0.6700448549635083,0.0634912681310881,0,prime
2026-06-19,0.13741840079352252,1.0,1,prime
2026-06-19,2.802801880358663,0.07002443029732675,0,subprime
2026-06-19,1.969669865255773,1.0,1,prime
2026-06-19,1.5640680324161336,0.8824074237563827,1,subprime
2026-06-19,1.6986777455292705,0.1407022222795659,0,subprime
2026-06-19,2.265488264137094,0.08190324656756866,0,subprime
2026-06-19,-0.2143058496113095,1.0,1,subprime
2026-06-19,0.18084425164074847,0.837916795485147,1,prime
2026-06-19,2.187815377434784,0.6855981116825822,1,prime
2026-06-19,0.983725462918356,0.8685793176108967,1,prime
2026-06-19,1.7070830935298016,0.88419633616963,1,prime
2026-06-19,1.041386370717867,0.9749875457618021,1,prime
2026-06-19,2.4455022496371264,0.9338289964906872,1,prime
2026-06-19,1.59831868660264,0.35169138744557227,0,prime
2026-06-19,0.5885284007559639,0.8619561883052512,1,subprime
2026-06-19,0.8946967858630039,1.0,1,prime
2026-06-19,2.0865359021243286,0.9877891678135604,1,prime
2026-06-19,2.3164525933683358,1.0,1,prime
2026-06-19,0.8008045217641451,1.0,1,prime
2026-06-19,1.4612165837706612,0.08935084514954855,0,subprime
2026-06-19,2.182313427345255,0.0,0,prime
2026-06-19,-0.7569049798949128,0.15818020333746663,0,prime
2026-06-19,2.6005873324981916,0.8959108511733538,1,prime
2026-06-19,1.2692430697578216,0.0,0,prime
2026-06-19,1.1630421315279533,1.0,1,prime
2026-06-19,2.2278699775691546,0.9686992474649385,1,prime
2026-06-19,1.6502791951490072,1.0,1,prime
2026-06-19,1.4495924150957418,0.11857067347345916,0,prime
2026-06-19,-0.6905854115602053,0.1790725449042522,0,prime
2026-06-19,2.709237115162888,0.12419166158679991,0,prime
2026-06-19,0.7892129110162035,0.11299603948630046,0,prime
2026-06-19,0.6265583166367655,0.0,0,prime
2026-06-19,0.15376052827871534,0.8533926735745262,1,subprime
2026-06-19,0.13266303833155024,0.0,0,prime
2026-06-19,3.310590719730463,1.0,1,subprime
2026-06-19,0.740305408756623,0.9409878425066138,1,prime
2026-06-19,-0.6528276371126704,0.03382443701728033,0,prime
2026-06-19,1.4739587461426056,0.8880023001890518,1,prime
2026-06-19,0.010240464350471545,1.0,1,prime
2026-06-19,1.7666428730838457,0.9140793866782851,1,subprime
2026-06-19,1.3583513737212218,1.0,1,prime
2026-06-19,2.3751433004973017,0.014599454998726717,0,prime
2026-06-19,1.1435577326707935,1.0,1,prime
2026-06-19,0.2346863618483349,0.12045622359659192,0,prime
2026-06-19,1.3025263090268706,0.021931032776639485,0,prime
2026-06-19,3.226469894248355,0.09049981578640481,0,subprime
2026-06-19,-0.03038592267326856,0.92240377187911,1,subprime
2026-06-19,1.8924344424678838,0.0,0,prime
2026-06-19,1.64220210421036,0.0,0,subprime
2026-06-19,2.1421706309198267,1.0,1,subprime
2026-06-19,3.0728949713464515,0.0,0,prime
2026-06-19,0.9272624635781829,0.9899586330630779,1,prime
2026-06-19,1.7170664457252407,0.0,0,prime
2026-06-19,1.5029875124157535,1.0,1,prime
2026-06-19,1.4820988770289876,0.9395236408427736,1,subprime
2026-06-19,1.6513076089670784,0.7857441872828532,1,prime
2026-06-19,2.353422304849918,0.0,0,prime
2026-06-19,-0.1633278170557464,1.0,1,subprime
2026-06-19,1.077595998338636,0.9158775564753867,1,prime
2026-06-19,1.1596012045110953,0.8231101558096277,1,prime
2026-06-19,1.808344533983337,0.9405884617556569,1,prime
2026-06-19,1.3857345552855143,0.029672477360450932,0,prime
2026-06-19,0.21016351058819593,0.00032051657764915753,0,prime
2026-06-19,0.15409833968715658,0.9683936922207663,1,subprime
2026-06-20,1.106282372838284,0.8715262038536025,1,prime
2026-06-20,1.3384089598163058,0.1272773551649331,0,prime
2026-06-20,-0.858249038378635,0.9117393634506642,1,subprime
2026-06-20,1.6536269983046314,0.1864177250020368,0,prime
2026-06-20,0.5033640434382736,0.1876856947512047,0,subprime
2026-06-20,3.1611675745307553,0.0,0,prime
2026-06-20,-0.5480399318038811,1.0,1,prime
2026-06-20,1.1257093176138193,0.0,0,prime
2026-06-20,0.2348646154843641,1.0,1,prime
2026-06-20,1.2249204313674165,0.26933825533138767,0,subprime
2026-06-20,0.7937725495932353,0.025731530412194416,0,prime
2026-06-20,1.009694641149688,0.08776521447631719,0,prime
2026-06-20,1.6452146095733293,0.35587148696375936,0,prime
2026-06-20,1.4453682795359168,0.9273050845366391,1,prime
2026-06-20,2.0787593139923444,0.0,0,subprime
2026-06-20,0.39228526062927604,0.20035667919957229,0,subprime
2026-06-20,-0.9759635628664922,0.1322955366971307,0,prime
2026-06-20,-1.9979650488340106,0.8669399019673983,1,prime
2026-06-20,-0.6655682276871007,0.7230691281422504,1,subprime
2026-06-20,1.8603548992491203,0.0,0,prime
2026-06-20,2.095127551482916,0.7192238193578075,1,subprime
2026-06-20,0.42072082126460786,1.0,1,subprime
2026-06-20,0.04102290869668079,0.834275604432097,1,prime
2026-06-20,0.4489452260848135,0.18340119878683095,0,subprime
2026-06-20,0.8928004542873906,0.00957893704865305,0,subprime
2026-06-20,0.6475236431961596,0.891324927236025,1,subprime
2026-06-20,0.9913903880885634,0.9813502455497741,1,prime
2026-06-20,2.7314382186103483,0.05283944958160249,0,prime
2026-06-20,0.018370503903929247,0.8401502529830306,1,subprime
2026-06-20,-0.25380802186667806,1.0,1,prime
2026-06-20,1.3515096820977592,1.0,1,prime
2026-06-20,2.20806188864903,0.8908045251348036,1,prime
2026-06-20,0.6635905009805403,0.9409533566325676,1,prime
2026-06-20,-1.0990738803313462,0.9124007818080524,1,prime
2026-06-20,2.430333767307202,0.031387578813615896,0,prime
2026-06-20,-0.04330480111417134,0.0,0,prime
2026-06-20,0.024088951068465092,0.9822384543049563,1,subprime
2026-06-20,0.8322638823748963,1.0,1,prime
2026-06-20,0.29172269681024565,0.7526294951828557,1,prime
2026-06-20,1.4858198866587653,1.0,1,subprime
2026-06-20,-0.9934260182979131,0.2109297500570279,0,prime
2026-06-20,1.5841793681293843,1.0,1,prime
2026-06-20,-0.22751455830275225,0.94840855525783,1,subprime
2026-06-20,1.7802359711082616,0.2716114776340718,0,subprime
2026-06-20,0.2749404740216912,1.0,1,subprime
2026-06-20,1.3475938665381644,1.0,1,prime
2026-06-20,0.3086756966861627,0.12076065770487696,0,prime
2026-06-20,1.0999169409108096,0.8851507903747525,1,prime
2026-06-20,2.4657049837970564,0.9864417673176035,1,prime
2026-06-20,0.8217995359352276,0.9561467322464462,1,prime
2026-06-20,1.411411826918687,0.9082212330298706,1,subprime
2026-06-20,1.5320923972551008,1.0,1,prime
2026-06-20,1.3294258230493976,0.9991306570578397,1,subprime
2026-06-20,-1.2400365672019753,0.887281978270221,1,prime
2026-06-20,0.6299713579852116,0.0,0,prime
2026-06-20,1.0102421437454565,0.14038447375155816,0,prime
2026-06-20,1.5315000482329535,0.20847088741549366,0,subprime
2026-06-20,1.974364136955486,0.1447245474285026,0,prime
2026-06-20,0.4315250330992827,0.22896692706564897,0,prime
2026-06-20,1.2716837923989779,0.06802355767748526,0,subprime
2026-06-20,2.8738941006907597,0.8489140160099324,1,subprime
2026-06-20,0.7542103079585144,0.871185830581692,1,subprime
2026-06-20,0.284079168513545,1.0,1,prime
2026-06-20,0.34922953494906217,0.9402730590631898,1,prime
2026-06-20,0.4047250563518437,0.0625810891071071,0,prime
2026-06-20,-0.18552263817746373,0.9633147185921457,1,prime
2026-06-20,-0.7263041218679249,0.1522514191376917,0,prime
2026-06-20,0.5275323926641412,0.0,0,prime
2026-06-20,0.5896372213364779,0.07636359096800083,0,prime
2026-06-20,0.4273052814039696,0.19134246557694626,0,prime
2026-06-20,0.6829433676498473,1.0,1,prime
2026-06-20,0.0647794326957597,1.0,1,subprime
2026-06-20,2.0619916333861505,0.06524792834576715,0,prime
2026-06-20,1.9897741588052629,0.0,0,subprime
2026-06-20,-1.1164312450514033,1.0,1,prime
2026-06-20,0.35460738852659596,0.07168050565169765,0,subprime
2026-06-20,1.4928769048034511,0.814182590931863,1,prime
2026-06-20,1.7039010948551065,0.0,0,subprime
2026-06-20,2.4488507674217326,0.0,0,subprime
2026-06-20,2.9972347337299388,1.0,1,prime
2026-06-20,1.7342762422451699,0.10134274159001205,0,prime
2026-06-20,-0.028054817629331263,0.09094524528605127,0,prime
2026-06-20,2.197503502694813,0.8974274092280552,1,subprime
2026-06-20,0.257665070834907,0.0,0,prime
2026-06-20,1.063386923372002,0.0,0,subprime
2026-06-20,2.000069988886656,0.08838030133550806,0,prime
2026-06-20,0.6417967195330279,0.0,0,prime
2026-06-20,1.6632816119069544,0.9528167947745511,1,prime
2026-06-20,0.5264638154280394,0.0,0,prime
2026-06-20,-0.19818111875424305,0.014138141250584053,0,prime
2026-06-20,0.23908614386266325,1.0,1,subprime
2026-06-20,1.3202189921369565,0.1418658872262747,0,subprime
2026-06-20,1.526991226101658,0.9828541686540297,1,prime
2026-06-20,1.0873627388954958,0.1734006548497799,0,subprime
2026-06-20,0.06529509587354232,1.0,1,prime
2026-06-20,1.3886879952632505,0.13127771327733437,0,prime
2026-06-20,3.186038666534434,0.0,0,prime
2026-06-20,2.4286256055270137,0.026979019906841248,0,prime
2026-06-20,0.13378541753572004,0.21143111095316175,0,prime
2026-06-20,1.043087307349662,0.8868501964569571,1,prime
2026-06-20,-1.3317803621237545,0.0,0,prime
2026-06-20,0.5169499631986954,0.0,0,subprime
2026-06-20,1.4707238446740591,0.9512413850114326,1,prime
2026-06-20,0.05910962434974165,0.21463219150227011,0,prime
2026-06-20,1.2138380816680867,1.0,1,prime
2026-06-20,0.46988202254570643,0.14894507785144911,0,prime
2026-06-20,0.2515241693890625,0.05262039891416252,0,subprime
2026-06-20,-1.0315546939161886,0.20789215983070616,0,prime
2026-06-20,0.7430179227748273,0.8164502502291622,1,prime
2026-06-20,1.2476486755563958,0.8597644130306242,1,prime
2026-06-20,0.19494374599922049,0.028889209872760422,0,prime
2026-06-20,1.0019379359814313,0.8535179762340654,1,subprime
2026-06-20,0.6865834011949861,1.0,1,subprime
2026-06-20,0.4711675633651685,0.8498095034327532,1,subprime
2026-06-20,0.7364944833329174,1.0,1,prime
2026-06-20,1.2975709781188722,0.868703718735628,1,prime
2026-06-20,0.811783542708176,0.12873522540556898,0,subprime
2026-06-20,-0.4804519693679934,1.0,1,prime
2026-06-20,0.374445904974065,0.8354244766053218,1,prime
2026-06-20,1.1998271754156677,0.240851769178241,0,prime
2026-06-20,-0.5737189238909284,1.0,1,prime
2026-06-20,-0.08242911146913001,0.233929306606464,0,prime
2026-06-20,0.043178168087507074,0.054502903897558665,0,prime
2026-06-20,2.4014137295293785,0.7841398520447882,1,prime
2026-06-20,0.07222072268042823,1.0,1,subprime
2026-06-20,0.8464925039384416,0.0,0,prime
2026-06-20,0.20034608978025092,0.9792295755983217,1,subprime
2026-06-20,2.4773521447784974,0.0042813894967102945,0,subprime
2026-06-20,0.27661674840545913,0.9596384508412095,1,prime
2026-06-20,2.1987847663296654,0.9176151199142945,1,prime
2026-06-20,0.8460562210943161,1.0,1,prime
2026-06-20,-0.823179313976129,0.00014465232423915841,0,prime
2026-06-20,1.1464012700912012,0.8342120246088196,1,prime
2026-06-20,-0.3759198261425871,0.0,0,prime
2026-06-20,1.470986407846722,0.0,0,prime
2026-06-20,0.3107346069747151,0.07714303282528939,0,prime
2026-06-20,1.590647188212663,0.0,0,subprime
2026-06-20,-0.0015522683978869134,1.0,1,prime
2026-06-20,1.0204333111014914,0.08496395777889752,0,prime
2026-06-20,0.3858082382189839,1.0,1,prime
2026-06-20,1.3970639485091985,0.0,0,subprime
2026-06-20,0.09510527464950669,0.9577789770659682,1,prime
2026-06-20,1.2386669249369113,0.7729785748780477,1,subprime
2026-06-20,1.7650288777949177,1.0,1,prime
2026-06-20,1.5396339661091965,0.0013902613791305363,0,prime
2026-06-20,3.644522042817198,0.0,0,prime
2026-06-20,0.21651341374790845,0.004231170175837642,0,prime
2026-06-20,1.0951339951331232,0.0,0,prime
2026-06-20,0.18534590653782523,0.9110246356391544,1,prime
2026-06-20,2.5269333565228433,0.15430167824869417,0,prime
2026-06-20,1.1126512413124383,0.0,0,subprime
2026-06-20,2.6736735400937444,0.08001326141613313,0,prime
2026-06-20,-0.9565118336538974,1.0,1,subprime
2026-06-20,1.2136476531169227,0.964846465883894,1,prime
2026-06-20,0.1235191266504796,0.8009406379331871,1,subprime
2026-06-20,2.1421177457362646,0.012502834691261795,0,prime
2026-06-20,0.04666347976510021,0.0,0,prime
2026-06-20,0.9438786438406755,0.0,0,subprime
2026-06-20,2.3192557733122783,0.0,0,subprime
2026-06-20,-0.5646698565047057,0.9367004012145995,1,prime
2026-06-20,1.0652125790381137,1.0,1,prime
2026-06-20,0.6047945412322642,0.0,0,prime
2026-06-20,0.39639841969292794,0.8649730030558939,1,prime
2026-06-20,2.7635138470979754,0.75092915345608,1,prime
2026-06-20,0.53839227008178,0.0465538516061943,0,prime
2026-06-20,1.0004483006618363,0.9906469411890431,1,prime
2026-06-20,0.38550701709117885,0.02506302629724953,0,prime
2026-06-20,0.7256537921905913,0.2297056761181537,0,prime
2026-06-20,1.077651054242367,0.04424777521124218,0,subprime
2026-06-20,1.0564388692741045,0.12459435854291444,0,prime
2026-06-20,1.6737570119271215,0.0,0,prime
2026-06-20,-0.6972660509838746,0.92889071644066,1,prime
2026-06-20,0.8635654521874631,0.03563831023829186,0,prime
2026-06-20,0.9103651420009715,1.0,1,prime
2026-06-20,3.3578467134562455,0.0,0,prime
2026-06-20,0.43962715869966484,0.7846218108776553,1,subprime
2026-06-20,1.1043335552663083,0.9196295155392288,1,prime
2026-06-20,2.696211982670434,0.17545551980676938,0,subprime
2026-06-20,1.5961332853070844,0.18675610876203497,0,prime
2026-06-20,0.24930921853737054,0.0,0,prime
2026-06-20,0.6263629074224707,0.0,0,prime
2026-06-20,-1.1532451939746078,0.921329926740229,1,subprime
2026-06-20,1.3337880353003553,0.0,0,prime
2026-06-20,-0.08145377013586186,0.2149866463653684,0,subprime
2026-06-20,0.15863965408934666,0.9608503591603661,1,subprime
2026-06-20,-0.301919173509805,1.0,1,prime
2026-06-20,2.1536555931846726,0.8252346829116746,1,prime
2026-06-20,0.018818718785241217,1.0,1,prime
2026-06-20,0.587991459165549,0.0,0,subprime
2026-06-20,0.42394119333663643,0.011625722298772422,0,subprime
2026-06-20,0.6965821295021164,0.3035277406154472,0,prime
2026-06-20,-0.8274152108401338,0.0,0,subprime
2026-06-20,1.6722827547862384,0.8991507092765996,1,prime
2026-06-20,1.836344291975366,0.21325211647256262,0,prime
2026-06-20,-0.4324942560302074,0.17095529258684777,0,subprime
2026-06-20,1.2763418093240322,0.096270064719436,0,prime
2026-06-20,0.5106575103201172,0.19849466948677805,0,subprime
2026-06-20,0.31763878623227026,0.17811927253616427,0,prime
2026-06-20,1.5800142430105928,0.0,0,prime
2026-06-20,2.133346014598432,0.9122185340229019,1,subprime
2026-06-20,1.3919463704076402,0.9612635961823508,1,prime
2026-06-20,0.2903919629113406,0.7588591749392912,1,subprime
2026-06-20,-0.8415840508539225,0.0,0,subprime
2026-06-20,-0.8946313840395237,1.0,1,prime
2026-06-20,1.0990650789837844,1.0,1,prime
2026-06-20,1.166839928905652,1.0,1,prime
2026-06-20,0.7016264090293269,0.7921397414394551,1,subprime
2026-06-20,0.8326797585963513,0.02002843013843615,0,prime
2026-06-20,0.6833456433950098,0.0,0,prime
2026-06-20,1.156319816845561,0.0397120643760484,0,prime
2026-06-20,-0.3484123099052203,0.8139187622536366,1,prime
2026-06-20,1.29168457131926,0.15752831469847947,0,prime
2026-06-20,1.0258421601486336,0.9401620038736723,1,subprime
2026-06-20,0.1554820328825175,0.9154445448130794,1,prime
2026-06-20,0.8691343114815068,1.0,1,prime
2026-06-20,2.8363272762114375,0.831688199938249,1,subprime
2026-06-20,0.8479028423814051,0.8415124120574573,1,prime
2026-06-20,0.8748235297508488,0.04939096656835051,0,subprime
2026-06-20,0.8324465188931358,0.10390731408009904,0,prime
2026-06-20,2.0373998830950986,0.78309832925037,1,prime
2026-06-20,0.09210489701223856,0.9362619748497241,1,prime
2026-06-20,1.6861724891172982,0.04451025836207469,0,subprime
2026-06-20,-0.6035273641985512,1.0,1,subprime
2026-06-20,0.17762406491573068,0.06629908794579457,0,subprime
2026-06-20,1.7739654903772866,1.0,1,prime
2026-06-20,1.5019357513588847,0.16153929221580843,0,prime
2026-06-20,-0.22437791259508155,0.7812162656937374,1,prime
2026-06-20,0.9203166168196315,0.9936624250437741,1,subprime
2026-06-20,2.0353310409588135,0.07118645499683454,0,subprime
2026-06-20,-0.5936385239171957,0.029101802357204467,0,prime
2026-06-20,0.9648437527113417,1.0,1,prime
2026-06-20,2.1157595477333206,0.06600206950905493,0,prime
2026-06-20,1.510002079134675,0.922157171090712,1,subprime
2026-06-20,0.5728208695493407,0.9975469305582612,1,prime
2026-06-20,-0.08103750682877908,1.0,1,prime
2026-06-20,0.9196184745372942,0.11800523093650114,0,prime
2026-06-20,0.40779240551688367,0.972216041876916,1,prime
2026-06-20,-0.7507644166457268,0.9683113609634164,1,prime
2026-06-20,0.5255344619733124,1.0,1,prime
2026-06-20,0.05514153779741249,0.8390492059992425,1,prime
2026-06-20,1.187593194999554,1.0,1,subprime
2026-06-20,-0.030537876014697818,0.7704879035040204,1,prime
2026-06-20,0.34689261522964787,0.10618833707544872,0,prime
2026-06-20,2.630381656166147,0.8993430001086176,1,subprime
2026-06-20,0.04518592058305315,0.0,0,prime
2026-06-20,0.10856218860343081,0.8470741669599249,1,prime
2026-06-20,1.798647952169353,0.09781096126389001,0,prime
2026-06-20,2.2540896204317895,1.0,1,prime
2026-06-20,1.685739723889323,1.0,1,prime
2026-06-20,1.4157970344207027,0.04015664151907594,0,prime
2026-06-20,1.631813740068257,0.9751701682428721,1,subprime
2026-06-20,0.28032913490506106,0.04736986531988471,0,prime
2026-06-20,1.7824485027847192,0.9011061370243363,1,prime
2026-06-20,2.4132326485594273,0.0341080644862964,0,prime
2026-06-20,0.007112687791289152,0.8674118743035901,1,prime
2026-06-20,0.6888190915717958,0.8300391829248485,1,subprime
2026-06-20,2.312878701908481,1.0,1,subprime
2026-06-20,1.2946600069418968,0.7289527202493082,1,subprime
2026-06-20,0.7525986060660494,0.0,0,subprime
2026-06-20,1.4580909386962193,0.0,0,subprime
2026-06-20,-1.4128137341567857,0.0,0,prime
2026-06-20,-0.5072920074062428,0.14815388703902066,0,prime
2026-06-20,0.6277846474368061,0.023194485399959094,0,prime
2026-06-20,1.9582825649461297,0.0811013104248662,0,prime
2026-06-20,1.0243329957852654,0.0,0,subprime
2026-06-20,1.687161932707994,0.03678157433321528,0,prime
2026-06-20,0.6613471026288804,1.0,1,subprime
2026-06-20,1.0904530363544953,0.10940893166989546,0,prime
2026-06-20,0.5110326365137964,0.0,0,prime
2026-06-20,0.8563799484643533,0.0534547790032074,0,prime
2026-06-20,-0.0635646830425789,0.16998092599454423,0,subprime
2026-06-20,-1.1215318574405724,0.8918135595433068,1,prime
2026-06-20,0.7331588251290224,0.021213052846101046,0,prime
2026-06-20,-1.7329696890153936,0.9811729696432946,1,prime
2026-06-20,0.3228780120819287,0.1970941214253418,0,subprime
2026-06-20,1.1361223834464738,1.0,1,prime
2026-06-20,0.704880179018465,1.0,1,prime
2026-06-20,0.7600013521668763,0.0,0,prime
2026-06-20,-1.000079602551211,0.2001560942663607,0,prime
2026-06-20,-0.2550592721897065,1.0,1,prime
2026-06-20,1.7538945410546853,0.00673386665406521,0,prime
2026-06-20,0.17326089490030017,0.13184329770319084,0,prime
2026-06-20,-0.9567948765143288,0.9218709004941986,1,subprime
2026-06-20,0.599696523632796,0.07236116393161088,0,prime
2026-06-20,1.7191267349761814,0.9392489627210667,1,subprime
2026-06-20,2.16679266557024,1.0,1,subprime
2026-06-20,1.7794264171354286,1.0,1,subprime
2026-06-20,2.548741165892392,0.0,0,prime
2026-06-20,1.8963573245552905,0.0,0,subprime
2026-06-20,1.8731208592585267,0.9124798243115233,1,prime
2026-06-20,0.5834564692985731,0.02438085670857149,0,subprime
2026-06-20,1.6581941113546146,0.08578279028260156,0,prime
2026-06-20,-0.00210343162864135,0.1044839472559029,0,prime
2026-06-20,0.14815922781423518,0.0,0,subprime
2026-06-20,-0.0019502814408193236,0.06397822402344203,0,prime
2026-06-20,2.2827277525029444,0.9226995058061697,1,prime
2026-06-20,-0.4222458796073474,0.0009696888659867994,0,subprime
2026-06-20,2.0771642176873817,0.0,0,subprime
2026-06-20,0.7492468025230351,0.23078927056552376,0,prime
2026-06-20,1.4688157993435853,0.03984519076091293,0,prime
2026-06-20,1.2333708997628765,0.01215315635307379,0,prime
2026-06-20,0.6416571339657057,0.22100510926410244,0,prime
2026-06-20,-1.6644820076622004,0.9985877837207413,1,subprime
2026-06-20,1.157936117485229,0.0006674740575461427,0,prime
2026-06-20,0.08878227304599184,0.8525928292354499,1,prime
2026-06-20,-0.22858306815360607,0.09162215465400605,0,subprime
2026-06-20,0.15666670478522038,0.048445504323248546,0,prime
2026-06-20,-0.14033320588797993,0.9228013786927506,1,prime
2026-06-20,2.1769679958335324,0.014702397891753767,0,subprime
2026-06-20,0.6075542952348105,0.05870436598980736,0,prime
2026-06-20,0.8131460594194553,0.009019288412802168,0,prime
2026-06-20,0.07597538129392511,0.9100600449502154,1,prime
2026-06-20,0.6610659425844206,1.0,1,prime
2026-06-20,2.7107681688500094,0.000923363653824498,0,prime
2026-06-20,-0.4035729854606789,0.9957377588904448,1,subprime
2026-06-20,-1.1663883306738425,0.017142947816163406,0,prime
2026-06-20,0.1501904723508839,0.009136483536653327,0,prime
2026-06-20,1.3877110538836224,0.12353959858165807,0,prime
2026-06-20,-1.2852119528377297,0.11840197711794131,0,subprime
2026-06-20,-0.6546137216898256,0.0,0,prime
2026-06-20,0.292445548879804,1.0,1,prime
2026-06-20,0.4270404680829649,0.03918933476600243,0,prime
2026-06-20,1.4132719630714603,0.8197039075669308,1,prime
2026-06-20,2.3846999042736994,0.0,0,prime
2026-06-20,0.0007649683858242939,0.8857376341286081,1,subprime
2026-06-20,0.13275683240923253,0.13865465763945578,0,subprime
2026-06-20,0.06180657581451676,0.0534971497589184,0,prime
2026-06-20,0.28987721889208307,0.9103969906689624,1,prime
2026-06-20,1.9522615497420224,0.09507846511028215,0,prime
2026-06-20,-0.2903169595340527,0.0,0,prime
2026-06-20,2.2518397930806984,0.06589655049987142,0,prime
2026-06-20,1.7002203941696217,0.019697116695120812,0,subprime
2026-06-20,0.09101115758057088,0.0828926272519621,0,prime
2026-06-20,1.4087936925475684,0.2824014541023486,0,prime
2026-06-20,0.8742006334764769,0.8840486591255088,1,subprime
2026-06-20,1.0652436849885887,0.17882562509544644,0,prime
2026-06-20,1.5188630814348758,0.8998171166529036,1,subprime
2026-06-20,0.4435877509109265,0.0,0,prime
2026-06-20,0.6401751562049918,1.0,1,prime
2026-06-20,1.5886543277783711,0.0,0,prime
2026-06-20,1.2760475199385828,1.0,1,prime
2026-06-20,1.1339114614943584,0.8161290957570457,1,subprime
2026-06-20,1.6965775286054456,1.0,1,prime
2026-06-20,0.9005746169206055,1.0,1,prime
2026-06-20,0.4990041074658622,1.0,1,prime
2026-06-20,1.970423972447457,0.8675672193846861,1,subprime
2026-06-20,-0.7025054175594727,1.0,1,prime
2026-06-20,-1.0242632709007156,0.014702900104310315,0,prime
2026-06-20,0.23267872073146523,1.0,1,prime
2026-06-20,1.1981771870812756,0.9522339424831491,1,prime
2026-06-20,0.8746987211634897,0.05969888482836884,0,prime
2026-06-20,1.089530036062103,0.9947757278613059,1,prime
2026-06-20,1.410625746244127,0.0,0,prime
2026-06-20,1.7145808675385035,0.15728787295698385,0,prime
2026-06-20,0.6738807770649322,0.0,0,prime
2026-06-20,-0.9435382483805084,0.0,0,prime
2026-06-20,-0.23105924883226336,1.0,1,prime
2026-06-20,2.2111970462924844,0.9226511254656186,1,subprime
2026-06-20,1.6197254951995337,0.9881699947102175,1,prime
2026-06-20,3.3715713670946794,0.022691631924755932,0,prime
2026-06-20,-0.5135852773368921,0.0,0,subprime
2026-06-20,1.4416377811914,0.7958883766532833,1,prime
2026-06-20,1.7657969375704132,0.9601407378707526,1,prime
2026-06-20,1.2698471452382316,0.8823043993690828,1,prime
2026-06-20,0.33377540706676884,0.9524029884720209,1,prime
2026-06-20,0.006911088509484742,0.10085839587585219,0,prime
2026-06-20,-0.2752212094515796,0.10158310228708772,0,subprime
2026-06-20,1.315450585938256,0.9951334516393656,1,prime
2026-06-20,0.18721671220980018,0.0,0,prime
2026-06-20,-0.020782938368368198,0.9307360194029634,1,subprime
2026-06-20,1.0468965569745343,0.0,0,prime
2026-06-20,2.1694694015211615,1.0,1,subprime
2026-06-20,0.20489672646460066,0.8615633088142006,1,prime
2026-06-20,-0.37169613472594465,0.8829075187723799,1,subprime
2026-06-20,2.2244470455539087,1.0,1,subprime
2026-06-20,2.4218421203808105,0.8149978992187406,1,prime
2026-06-20,3.307223194096032,0.7280686576138722,1,subprime
2026-06-20,0.7909615718266,0.03276000757691795,0,subprime
2026-06-20,2.1540066756616745,0.8555904781725628,1,prime
2026-06-20,0.5019225844677127,0.18159845249614076,0,prime
2026-06-20,-0.11503224655394528,0.9983105072147747,1,prime
2026-06-20,0.8250806843942695,0.8620675452824449,1,prime
2026-06-20,0.5248839850499964,0.9944975198081151,1,subprime
2026-06-20,0.3252989975335323,1.0,1,prime
2026-06-20,0.6224522763486019,0.06452100574330649,0,subprime
2026-06-20,-0.7117949906418373,0.905322453351576,1,prime
2026-06-20,1.7310045821756797,0.0,0,subprime
2026-06-20,1.0567397850605589,0.15264976818221185,0,subprime
2026-06-20,0.38399344443009875,0.09716042370104627,0,prime
2026-06-20,1.1154886661552716,1.0,1,prime
2026-06-20,0.27199463224144993,0.9026331508720462,1,prime
2026-06-20,1.4322265066904407,0.921860698132581,1,subprime
2026-06-20,0.32159722404786417,0.046677248159675215,0,prime
2026-06-20,1.1236977280024922,0.0,0,prime
2026-06-20,0.5926363069145586,0.9075086687446788,1,subprime
2026-06-20,0.5014758910487427,0.7965589402635551,1,prime
2026-06-20,1.1196698814227646,0.2343652150826065,0,prime
2026-06-20,0.28293697813542573,0.038813356422663065,0,prime
2026-06-20,-0.42253285209228264,0.9857904751064857,1,subprime
2026-06-20,-0.25516748495724606,0.8967076918576754,1,prime
2026-06-21,1.0497460813915755,0.9500481423052622,1,prime
2026-06-21,0.9176933292752161,1.0,1,subprime
2026-06-21,0.7456667750719307,0.0,0,subprime
2026-06-21,1.0479815958684857,1.0,1,prime
2026-06-21,0.9832064046446103,0.0,0,prime
2026-06-21,1.3999332783670786,0.08659652631272344,0,prime
2026-06-21,0.6944513776426685,1.0,1,subprime
2026-06-21,1.4796032462224091,0.8852330923989075,1,prime
2026-06-21,-0.7757381185778947,0.11577707860086738,0,prime
2026-06-21,-0.21506466363809884,0.0,0,prime
2026-06-21,2.159969699060909,0.03837502476981878,0,subprime
2026-06-21,0.17094536589040332,0.8769209422376243,1,subprime
2026-06-21,-0.17583941797570157,0.8262835762541973,1,prime
2026-06-21,1.329529896308243,0.18153143033180147,0,prime
2026-06-21,0.088581261343597,0.013171827421415518,0,prime
2026-06-21,1.975216540439176,0.7637007207017046,1,prime
2026-06-21,1.4144835797728073,0.9873693717542648,1,prime
2026-06-21,-0.3794904621060935,0.8167396136080523,1,subprime
2026-06-21,-2.1841093047695272,1.0,1,prime
2026-06-21,1.0146290343016915,1.0,1,prime
2026-06-21,-1.7302675195857076,0.0,0,subprime
2026-06-21,2.7998505277082346,0.8695926189897888,1,prime
2026-06-21,2.480343177280583,0.0405818805771081,0,prime
2026-06-21,1.0557473019222257,0.1868953162342169,0,prime
2026-06-21,-0.23653321055535337,1.0,1,subprime
2026-06-21,1.679129338438916,0.1205535944569127,0,subprime
2026-06-21,1.1270383207833115,0.8235677120432833,1,prime
2026-06-21,2.4297762760433406,0.96189777747037,1,prime
2026-06-21,0.8541612500853859,0.02527507006021135,0,prime
2026-06-21,0.7950372882644006,0.04564599898214936,0,subprime
2026-06-21,0.9865356417139617,1.0,1,prime
2026-06-21,1.093676837380401,0.25947628362373415,0,prime
2026-06-21,2.1259965309472992,0.9427086350976632,1,prime
2026-06-21,1.0391932961379982,0.14494000371470211,0,prime
2026-06-21,0.2705795110586299,0.9318613534056014,1,prime
2026-06-21,1.5910968789603417,0.1545930987928211,0,prime
2026-06-21,0.8341082367039315,1.0,1,prime
2026-06-21,-0.27335143278475216,0.0,0,subprime
2026-06-21,0.664613588623862,0.957409184800428,1,prime
2026-06-21,-0.15507265879989174,0.0,0,subprime
2026-06-21,-0.20769449709003274,0.0,0,prime
2026-06-21,0.39623512399759636,1.0,1,prime
2026-06-21,-0.3246544364860321,0.8133016444472205,1,prime
2026-06-21,0.047264338730288236,0.748384500885608,1,subprime
2026-06-21,0.341780560957902,0.0,0,prime
2026-06-21,0.043904744808743956,0.1074496990793223,0,subprime
2026-06-21,2.012828711620293,1.0,1,prime
2026-06-21,1.686387063451274,1.0,1,prime
2026-06-21,-0.47121379534827335,0.7908587979214208,1,prime
2026-06-21,0.8255081863681243,0.998826081323395,1,prime
2026-06-21,1.7966916312739032,0.9603050014438683,1,subprime
2026-06-21,0.486829156974257,0.1629728395600925,0,prime
2026-06-21,1.3736118109523396,0.18172751607286744,0,prime
2026-06-21,1.3829880514323842,0.8955410586745856,1,prime
2026-06-21,2.2075468816844954,0.8298737048938182,1,prime
2026-06-21,-0.7499378322079246,0.8697061152123349,1,prime
2026-06-21,0.7642951163735432,0.0,0,prime
2026-06-21,1.6446803635337992,0.10077783700326942,0,prime
2026-06-21,1.0431329790776371,0.0,0,prime
2026-06-21,1.0970403111530218,1.0,1,prime
2026-06-21,-0.09499197199404907,0.0,0,prime
2026-06-21,1.039214043863245,0.0,0,prime
2026-06-21,1.0044599518592658,0.9183477612078468,1,prime
2026-06-21,0.1343355676562391,0.0,0,prime
2026-06-21,0.28787315681110603,0.035739981507909455,0,prime
2026-06-21,0.8986151285220265,0.03893096144757446,0,subprime
2026-06-21,2.03749259696811,0.8714020706219745,1,prime
2026-06-21,1.5068738205149623,0.18524986950078007,0,subprime
2026-06-21,1.4703756040403917,0.8594867003663027,1,subprime
2026-06-21,1.7859055003463162,0.09984890905348649,0,prime
2026-06-21,0.5004718921494733,0.0,0,subprime
2026-06-21,1.5125869440267135,0.9899272202223928,1,prime
2026-06-21,0.7292392645423798,0.8328303959157003,1,subprime
2026-06-21,-1.018418454968586,0.9587998485393984,1,subprime
2026-06-21,0.6785649374201015,1.0,1,prime
2026-06-21,1.2726513755769722,0.28054025413490896,0,prime
2026-06-21,2.902642292111392,0.9034619006105593,1,prime
2026-06-21,0.6705655436701706,0.0,0,prime
2026-06-21,0.42909824400848906,0.0,0,subprime
2026-06-21,0.6142740517825258,0.13584220022909682,0,prime
2026-06-21,-0.5121842545916475,1.0,1,subprime
2026-06-21,0.9728584279943283,1.0,1,subprime
2026-06-21,2.664532648817805,0.11843659739414801,0,prime
2026-06-21,0.3012370561087889,0.966038241939004,1,prime
2026-06-21,0.8448574160842632,0.04334059605374338,0,subprime
2026-06-21,1.520359758804335,0.030781065355810572,0,prime
2026-06-21,2.5670501474220035,0.8743265000674911,1,prime
2026-06-21,1.5784294875632712,0.9048004181364059,1,prime
2026-06-21,1.448386333658162,1.0,1,subprime
2026-06-21,2.3060845353333312,0.07113947925273695,0,prime
2026-06-21,0.9753802536832327,0.0,0,prime
2026-06-21,-1.0654723925391558,0.03971232004441352,0,prime
2026-06-21,0.5245990688097801,0.03743712868186766,0,prime
2026-06-21,-0.5391257259177276,1.0,1,prime
2026-06-21,-0.28566675965317156,0.0,0,prime
2026-06-21,-0.8086151065613523,0.0,0,subprime
2026-06-21,0.606174008171435,0.7819887019933932,1,prime
2026-06-21,2.1477511269360297,0.05304217736868169,0,prime
2026-06-21,0.08582283244855438,0.9997993471762551,1,subprime
2026-06-21,-0.36836645676431723,0.06961592991129359,0,prime
2026-06-21,0.185202544922331,0.11249999823046855,0,prime
2026-06-21,0.9438131222651676,0.8819566795803514,1,subprime
2026-06-21,-0.6316156531720818,0.8875345569232426,1,subprime
2026-06-21,1.5524080980736124,0.0,0,prime
2026-06-21,0.5547908777697357,1.0,1,prime
2026-06-21,1.6347777454028058,0.1185471261555822,0,prime
2026-06-21,2.080085601717356,1.0,1,subprime
2026-06-21,1.1562906295218915,0.872576183277002,1,prime
2026-06-21,-0.08919330009713755,0.9637778379045709,1,prime
2026-06-21,-0.4350199427552841,0.9015106165994684,1,prime
2026-06-21,0.4623425639663047,0.913573409484767,1,subprime
2026-06-21,1.2147861056749454,1.0,1,subprime
2026-06-21,2.3938730263859638,1.0,1,prime
2026-06-21,0.6160512033150941,0.8809051097968064,1,prime
2026-06-21,1.0421148389303279,0.996391194656153,1,prime
2026-06-21,1.5962135948890614,0.8232135863620069,1,prime
2026-06-21,2.520883042457883,0.0,0,prime
2026-06-21,1.315805086609505,0.0,0,prime
2026-06-21,1.2693525689528784,0.043812365321390226,0,prime
2026-06-21,-0.7698272300727591,0.9613766553069033,1,prime
2026-06-21,-0.22018490979765803,0.059604249442267505,0,prime
2026-06-21,1.6689223593979543,0.1351799562353503,0,subprime
2026-06-21,1.5975769834362812,0.9724648028086393,1,subprime
2026-06-21,0.10190334919760469,0.10549582560282612,0,subprime
2026-06-21,-0.503263794918356,0.07175781651585511,0,prime
2026-06-21,1.2465481156779037,0.22231975669493742,0,subprime
2026-06-21,1.363350890436993,0.08707202718628845,0,prime
2026-06-21,0.13822637406850824,0.0,0,prime
2026-06-21,-0.4325529911680317,0.0,0,prime
2026-06-21,1.997942001590214,0.0,0,prime
2026-06-21,0.00025389337914616394,0.13734696954100778,0,subprime
2026-06-21,0.15349251226592853,0.9668815247449352,1,subprime
2026-06-21,0.6952546073743681,0.9292070530984711,1,prime
2026-06-21,1.3699868618680853,0.0884544551575878,0,prime
2026-06-21,0.4018568899534974,0.15410283666387042,0,prime
2026-06-21,1.3286587163616124,1.0,1,subprime
2026-06-21,1.500934559536965,0.8165291843876921,1,prime
2026-06-21,1.6737844403104487,1.0,1,prime
2026-06-21,0.5566787733236759,0.07804211312053577,0,prime
2026-06-21,0.8292392884770511,0.044331735274606994,0,prime
2026-06-21,-1.1462911291371518,0.24756153995060345,0,prime
2026-06-21,0.55213510915051,0.7493818659732169,1,subprime
2026-06-21,1.135104360937663,0.8564795811323878,1,subprime
2026-06-21,1.1874981987516473,0.8313328805851297,1,prime
2026-06-21,1.3947848273850614,0.1296000935918445,0,prime
2026-06-21,1.6939215451435623,0.0,0,subprime
2026-06-21,0.3917789353967581,0.7894030526141832,1,prime
2026-06-21,1.1308708823497775,0.05825800631690896,0,prime
2026-06-21,0.42095081099045906,0.2003005192023241,0,prime
2026-06-21,1.3616996848238099,0.8860221119228657,1,prime
2026-06-21,1.4205185605393975,0.09024244704559381,0,prime
2026-06-21,1.2984984395439447,0.9290208836243655,1,prime
2026-06-21,0.6316509383711799,0.0,0,subprime
2026-06-21,-0.6017779573164976,0.019742372903661435,0,prime
2026-06-21,1.3112193304387292,0.2746259554837217,0,subprime
2026-06-21,0.5367246167966606,1.0,1,prime
2026-06-21,1.6964983707409274,0.07514509597850186,0,prime
2026-06-21,0.7230319950633386,1.0,1,subprime
2026-06-21,0.2649510366101357,0.1542306377694702,0,subprime
2026-06-21,0.9242634357979214,0.15474015256953275,0,subprime
2026-06-21,0.5794866147299492,0.0,0,prime
2026-06-21,0.813955275056283,0.8469971580773705,1,prime
2026-06-21,0.904295159070554,0.11685990779698166,0,prime
2026-06-21,-1.2548959402018331,0.0,0,prime
2026-06-21,-0.7961307444205412,0.01469177346064638,0,prime
2026-06-21,-0.6753919556210577,1.0,1,prime
2026-06-21,0.9931972180531393,0.019426017507714638,0,prime
2026-06-21,0.982996601798076,0.9929817025913277,1,prime
2026-06-21,1.0190119381928022,0.047674613933775166,0,prime
2026-06-21,1.0239521609208433,1.0,1,prime
2026-06-21,-0.0843421886354837,0.03417532699264519,0,prime
2026-06-21,1.0050813816678252,1.0,1,subprime
2026-06-21,0.766263930426634,0.0,0,prime
2026-06-21,2.0457678776976485,0.0,0,prime
2026-06-21,-0.7008392203476306,0.22877693019269096,0,prime
2026-06-21,-0.1293382658663571,1.0,1,prime
2026-06-21,1.6862383011617663,0.9122778091246934,1,prime
2026-06-21,-1.7067699283249562,0.8052894271892743,1,prime
2026-06-21,1.4772134368871512,0.9000822240907153,1,subprime
2026-06-21,0.8650787533178281,0.8050854980126918,1,prime
2026-06-21,0.294017563602855,0.9033834813240929,1,prime
2026-06-21,-0.3827792230933398,0.0035401009202134653,0,prime
2026-06-21,0.017255392428351612,0.1436081274801579,0,prime
2026-06-21,-0.382033427837424,1.0,1,subprime
2026-06-21,-0.35097393524892895,0.8643709056723456,1,subprime
2026-06-21,1.2288737424912481,0.9935573180065908,1,prime
2026-06-21,0.839802466393777,0.004717586311717592,0,prime
2026-06-21,2.2690801275268675,0.86956514872594,1,subprime
2026-06-21,-0.7372814403340215,0.0,0,prime
2026-06-21,1.6236585113378434,0.14072145988127432,0,prime
2026-06-21,-0.19069896720088508,0.9846860903085379,1,prime
2026-06-21,-0.09682644582418454,0.8922392670871355,1,subprime
2026-06-21,1.370783946942356,0.26856764050828585,0,subprime
2026-06-21,1.0861399399691392,0.023831678039772153,0,prime
2026-06-21,-1.3352937673113294,0.954599585213058,1,prime
2026-06-21,1.2789112872742918,1.0,1,prime
2026-06-21,1.5286152556314654,0.08527463015368066,0,subprime
2026-06-21,-1.5327569820339553,0.17044046794572962,0,prime
2026-06-21,1.0499534504810677,0.8112345805002648,1,prime
2026-06-21,2.520456218166365,0.05960703276043622,0,prime
2026-06-21,-1.0154195730022486,1.0,1,subprime
2026-06-21,0.07336556984010412,0.9720702031847409,1,subprime
2026-06-21,1.8465437433170018,1.0,1,prime
2026-06-21,-0.3126584323121514,0.14243513451608875,0,prime
2026-06-21,0.3219850371272566,0.8742595972444532,1,subprime
2026-06-21,-0.7512486542097008,0.9591026465233511,1,subprime
2026-06-21,1.452940691311201,0.09664314747911337,0,prime
2026-06-21,1.5296294370294454,1.0,1,subprime
2026-06-21,0.5574688367702234,0.044481480127092715,0,prime
2026-06-21,0.6177431881999716,1.0,1,prime
2026-06-21,0.9388913983263588,0.7834981259226598,1,prime
2026-06-21,-0.36793949658807423,1.0,1,subprime
2026-06-21,1.403455361277036,0.779131281781503,1,subprime
2026-06-21,-0.22837481325894304,0.062117979790124206,0,subprime
2026-06-21,2.405320131309487,0.05208058202472471,0,prime
2026-06-21,0.014707470049111881,1.0,1,prime
2026-06-21,-0.008439172659660099,0.14673106803871883,0,prime
2026-06-21,-0.5899918193092328,0.9455703429792119,1,subprime
2026-06-21,1.857419280761083,0.05772963335926841,0,prime
2026-06-21,0.17902323779049728,0.14630715392498836,0,prime
2026-06-21,-0.540663146640638,0.08056882284610692,0,prime
2026-06-21,1.2410437625479416,0.9548157901768463,1,prime
2026-06-21,0.9949788517579001,0.06239890941697907,0,prime
2026-06-21,0.18761063746694068,0.9321472920474692,1,subprime
2026-06-21,2.696346948216136,0.16895712398795315,0,subprime
2026-06-21,0.5395974236614601,0.0,0,prime
2026-06-21,0.8023464890718672,0.9930898674881978,1,prime
2026-06-21,-0.10694077808105429,0.8984857098049682,1,prime
2026-06-21,1.177828771637273,1.0,1,prime
2026-06-21,-1.1045210186677326,1.0,1,subprime
2026-06-21,0.3033002430447543,0.7107849326569061,1,prime
2026-06-21,2.075614132896481,0.9843490526858718,1,prime
2026-06-21,-0.5656010114544214,0.9754883865663706,1,prime
2026-06-21,0.06287023143967363,0.1363972508924478,0,prime
2026-06-21,1.3162614594868363,0.11190492296721985,0,prime
2026-06-21,-0.12180306079127923,0.08102858689548509,0,subprime
2026-06-21,-1.826741841790972,0.0,0,prime
2026-06-21,-0.8377444484767231,1.0,1,subprime
2026-06-21,-0.14501901304190812,0.0068878782031863775,0,subprime
2026-06-21,-0.7988088323184419,0.9168330540215219,1,prime
2026-06-21,2.2400424532293806,0.8932823504586018,1,prime
2026-06-21,0.023302946053985862,0.0,0,prime
2026-06-21,0.6007757949631454,0.0,0,prime
2026-06-21,1.2408161937258408,0.91613472774696,1,prime
2026-06-21,-0.31775162690173575,0.8762169690396397,1,subprime
2026-06-21,1.5214900663109598,0.8356052342327487,1,prime
2026-06-21,1.548345271081104,0.9519298039827903,1,prime
2026-06-21,0.08461572622332181,1.0,1,prime
2026-06-21,-0.05932298734356256,0.09364723839043745,0,subprime
2026-06-21,1.1672418134815956,0.18103537897848965,0,prime
2026-06-21,0.30923274033189774,1.0,1,prime
2026-06-21,2.3571281170058733,0.004437818812221175,0,prime
2026-06-21,-0.4767907095667878,1.0,1,prime
2026-06-21,1.5376666461507038,0.0885094466016996,0,prime
2026-06-21,-0.34936157857504524,0.09142405729357159,0,prime
2026-06-21,0.19288773756855299,0.14341621160338153,0,prime
2026-06-21,-0.14006359079634567,0.26200908587720123,0,prime
2026-06-21,0.700658620297741,0.9699451658232096,1,prime
2026-06-21,0.37035922602850524,0.031833675054890626,0,subprime
2026-06-21,3.1222126876879077,0.30280581250294536,0,prime
2026-06-21,1.8067758109848882,0.19140974677475125,0,prime
2026-06-21,-0.22416771692372228,0.9705299525173681,1,prime
2026-06-21,1.560915114882191,0.7579296811792189,1,subprime
2026-06-21,-0.9373023765125452,0.09258167017905142,0,prime
2026-06-21,0.9743946306827582,0.7956676895054718,1,prime
2026-06-21,0.5393541188929409,0.04140113984218012,0,prime
2026-06-21,0.7646332424725879,0.02802582113122985,0,prime
2026-06-21,0.9311364113247416,0.10825491366245595,0,prime
2026-06-21,0.18545128289257956,0.11726861622129138,0,subprime
2026-06-21,0.7873217032068196,0.0,0,prime
2026-06-21,1.060804614765133,0.03734808843291737,0,subprime
2026-06-21,3.110667918375194,0.14943936852801812,0,subprime
2026-06-21,1.8368351541481562,0.05408015084778678,0,prime
2026-06-21,1.1884771431816992,0.2750959811432404,0,prime
2026-06-21,0.9837934200510545,0.8922828313552831,1,prime
2026-06-21,0.8445140122181168,0.782680967163135,1,subprime
2026-06-21,-0.044397811336458703,1.0,1,subprime
2026-06-21,0.055710090040334226,0.9682221271696322,1,subprime
2026-06-21,2.419569253088454,0.0628441009671213,0,prime
2026-06-21,-0.27173906445235585,0.9380124531394481,1,prime
2026-06-21,1.2861790189178235,0.9417942151011233,1,prime
2026-06-21,-2.8926951164707164,0.7950706361541453,1,prime
2026-06-21,0.1785655936900325,0.9496492016698286,1,subprime
2026-06-21,-0.2738479811257607,0.20973813207674907,0,prime
2026-06-21,0.8069743194617869,0.21141947801796585,0,prime
2026-06-21,0.22148314831211718,1.0,1,prime
2026-06-21,1.8447665439607648,0.09118362388384323,0,prime
2026-06-21,0.6573617647796405,0.09067405111399776,0,prime
2026-06-21,-0.4546852787144178,0.04291984334422844,0,prime
2026-06-21,0.5832747330313021,0.9111225892088288,1,prime
2026-06-21,0.05064789095092803,1.0,1,prime
2026-06-21,0.572595125888181,1.0,1,subprime
2026-06-21,1.4488775673654608,0.7891052519947411,1,prime
2026-06-21,0.27192105100992925,0.986938519591135,1,subprime
2026-06-21,-0.004589933832892079,0.23189249894694663,0,prime
2026-06-21,0.0717381303498712,0.7868991400734251,1,prime
2026-06-21,1.0766203143940676,0.23019367982436917,0,subprime
2026-06-21,1.4109054596148753,0.18003999466945902,0,prime
2026-06-21,0.24710918445251379,0.7066032636965837,1,prime
2026-06-21,2.407321142198996,1.0,1,prime
2026-06-21,0.425274231759885,0.021592215517968447,0,prime
2026-06-21,0.8720464019137439,0.0,0,subprime
2026-06-21,-0.23182310728347322,0.8458934491694123,1,subprime
2026-06-21,2.1484423989198396,0.9352447794456948,1,prime
2026-06-21,-0.39013474489632904,0.0,0,subprime
2026-06-21,-0.717407071747798,0.8485883737250088,1,prime
2026-06-21,0.6736468211485565,0.0,0,prime
2026-06-21,0.4432794606683112,0.11280658197793841,0,prime
2026-06-21,-0.12388170886550487,0.0,0,subprime
2026-06-21,0.15227192325380134,1.0,1,subprime
2026-06-21,0.4066773514276434,0.2300750407330168,0,subprime
2026-06-21,1.171185959585671,0.8146025978367548,1,subprime
2026-06-21,1.8156226674950442,0.8669023066847544,1,prime
2026-06-21,0.2725641141883093,1.0,1,prime
2026-06-21,2.0354742336327645,0.09706284162883544,0,prime
2026-06-21,0.9284401157434914,0.90682218086471,1,prime
2026-06-21,1.1122779364199151,0.0,0,prime
2026-06-21,-0.10762527721436821,0.0,0,prime
2026-06-21,0.6939797634422611,0.9286401693442142,1,prime
2026-06-21,1.594757801316136,0.0,0,prime
2026-06-21,0.4388777501049733,1.0,1,subprime
2026-06-21,1.2993069871649352,1.0,1,subprime
2026-06-21,-0.7490305357294895,1.0,1,subprime
2026-06-21,0.5731338850028489,0.0,0,prime
2026-06-21,-0.01891233635484202,0.9327868517058884,1,prime
2026-06-21,1.2825472330074836,0.0239564842436614,0,prime
2026-06-21,-0.4505137660737648,0.9998376480828837,1,prime
2026-06-21,1.8271022907763352,0.9510050653086296,1,prime
2026-06-21,2.454675940350734,0.08510985148141412,0,prime
2026-06-21,2.695498940161544,1.0,1,prime
2026-06-21,2.1937157297104504,0.8581740545296556,1,prime
2026-06-21,0.3308305339614074,0.05806593661172669,0,prime
2026-06-21,0.32006574315383407,1.0,1,prime
2026-06-21,0.2892478442355677,0.1393939635080711,0,subprime
2026-06-21,0.7544437860138417,0.863301141228688,1,prime
2026-06-21,1.6709213725672643,0.06932131725410794,0,prime
2026-06-21,2.800194805559771,0.9577247079153192,1,subprime
2026-06-21,-1.6383352443316739,0.97873333314518,1,prime
2026-06-21,2.398653124910722,1.0,1,prime
2026-06-21,-0.0747746850050579,0.08415726226176004,0,prime
2026-06-21,1.8331654238179964,0.9914539940640178,1,prime
2026-06-21,1.068068748043577,0.9669926985905392,1,subprime
2026-06-21,0.27903881972407646,0.0,0,subprime
2026-06-21,-0.02847312078822306,0.07404496955274442,0,subprime
2026-06-21,1.0029271213877977,0.0,0,prime
2026-06-21,2.1048352635422596,0.09465899277657713,0,subprime
2026-06-21,2.665205495742594,0.9924857741243379,1,prime
2026-06-21,0.5640614651998045,0.007862959246634382,0,prime
2026-06-21,1.1077591519754784,0.17965549881718812,0,prime
2026-06-21,-0.9816571069354345,0.9215330208965834,1,prime
2026-06-21,2.7674249549082184,1.0,1,prime
2026-06-21,1.330006142805626,1.0,1,prime
2026-06-21,-0.41556700186017825,0.0,0,prime
2026-06-21,-0.17842618207851613,0.9203115291365553,1,subprime
2026-06-21,1.812265122581853,0.8250657254201231,1,prime
2026-06-21,0.799310499611608,0.0,0,prime
2026-06-21,1.8309360629538707,0.09437634370910677,0,prime
2026-06-21,0.897297978190014,0.7842556088344202,1,prime
2026-06-21,-0.727980371685456,0.0,0,subprime
2026-06-21,1.3350241608858582,0.0,0,subprime
2026-06-21,1.5763457022120768,0.8601083830473033,1,prime
2026-06-21,1.4540500608751852,0.048744871181428784,0,prime
2026-06-21,0.5572670535673352,0.9202732389706765,1,prime
2026-06-21,1.4558054672352068,0.11209369407017825,0,prime
2026-06-21,0.45559687804151844,0.004462538019656945,0,subprime
2026-06-21,2.919579358292294,0.09450772752974523,0,prime
2026-06-21,0.07548852047649757,0.9216317429414174,1,prime
2026-06-21,0.7611654621301556,0.0,0,subprime
2026-06-21,-0.011446479037664936,0.09555827639337514,0,subprime
2026-06-21,-0.1685515851513082,0.0,0,subprime
2026-06-21,0.36713021037228805,0.045089599132758465,0,prime
2026-06-21,1.6566005014003187,1.0,1,prime
2026-06-21,1.3422854022927801,0.07197018368371767,0,subprime
2026-06-21,0.709733200374068,0.8963320437554814,1,prime
2026-06-21,0.6802228794802772,0.9728333602109068,1,prime
2026-06-21,-1.304845024321915,0.0882647391050776,0,subprime
2026-06-21,-0.11615805336726182,0.778757065285622,1,prime
2026-06-21,2.0914165353986007,1.0,1,prime
2026-06-21,-1.0999708452462966,0.04710127578468393,0,prime
2026-06-21,-0.4122383751744212,0.8699457306207249,1,prime
2026-06-21,-0.42680812753726016,0.9459534295127271,1,prime
2026-06-21,-0.5117764690670557,0.16814843222885217,0,prime
2026-06-21,0.3120936264862326,0.08934032563318708,0,subprime
2026-06-21,0.8634411895973384,1.0,1,prime
2026-06-21,-1.0395551676457637,1.0,1,prime
2026-06-21,1.1765925786126097,0.9555578489996268,1,subprime
2026-06-21,0.5105397141524101,0.06079369573246719,0,prime
2026-06-21,-0.6573318335631746,0.9013891811384974,1,prime
2026-06-21,2.2550351915630262,0.0,0,prime
2026-06-21,2.11437564289606,0.0,0,prime
2026-06-21,-0.5272779677560127,0.9995391811196985,1,prime
2026-06-21,-1.504696588336557,0.12619888325878742,0,prime
2026-06-21,0.8088073161961483,0.9222846655937955,1,prime
2026-06-21,0.34583660625221413,0.8569477042423512,1,subprime
2026-06-21,1.851452181913702,0.033145261048746925,0,prime
2026-06-21,2.0311832577271214,0.12798716913396863,0,prime
2026-06-21,2.166871321915222,0.14239086443116558,0,prime
2026-06-21,1.495468022361145,0.0,0,subprime
2026-06-21,0.16521092395994874,0.9540505273206865,1,prime
2026-06-21,1.1618954272340876,0.1667422791798126,0,subprime
2026-06-22,1.8180022959582047,1.0,1,prime
2026-06-22,-0.7019758139202597,0.0,0,prime
2026-06-22,0.21773128297333572,0.0,0,prime
2026-06-22,0.378965960520421,0.8337622957735676,1,subprime
2026-06-22,0.1686624440789412,1.0,1,prime
2026-06-22,1.2937657457099734,0.0,0,prime
2026-06-22,-0.6175228132496267,0.8844561506436672,1,prime
2026-06-22,-0.5227590459543263,1.0,1,subprime
2026-06-22,-0.1338811907871571,0.7871402436917113,1,prime
2026-06-22,-0.4303722687628412,0.032668160904618965,0,prime
2026-06-22,0.6238345274458172,0.1794240321465474,0,prime
2026-06-22,-1.1165755299200837,0.0,0,prime
2026-06-22,1.6062174718194904,0.9319411446543879,1,subprime
2026-06-22,0.20345331077080991,0.08360244119149032,0,prime
2026-06-22,1.3429632935508142,0.0,0,subprime
2026-06-22,0.8131181505468413,0.0,0,prime
2026-06-22,0.2518278165157809,0.0,0,prime
2026-06-22,0.9354831191366814,0.10338836269950116,0,prime
2026-06-22,0.53817698945116,0.0,0,prime
2026-06-22,1.186860405328047,0.1705202903752304,0,prime
2026-06-22,3.140135469598242,0.9587976584100419,1,subprime
2026-06-22,0.037947258004458084,0.010245534452427131,0,prime
2026-06-22,0.8562246070527486,0.08372882854670127,0,subprime
2026-06-22,-0.24836190321397977,0.9613653707642387,1,prime
2026-06-22,0.9594152267522078,0.9169772640949019,1,subprime
2026-06-22,0.927493728772216,1.0,1,prime
2026-06-22,0.8619987587163271,0.9123771029127236,1,prime
2026-06-22,0.5156250803863192,0.10783469637993717,0,prime
2026-06-22,0.9159399757262583,0.8606390277691023,1,subprime
2026-06-22,1.4116074621907466,0.0,0,prime
2026-06-22,3.5283050645162923,0.0,0,subprime
2026-06-22,-0.19920897287465844,0.8552525660840262,1,prime
2026-06-22,1.4628847440363475,0.0,0,prime
2026-06-22,1.9818152545218168,0.9809200545693415,1,prime
2026-06-22,0.028841249703264404,0.19072957101772928,0,prime
2026-06-22,-0.0890894934633053,0.006409764561256331,0,prime
2026-06-22,0.06951982961560449,0.8960905903536096,1,prime
2026-06-22,2.507408488906959,0.0,0,prime
2026-06-22,0.9070983944178155,0.9026066242983355,1,prime
2026-06-22,0.24394420323267318,0.0,0,prime
2026-06-22,-0.585656570739356,0.8351603508795238,1,prime
2026-06-22,0.42931185758979995,0.06483689507354483,0,prime
2026-06-22,1.1020091155139355,0.05765450416139483,0,prime
2026-06-22,0.8887423873180509,0.07158547244685401,0,prime
2026-06-22,3.1760967215536047,1.0,1,prime
2026-06-22,1.0181954597057339,0.0,0,prime
2026-06-22,0.2564987237164378,0.8650600602852454,1,subprime
2026-06-22,0.9518530158830173,0.0,0,prime
2026-06-22,1.304938708219423,0.9103451514671932,1,prime
2026-06-22,2.069739860966716,0.04824042294362818,0,prime
2026-06-22,-0.7691617487106941,0.9714900706620955,1,subprime
2026-06-22,-0.8553878588786159,0.212501837781581,0,subprime
2026-06-22,0.3372673765075227,0.9145328268619918,1,subprime
2026-06-22,0.8243613435187909,0.9534282172421473,1,prime
2026-06-22,-1.7970588646710342,0.010161504517879824,0,prime
2026-06-22,0.36948820955228123,1.0,1,prime
2026-06-22,1.3735485854348428,0.11170894437377495,0,subprime
2026-06-22,-0.6445064225032082,0.9824183791898997,1,prime
2026-06-22,1.2663381453984324,0.8472145669266242,1,subprime
2026-06-22,2.2340570361821186,0.8106583550270835,1,subprime
2026-06-22,0.028895925442606996,0.0,0,subprime
2026-06-22,0.8438837721931862,0.8096759893072798,1,subprime
2026-06-22,0.01635994016769632,0.9291389784375791,1,prime
2026-06-22,-0.8701068534499916,1.0,1,prime
2026-06-22,-0.6702462381736416,0.8500766578634917,1,prime
2026-06-22,0.39324495234143364,1.0,1,prime
2026-06-22,-0.23578571154192496,0.8696086508198441,1,prime
2026-06-22,-1.9337099719521675,0.04012782555051396,0,prime
2026-06-22,0.4103819419111161,0.0,0,subprime
2026-06-22,-0.4467329123645488,0.9015279487756499,1,subprime
2026-06-22,1.377271705809033,0.9808103671792345,1,prime
2026-06-22,1.0480572916028286,0.08220810644839058,0,prime
2026-06-22,-1.1107084625650436,0.8498233203299282,1,subprime
2026-06-22,-0.6813473399070062,0.0768642494919557,0,prime
2026-06-22,1.1491790930225978,0.9335293204451952,1,prime
2026-06-22,0.5147586948314483,0.08105828046238753,0,subprime
2026-06-22,-0.028379570433408552,0.7792371832082219,1,prime
2026-06-22,-0.14100616495713914,0.8275618836421932,1,prime
2026-06-22,0.8278203403373501,1.0,1,subprime
2026-06-22,1.910146952620651,0.04900515598166955,0,subprime
2026-06-22,0.18335245038090253,0.9027613474496738,1,prime
2026-06-22,0.016261881188774086,0.0,0,prime
2026-06-22,0.782153913357099,0.0,0,subprime
2026-06-22,0.3341670321729149,0.16849290003554837,0,prime
2026-06-22,1.003497728482722,1.0,1,subprime
2026-06-22,-0.6078524572931308,1.0,1,prime
2026-06-22,0.5844963915665772,0.09100502863476329,0,prime
2026-06-22,-0.2040854914993726,0.9233300844839354,1,subprime
2026-06-22,1.634662280987969,0.0,0,subprime
2026-06-22,-0.10579907044121051,0.05405769302218193,0,prime
2026-06-22,1.6924210373431021,0.0,0,prime
2026-06-22,0.4356963529454507,0.19183427417582002,0,subprime
2026-06-22,0.6289504611037933,0.0,0,prime
2026-06-22,-0.4684750128426052,0.9352516629949018,1,subprime
2026-06-22,-0.4637404318119487,0.0336932617888272,0,prime
2026-06-22,0.7191719535651815,0.07287275489695823,0,prime
2026-06-22,-0.4161690621179961,0.8892587910732531,1,prime
2026-06-22,-1.9853431617282893,0.019112346141295304,0,subprime
2026-06-22,0.4652933880325401,0.0,0,prime
2026-06-22,-1.0544529727478191,0.02271972588561852,0,prime
2026-06-22,-1.787671104345081,0.0,0,prime
2026-06-22,0.17403294682414833,0.0,0,prime
2026-06-22,1.0486028580973488,0.0,0,prime
2026-06-22,1.0603607137687532,0.9107848494627562,1,prime
2026-06-22,0.4042108210588605,0.9279415219570784,1,prime
2026-06-22,-0.18361805601437753,0.06804707450907639,0,prime
2026-06-22,0.2857115510507754,1.0,1,prime
2026-06-22,-0.4026785505052025,0.1543471954750394,0,prime
2026-06-22,1.0758042011492928,0.10193036104504782,0,prime
2026-06-22,0.02828083423143224,0.8030913448111432,1,subprime
2026-06-22,1.0204731943510192,0.0,0,prime
2026-06-22,1.353519002014522,1.0,1,subprime
2026-06-22,0.5751161913034111,0.002391372549798043,0,subprime
2026-06-22,-0.0265746330155906,0.01980812271988328,0,prime
2026-06-22,0.6869837853838605,0.9559181290732012,1,prime
2026-06-22,0.33737559220426744,1.0,1,prime
2026-06-22,-1.85881009069089,0.0,0,subprime
2026-06-22,0.5613944519951243,0.017212782829288648,0,subprime
2026-06-22,0.19482667298989276,0.16511248412813417,0,subprime
2026-06-22,-0.40514639046016265,1.0,1,subprime
2026-06-22,1.3216178744884006,0.8508380599244935,1,subprime
2026-06-22,2.3442277573036865,1.0,1,prime
2026-06-22,0.21694619023087647,1.0,1,prime
2026-06-22,0.20844242256995232,0.977613634051093,1,subprime
2026-06-22,0.5346737875246237,0.08514687382728939,0,prime
2026-06-22,1.2836552148590632,0.9512535610557119,1,prime
2026-06-22,0.6361589160915025,0.9458113857417423,1,prime
2026-06-22,0.5086544452569506,0.1139699501822433,0,prime
2026-06-22,-0.8427588317809023,0.7293052011441097,1,subprime
2026-06-22,0.6132369784632725,0.0,0,prime
2026-06-22,-0.18076175386791427,0.11766278234774367,0,prime
2026-06-22,2.096659487446627,0.09499311514576744,0,prime
2026-06-22,-0.7074430029576895,0.9490756516485269,1,prime
2026-06-22,0.04620796260692622,0.9108893327828087,1,prime
2026-06-22,-0.6762292272936259,0.8083118804166965,1,subprime
2026-06-22,2.6188142203940368,0.872164915250142,1,prime
2026-06-22,-1.3304923132937376,0.9162884878900128,1,prime
2026-06-22,0.7673452601628554,0.08207955369293488,0,prime
2026-06-22,-1.1175326758447066,0.8015168128303283,1,subprime
2026-06-22,-0.19552309167334248,0.9898708304230275,1,subprime
2026-06-22,0.06968517376300432,0.9924600067401066,1,prime
2026-06-22,0.8797087012595866,0.8096637021384114,1,prime
2026-06-22,-1.5770810866730245,0.15424687308798435,0,prime
2026-06-22,2.139419410652133,0.8718991965056776,1,prime
2026-06-22,1.0035666295855363,0.2012818041710641,0,subprime
2026-06-22,0.9177322406862543,1.0,1,prime
2026-06-22,-0.27483952795906474,0.14837982287959262,0,prime
2026-06-22,-0.6592814383635117,0.06899050575146089,0,subprime
2026-06-22,0.6849545687424294,0.10614618932507919,0,prime
2026-06-22,0.9369484263268535,0.0,0,prime
2026-06-22,2.0735605974504794,1.0,1,prime
2026-06-22,0.7908110245082411,0.09361369324691278,0,subprime
2026-06-22,-0.3200107316639751,0.0,0,prime
2026-06-22,-0.36304067287925745,0.970873360382635,1,subprime
2026-06-22,1.3930804632880216,0.04799693643654597,0,prime
2026-06-22,0.9060752516959301,0.12577859336250924,0,subprime
2026-06-22,1.3074414286877576,0.042905672290745794,0,prime
2026-06-22,0.37339819983275796,1.0,1,prime
2026-06-22,1.6919685844630048,0.8223846731551201,1,subprime
2026-06-22,-0.21776171253885568,1.0,1,subprime
2026-06-22,0.47300767028171187,0.0,0,prime
2026-06-22,0.6705928684149645,0.11569376380511613,0,subprime
2026-06-22,0.29011349988998836,0.0,0,prime
2026-06-22,0.4876681479246593,0.7963560133296405,1,prime
2026-06-22,-0.613761736422122,0.6144266831175909,1,prime
2026-06-22,2.0243321674033865,1.0,1,prime
2026-06-22,1.0190031211250647,0.0,0,prime
2026-06-22,-0.9923459427987698,0.9918496629415955,1,prime
2026-06-22,0.6387089222957795,0.0,0,prime
2026-06-22,1.8440479354477306,0.1321325920231176,0,prime
2026-06-22,0.2409863842290118,0.9595888203095115,1,prime
2026-06-22,-1.0055575918747097,0.09378209200565377,0,subprime
2026-06-22,-1.3031927399736405,0.0,0,subprime
2026-06-22,0.8969803750850014,0.9200130111933702,1,prime
2026-06-22,-0.9296523855077263,0.005424463240933826,0,subprime
2026-06-22,2.5416483016508806,0.0,0,subprime
2026-06-22,1.5077227818481296,0.13450975457415076,0,subprime
2026-06-22,1.8869282565078636,0.050949673021247165,0,prime
2026-06-22,0.652727171495379,0.015459465296857974,0,prime
2026-06-22,0.09286232746500034,0.054609641304882606,0,prime
2026-06-22,0.3864290684921894,0.9409260062343912,1,subprime
2026-06-22,0.3652726182782696,0.046652102811700576,0,subprime
2026-06-22,-0.1456711558601076,0.9201247512248286,1,subprime
2026-06-22,1.8458560442219116,1.0,1,prime
2026-06-22,0.9511377548031115,0.0,0,prime
2026-06-22,-0.404894042838975,0.0,0,prime
2026-06-22,1.1821986692236743,1.0,1,prime
2026-06-22,1.0622833819367639,0.07177079042399243,0,prime
2026-06-22,-0.6188008786185109,0.0,0,prime
2026-06-22,0.461056913068526,0.07548563865164452,0,prime
2026-06-22,-0.803786496218146,1.0,1,prime
2026-06-22,0.8315224210837203,0.0,0,prime
2026-06-22,0.0723392308781119,0.0,0,prime
2026-06-22,1.4129730317565645,0.9157730350669445,1,prime
2026-06-22,2.334523169330489,0.15351635902737676,0,subprime
2026-06-22,2.142414112956885,0.989425876062873,1,prime
2026-06-22,-0.02921037605700183,0.0,0,subprime
2026-06-22,0.8488151782276478,0.08345442233972344,0,prime
2026-06-22,1.1378429832364216,0.0,0,subprime
2026-06-22,-0.5725708480755298,0.9062147592519966,1,prime
2026-06-22,-0.0847970954781132,0.9398133321703827,1,prime
2026-06-22,0.9353214928504001,0.8236284597820639,1,prime
2026-06-22,0.6966833464499022,0.1417811231752831,0,prime
2026-06-22,-0.2441493255816949,0.09730600000396067,0,prime
2026-06-22,0.6492767942039346,0.0,0,prime
2026-06-22,0.24509245056647072,0.011757561262160134,0,subprime
2026-06-22,0.6260166180261536,0.0,0,subprime
2026-06-22,-0.45372211887557456,0.018768011694566277,0,subprime
2026-06-22,0.4223558157181364,0.018333240802716172,0,prime
2026-06-22,1.2157389217514774,0.07451312382066017,0,prime
2026-06-22,1.6740707042495093,0.9614865449707031,1,prime
2026-06-22,2.3855440282854645,0.9224394123290854,1,subprime
2026-06-22,-0.24040633337158823,0.9893904613729776,1,prime
2026-06-22,1.0621166785870724,1.0,1,subprime
2026-06-22,-0.2543417446153079,0.0,0,subprime
2026-06-22,0.554055414069765,0.9351348407175638,1,prime
2026-06-22,0.009067957197096133,0.0,0,prime
2026-06-22,1.1053189446908496,0.0,0,prime
2026-06-22,0.6093269037602447,1.0,1,prime
2026-06-22,0.6416246192092594,0.0018746103322028473,0,prime
2026-06-22,0.8525368278650993,0.10828163625385936,0,subprime
2026-06-22,0.4999246868664925,1.0,1,prime
2026-06-22,-1.3014896106785407,0.19549666194818757,0,prime
2026-06-22,0.2574956801540955,0.10368312132959401,0,prime
2026-06-22,0.9146166301840235,0.0,0,subprime
2026-06-22,0.927179550832174,0.10676346400248896,0,subprime
2026-06-22,0.1385152603428942,0.0790756701416499,0,subprime
2026-06-22,2.5409107638612154,0.0,0,prime
2026-06-22,1.9095320440362238,0.8350065586947261,1,prime
2026-06-22,0.725508952194463,1.0,1,subprime
2026-06-22,-0.12920091409948808,0.09253705740025878,0,prime
2026-06-22,1.988641407909972,0.809565154067196,1,prime
2026-06-22,0.14177321513865293,0.03879840006225786,0,subprime
2026-06-22,0.45284219148672,0.0,0,subprime
2026-06-22,0.38046025230961755,0.16098018900272376,0,subprime
2026-06-22,0.8254497049933718,0.9259230731103365,1,prime
2026-06-22,1.034443687183412,0.02046674940563383,0,prime
2026-06-22,2.603007019514584,0.09027505343681941,0,prime
2026-06-22,0.6830682490740849,0.931799438725825,1,prime
2026-06-22,0.21598088201298338,0.9908855758991815,1,prime
2026-06-22,0.5057444466176955,0.985796375473498,1,subprime
2026-06-22,1.3955889806211454,1.0,1,subprime
2026-06-22,-0.018387942053873174,0.05843856739745125,0,prime
2026-06-22,1.3621665694173077,1.0,1,subprime
2026-06-22,0.08930953915299411,0.9089076961454545,1,prime
2026-06-22,0.07079511915238307,0.9651356566461087,1,subprime
2026-06-22,0.17753711028981128,0.11031790162642252,0,prime
2026-06-22,0.7202452234630936,0.9093706238348495,1,prime
2026-06-22,0.3676189119274806,0.9759218878090422,1,prime
2026-06-22,-0.2905987006034362,0.023707531364748638,0,prime
2026-06-22,-0.40436020616305823,0.8853439627541636,1,subprime
2026-06-22,0.6938347884667071,1.0,1,prime
2026-06-22,0.5995210659637571,0.15623141631702964,0,prime
2026-06-22,2.4965674171811187,0.0,0,subprime
2026-06-22,1.2820203900931122,0.15604981788207528,0,prime
2026-06-22,1.219936448008553,0.9181940224502533,1,prime
2026-06-22,0.6563872020204683,1.0,1,prime
2026-06-22,2.060871501005426,0.07948535136244338,0,subprime
2026-06-22,-0.5482225293019238,0.051210294762601624,0,prime
2026-06-22,-0.26271372435781626,0.19618226206871328,0,prime
2026-06-22,-1.528650522741355,0.028843506957026352,0,prime
2026-06-22,1.9814848518415111,0.20209537055983473,0,prime
2026-06-22,0.3081540547946507,1.0,1,prime
2026-06-22,2.4447947557912095,1.0,1,prime
2026-06-22,1.0795747135294764,0.8980108044326471,1,prime
2026-06-22,0.30784313029342214,0.0015964471482539655,0,prime
2026-06-22,0.7858552542426487,0.8106600541785063,1,prime
2026-06-22,-0.7363021645347503,0.1055365995151773,0,subprime
2026-06-22,3.409123777033474,0.7937139533927704,1,subprime
2026-06-22,-0.6678212868842421,1.0,1,subprime
2026-06-22,-0.9363805912262997,0.0012717265276127668,0,subprime
2026-06-22,-0.2913638219761877,0.183636675944585,0,prime
2026-06-22,-0.3257450501467031,0.13944452639142824,0,subprime
2026-06-22,0.8318264347212012,0.8161171681303603,1,prime
2026-06-22,1.5895399406003192,1.0,1,subprime
2026-06-22,1.0269586463997948,0.9253738103195299,1,prime
2026-06-22,0.9503136937135095,0.0,0,prime
2026-06-22,1.1493648046998926,0.0,0,subprime
2026-06-22,0.15582982199205553,0.0,0,subprime
2026-06-22,0.6974426620686528,0.0,0,subprime
2026-06-22,-0.4786988056126936,0.0,0,prime
2026-06-22,0.713898190021067,0.08976311235394686,0,subprime
2026-06-22,2.242062830578771,0.9549846598929477,1,prime
2026-06-22,-1.1643444832376844,0.0,0,prime
2026-06-22,0.009784165635596642,0.9824835387032408,1,prime
2026-06-22,1.1985035037923333,0.0,0,prime
2026-06-22,1.2739091857295068,0.8210439277771844,1,subprime
2026-06-22,1.4843442530145254,0.07198270600042381,0,prime
2026-06-22,0.4993660750188605,1.0,1,subprime
2026-06-22,0.9259292443680855,0.070789174749918,0,prime
2026-06-22,2.20409664125941,0.05729121626765421,0,subprime
2026-06-22,-0.5815232827838204,0.024382152677710905,0,prime
2026-06-22,-1.9766683093578776,0.0,0,prime
2026-06-22,-0.6214153395084001,0.0,0,prime
2026-06-22,-0.10398535201269976,0.0,0,prime
2026-06-22,1.8506338140644985,0.866615762977379,1,subprime
2026-06-22,-0.31920137433811624,1.0,1,prime
2026-06-22,0.6799074156534648,0.11641829602088175,0,prime
2026-06-22,-1.0871576069845519,1.0,1,prime
2026-06-22,1.1110663069282916,1.0,1,prime
2026-06-22,0.7793325977990632,0.8936207557173409,1,prime
2026-06-22,-0.13291068652082494,0.9201227562739275,1,prime
2026-06-22,0.4969095269500608,0.09331004099364076,0,prime
2026-06-22,-0.04735715368765647,0.9526623224425107,1,prime
2026-06-22,1.0012423772792984,0.986963828048715,1,prime
2026-06-22,0.34204486275289137,0.8287938876165307,1,subprime
2026-06-22,0.8391441536364139,1.0,1,prime
2026-06-22,-0.6388359134269173,0.07341095433716488,0,subprime
2026-06-22,-0.9107841134991947,0.2596329281283774,0,subprime
2026-06-22,0.6960983647158167,0.0,0,subprime
2026-06-22,0.5348113784119256,0.9771118853999853,1,prime
2026-06-22,1.1355700049585375,0.8539311155535324,1,prime
2026-06-22,0.18475251984082525,0.8768688239516884,1,subprime
2026-06-22,2.8151557160486003,0.07502694797695363,0,prime
2026-06-22,-0.4020760926960587,0.0,0,prime
2026-06-22,0.800017716727466,0.0,0,prime
2026-06-22,1.5330013744377504,0.8913359310582389,1,subprime
2026-06-22,-0.42517528745929434,0.0669353933148902,0,subprime
2026-06-22,1.6276982242122293,0.8590361170918627,1,prime
2026-06-22,0.5669480962262377,0.9401618154199073,1,subprime
2026-06-22,1.352866001697811,0.9612070067691997,1,subprime
2026-06-22,-0.013860358516317728,0.9105731852039318,1,prime
2026-06-22,-1.3661700677177622,0.08606841341341864,0,subprime
2026-06-22,1.0247804140635872,0.09889847039645336,0,prime
2026-06-22,1.410323889844164,0.11953655855871992,0,prime
2026-06-22,-0.9729484195208007,0.30927127590663056,0,prime
2026-06-22,-0.6716871656076675,0.856179698031798,1,prime
2026-06-22,0.5997419735514554,1.0,1,subprime
2026-06-22,-1.521339203343179,0.0,0,prime
2026-06-22,1.6603334732184158,1.0,1,subprime
2026-06-22,0.6615327290760047,0.8746890258350324,1,prime
2026-06-22,0.6908759114593331,0.0,0,subprime
2026-06-22,1.5242448646059716,0.9353740886150915,1,prime
2026-06-22,1.3924602224158606,0.9555529840362655,1,subprime
2026-06-22,0.40113247900897764,0.0,0,prime
2026-06-22,0.42558543775737023,0.0,0,prime
2026-06-22,0.7705352227676647,1.0,1,prime
2026-06-22,-1.1306995835554092,0.9461890365969614,1,prime
2026-06-22,1.1152791264880442,0.0,0,prime
2026-06-22,0.09207028301510528,0.13004799875177497,0,prime
2026-06-22,-0.7586744332517763,0.0,0,subprime
2026-06-22,0.5535250989523722,0.04091074021515762,0,prime
2026-06-22,0.675839263903,0.0,0,subprime
2026-06-22,-0.20428072685815502,0.0,0,subprime
2026-06-22,0.9745837417367781,0.0,0,prime
2026-06-22,-0.839808503316056,0.041054516909098004,0,prime
2026-06-22,1.229976907359537,0.0,0,prime
2026-06-22,0.598319437492913,0.131981613815862,0,prime
2026-06-22,1.2586369431787676,0.06173900303259573,0,prime
2026-06-22,-0.17624833495147274,0.8534564866158588,1,prime
2026-06-22,1.0098200409822242,0.0,0,prime
2026-06-22,1.4974409430662767,0.8311179254871457,1,prime
2026-06-22,0.20311208218893667,0.1530029883030512,0,prime
2026-06-22,-0.8264991850953876,0.02080398473189957,0,prime
2026-06-22,1.2263125838761173,1.0,1,prime
2026-06-22,-0.04464321158356188,0.9178306728287937,1,prime
2026-06-22,1.8322494370063689,0.9864051585181333,1,prime
2026-06-22,0.12032906312801661,0.0,0,prime
2026-06-22,-0.22900189066201504,0.9297433388685321,1,prime
2026-06-22,1.4897826648364276,0.1979352501060517,0,prime
2026-06-22,1.8059469768497298,0.953612905021547,1,prime
2026-06-22,-0.6949121853044873,0.9447623576394073,1,prime
2026-06-22,0.5567502993669958,0.9025862161024588,1,subprime
2026-06-22,0.7708013617291292,0.9627037790813443,1,subprime
2026-06-22,0.5824220210240139,0.0,0,prime
2026-06-22,-0.5420553809786759,0.9645305251348265,1,prime
2026-06-22,-1.5616950974064494,0.08676543425183356,0,subprime
2026-06-22,0.5699368680683236,0.8500788281442769,1,prime
2026-06-22,-0.5022938616608845,0.9537154516270578,1,subprime
2026-06-22,1.0030772690568144,0.0,0,prime
2026-06-22,0.5415349947923065,0.0,0,prime
2026-06-22,0.07224326888324001,1.0,1,prime
2026-06-22,-0.3066258741291237,0.9105438828951823,1,prime
2026-06-22,0.02052319926821289,1.0,1,prime
2026-06-22,2.698969289711506,0.08211312498571022,0,prime
2026-06-22,0.23684488080654648,1.0,1,subprime
2026-06-22,0.4996181424834242,0.972721882923111,1,prime
2026-06-22,1.0620342895343264,0.9961943566377874,1,prime
2026-06-22,-0.486285142899767,0.2210386222581913,0,prime
2026-06-22,-0.8370534775628475,0.14510586774309794,0,prime
2026-06-22,0.20508823794536762,0.735970257554819,1,prime
2026-06-22,-0.34513339384737274,1.0,1,prime
2026-06-22,1.3118245548849927,0.0,0,prime
2026-06-22,-1.4776382980886793,0.137382731056179,0,prime
2026-06-22,-0.24349816234005783,0.0857575467806222,0,subprime
2026-06-22,0.9969388329748068,0.8782176419063978,1,prime
2026-06-22,2.1972748315782695,1.0,1,prime
2026-06-22,-0.08779214447781991,0.04235705742771902,0,subprime
2026-06-22,-0.5213340758714922,0.0,0,subprime
2026-06-22,0.5383200745226757,0.12220820788301884,0,prime
2026-06-22,1.0799078145873364,0.0,0,prime
2026-06-22,-1.6076152607361425,0.7492195902403782,1,subprime
2026-06-22,1.0192948485558206,0.04757475096232932,0,subprime
2026-06-22,2.0107627502467715,0.9497747125630126,1,prime
2026-06-22,-0.5535513138147736,0.9044122791478866,1,prime
2026-06-22,0.7138315232505819,0.12689160140269481,0,prime
2026-06-22,0.3922065258812887,0.9921608598231137,1,prime
2026-06-22,0.13863428778443376,0.05462966467633395,0,prime
2026-06-22,0.9136101882045665,0.74441160576559,1,prime
2026-06-22,-0.801551775173142,1.0,1,prime
2026-06-23,-0.7221151387695393,1.0,1,prime
2026-06-23,0.2890602348668083,0.9519919140395536,1,subprime
2026-06-23,0.6669107872712345,0.14143545958576148,0,subprime
2026-06-23,-0.5373602048754911,0.9731055049128947,1,prime
2026-06-23,-0.4771153932694764,1.0,1,subprime
2026-06-23,-0.30186499133925915,0.11789369052115867,0,prime
2026-06-23,-0.7228490174851077,1.0,1,prime
2026-06-23,0.28060911756650586,1.0,1,subprime
2026-06-23,-0.1515932198914331,0.0,0,prime
2026-06-23,-0.1096732279629895,0.8697324847797188,1,subprime
2026-06-23,1.1392769890385188,0.9705838772554164,1,subprime
2026-06-23,-0.8133404501990749,0.0,0,prime
2026-06-23,0.12775276680524228,0.9188763622225987,1,prime
2026-06-23,0.8801151934337925,0.1247842867879511,0,prime
2026-06-23,1.0783917892006936,0.8414408974503641,1,subprime
2026-06-23,-1.5674951704485607,1.0,1,prime
2026-06-23,0.16898613738113827,0.9410316596630424,1,subprime
2026-06-23,-0.6575267113477452,0.7660117804882756,1,prime
2026-06-23,-0.678108136085126,0.14751026327611805,0,prime
2026-06-23,-0.5795058649796943,0.9313233840733715,1,prime
2026-06-23,-1.3084748179951704,0.9652043032191693,1,prime
2026-06-23,0.8168756498928824,0.10118668093466257,0,subprime
2026-06-23,-0.6176753688511342,0.8821933658508816,1,prime
2026-06-23,-1.0308236763634917,0.023714027255488872,0,prime
2026-06-23,1.0710341313691032,0.8446801938209966,1,prime
2026-06-23,-0.0922257002136408,0.0,0,prime
2026-06-23,0.5757091892588343,0.1404077684825062,0,prime
2026-06-23,0.5242077384742164,0.14182060160604065,0,prime
2026-06-23,1.162987193184168,0.1376671770081504,0,prime
2026-06-23,0.3724883102821887,0.0,0,prime
2026-06-23,0.32682854644222203,0.99367811063431,1,prime
2026-06-23,1.4692858499561952,0.15657620438645836,0,prime
2026-06-23,-0.2616025654423899,0.8465416828930243,1,subprime
2026-06-23,1.21701404246779,1.0,1,subprime
2026-06-23,0.2626031835408397,0.9608349542707003,1,subprime
2026-06-23,2.1570401102036234,0.9010666472467495,1,prime
2026-06-23,-0.3561639277118651,0.9560540611961696,1,prime
2026-06-23,0.12174705586673559,0.9762981572240798,1,prime
2026-06-23,0.7035071245530077,0.292517024742482,0,subprime
2026-06-23,-0.08564346946148282,0.0,0,prime
2026-06-23,2.269719484829602,0.12135093651278518,0,subprime
2026-06-23,-0.43846515056261326,0.113790816235642,0,subprime
2026-06-23,1.100236474926013,0.0,0,prime
2026-06-23,2.5817242469333372,0.951680059323392,1,subprime
2026-06-23,0.2992351632720949,0.9536389922187751,1,subprime
2026-06-23,2.0231550683303823,0.8968694662671933,1,prime
2026-06-23,-0.7278375913092252,0.873757217908693,1,prime
2026-06-23,-0.5874528099922919,0.18133936848854731,0,prime
2026-06-23,-0.03748020580464456,0.13413836342294036,0,prime
2026-06-23,-0.18344618675346192,0.2064544474383419,0,prime
2026-06-23,-0.46138212775889664,0.8062753531816507,1,prime
2026-06-23,0.053140431686973744,0.0,0,prime
2026-06-23,-1.3160021811330456,0.0,0,subprime
2026-06-23,0.6001205248099074,0.9289164081597481,1,prime
2026-06-23,1.75468056451231,0.10386393162847066,0,prime
2026-06-23,1.7561789696187766,0.7358433133786442,1,subprime
2026-06-23,1.4767992964678829,0.1084642197791268,0,prime
2026-06-23,1.121360323680382,0.14201598957423944,0,prime
2026-06-23,-0.2862173446714946,1.0,1,prime
2026-06-23,-1.830520465745744,0.2647908774763938,0,prime
2026-06-23,0.8765441502139777,0.05070591391252289,0,subprime
2026-06-23,-0.36615839576700393,1.0,1,prime
2026-06-23,0.93980167242524,1.0,1,prime
2026-06-23,-0.5491794913564473,1.0,1,prime
2026-06-23,-1.02932816694384,0.033404072420334135,0,prime
2026-06-23,1.5148819531954811,0.9699385625117166,1,subprime
2026-06-23,2.254847137448312,0.0,0,subprime
2026-06-23,-0.20805224328963068,1.0,1,prime
2026-06-23,0.7735839116273879,0.9601740853457461,1,prime
2026-06-23,-1.095800618264743,0.08678083761923211,0,subprime
2026-06-23,0.17069799479578684,0.02978815234508561,0,prime
2026-06-23,1.9906284952609252,0.11043618710863724,0,prime
2026-06-23,-1.304938932487369,0.16715576418083328,0,prime
2026-06-23,0.8587752592314987,0.7787529568553556,1,prime
2026-06-23,0.8552230814759905,0.13647176562772356,0,prime
2026-06-23,1.6759958663676666,0.0,0,prime
2026-06-23,1.486437733200205,0.8514243240174293,1,prime
2026-06-23,-2.0969789348303776,0.005060096140756032,0,prime
2026-06-23,-0.25485773905430953,0.12084185141838434,0,prime
2026-06-23,0.49701330108805963,0.9964949581892176,1,prime
2026-06-23,0.6570234374955746,0.18715327666657178,0,prime
2026-06-23,-1.8236843732477943,0.9451324657593161,1,prime
2026-06-23,-0.7069054447740544,0.7345584925798084,1,prime
2026-06-23,0.0018158213699604464,1.0,1,prime
2026-06-23,-0.01339259377612817,0.9809198479977895,1,prime
2026-06-23,-0.3737048967211075,0.0,0,prime
2026-06-23,0.549325016610834,0.9060174812323755,1,prime
2026-06-23,0.010226395189901982,0.9261167118663929,1,subprime
2026-06-23,-0.13727447423163308,1.0,1,subprime
2026-06-23,0.6644870772861853,0.0,0,prime
2026-06-23,1.1302719970489528,0.10476856122622494,0,prime
2026-06-23,1.8935733740550595,0.10374558349802859,0,prime
2026-06-23,0.35959441832954137,0.8166142586171055,1,subprime
2026-06-23,1.1385372484017284,0.0,0,prime
2026-06-23,0.7247809494609516,0.17485662770871008,0,prime
2026-06-23,0.931956048137937,0.7690129113848719,1,subprime
2026-06-23,-0.6677767485594877,0.0,0,prime
2026-06-23,0.6034573128597428,0.0071904040802597755,0,prime
2026-06-23,0.9188344743753317,0.04601501007820438,0,prime
2026-06-23,0.4381135249844588,0.0,0,prime
2026-06-23,0.07396851539763838,0.0,0,subprime
2026-06-23,0.2127636445117007,0.09767539042418782,0,prime
2026-06-23,0.9766611066819838,0.885795797229371,1,prime
2026-06-23,1.8555367442259536,0.827302566707399,1,prime
2026-06-23,0.2918473918728472,0.8161707102654403,1,subprime
2026-06-23,-0.0869597748889821,0.0,0,prime
2026-06-23,0.1835151044406315,0.1404907791677889,0,prime
2026-06-23,0.41187833759652004,0.96193265946278,1,prime
2026-06-23,1.3490697077230351,0.8962747531013862,1,subprime
2026-06-23,1.5952243980850769,1.0,1,prime
2026-06-23,-0.7385854576908113,0.930128236782062,1,prime
2026-06-23,0.2820048077718788,0.0,0,subprime
2026-06-23,-0.1604447555590109,0.13361742124142834,0,prime
2026-06-23,0.21345649936294409,0.0,0,prime
2026-06-23,-0.24742331032727916,0.9862684238175358,1,prime
2026-06-23,-1.154274523561718,0.9898315547073357,1,subprime
2026-06-23,1.57495339055843,0.0409704575209239,0,prime
2026-06-23,-0.15940141428104443,0.07383630764986363,0,prime
2026-06-23,0.3163705427544809,0.9543166444669544,1,subprime
2026-06-23,-0.4952719419352839,0.8495550840570486,1,prime
2026-06-23,2.1112810892069165,1.0,1,prime
2026-06-23,0.8223419355794427,0.009065841990811306,0,prime
2026-06-23,0.5270711915798099,1.0,1,prime
2026-06-23,1.387379460713244,0.8208198467142521,1,prime
2026-06-23,-0.7110039540406639,0.0,0,prime
2026-06-23,-0.951320622403059,0.1711190242152219,0,subprime
2026-06-23,-1.0602686286947416,0.02772345343650774,0,subprime
2026-06-23,1.7450706520136898,0.050485611804251575,0,prime
2026-06-23,0.8403464156223273,1.0,1,prime
2026-06-23,-0.051098967699587106,1.0,1,prime
2026-06-23,0.0510337932125986,0.06140617475833422,0,subprime
2026-06-23,1.0830104439045656,0.9433496303520148,1,prime
2026-06-23,0.683515011095701,0.11666225341929713,0,subprime
2026-06-23,0.6955805996112627,0.9594371974911617,1,prime
2026-06-23,0.20615748978268605,1.0,1,subprime
2026-06-23,-0.3381180831857301,0.0,0,subprime
2026-06-23,1.1300359124149906,0.018137553777367012,0,prime
2026-06-23,0.6132905015387491,0.806453738905619,1,subprime
2026-06-23,-0.2262998665117506,0.10232351562663383,0,prime
2026-06-23,0.8095860275686979,1.0,1,prime
2026-06-23,-0.43026293056987697,1.0,1,prime
2026-06-23,-0.5264309184379429,0.0,0,prime
2026-06-23,1.7432315906724847,1.0,1,subprime
2026-06-23,1.9100182177341853,0.001416512161096034,0,prime
2026-06-23,0.7802349124688273,0.0,0,prime
2026-06-23,-0.3788584298660109,0.0,0,prime
2026-06-23,0.37668481499749307,0.0,0,subprime
2026-06-23,0.5354491465985765,0.1704893368990414,0,prime
2026-06-23,0.5257693828528585,0.0,0,prime
2026-06-23,0.6527642476388821,0.05424774944787847,0,subprime
2026-06-23,1.0417736193018532,0.0,0,prime
2026-06-23,2.1373935049922075,0.9033417002974405,1,subprime
2026-06-23,1.0536360317841376,0.913923448515549,1,prime
2026-06-23,-0.5844808381877669,0.08759258967048764,0,prime
2026-06-23,0.12516860903625143,0.9934566930742701,1,subprime
2026-06-23,0.0022403922589374625,0.8818471335610513,1,subprime
2026-06-23,0.02579462269603877,0.06390240407547507,0,prime
2026-06-23,-0.177279880072283,0.08823538299776032,0,prime
2026-06-23,-1.6219506875786711,0.03989397682151254,0,prime
2026-06-23,2.1325776027115877,0.2673723303421308,0,prime
2026-06-23,-0.41869835827388224,0.8312034233694384,1,subprime
2026-06-23,0.7218624007677533,0.1499802499854915,0,prime
2026-06-23,1.5184079327336089,1.0,1,subprime
2026-06-23,2.3838649972096864,0.0,0,prime
2026-06-23,1.112171851045685,1.0,1,prime
2026-06-23,-0.7756097469918137,0.16269522489474603,0,prime
2026-06-23,0.840355776324275,1.0,1,prime
2026-06-23,1.3575290389145942,0.8912778886720132,1,prime
2026-06-23,-0.6881783940421855,0.0,0,prime
2026-06-23,0.017444213240969897,0.03283096476441588,0,prime
2026-06-23,0.3447750374475642,1.0,1,prime
2026-06-23,0.7587376793489937,1.0,1,subprime
2026-06-23,-1.533881278658063,1.0,1,prime
2026-06-23,1.2052808358172835,0.7680594489270139,1,subprime
2026-06-23,-0.3706953974796511,0.0,0,prime
2026-06-23,-0.1126756664282701,0.0,0,subprime
2026-06-23,-0.42460898385210455,0.0,0,prime
2026-06-23,0.4553218876110307,0.0,0,subprime
2026-06-23,0.8679407795452634,0.8889509910411979,1,prime
2026-06-23,1.1624208494946429,1.0,1,prime
2026-06-23,1.8864069497806721,0.0,0,subprime
2026-06-23,1.0137001456314496,0.9813231526563555,1,prime
2026-06-23,1.103323240129701,0.9178419673215135,1,prime
2026-06-23,-0.20671568342463553,0.9796214821852166,1,prime
2026-06-23,0.18572980527107985,0.8489004706793155,1,prime
2026-06-23,-0.5316259075049512,1.0,1,prime
2026-06-23,-0.9008168164951356,1.0,1,subprime
2026-06-23,-0.4153957743188246,0.8634191718021892,1,subprime
2026-06-23,2.1754576588553474,1.0,1,subprime
2026-06-23,0.19027658190131422,0.9601436653741197,1,prime
2026-06-23,0.7977597466740068,0.29044853534007364,0,prime
2026-06-23,0.512255039128628,0.07887539904725863,0,subprime
2026-06-23,2.3681227729745506,0.004415377661798142,0,prime
2026-06-23,0.5233527126585492,0.20489920186940908,0,subprime
2026-06-23,0.5399586736923498,1.0,1,prime
2026-06-23,-0.29832992692898386,0.0,0,subprime
2026-06-23,0.6780835265181138,0.9992112638171439,1,prime
2026-06-23,0.8445945987743289,0.10029163028057839,0,prime
2026-06-23,-0.07229007724366115,0.9262405907823656,1,prime
2026-06-23,-0.5704563359599277,0.20873941879955835,0,prime
2026-06-23,0.931523685922077,0.8102530280226767,1,subprime
2026-06-23,1.0104521016292725,0.3147172826075565,0,subprime
2026-06-23,1.3972866724596567,0.8514862576882495,1,prime
2026-06-23,0.8751298297648161,0.11561598232063144,0,prime
2026-06-23,-0.8136667709682022,0.03868394687397409,0,prime
2026-06-23,1.9536993036814114,0.08555127226355849,0,subprime
2026-06-23,-0.9830360822306037,0.12166819665368021,0,prime
2026-06-23,2.080806986148728,0.1899529394925537,0,prime
2026-06-23,0.38137026769622595,0.0,0,prime
2026-06-23,0.4034633533785578,0.9283328713020461,1,subprime
2026-06-23,0.839070587291812,0.0,0,subprime
2026-06-23,0.7047458734006686,1.0,1,prime
2026-06-23,-0.5203909606940417,0.14573735748282718,0,prime
2026-06-23,-0.25958295803077913,0.9900695936197385,1,prime
2026-06-23,0.4404154277274308,0.9935393387983259,1,subprime
2026-06-23,0.5185413396912395,0.08777967680034127,0,prime
2026-06-23,-1.5563862794560408,0.9472332248161099,1,prime
2026-06-23,2.3140538312232772,0.8283827908528391,1,prime
2026-06-23,-0.09334918227660821,0.025452088817537577,0,subprime
2026-06-23,0.7506927001432416,0.9333136603085325,1,subprime
2026-06-23,-0.0213570873480895,0.9848335304510223,1,subprime
2026-06-23,2.281549637834868,0.9916166404842972,1,prime
2026-06-23,-0.1543605098392717,0.8926434908314809,1,prime
2026-06-23,0.9543034192601438,0.8420992630000163,1,prime
2026-06-23,-0.7496446684310978,1.0,1,prime
2026-06-23,-0.189514210246719,0.0,0,prime
2026-06-23,0.2464801638962667,1.0,1,prime
2026-06-23,0.5277778723726864,1.0,1,subprime
2026-06-23,1.714384819519142,0.0,0,prime
2026-06-23,1.5657093933902126,0.8822151050278318,1,prime
2026-06-23,-0.2543686995469596,0.8697772337583235,1,subprime
2026-06-23,-0.5382777899529511,0.9826231830318043,1,subprime
2026-06-23,0.6583733964883313,0.9639525402759748,1,prime
2026-06-23,1.211059017660802,0.014930859599284314,0,prime
2026-06-23,0.6321098640212925,0.970465443638106,1,prime
2026-06-23,-0.872428722431867,0.01794986886121159,0,prime
2026-06-23,2.6123034327073524,0.0,0,subprime
2026-06-23,0.5588784176088021,0.9019295320919727,1,prime
2026-06-23,-0.5476069026115019,0.8996779938624867,1,subprime
2026-06-23,-0.7530548939362953,0.9164177125774959,1,prime
2026-06-23,-1.6138257067142219,1.0,1,subprime
2026-06-23,0.2932923919794356,1.0,1,subprime
2026-06-23,-0.4874220991133681,0.2197007587231859,0,prime
2026-06-23,-0.6382771191362017,1.0,1,prime
2026-06-23,-0.05757027042424412,0.0,0,prime
2026-06-23,1.7116771956484558,0.0,0,subprime
2026-06-23,-0.4526621891787834,0.8087662649704035,1,prime
2026-06-23,0.9849588494846268,0.03232208214320355,0,subprime
2026-06-23,-0.1465737644933267,1.0,1,prime
2026-06-23,-0.60386689655023,0.7937061077997031,1,prime
2026-06-23,0.8746756835666383,0.9681194953779539,1,prime
2026-06-23,1.8720133496960085,0.04482716986778223,0,prime
2026-06-23,-0.13846161221448205,0.8495290765836888,1,prime
2026-06-23,0.9531479910469285,0.1602230846311034,0,prime
2026-06-23,1.5579005382287925,0.9114820048168445,1,prime
2026-06-23,0.45688159495256536,0.0955234149519311,0,prime
2026-06-23,0.1139281472289852,0.9571796100194007,1,subprime
2026-06-23,1.348393096563363,1.0,1,prime
2026-06-23,1.3209117109371178,0.013137654130218009,0,subprime
2026-06-23,0.3981603691037054,0.06820985123017845,0,prime
2026-06-23,-0.2760690018255727,0.9358613557067251,1,prime
2026-06-23,0.2981808698321121,0.8217010238581914,1,prime
2026-06-23,1.7401523920395756,0.0,0,prime
2026-06-23,-0.687452616869247,0.028600780507745477,0,prime
2026-06-23,-1.477118496162514,0.239657750310483,0,prime
2026-06-23,1.5478584010958205,0.8636879968031133,1,prime
2026-06-23,-0.7450469626322318,0.8992556854276241,1,prime
2026-06-23,-1.0559098468578885,0.9252189220670167,1,prime
2026-06-23,-0.4443028412216421,0.0,0,prime
2026-06-23,-0.149830511180442,0.0,0,prime
2026-06-23,0.948319223283721,1.0,1,subprime
2026-06-23,-0.060733827325740064,0.0,0,subprime
2026-06-23,-1.5618336766297132,0.8750521444904118,1,prime
2026-06-23,0.31461706766740216,0.05776090134963966,0,prime
2026-06-23,-0.3448850594866756,0.05564442933640474,0,subprime
2026-06-23,-0.051920911030063355,1.0,1,prime
2026-06-23,0.668894951259241,0.0433256946916855,0,prime
2026-06-23,2.1899747057320242,0.9194643259488611,1,prime
2026-06-23,1.2686978088134724,0.9792489431560494,1,prime
2026-06-23,0.6991851771794384,0.04769676659926236,0,prime
2026-06-23,1.5138109768750865,0.06859854231427374,0,subprime
2026-06-23,-1.7160860082709706,0.0,0,prime
2026-06-23,0.3581358103737542,1.0,1,prime
2026-06-23,0.9222235672335024,0.0,0,subprime
2026-06-23,-0.4906344607584465,0.9371372784591796,1,subprime
2026-06-23,-0.7317943118873496,0.868272211216657,1,prime
2026-06-23,-1.1857539602565874,0.9171872791747737,1,prime
2026-06-23,-0.2963979947827967,1.0,1,prime
2026-06-23,1.515300771887458,0.0,0,prime
2026-06-23,1.5001854407663404,0.7857318583785459,1,subprime
2026-06-23,-0.5139715265313421,0.024824652831934777,0,prime
2026-06-23,-1.059352591053507,0.07268713172311411,0,subprime
2026-06-23,1.03560463819991,0.04627156882631195,0,prime
2026-06-23,0.14899517572635726,0.0,0,subprime
2026-06-23,-0.11707883813167025,1.0,1,prime
2026-06-23,1.4636961892493003,0.8733902560607142,1,subprime
2026-06-23,1.155349062686513,1.0,1,prime
2026-06-23,0.484035017388656,0.9285278339023475,1,subprime
2026-06-23,1.3281224272902348,1.0,1,prime
2026-06-23,-0.35628163006232005,0.08850758783786111,0,subprime
2026-06-23,0.30611080770749566,1.0,1,prime
2026-06-23,1.3309174306994502,0.14970145878001068,0,subprime
2026-06-23,-0.45296351423067405,0.8692732108728914,1,subprime
2026-06-23,-0.5525769175735074,0.12579707974556437,0,prime
2026-06-23,1.157320066122472,0.9596807112585968,1,prime
2026-06-23,2.104819247880844,0.891403893487676,1,prime
2026-06-23,0.2678894477448152,0.0,0,subprime
2026-06-23,-0.7842897568121947,0.10334484759120383,0,prime
2026-06-23,0.5411514330401234,0.05656086995625786,0,prime
2026-06-23,0.2904106812606267,0.8926722344475576,1,prime
2026-06-23,-1.4122258154660547,0.012287712061050352,0,prime
2026-06-23,1.0275900240261362,0.06751612880829007,0,subprime
2026-06-23,1.5113804963185127,1.0,1,prime
2026-06-23,-0.8837616878009205,1.0,1,prime
2026-06-23,-1.3079806601719663,0.03854208280729494,0,subprime
2026-06-23,1.0159030401888671,0.0,0,subprime
2026-06-23,-0.14458185323123296,0.9940589012460708,1,prime
2026-06-23,0.3288161872093866,0.12325031956555306,0,prime
2026-06-23,-0.8004034768537889,0.0,0,prime
2026-06-23,0.8152415483129263,0.16971137154288657,0,prime
2026-06-23,0.03643853014461118,0.0,0,prime
2026-06-23,-1.5972440085262316,0.0,0,prime
2026-06-23,0.10700144329784439,0.9827118787360049,1,prime
2026-06-23,1.1106176269634327,0.1135821907040815,0,subprime
2026-06-23,-0.5050063931043278,0.1195988030398581,0,subprime
2026-06-23,-0.12209792276483278,0.0,0,prime
2026-06-23,-0.12557936706045802,0.8573506164238553,1,prime
2026-06-23,-0.04327403759537857,1.0,1,prime
2026-06-23,-1.2821590461638208,0.0,0,subprime
2026-06-23,0.7070603397660131,1.0,1,prime
2026-06-23,-1.07340047567388,0.08786617301190486,0,prime
2026-06-23,-0.2713876400451237,0.0,0,prime
2026-06-23,0.6843043520023023,0.14852640560625097,0,prime
2026-06-23,-0.1413198916877823,0.9166992272262176,1,prime
2026-06-23,0.14603870786260786,0.09993461402750267,0,prime
2026-06-23,-0.04404637437187359,0.8077525643673605,1,subprime
2026-06-23,-0.5889072469239655,0.12830044044661112,0,prime
2026-06-23,-0.19476075167403106,0.96574884181819,1,prime
2026-06-23,0.03643366574861273,0.8169781745098486,1,prime
2026-06-23,1.0165991839921615,0.9252548021710201,1,prime
2026-06-23,-0.14505537348234565,0.1666313410157036,0,prime
2026-06-23,0.8029535641175938,1.0,1,prime
2026-06-23,0.057004586064316354,0.06713065700260444,0,prime
2026-06-23,0.6134588056860559,1.0,1,prime
2026-06-23,-0.23523005584995604,1.0,1,prime
2026-06-23,0.24760335300272546,0.0,0,prime
2026-06-23,1.6333992370221468,0.934114162448659,1,prime
2026-06-23,-0.1198429561320195,0.7810372383811912,1,prime
2026-06-23,2.079461409117781,0.9107097327770576,1,prime
2026-06-23,0.7710990959466111,1.0,1,prime
2026-06-23,0.29513111240076184,1.0,1,prime
2026-06-23,0.4495590697040647,1.0,1,prime
2026-06-23,0.6396567629408068,0.1746871751016727,0,subprime
2026-06-23,-1.0974710462891968,0.24346957268370362,0,prime
2026-06-23,0.913395626140454,0.9406202268770515,1,prime
2026-06-23,0.9098619438092482,0.0,0,subprime
2026-06-23,0.41250529661547414,0.04185372714534962,0,prime
2026-06-23,-0.19832822094303426,0.06210292870816318,0,prime
2026-06-23,0.34057688392636726,0.004381590517874262,0,prime
2026-06-23,-0.04172379982675262,0.9563701632297008,1,prime
2026-06-23,-0.5061725915788409,1.0,1,subprime
2026-06-23,1.9265339681120304,0.0,0,prime
2026-06-23,0.9173043979958316,0.0,0,subprime
2026-06-23,1.0871402420142529,0.9452353562112037,1,prime
2026-06-23,-1.1704126902643013,0.8462627702629201,1,subprime
2026-06-23,-0.529532131816945,0.0,0,subprime
2026-06-23,1.3165193672316904,0.7325647540720579,1,prime
2026-06-23,-0.02866814530060996,0.8343841794543948,1,subprime
2026-06-23,0.7622172186837439,0.058529930877891864,0,prime
2026-06-23,0.48319124347613895,0.8557257117317949,1,subprime
2026-06-23,0.5842512138658231,1.0,1,prime
2026-06-23,0.5629585873612462,1.0,1,subprime
2026-06-23,1.1113590261553987,1.0,1,prime
2026-06-23,0.41861279181214617,0.8814556908172285,1,prime
2026-06-23,-0.2920208034611895,0.0,0,subprime
2026-06-23,1.6885363704019276,0.0,0,prime
2026-06-23,2.123350569531313,0.24463913459461067,0,subprime
2026-06-23,2.0774832857486762,1.0,1,prime
2026-06-23,-0.5103185588256522,1.0,1,prime
2026-06-23,0.01699372779822189,0.9260037991357186,1,prime
2026-06-23,0.9656034599663474,0.9907636529455386,1,subprime
2026-06-23,-1.1097789930343613,0.0,0,subprime
2026-06-23,-0.30564563795883415,0.1717881898887685,0,prime
2026-06-23,1.3004671889419148,0.9103175978642539,1,prime
2026-06-23,-0.1807175802401304,0.9955815565495315,1,prime
2026-06-23,0.7014885688824586,0.05058379757331368,0,subprime
2026-06-23,2.9075858124165297,0.09923568092476129,0,subprime
2026-06-23,-0.34366517884451797,0.8802340071032133,1,prime
2026-06-23,2.374130907592611,0.8524215724241648,1,prime
2026-06-23,-0.8792721168380238,0.9585730831481551,1,prime
2026-06-23,-0.00042038159857576973,0.0029760958488556782,0,prime
2026-06-23,0.13351369439283822,0.9014185770081519,1,prime
2026-06-23,-0.7350472826544228,0.0,0,subprime
2026-06-23,1.5515610200743826,0.0,0,subprime
2026-06-23,1.7977701159976096,1.0,1,prime
2026-06-23,1.0184459278961435,0.0,0,prime
2026-06-23,-0.22982196234622654,0.014385072672274457,0,prime
2026-06-23,-0.7737029430479776,0.8176913315333709,1,prime
2026-06-23,1.140673210091793,0.8598831708742679,1,prime
2026-06-23,0.08551461953826245,0.0,0,prime
2026-06-24,0.45391889109445366,1.0,1,prime
2026-06-24,0.008884947190625603,0.1004545614309369,0,subprime
2026-06-24,-0.803432923177509,0.11450063706191164,0,subprime
2026-06-24,0.7784947918438408,0.00883779442448384,0,prime
2026-06-24,-0.6487425646418347,1.0,1,prime
2026-06-24,1.5604280814739608,0.6310513541059726,1,prime
2026-06-24,-1.5965730646295826,0.783985598640756,1,prime
2026-06-24,-0.9445448624738344,0.9566476038119086,1,prime
2026-06-24,-0.17723487292848478,1.0,1,subprime
2026-06-24,-0.39506357198129394,0.23467556041804125,0,subprime
2026-06-24,0.92646027964487,1.0,1,subprime
2026-06-24,0.2313880556033737,1.0,1,prime
2026-06-24,0.5368207357846518,0.0,0,prime
2026-06-24,1.872949511279603,0.9199046777399628,1,prime
2026-06-24,-1.093926605261892,0.9686089298217984,1,prime
2026-06-24,0.3632889522107423,0.9650254501218914,1,subprime
2026-06-24,-0.6726170369523387,0.9894557774139198,1,prime
2026-06-24,-0.896556002311802,0.8689592894561637,1,subprime
2026-06-24,-0.058407073609645616,0.9274127620263506,1,prime
2026-06-24,-0.3999778546809145,1.0,1,prime
2026-06-24,0.17897802713017547,0.9783770107667291,1,subprime
2026-06-24,0.6425949844077662,0.9268670156317091,1,prime
2026-06-24,0.8472910954534305,0.0,0,prime
2026-06-24,-0.034468875075147926,0.18093376664069702,0,subprime
2026-06-24,1.1577754151141497,0.9357595557649941,1,prime
2026-06-24,0.35698447873522154,1.0,1,prime
2026-06-24,0.41724816969623035,0.003908795063960635,0,prime
2026-06-24,0.969780725713825,1.0,1,prime
2026-06-24,0.3131972090424251,0.9041866353794756,1,prime
2026-06-24,0.8044910015556762,0.8770263376736004,1,prime
2026-06-24,-0.6604213360113319,1.0,1,prime
2026-06-24,-0.5136062843361567,0.0,0,prime
2026-06-24,0.6777981568461866,1.0,1,prime
2026-06-24,0.8277111322100646,0.1407242440659381,0,prime
2026-06-24,-0.642172994492543,1.0,1,prime
2026-06-24,0.3038931489414317,0.10933869044530489,0,prime
2026-06-24,0.9288787900291368,0.026842553371137223,0,prime
2026-06-24,1.7541878473176877,0.08862263569678808,0,prime
2026-06-24,0.2326349225738631,0.02243329920107041,0,prime
2026-06-24,-1.158669085356854,0.846607641471651,1,prime
2026-06-24,0.1216710304510704,0.7638050348329869,1,prime
2026-06-24,1.1621506248872726,0.0,0,prime
2026-06-24,0.29668057372640494,0.05246339713467407,0,subprime
2026-06-24,1.1361066514594866,1.0,1,prime
2026-06-24,-0.15724503991885658,0.8625132249071359,1,prime
2026-06-24,-0.8336692367379739,1.0,1,subprime
2026-06-24,1.6979415798636572,0.9224535787010621,1,prime
2026-06-24,-0.8549766948239004,1.0,1,prime
2026-06-24,1.0896729224011694,1.0,1,subprime
2026-06-24,-0.7558481936006458,0.0,0,prime
2026-06-24,-0.33620902919478013,0.9093194174953383,1,subprime
2026-06-24,-0.45694383353948465,0.8999680676590827,1,subprime
2026-06-24,1.7717904754272746,0.0,0,prime
2026-06-24,-0.18845827360202794,1.0,1,prime
2026-06-24,-0.3183337807010428,0.0,0,prime
2026-06-24,-0.8147264612131229,0.8503276293611008,1,prime
2026-06-24,-0.09122704655105285,0.03078236855386029,0,prime
2026-06-24,0.06536588761002621,1.0,1,subprime
2026-06-24,-0.32843412630846464,0.0,0,prime
2026-06-24,0.8439412213337755,0.8103792386643505,1,prime
2026-06-24,0.8300059226971678,1.0,1,prime
2026-06-24,-1.1406167247672006,0.0966519487220465,0,prime
2026-06-24,0.05632130881155417,0.0,0,prime
2026-06-24,0.2964323778390957,0.07996852734862507,0,prime
2026-06-24,-0.44597535622471385,0.0,0,subprime
2026-06-24,0.09389197786869811,0.092953982769916,0,prime
2026-06-24,0.30788252514721415,0.8313164315823933,1,subprime
2026-06-24,1.0727582436074612,0.034178267093088854,0,subprime
2026-06-24,-0.11477160161027455,0.08041471522008291,0,prime
2026-06-24,1.8921166415756119,0.8933367960452467,1,prime
2026-06-24,0.3994913865283095,1.0,1,subprime
2026-06-24,-1.0224654494429755,0.9243545702259537,1,prime
2026-06-24,0.6005456588657399,0.9560203886722851,1,subprime
2026-06-24,-1.8249214993334233,0.8444276079708762,1,prime
2026-06-24,0.006238793223346251,0.051010154042983605,0,subprime
2026-06-24,0.07471995770326845,0.07601503991331715,0,prime
2026-06-24,1.24921657762675,0.8472892522702067,1,subprime
2026-06-24,-0.5600476885048249,0.7160914297936203,1,prime
2026-06-24,0.28210099902612956,0.8030710208335968,1,prime
2026-06-24,-1.2632807631760108,0.09068477726411472,0,prime
2026-06-24,-0.2416209284864283,0.8640757129064206,1,prime
2026-06-24,0.1369646512188014,1.0,1,prime
2026-06-24,-0.1817069722809176,0.9655084536260246,1,prime
2026-06-24,0.31642830711987957,0.9632251228377037,1,prime
2026-06-24,0.3715453680647526,0.9900310868097766,1,prime
2026-06-24,1.0108979230029704,0.861564023767607,1,prime
2026-06-24,0.25637383535344305,0.9389296173419409,1,prime
2026-06-24,1.253992714152506,0.08684390502734246,0,prime
2026-06-24,0.2849255740961428,0.8231193372734048,1,prime
2026-06-24,1.1468696816954098,0.921455378190395,1,subprime
2026-06-24,0.6371310962259509,0.03903392847739081,0,subprime
2026-06-24,0.28944968824212924,0.9513712071467689,1,prime
2026-06-24,-0.966938024416613,0.16837611653267734,0,prime
2026-06-24,-0.4664569006141194,0.0,0,prime
2026-06-24,0.2704854445431779,1.0,1,prime
2026-06-24,0.7880412141826084,0.09995812164681774,0,prime
2026-06-24,1.394440407240265,0.8407751500875407,1,prime
2026-06-24,0.8954638153857414,1.0,1,prime
2026-06-24,0.6464095158745105,0.0,0,prime
2026-06-24,-0.5821093194761021,0.9210662457399398,1,prime
2026-06-24,-0.7913549682897806,0.10504148376239447,0,subprime
2026-06-24,-1.840318735179651,0.028623420049268634,0,subprime
2026-06-24,-0.9584064602293392,0.20159076042962945,0,prime
2026-06-24,1.748026140989715,0.9300128877045819,1,prime
2026-06-24,0.5174821181209814,0.08678215766804333,0,prime
2026-06-24,0.47912896863216325,0.9670978417185414,1,subprime
2026-06-24,0.6274062059510207,0.0,0,prime
2026-06-24,0.7229837697381408,0.006233613441284036,0,prime
2026-06-24,1.4959730885281128,1.0,1,subprime
2026-06-24,-1.1547293271479555,0.0,0,prime
2026-06-24,0.8953338877203846,0.9259843198302027,1,prime
2026-06-24,-1.8797461530097184,1.0,1,prime
2026-06-24,-1.537316455407154,0.9448743988335677,1,subprime
2026-06-24,-0.16712052923112664,0.12887525273176542,0,prime
2026-06-24,-0.5484987749943409,0.7819444629747015,1,prime
2026-06-24,-0.7845180068727123,0.9133310816938573,1,subprime
2026-06-24,0.9613118056739226,0.8802626579436466,1,prime
2026-06-24,-0.5363220228718878,0.8366256505372338,1,prime
2026-06-24,1.9736754614388552,1.0,1,prime
2026-06-24,0.950245498166652,0.09000965204270286,0,prime
2026-06-24,0.18736692423339485,0.9436416674445665,1,subprime
2026-06-24,1.736627832361015,0.13608643945670928,0,prime
2026-06-24,0.5541660400989862,0.08704506213593433,0,subprime
2026-06-24,1.4195650335745649,0.943846988952484,1,subprime
2026-06-24,0.853464023369882,1.0,1,prime
2026-06-24,0.5465283688001719,0.0,0,prime
2026-06-24,0.01959093134307452,1.0,1,prime
2026-06-24,1.552406134154714,1.0,1,subprime
2026-06-24,-0.19162225926451965,0.10511645592166315,0,subprime
2026-06-24,0.7081072272612379,0.946776956728355,1,prime
2026-06-24,1.775709226604321,0.041332442594929145,0,prime
2026-06-24,-1.2275657024365818,0.8394689909545446,1,prime
2026-06-24,-1.111491759404435,1.0,1,prime
2026-06-24,-0.33542551539813426,0.0,0,prime
2026-06-24,-0.5471493686104318,0.03205070423935571,0,prime
2026-06-24,0.012573694572619754,0.10084689634348194,0,prime
2026-06-24,2.0468303450245107,0.9779957341427479,1,prime
2026-06-24,-0.558415500213888,0.04658531757176416,0,subprime
2026-06-24,0.05184075111979469,0.7766452855725028,1,subprime
2026-06-24,0.8070965541503168,0.9434973343364725,1,prime
2026-06-24,-0.9007162059900349,0.028548051341404423,0,subprime
2026-06-24,-0.543279777639434,1.0,1,prime
2026-06-24,-0.5086806671929192,0.0,0,prime
2026-06-24,0.20418674552633997,0.2333744117853685,0,prime
2026-06-24,0.8746997251250674,0.12468596600809768,0,subprime
2026-06-24,-0.6255564350250675,1.0,1,prime
2026-06-24,0.09883313786985926,0.6720356199637251,1,prime
2026-06-24,0.9283173404200313,0.0002628223549549086,0,prime
2026-06-24,-0.16697765750531562,0.037139131918931784,0,subprime
2026-06-24,-0.7811088477557869,0.9212034394630559,1,prime
2026-06-24,0.7755507101704003,1.0,1,prime
2026-06-24,2.233856618621192,0.15412559797155095,0,subprime
2026-06-24,-1.0881870208972741,0.9049907709562478,1,prime
2026-06-24,-0.12904062126986726,0.0553425941559083,0,subprime
2026-06-24,1.2935609141275752,0.8171135418844926,1,prime
2026-06-24,1.4648882711476996,1.0,1,subprime
2026-06-24,0.5578927230216145,0.05466351533511316,0,subprime
2026-06-24,1.8350885235422563,0.9118679006897641,1,prime
2026-06-24,-0.8081326704822351,0.0,0,prime
2026-06-24,-0.536922674292937,0.017715654189790382,0,subprime
2026-06-24,0.13777850462223362,0.8196528057303819,1,subprime
2026-06-24,1.332877360035984,0.0,0,prime
2026-06-24,0.21868105202849428,0.0877576806725961,0,prime
2026-06-24,1.6771989547260617,1.0,1,prime
2026-06-24,-0.2725492909369495,0.970081415425512,1,subprime
2026-06-24,0.44839594431705826,0.12710892353227532,0,subprime
2026-06-24,-1.2489635042504035,0.1448536119070159,0,prime
2026-06-24,-0.7765608485500769,0.07945118011710108,0,subprime
2026-06-24,0.2682427004657267,0.8534325863387099,1,subprime
2026-06-24,0.32702457897841714,0.9377862002504193,1,prime
2026-06-24,-0.7049637862567794,0.0,0,subprime
2026-06-24,-0.3182473869130341,0.030741308458111165,0,subprime
2026-06-24,0.0410291384527976,0.0,0,subprime
2026-06-24,0.600164652283176,0.04611576099485861,0,subprime
2026-06-24,-0.14139543596061444,0.0,0,subprime
2026-06-24,-0.47436005528862446,0.08592634299555502,0,prime
2026-06-24,1.3130903654930577,0.8656989269246641,1,subprime
2026-06-24,2.028195324008129,0.9875966009365831,1,subprime
2026-06-24,-1.4141699671235546,0.8313611475514866,1,subprime
2026-06-24,-1.5113345610673796,0.05325103607510357,0,prime
2026-06-24,0.17521666621375911,0.04784018288405019,0,subprime
2026-06-24,1.1507178101845346,1.0,1,prime
2026-06-24,1.1373228790435705,1.0,1,subprime
2026-06-24,1.529407145541338,0.97615744567371,1,prime
2026-06-24,0.8285957691819378,0.9615422265793182,1,prime
2026-06-24,1.0316099993846686,0.0,0,prime
2026-06-24,-0.6712907420094907,1.0,1,prime
2026-06-24,-0.3911171441886989,0.09669839289577248,0,prime
2026-06-24,1.071387586750707,0.06626743503045247,0,prime
2026-06-24,-0.37855087661723863,0.11710133656302177,0,prime
2026-06-24,0.17226829886860104,0.9924447736008231,1,subprime
2026-06-24,0.18764051032857387,0.019367937554342976,0,subprime
2026-06-24,1.408118153310099,3.365743777213048e-05,0,subprime
2026-06-24,-1.0446456113936828,0.00698212006180271,0,prime
2026-06-24,1.0120926836233155,0.0644518388707853,0,prime
2026-06-24,-1.1220669478365657,0.9777770837258494,1,subprime
2026-06-24,0.12704761153582114,0.017357814012386626,0,prime
2026-06-24,-1.122221717269669,0.854405708490286,1,prime
2026-06-24,0.3956887697047644,0.9308042673162533,1,prime
2026-06-24,-0.2861521268864416,0.0,0,prime
2026-06-24,0.9665813974994277,0.0,0,prime
2026-06-24,-0.048933006928747164,0.6028260678666697,1,prime
2026-06-24,0.8773771125836455,0.0,0,subprime
2026-06-24,-1.8199755734278154,0.9637434169524516,1,prime
2026-06-24,-0.4604999465226217,1.0,1,prime
2026-06-24,0.24246680708670026,1.0,1,prime
2026-06-24,1.4699827224685245,0.8924339369986355,1,subprime
2026-06-24,0.17808343858810735,0.7540656767436531,1,prime
2026-06-24,1.5506718361792995,1.0,1,prime
2026-06-24,0.43493374462894274,1.0,1,subprime
2026-06-24,-2.3253663781839027,0.9864287714780413,1,subprime
2026-06-24,1.1232472537224087,0.8500819723181533,1,prime
2026-06-24,1.0398968679857248,0.8004657941900362,1,subprime
2026-06-24,0.5998319972375491,0.9222052808019063,1,prime
2026-06-24,0.5041981497331254,0.9655400410026445,1,prime
2026-06-24,0.3704718042746435,0.929576062636722,1,prime
2026-06-24,-0.6581206889981592,0.0,0,prime
2026-06-24,-0.03696248520808515,0.9743264151754109,1,prime
2026-06-24,-1.2235041875195276,1.0,1,prime
2026-06-24,0.22606583568058458,0.006609628541847809,0,subprime
2026-06-24,-0.7555237563004275,0.03839514524837767,0,prime
2026-06-24,0.17325344718223243,0.8660621354200648,1,prime
2026-06-24,1.0133213974606123,1.0,1,prime
2026-06-24,-1.706205122362975,0.9429178073989701,1,prime
2026-06-24,-1.014050584000533,0.08396488492763966,0,prime
2026-06-24,-0.3058573849179763,0.2048301606878614,0,prime
2026-06-24,0.4211067819712606,0.17155316389139735,0,subprime
2026-06-24,-0.8943575667579811,0.8700499315386094,1,prime
2026-06-24,-0.3283264973704693,0.959524339340605,1,subprime
2026-06-24,-0.06050555532570365,0.1873936752115279,0,prime
2026-06-24,-0.3805739286575167,0.9485208959320818,1,prime
2026-06-24,-2.1620592042162503,0.013070381975835488,0,prime
2026-06-24,-0.3884554172846678,0.12808690427914454,0,prime
2026-06-24,0.2365520769253324,1.0,1,prime
2026-06-24,0.49788524381127675,0.008214077545888467,0,prime
2026-06-24,0.19150530188801898,0.05570625273171815,0,prime
2026-06-24,-0.24795651192927198,1.0,1,prime
2026-06-24,0.656743317705446,0.04318984877530202,0,prime
2026-06-24,1.1085956649783633,0.9792158751283041,1,subprime
2026-06-24,-1.5891184311670687,0.835685332846072,1,prime
2026-06-24,-0.509650935953559,1.0,1,subprime
2026-06-24,0.10473651121417549,0.9284877415928804,1,prime
2026-06-24,-0.7680165661834828,1.0,1,prime
2026-06-24,0.1124435235516128,0.8942248656391983,1,subprime
2026-06-24,0.1014248222742953,0.12424717480510446,0,prime
2026-06-24,-1.6439008121489076,0.9491688624381859,1,subprime
2026-06-24,-0.1528617279203513,0.042993318022236125,0,subprime
2026-06-24,0.027102723026745712,0.07003868422244351,0,subprime
2026-06-24,1.490821541395497,0.13111096615511297,0,subprime
2026-06-24,0.6823816907684421,0.9444744078875597,1,prime
2026-06-24,0.4260689128479432,0.22959603019942815,0,prime
2026-06-24,0.5505928269020006,0.2567686100344064,0,prime
2026-06-24,-0.46473054715624873,0.0,0,prime
2026-06-24,0.21836689776829746,1.0,1,prime
2026-06-24,0.7403621040212952,0.07626697212453584,0,prime
2026-06-24,1.8345641415476213,0.9598170745483857,1,prime
2026-06-24,1.2106909674773658,0.980191439616055,1,prime
2026-06-24,0.837609591160938,1.0,1,prime
2026-06-24,0.27495501341158485,1.0,1,prime
2026-06-24,-0.42506937996588223,0.011053884014236903,0,prime
2026-06-24,0.4145277260027651,0.9544282930490972,1,prime
2026-06-24,-0.1811181066219823,0.0,0,prime
2026-06-24,1.2594966036675093,1.0,1,prime
2026-06-24,0.37086609130217557,0.2927020231149281,0,prime
2026-06-24,-0.2212275417328733,0.0,0,prime
2026-06-24,0.3480872759384873,0.9945342993940596,1,prime
2026-06-24,-0.811169462544109,0.15961014933696105,0,prime
2026-06-24,-0.6298032513284243,0.12959114077529804,0,prime
2026-06-24,0.9890612092178921,0.9924213390697192,1,prime
2026-06-24,0.6481698967374427,0.8456841690407535,1,prime
2026-06-24,2.5690419580655535,0.0791463741072081,0,prime
2026-06-24,0.5857746523214329,0.8985242382849314,1,prime
2026-06-24,0.07573448146695932,0.9803978767747495,1,subprime
2026-06-24,-0.6837678887486229,1.0,1,subprime
2026-06-24,2.0362768836359635,0.0,0,prime
2026-06-24,-0.7999105688618339,0.020943558374411118,0,prime
2026-06-24,1.1442135199835821,0.0023364611193929727,0,subprime
2026-06-24,-0.7355117546326059,0.9567037599110603,1,subprime
2026-06-24,0.5339712592017418,0.0,0,prime
2026-06-24,-0.18901585091260664,1.0,1,prime
2026-06-24,1.2381860080848133,1.0,1,prime
2026-06-24,-0.23581720272574536,0.08810817076947192,0,prime
2026-06-24,0.42415347516320856,0.07309348364865637,0,prime
2026-06-24,0.3761082223682318,0.1199076370558824,0,prime
2026-06-24,-0.3148544229286278,0.0,0,prime
2026-06-24,1.495920122734858,0.0,0,subprime
2026-06-24,1.0864934732261475,0.055230123051901815,0,subprime
2026-06-24,0.23722426449652445,0.9444070304670635,1,prime
2026-06-24,0.14850442791536747,1.0,1,subprime
2026-06-24,1.6918647979215045,0.8332334398822241,1,prime
2026-06-24,0.5439443737287519,0.9444471472150261,1,prime
2026-06-24,0.5293981458144041,0.0,0,prime
2026-06-24,0.5202054994670233,0.06785105287886792,0,prime
2026-06-24,-0.7821436685314882,0.9966093332967165,1,prime
2026-06-24,-1.1872359511781108,0.0731187476417034,0,prime
2026-06-24,0.25700655594642074,0.0,0,prime
2026-06-24,0.7106327514785347,0.10492057018600118,0,prime
2026-06-24,0.40909694151089987,0.974945027852372,1,prime
2026-06-24,-0.050545224215846535,1.0,1,subprime
2026-06-24,1.5032871766411424,0.0,0,prime
2026-06-24,0.7192835815255084,0.0,0,subprime
2026-06-24,-0.42206599019033786,1.0,1,prime
2026-06-24,0.41873786775678745,0.0,0,prime
2026-06-24,0.11647682176397567,0.922119010889968,1,subprime
2026-06-24,1.1763741433457577,0.08077609273504063,0,prime
2026-06-24,1.0426003223131775,0.87213093193554,1,prime
2026-06-24,-0.3403379205434168,0.9132169563937897,1,prime
2026-06-24,0.38634202705330845,0.0,0,prime
2026-06-24,0.5848160477240416,0.03309334061514685,0,subprime
2026-06-24,1.2783840414153793,0.08177857981730294,0,prime
2026-06-24,1.2633181910533746,1.0,1,prime
2026-06-24,0.7016349788273029,0.0,0,prime
2026-06-24,-0.06429386581626884,0.056493214351233834,0,prime
2026-06-24,-0.15724806041730033,0.07685907973834702,0,prime
2026-06-24,1.878729325684335,0.16881115139770708,0,prime
2026-06-24,-0.5822974173777273,0.06916146698965805,0,subprime
2026-06-24,0.15738883980397791,0.1349590496811391,0,prime
2026-06-24,-0.03368621135569108,0.9351660862026021,1,prime
2026-06-24,-1.002498770956673,0.9575313579633794,1,subprime
2026-06-24,-1.207500605329605,0.0,0,prime
2026-06-24,0.34867116753579674,0.22905738346962626,0,subprime
2026-06-24,0.2977794459769644,0.8547524586518152,1,prime
2026-06-24,0.7267563540731449,0.0,0,subprime
2026-06-24,0.14584649161839933,0.013355781666208759,0,subprime
2026-06-24,1.0015316460080221,0.0,0,prime
2026-06-24,0.6132856086184316,0.0,0,subprime
2026-06-24,-1.0765188303943336,1.0,1,prime
2026-06-24,0.6511221082872118,0.8717162971787595,1,prime
2026-06-24,2.7874439502563995,0.10015930099167747,0,prime
2026-06-24,-0.5072763264102104,0.13835597117398363,0,subprime
2026-06-24,0.9242219951350049,0.9331018802495834,1,prime
2026-06-24,-0.17590966737327018,0.1402880730895386,0,prime
2026-06-24,-0.41669528876156736,0.8472165224409102,1,prime
2026-06-24,-0.6592664299154551,0.0,0,subprime
2026-06-24,0.20079188364097153,1.0,1,prime
2026-06-24,0.33193030835446713,0.14576429793881002,0,prime
2026-06-24,0.6595477598546913,0.20636930258385283,0,prime
2026-06-24,-0.16832235648659621,0.04799970090269563,0,prime
2026-06-24,1.3106625781247947,1.0,1,prime
2026-06-24,1.2108139709321395,0.9529382565904262,1,prime
2026-06-24,-1.2523270813127465,0.023655185068554456,0,subprime
2026-06-24,1.5424042558471147,1.0,1,subprime
2026-06-24,-0.24618809141982773,0.22264912511723378,0,prime
2026-06-24,0.2703974364899671,0.10197370971278026,0,prime
2026-06-24,-2.0264135871001416,0.014704131652276999,0,prime
2026-06-24,-1.589572656631277,0.2736214615770276,0,prime
2026-06-24,-0.5327550253666364,0.06928257237636523,0,prime
2026-06-24,0.33298010167330067,0.16837146181661722,0,prime
2026-06-24,-0.39236283618998924,0.1091626362903191,0,subprime
2026-06-24,1.8763472597692628,0.0,0,prime
2026-06-24,-0.036689231346418744,0.8778925996515197,1,prime
2026-06-24,-1.054017266617825,1.0,1,prime
2026-06-24,2.1539390191391723,0.9284114235041433,1,prime
2026-06-24,-0.6132225345362518,0.12901063985197625,0,prime
2026-06-24,0.17345084020789867,0.7288771717637276,1,prime
2026-06-24,-0.5272123464358833,0.8742851607822808,1,prime
2026-06-24,-0.15475481195622548,0.008598763204150928,0,prime
2026-06-24,-0.05554316492498115,0.9215208837058118,1,subprime
2026-06-24,1.5179246536061841,0.06555751894760332,0,prime
2026-06-24,0.5745368156504116,0.048114624250636506,0,prime
2026-06-24,1.0870329155612328,0.040793952709075376,0,prime
2026-06-24,-0.015457476056586122,0.7122484308181145,1,prime
2026-06-24,2.672178784288951,1.0,1,prime
2026-06-24,-0.7103110736355345,0.8585612618718625,1,subprime
2026-06-24,-0.5353826631562449,0.9301538346684421,1,prime
2026-06-24,0.5101064199981601,0.977836528765835,1,subprime
2026-06-24,0.49866799984829596,0.11846008248182173,0,subprime
2026-06-24,-0.12875032211568138,0.9983121115603671,1,subprime
2026-06-24,-0.2013902733657153,0.9958497869073745,1,prime
2026-06-24,2.289933774735969,1.0,1,prime
2026-06-24,0.5548858886903061,0.07310507243224179,0,prime
2026-06-24,0.9362027712105493,0.9767120504769076,1,prime
2026-06-24,1.1059159917968802,0.03628072182451098,0,subprime
2026-06-24,0.3723385966307111,0.8000818163034779,1,prime
2026-06-24,-0.6249852854587794,0.0,0,prime
2026-06-24,-0.5821930893330264,0.927052054666788,1,prime
2026-06-24,-0.981356572595347,0.08231363825466248,0,prime
2026-06-24,0.21939720660376263,0.8937659765161359,1,prime
2026-06-24,0.5251254364018716,0.0464794375574806,0,subprime
2026-06-24,1.3486084567797032,0.006439987989465296,0,prime
2026-06-24,1.3853945434522166,0.995510705026354,1,prime
2026-06-24,0.2873022252742513,0.790361513317256,1,subprime
2026-06-24,0.4583678223359295,0.9915600907117847,1,prime
2026-06-24,0.940896309022811,0.013208510102142593,0,prime
2026-06-24,2.173921042159196,1.0,1,subprime
2026-06-24,-0.9087494587521523,0.0,0,subprime
2026-06-24,1.5646909755361835,0.6647740553151666,1,prime
2026-06-24,-0.019671276452408126,1.0,1,subprime
2026-06-24,0.07898946527776335,0.0,0,prime
2026-06-24,0.047157863278112805,0.11470055566584732,0,prime
2026-06-24,1.19478173803074,1.0,1,prime
2026-06-24,-0.6454966761763189,0.9420229942656222,1,prime
2026-06-24,0.31866368071578594,0.9382254478069083,1,prime
2026-06-24,0.08370972046443129,0.8699718958548047,1,prime
2026-06-24,0.4470922167968715,0.0,0,prime
2026-06-24,1.3666269460876705,0.06325050151510005,0,prime
2026-06-24,2.781269872540742,0.8160771543966557,1,subprime
2026-06-24,-0.007965617463921382,0.028637969487949368,0,prime
2026-06-24,1.3442274302181627,1.0,1,subprime
2026-06-24,0.25166345342974905,0.08556015610069762,0,prime
2026-06-25,1.584663016584432,0.9143667866037346,1,prime
2026-06-25,1.0868651199209611,0.8471288008586243,1,subprime
2026-06-25,0.5223844630085817,0.0896411555236252,0,prime
2026-06-25,0.9682092028728134,0.0,0,prime
2026-06-25,-0.8604287507095899,0.0,0,subprime
2026-06-25,0.5668433350794696,0.055883048993526814,0,prime
2026-06-25,-1.1121873488732446,0.10666441295947224,0,prime
2026-06-25,-0.7942466270858618,0.02933276612347357,0,subprime
2026-06-25,1.0812930277635193,0.9660996485490075,1,prime
2026-06-25,1.1611221716850924,1.0,1,prime
2026-06-25,0.6847883040923713,0.21220274826313096,0,prime
2026-06-25,0.5286469408368774,0.0,0,prime
2026-06-25,-1.248004846865266,0.9943593216757947,1,prime
2026-06-25,1.9531432269231248,0.9505015738713091,1,prime
2026-06-25,0.04973100138561173,0.9555432904947446,1,subprime
2026-06-25,-0.25644581496439756,0.0,0,prime
2026-06-25,-0.11470948265629574,0.8754763003572135,1,prime
2026-06-25,-1.4246160975083115,0.08849457602356602,0,prime
2026-06-25,-0.33734708815671727,0.1661170372246506,0,prime
2026-06-25,-1.2925504359202518,0.11283420410917339,0,prime
2026-06-25,0.4919563399375489,1.0,1,prime
2026-06-25,0.9999957965521975,0.9938735736234936,1,prime
2026-06-25,0.12066596950753702,0.006346304380220998,0,prime
2026-06-25,-1.3235620316675774,0.0,0,prime
2026-06-25,-0.39501333376584624,0.873662388728015,1,prime
2026-06-25,-0.24494939154731987,0.08459037596684363,0,prime
2026-06-25,1.9903867594755664,0.9760221564221815,1,prime
2026-06-25,-1.0473078904879158,1.0,1,prime
2026-06-25,0.19809505981704564,0.899804584257268,1,prime
2026-06-25,1.134307718183687,0.2501104346981715,0,prime
2026-06-25,1.1430034077136022,0.0,0,subprime
2026-06-25,1.9338111503089743,0.8191343902063412,1,prime
2026-06-25,-0.8371575386201368,0.05565898843621234,0,prime
2026-06-25,-0.4414821908163672,0.0,0,prime
2026-06-25,-0.5272819161047263,0.8763270744706475,1,subprime
2026-06-25,-1.1014021916889194,0.0,0,prime
2026-06-25,1.7785781300680925,0.7458382491390276,1,prime
2026-06-25,-0.9967499929297385,0.9738423964357191,1,subprime
2026-06-25,0.21831133990930698,0.9784093735515879,1,prime
2026-06-25,-0.12331704669931629,0.9971242095901756,1,prime
2026-06-25,0.5360889896454938,0.0,0,prime
2026-06-25,0.03251234075955287,0.8096395827770078,1,prime
2026-06-25,-0.19536660609144116,1.0,1,prime
2026-06-25,-0.15563080288806924,0.054482462215261124,0,prime
2026-06-25,2.205255995665707,1.0,1,prime
2026-06-25,-1.0531751655725838,0.8353772511243873,1,prime
2026-06-25,-0.17590904897586362,0.23193709670478307,0,prime
2026-06-25,-0.4428408257113889,0.14524263766128193,0,prime
2026-06-25,0.1102962174328518,0.011318204251212431,0,subprime
2026-06-25,-1.003065734949162,1.0,1,prime
2026-06-25,-1.084621397384517,0.06753103957092896,0,prime
2026-06-25,0.36881781620400234,1.0,1,prime
2026-06-25,-0.6288225144664087,1.0,1,prime
2026-06-25,-0.25767606549845223,0.21507591581442728,0,prime
2026-06-25,0.3121171540825308,0.8269979438474137,1,subprime
2026-06-25,-0.6114388714024818,0.8948400625618181,1,prime
2026-06-25,-0.6548000701197951,0.0,0,subprime
2026-06-25,-2.5844046076976217,1.0,1,prime
2026-06-25,-0.7189719622265788,0.17886091852756061,0,prime
2026-06-25,1.7610223153868474,0.9761045360047391,1,subprime
2026-06-25,0.39769250524153743,0.9840222550834379,1,prime
2026-06-25,0.2967438946465565,0.9645190821645075,1,prime
2026-06-25,1.1640405430415082,1.0,1,prime
2026-06-25,1.235630797104872,0.8840210771406987,1,prime
2026-06-25,1.4787032487680338,1.0,1,prime
2026-06-25,-0.17938522537341986,1.0,1,subprime
2026-06-25,0.7791109508626267,0.9975057731286456,1,prime
2026-06-25,-1.4446720633944967,0.07978746469132436,0,prime
2026-06-25,0.7288105134331734,0.8442457061573279,1,prime
2026-06-25,0.9544725284505056,0.9021305864166248,1,subprime
2026-06-25,-0.840742484435376,0.030750728680441892,0,prime
2026-06-25,1.0951741502905217,0.2923737959182303,0,prime
2026-06-25,-0.07535023889269414,0.08754673004488304,0,subprime
2026-06-25,0.18123916827612963,1.0,1,subprime
2026-06-25,-0.45110975175266693,0.0,0,prime
2026-06-25,1.2524124074545349,1.0,1,subprime
2026-06-25,1.8181004158962126,0.0,0,prime
2026-06-25,1.3725255968458712,1.0,1,prime
2026-06-25,-0.07814307753795974,0.1476215048100198,0,prime
2026-06-25,-1.0708483472747374,0.08240354108617437,0,subprime
2026-06-25,1.2300884025044168,0.9179152256527721,1,prime
2026-06-25,-0.8466257327836313,0.9748199884801816,1,prime
2026-06-25,-2.1231436563720254,1.0,1,prime
2026-06-25,0.6412609506358051,0.0,0,subprime
2026-06-25,1.1235298349000724,1.0,1,prime
2026-06-25,1.177646072916815,0.1338203715048645,0,prime
2026-06-25,-1.0194912610820148,1.0,1,prime
2026-06-25,-0.4742291762296138,0.01819156432183583,0,prime
2026-06-25,-0.46906724012482703,0.9831658056487868,1,prime
2026-06-25,-0.10825065721556625,0.058491982404694096,0,prime
2026-06-25,-0.2615959143681916,1.0,1,subprime
2026-06-25,-1.8597544761635187,0.0,0,prime
2026-06-25,1.0543494805686302,0.2243354985601915,0,subprime
2026-06-25,-2.227665861670611,0.7915663170227235,1,subprime
2026-06-25,-1.4466446700383266,0.0,0,prime
2026-06-25,-0.8171915556333794,0.301365382775045,0,prime
2026-06-25,0.3352056330074657,0.01620181381882676,0,prime
2026-06-25,-0.685028208548496,1.0,1,prime
2026-06-25,0.9291282529399868,0.28079553201938706,0,prime
2026-06-25,0.3597860407809513,0.9755632673654366,1,subprime
2026-06-25,0.4419065274633338,0.14418935921238618,0,prime
2026-06-25,-0.35395858153380966,1.0,1,prime
2026-06-25,-1.2757766043281011,0.1388665837622231,0,subprime
2026-06-25,0.21895542186538375,0.006131225430317744,0,prime
2026-06-25,0.8765911295792844,0.8713606713986948,1,subprime
2026-06-25,-0.5207777689003353,0.9582504645998345,1,prime
2026-06-25,0.8434241302199628,0.14319925153264068,0,prime
2026-06-25,-2.041119243350551,0.08743131076482544,0,prime
2026-06-25,1.9685319320459032,0.0,0,subprime
2026-06-25,1.0279564990796295,0.0,0,prime
2026-06-25,1.5219127875886287,0.8498711461340174,1,prime
2026-06-25,-2.1913821168640504,1.0,1,prime
2026-06-25,0.9193428175908923,0.8339499616428838,1,prime
2026-06-25,0.09469889952890657,0.9828357748991832,1,prime
2026-06-25,-0.3693730296377172,1.0,1,subprime
2026-06-25,1.1138666543611317,0.05107723575122107,0,subprime
2026-06-25,-0.11930882303834611,0.18912099787270262,0,subprime
2026-06-25,0.1242161709759703,0.012441919162548824,0,prime
2026-06-25,1.2590927640338132,0.0,0,prime
2026-06-25,-1.2518083997353928,0.0,0,prime
2026-06-25,0.6413522910799003,0.1251389965700947,0,prime
2026-06-25,0.4868197711038113,0.03836354574305603,0,prime
2026-06-25,-1.1592296953325227,0.07766711876486654,0,prime
2026-06-25,2.446782481192913,0.02028248537599721,0,prime
2026-06-25,0.34730598402836466,0.9489849951294395,1,prime
2026-06-25,0.09486223415239657,1.0,1,prime
2026-06-25,0.08111234473288623,1.0,1,subprime
2026-06-25,-0.5317610401802841,1.0,1,prime
2026-06-25,0.2260779950856931,1.0,1,prime
2026-06-25,-0.5738314005728672,0.010231845861821562,0,prime
2026-06-25,0.2852306944628645,0.0,0,prime
2026-06-25,1.6933587215175738,0.8187791613020348,1,prime
2026-06-25,1.2165802201083922,1.0,1,prime
2026-06-25,-0.05290815617297557,0.012538850005370902,0,prime
2026-06-25,0.4222714138608217,0.0,0,prime
2026-06-25,-0.2573486756696951,0.8208096266267129,1,prime
2026-06-25,-0.6492166080945115,1.0,1,prime
2026-06-25,-0.7752688057452284,0.8877600229997684,1,prime
2026-06-25,0.7426055633533785,0.9666592298181204,1,prime
2026-06-25,0.9033352731596411,0.09581401365757458,0,prime
2026-06-25,0.2237266150757444,0.07289141359964815,0,prime
2026-06-25,1.0336854967920674,0.9367979940015951,1,subprime
2026-06-25,0.14515752996935127,0.1583342019730873,0,subprime
2026-06-25,0.6458217375006011,0.8799673988379856,1,prime
2026-06-25,-0.6301012880911556,0.15321404811149125,0,prime
2026-06-25,-0.276104670332522,0.1703902621723185,0,prime
2026-06-25,1.1969283599419505,0.16943378229149164,0,subprime
2026-06-25,2.069392442849932,0.0,0,prime
2026-06-25,-0.3639184413152541,1.0,1,prime
2026-06-25,0.6253445021311486,0.0,0,subprime
2026-06-25,0.07800274267279708,0.9559383954608013,1,prime
2026-06-25,0.2821337534514797,0.14706710931100958,0,subprime
2026-06-25,0.23537290197475738,0.9016012681266009,1,prime
2026-06-25,-0.6056295449220199,0.06399344531621927,0,subprime
2026-06-25,-0.38502418883945416,0.0,0,prime
2026-06-25,-0.10840449499584258,1.0,1,subprime
2026-06-25,-0.5666170662298172,0.7950331848836986,1,prime
2026-06-25,-0.4811694666851288,0.13292632205720034,0,prime
2026-06-25,-0.44966228278384784,0.0,0,prime
2026-06-25,-0.020263134827716415,0.9373726742237045,1,subprime
2026-06-25,1.2070499194407498,0.9758059639352441,1,prime
2026-06-25,-1.1956951455410072,0.8812809676544207,1,prime
2026-06-25,1.1479894101964745,0.17711796681581915,0,prime
2026-06-25,1.443146075051669,0.05622057197386131,0,prime
2026-06-25,0.5974309184089667,0.17047036040698832,0,subprime
2026-06-25,-1.4886733226631146,0.9514548707191238,1,prime
2026-06-25,0.16127731871032985,0.2074581636519923,0,prime
2026-06-25,1.1708660198484107,0.9663518649531844,1,subprime
2026-06-25,0.8244720678124839,0.7142432388099229,1,prime
2026-06-25,-0.1744619702382832,0.9729333214085122,1,prime
2026-06-25,0.8075068811438998,0.8499621786878868,1,subprime
2026-06-25,-0.022890767968262577,0.8805675848097653,1,prime
2026-06-25,0.02883250979106337,0.0312449842112545,0,prime
2026-06-25,-1.7275576711617366,1.0,1,prime
2026-06-25,-0.22452645846299527,0.974418288981696,1,subprime
2026-06-25,0.30983023717516667,0.036996435364776606,0,subprime
2026-06-25,-0.9846173617219038,0.9718013797703434,1,prime
2026-06-25,-0.6863732600988354,1.0,1,prime
2026-06-25,-0.5861087957897163,0.94306679463209,1,prime
2026-06-25,0.0827532047622797,0.9079183707107783,1,prime
2026-06-25,0.9399979049784181,0.08411123484067615,0,prime
2026-06-25,-1.920833854858955,0.15821317270838886,0,prime
2026-06-25,1.485604692982852,0.13270183817871353,0,prime
2026-06-25,-0.34628975895503855,0.0017140279027528585,0,prime
2026-06-25,0.7486460182239432,0.0,0,prime
2026-06-25,1.4611301618161334,0.1184370325524164,0,prime
2026-06-25,0.07832257176562758,0.07767357316709102,0,subprime
2026-06-25,0.4226041618722259,0.8837018739111742,1,prime
2026-06-25,1.745354222005644,0.8013771268936601,1,prime
2026-06-25,-1.2750877253159707,0.0,0,prime
2026-06-25,-2.4567107741442746,0.2614189952068784,0,prime
2026-06-25,-1.0234594566729023,0.0,0,prime
2026-06-25,1.3339339242962631,0.02744820166013339,0,prime
2026-06-25,1.4206511832857007,0.0,0,prime
2026-06-25,-0.3543471729071992,0.12172076294240702,0,prime
2026-06-25,1.0577490731726658,0.9652110644455634,1,subprime
2026-06-25,0.5772208750417943,0.10913434068658664,0,subprime
2026-06-25,0.5592753545563954,0.0454398436573057,0,prime
2026-06-25,-1.6307016715896785,0.10425007658810098,0,subprime
2026-06-25,-1.2451255034687292,0.8882148989408942,1,subprime
2026-06-25,0.785327350935384,0.010668497083205712,0,prime
2026-06-25,-2.258129229781855,0.0,0,subprime
2026-06-25,-0.22045054498503283,0.8969597444293856,1,subprime
2026-06-25,-0.46522144908255864,0.128741619066493,0,prime
2026-06-25,-0.9577185861559515,0.0,0,subprime
2026-06-25,0.47813450135936264,0.12688097899150375,0,prime
2026-06-25,0.8317304170316256,0.0,0,subprime
2026-06-25,0.7055348214064127,0.0,0,prime
2026-06-25,-1.007598989445077,0.05559259567169611,0,prime
2026-06-25,0.36968627178064467,0.0,0,prime
2026-06-25,-2.110046021703362,0.23779227586991122,0,subprime
2026-06-25,1.236944200293082,0.12345491587071968,0,prime
2026-06-25,1.8014753733848108,0.0,0,prime
2026-06-25,-0.2951385315045723,0.18424181239989798,0,prime
2026-06-25,-1.0944403122674364,0.0,0,prime
2026-06-25,0.7256533316788626,0.865382133845376,1,prime
2026-06-25,-1.1339229239335034,0.0,0,prime
2026-06-25,-1.5462553918643396,0.18600575018545082,0,subprime
2026-06-25,-1.5022206298690792,0.14077302643220257,0,prime
2026-06-25,-0.15176990337381108,0.9718259122428314,1,prime
2026-06-25,0.7113898929802562,0.8995353278881641,1,subprime
2026-06-25,-2.411485986365409,0.9404165897597557,1,subprime
2026-06-25,0.7716819676328994,0.07071882126646553,0,prime
2026-06-25,0.819198131143899,0.9299263333454202,1,prime
2026-06-25,1.469786720971029,0.008047947127219665,0,subprime
2026-06-25,-1.004363657929779,0.06456838807890841,0,prime
2026-06-25,-0.67276467719679,0.964353562926559,1,prime
2026-06-25,-0.06198730055372367,0.0,0,prime
2026-06-25,0.3374670470956909,0.09907051773489509,0,subprime
2026-06-25,-1.3896093028749845,0.9226659105588673,1,subprime
2026-06-25,-1.2787419773043613,0.9199492076934725,1,prime
2026-06-25,0.4992416877025593,0.8471457381636884,1,subprime
2026-06-25,-1.668567772961996,0.018997285898049762,0,subprime
2026-06-25,1.0286283191008552,1.0,1,subprime
2026-06-25,1.0695164669705024,1.0,1,prime
2026-06-25,1.0060437008570564,0.0,0,prime
2026-06-25,-0.8042451108212788,0.24456326903593914,0,prime
2026-06-25,-0.1918830837922288,0.08901395358542086,0,subprime
2026-06-25,0.9753436934220368,0.05519765689795554,0,prime
2026-06-25,1.127082133251231,0.0,0,prime
2026-06-25,0.43070053157179805,0.8210533410670026,1,prime
2026-06-25,0.9870614092308907,0.28729614765937217,0,subprime
2026-06-25,2.1711070492443567,0.0,0,subprime
2026-06-25,-1.1460900300743806,0.8521309361602362,1,prime
2026-06-25,-0.962709708589256,0.06951465135381846,0,subprime
2026-06-25,-1.5239402551875443,0.005798792639787109,0,prime
2026-06-25,-0.3741113185162045,0.9854608877458372,1,subprime
2026-06-25,-0.5801938616981136,1.0,1,subprime
2026-06-25,0.41791429911843153,1.0,1,prime
2026-06-25,-1.0077496093919869,0.0424899454046435,0,prime
2026-06-25,1.0443743875002844,0.06449268321623453,0,prime
2026-06-25,1.2954206481651056,0.00788672179718844,0,subprime
2026-06-25,-0.7908723687232957,0.11146861731208521,0,prime
2026-06-25,-0.6908497599647435,0.002144192898992807,0,subprime
2026-06-25,-0.78237981409121,0.016417644803326845,0,subprime
2026-06-25,-0.3036106702598022,0.0,0,subprime
2026-06-25,-0.4177186116524645,0.8033006386868593,1,subprime
2026-06-25,-1.255254412526695,0.9718147242045005,1,prime
2026-06-25,-0.5428847656388144,0.905422047915018,1,subprime
2026-06-25,-0.2734198028423815,0.9612870300930714,1,prime
2026-06-25,0.1928243046784012,0.0,0,prime
2026-06-25,1.3132542804067264,0.9127752593914835,1,subprime
2026-06-25,1.1758226256499988,1.0,1,prime
2026-06-25,0.1928113522092179,0.0,0,prime
2026-06-25,0.759456738636139,0.05096511750545619,0,prime
2026-06-25,0.19052427794654483,1.0,1,prime
2026-06-25,0.23590622855066237,0.0,0,subprime
2026-06-25,0.5671322133763127,0.9583518597075837,1,prime
2026-06-25,-0.13421982924732906,0.0,0,prime
2026-06-25,0.04513549116837901,0.08014233133772843,0,prime
2026-06-25,0.9037813168008026,0.32409443670407917,0,prime
2026-06-25,-0.3704890733584588,0.0,0,subprime
2026-06-25,1.7626010449469456,0.0,0,prime
2026-06-25,-1.6435053181639978,0.0,0,prime
2026-06-25,-1.380280072654678,0.0,0,prime
2026-06-25,-0.567149928543828,0.19258912834396533,0,prime
2026-06-25,0.2758620675755645,0.8446384354785319,1,prime
2026-06-25,0.07746359277883672,1.0,1,subprime
2026-06-25,0.1278015292581546,1.0,1,subprime
2026-06-25,-1.2987060875642709,0.0,0,prime
2026-06-25,1.4632818481870296,0.0,0,subprime
2026-06-25,-0.04878798292206175,0.08309217795155384,0,prime
2026-06-25,-0.2434625514763761,0.9824801782224566,1,subprime
2026-06-25,0.36207931619388256,0.0,0,subprime
2026-06-25,0.8606921438119569,0.1519786250449573,0,prime
2026-06-25,0.9814710667998947,0.8306081686554074,1,subprime
2026-06-25,-0.6795982354440069,0.0,0,prime
2026-06-25,-0.991781135071964,0.9106388451527839,1,prime
2026-06-25,0.9345217186854352,1.0,1,prime
2026-06-25,-0.18299310137138344,0.9080158797878717,1,prime
2026-06-25,-0.6428179768111869,0.0,0,subprime
2026-06-25,0.4767446760897241,0.7306729880542749,1,prime
2026-06-25,-1.3750786707973208,0.0,0,prime
2026-06-25,-0.48947443089209636,0.2524481889804526,0,subprime
2026-06-25,-1.1454475173235816,1.0,1,prime
2026-06-25,-0.9905859845560927,1.0,1,prime
2026-06-25,1.0489697971779237,0.08594084499293492,0,prime
2026-06-25,0.9270256475686058,0.030084222753825385,0,subprime
2026-06-25,0.11288420363053644,1.0,1,prime
2026-06-25,-0.29131969078366754,0.0,0,subprime
2026-06-25,-1.0622875011490267,0.9129582898946198,1,subprime
2026-06-25,-0.014538248832886878,0.8842457892905059,1,prime
2026-06-25,-1.214601868695501,1.0,1,prime
2026-06-25,-0.8979237477628307,0.0,0,prime
2026-06-25,-0.7113132584717162,0.21725973317387662,0,subprime
2026-06-25,0.3429666876098721,0.016125173550885448,0,prime
2026-06-25,-0.29721061090488843,1.0,1,prime
2026-06-25,1.354420059115471,0.8602214371435094,1,prime
2026-06-25,0.4831971950673457,0.1648405753245143,0,subprime
2026-06-25,-0.21087354696671234,0.9303087900834988,1,subprime
2026-06-25,-0.729490036341455,0.0,0,prime
2026-06-25,1.7895605499215639,0.0,0,prime
2026-06-25,-2.055611908728254,0.0,0,prime
2026-06-25,1.7773251699913548,0.09583246908685941,0,prime
2026-06-25,-0.3444433284070548,0.13464591120863556,0,subprime
2026-06-25,-0.7060108172790018,0.07809131993334337,0,prime
2026-06-25,0.25089137522020666,1.0,1,subprime
2026-06-25,0.1276047685528786,0.0,0,prime
2026-06-25,-1.018431551370186,0.046638464441017366,0,prime
2026-06-25,0.024358784689354995,0.8836238420141617,1,prime
2026-06-25,0.3168448435115277,0.0,0,subprime
2026-06-25,-1.0982246450109079,0.791464007655482,1,prime
2026-06-25,-1.0255696442069244,0.0,0,prime
2026-06-25,-0.27617110609412593,0.0,0,subprime
2026-06-25,-0.9373577873898948,0.028153273412612007,0,prime
2026-06-25,0.8810752626907656,0.10492859730643529,0,prime
2026-06-25,0.17962456373718805,0.8406554765028299,1,subprime
2026-06-25,0.7028181601723077,0.9844025152339722,1,prime
2026-06-25,2.029826916925928,0.2632154014050769,0,prime
2026-06-25,-1.6919173746729692,0.8397723634002952,1,prime
2026-06-25,-1.7558438841031627,0.0,0,prime
2026-06-25,-2.1860399939147053,0.9440348665445675,1,subprime
2026-06-25,-0.8397709800709318,0.9236123636718648,1,prime
2026-06-25,-0.14831413787185685,0.9116941339749205,1,subprime
2026-06-25,0.03378201913766816,1.0,1,prime
2026-06-25,0.6250314281603727,1.0,1,prime
2026-06-25,0.944155259356331,0.186416285565609,0,prime
2026-06-25,-0.9961536843433633,0.010014594237092354,0,prime
2026-06-25,-1.738791376710743,0.16619961067959507,0,prime
2026-06-25,-0.8676216971552626,0.15906054060247685,0,prime
2026-06-25,3.065559966261948,0.8122752333884878,1,subprime
2026-06-25,1.1117518737642802,0.9681789080506013,1,subprime
2026-06-25,0.8357112377502408,0.9156324048778642,1,prime
2026-06-25,-0.06519436435086282,0.9221655163817996,1,subprime
2026-06-25,1.7106845131015538,0.0,0,subprime
2026-06-25,-0.3146232364380179,0.0,0,prime
2026-06-25,1.9724613161149087,0.8986569851408908,1,prime
2026-06-25,-0.47795674124613735,0.9479697181087092,1,prime
2026-06-25,1.8057475679204604,0.08297937187612997,0,prime
2026-06-25,-1.5015645216407476,1.0,1,prime
2026-06-25,-0.3297604847580237,0.03157314047229312,0,prime
2026-06-25,1.4109938096928736,0.061048970458861186,0,prime
2026-06-25,1.1262679104376703,0.18973570412268964,0,subprime
2026-06-25,0.17822959985219394,0.0,0,subprime
2026-06-25,-0.05168434921680676,0.052763712483205084,0,prime
2026-06-25,-1.0397922473077272,1.0,1,prime
2026-06-25,-0.21023089484208377,0.014261531484320668,0,prime
2026-06-25,0.9151584626354297,0.13414784444898403,0,prime
2026-06-25,0.387878646504839,0.903237224130339,1,prime
2026-06-25,0.2855557073076672,0.08006404966618143,0,prime
2026-06-25,0.6456433067276326,0.0,0,prime
2026-06-25,0.6743654753303239,0.0,0,subprime
2026-06-25,-0.42044847506451416,0.8491123220214064,1,subprime
2026-06-25,-0.11485892966861953,0.0,0,prime
2026-06-25,-1.3452144931878234,0.10892121754755302,0,subprime
2026-06-25,-0.9885710197044475,0.03735583552244629,0,subprime
2026-06-25,0.822038134661683,0.9933228807646105,1,prime
2026-06-25,-0.1533315458604877,0.7341466085426973,1,prime
2026-06-25,-0.8715947209503508,0.9648795440986369,1,subprime
2026-06-25,0.2623953204481616,1.0,1,subprime
2026-06-25,2.2960740764713625,0.9761489181640626,1,prime
2026-06-25,-3.1562781783800924,0.8048497780796874,1,prime
2026-06-25,0.8041165719687692,0.03623693799996148,0,prime
2026-06-25,1.6734856352775573,0.9541038359634525,1,prime
2026-06-25,0.9827211509341108,0.7669031454876862,1,subprime
2026-06-25,0.10606383082840987,0.8993320385130078,1,subprime
2026-06-25,1.2219894918347785,0.8300897259419013,1,subprime
2026-06-25,0.10151947702293553,1.0,1,subprime
2026-06-25,-1.351321069148483,0.1006741525460636,0,subprime
2026-06-25,1.059124535101786,0.7803949224695992,1,prime
2026-06-25,-2.4302964743834004,0.9436936525286218,1,prime
2026-06-25,-1.45049792612424,1.0,1,prime
2026-06-25,0.6361206201605047,0.0,0,prime
2026-06-25,1.3079785453566024,0.09566173177562881,0,prime
2026-06-25,-1.0304614122827223,1.0,1,subprime
2026-06-25,0.10097777304174224,1.0,1,prime
2026-06-25,0.18886238728440624,0.8655350987513359,1,subprime
2026-06-25,0.04454580008514614,0.9203011787857284,1,prime
2026-06-25,-1.3733194924676964,0.1362804944084533,0,prime
2026-06-25,0.37718442779741723,0.9927429784838987,1,prime
2026-06-25,-0.09654024044704744,0.9182582789965823,1,prime
2026-06-25,-0.08743177926376788,0.1156560799941182,0,subprime
2026-06-25,-1.1644308712420115,0.8231333560168239,1,subprime
2026-06-25,0.26420108711186235,0.14945487631573134,0,subprime
2026-06-25,-0.08494458999809863,0.9574243310303127,1,prime
2026-06-25,0.8515817196224268,0.21515649427953237,0,subprime
2026-06-25,-0.10476083432071119,1.0,1,prime
2026-06-25,-0.42491465588526384,0.08056165933176776,0,prime
2026-06-25,-1.3693158448291558,0.0,0,prime
2026-06-25,0.4440595963423929,0.0,0,subprime
2026-06-26,1.3799116353125225,1.0,1,subprime
2026-06-26,-0.24826860155001212,0.20766877238034048,0,prime
2026-06-26,0.17648589817464755,0.0,0,prime
2026-06-26,-1.291384803003767,0.19418696082568557,0,prime
2026-06-26,-1.7964414462970713,0.3893206868528904,0,prime
2026-06-26,-1.7826558886621975,1.0,1,prime
2026-06-26,-0.45282555695173177,1.0,1,subprime
2026-06-26,-0.2851540758264634,1.0,1,subprime
2026-06-26,0.21138702557237649,0.0,0,prime
2026-06-26,-1.456855066039408,0.9178491358209749,1,prime
2026-06-26,-0.3882990546235119,0.9526556285361819,1,subprime
2026-06-26,-1.5606939871174315,0.9891059938070808,1,prime
2026-06-26,-0.6902430496329083,0.00011330973788239301,0,prime
2026-06-26,0.7722141637825615,0.0,0,subprime
2026-06-26,1.5338739952889986,0.0,0,prime
2026-06-26,0.4131705045339013,0.8860040522518969,1,prime
2026-06-26,-0.07748883889716651,0.8833995427294998,1,subprime
2026-06-26,-0.5753268257770502,0.11400992060371172,0,subprime
2026-06-26,1.6479967338239798,1.0,1,prime
2026-06-26,-0.11976743110685917,1.0,1,prime
2026-06-26,-0.7604747879900776,1.0,1,prime
2026-06-26,0.9410568053221745,0.05941525110064734,0,subprime
2026-06-26,-2.324254140061615,0.9311839479843871,1,prime
2026-06-26,0.9111982394417499,0.9902038070043014,1,prime
2026-06-26,-1.9057504237989924,0.9194578523487146,1,subprime
2026-06-26,-0.3514366172154872,0.6514199254669026,1,subprime
2026-06-26,0.5717636377521961,1.0,1,prime
2026-06-26,-0.5468131400867458,0.0,0,prime
2026-06-26,0.008236715658722072,0.8579299099047234,1,prime
2026-06-26,-0.1449647767925778,0.2164566822316353,0,prime
2026-06-26,0.3290122488500053,0.9441992383400913,1,prime
2026-06-26,-0.19021884243046372,0.8948348248219548,1,subprime
2026-06-26,1.9931286934976837,1.0,1,subprime
2026-06-26,-0.7178805631364699,0.06109831248142787,0,prime
2026-06-26,-2.5360839226326046,0.7217762077328843,1,prime
2026-06-26,1.6739047638532378,0.9875973481395198,1,prime
2026-06-26,1.9261645908495673,0.9087491938130347,1,prime
2026-06-26,0.5616508760807138,0.0,0,prime
2026-06-26,-1.0849144837611195,0.9180783831383141,1,prime
2026-06-26,-0.23356086741388743,0.9317393929988476,1,prime
2026-06-26,-0.848826875898506,0.8612447510578727,1,prime
2026-06-26,-0.18592637542102064,0.0,0,prime
2026-06-26,0.8667804725873616,0.9457399636182232,1,subprime
2026-06-26,-0.9218812278906953,0.0,0,prime
2026-06-26,0.25032001426683714,0.08165591572402012,0,prime
2026-06-26,1.7331018386077466,0.2011682385901147,0,subprime
2026-06-26,-1.2890703265090533,0.0263433957305183,0,prime
2026-06-26,0.46769747780288373,0.188891717647273,0,subprime
2026-06-26,0.44790239600629983,0.86423920847298,1,prime
2026-06-26,1.3046848387934071,0.11243202000781166,0,subprime
2026-06-26,2.34419016902134,0.9617148639485619,1,prime
2026-06-26,-1.4641446494512074,0.2299325542505103,0,subprime
2026-06-26,0.35731935098271844,0.0,0,prime
2026-06-26,-0.403084757610377,1.0,1,prime
2026-06-26,0.17670680963341243,0.10548286084387942,0,prime
2026-06-26,0.7251188256837034,0.19088858594715777,0,prime
2026-06-26,-0.2991795303570962,1.0,1,prime
2026-06-26,0.6963771177569033,0.8385361168523342,1,prime
2026-06-26,-0.8137124183211497,0.9475761174135795,1,prime
2026-06-26,0.40910706862732693,0.9076640447033109,1,subprime
2026-06-26,-0.689355954465376,0.15777199442638795,0,subprime
2026-06-26,0.5226865657372626,0.9892662173951432,1,subprime
2026-06-26,-0.16242652626143347,0.1447183855324762,0,subprime
2026-06-26,-0.7003359207129027,0.08250118012795166,0,prime
2026-06-26,-1.7043393959904123,0.0296650086158491,0,prime
2026-06-26,-1.1012669311444292,0.07539672940270162,0,prime
2026-06-26,-0.28982944218027906,0.023798548074878006,0,prime
2026-06-26,0.8721395905673633,0.8823447313706771,1,subprime
2026-06-26,-0.33641970021798095,1.0,1,subprime
2026-06-26,-0.4420687417563684,0.0,0,prime
2026-06-26,1.5647947906535111,0.951949480968835,1,prime
2026-06-26,0.18287593061681254,0.0,0,subprime
2026-06-26,-0.8883582859532336,0.8869596683871304,1,prime
2026-06-26,0.17485330503702778,0.9120428145845506,1,prime
2026-06-26,-1.7427068904901226,0.0,0,prime
2026-06-26,0.8374141671148925,0.0,0,prime
2026-06-26,0.8324742653441302,0.852884129254095,1,prime
2026-06-26,0.7213098298434072,0.1768485155259578,0,prime
2026-06-26,-1.0091662830501262,1.0,1,subprime
2026-06-26,0.26416517073475143,1.0,1,subprime
2026-06-26,0.905291343128376,0.11399229775458769,0,prime
2026-06-26,0.5824337129159929,0.8106465571488893,1,subprime
2026-06-26,0.08606692173854517,0.06835197294334844,0,prime
2026-06-26,2.6698623480970403,1.0,1,prime
2026-06-26,-0.11598512446594958,0.9796781965171056,1,subprime
2026-06-26,-0.629893640781859,0.0,0,prime
2026-06-26,-1.1450917895646195,1.0,1,prime
2026-06-26,0.7727936445532279,1.0,1,subprime
2026-06-26,-0.6148569733417293,0.09010308391607516,0,subprime
2026-06-26,1.029520741774693,0.951624850177043,1,prime
2026-06-26,0.6257743907162354,0.037794727954455376,0,prime
2026-06-26,0.5390101855976864,0.992584274565254,1,prime
2026-06-26,0.5827478488966645,1.0,1,prime
2026-06-26,1.2586395365763383,1.0,1,prime
2026-06-26,-0.2118147077013489,0.0,0,prime
2026-06-26,2.3538305197146907,0.8233710032851792,1,prime
2026-06-26,-2.02334195802804,0.8232119113005055,1,prime
2026-06-26,2.509048786586253,0.9898229656113989,1,subprime
2026-06-26,1.3261004112986323,0.004847719800956801,0,prime
2026-06-26,1.088988544540471,1.0,1,subprime
2026-06-26,-0.016524108470680268,1.0,1,subprime
2026-06-26,-0.43906874523508505,0.9394093955618072,1,prime
2026-06-26,-0.010604124260274418,0.040473580648753456,0,prime
2026-06-26,-0.1975797379333324,0.24282472369992486,0,prime
2026-06-26,-1.7575939767904438,0.0,0,prime
2026-06-26,-0.056154023797468366,0.23481570472447935,0,prime
2026-06-26,-0.15062965626032304,0.9708243280263239,1,prime
2026-06-26,0.9094182374012466,0.0,0,prime
2026-06-26,1.770298601452802,0.011876100179312989,0,prime
2026-06-26,1.1273421953619795,1.0,1,prime
2026-06-26,-1.743867281422168,0.19329808738240906,0,prime
2026-06-26,0.47177118942447693,0.01648748495242986,0,prime
2026-06-26,-1.0573237548111902,0.792265186100271,1,prime
2026-06-26,-2.047592597305693,0.05120147506241323,0,prime
2026-06-26,-2.1066288882751114,1.0,1,subprime
2026-06-26,0.8680199641624284,0.9786844012872187,1,prime
2026-06-26,0.8245395851524101,0.08209913993650511,0,prime
2026-06-26,-0.2289482999876572,0.049373352626000934,0,prime
2026-06-26,-0.49067138921441805,1.0,1,prime
2026-06-26,0.641429832402361,0.7850368020234216,1,prime
2026-06-26,-0.05036066466149502,0.15970618102200757,0,prime
2026-06-26,-0.14997834273919478,0.7305302940749433,1,subprime
2026-06-26,0.5168474348489805,0.0,0,subprime
2026-06-26,-0.26044436958489126,0.9766872078715313,1,subprime
2026-06-26,-0.7904730082529023,0.34323164218069574,0,subprime
2026-06-26,-0.8462877576015787,0.9998748773453268,1,prime
2026-06-26,0.0699072839969484,0.0954413242203975,0,prime
2026-06-26,0.6756541485627046,0.8116036017247251,1,subprime
2026-06-26,0.35752652745195895,0.8638228176300998,1,prime
2026-06-26,0.5442705701005988,0.9909022418681988,1,prime
2026-06-26,0.884989159810641,0.91970005281291,1,prime
2026-06-26,-1.2405756638482164,0.8574456525968657,1,subprime
2026-06-26,1.3168970344058,1.0,1,prime
2026-06-26,0.6666929252822171,0.9325533964519295,1,prime
2026-06-26,-1.4094063145411708,0.0,0,subprime
2026-06-26,0.26238487061231075,0.8974362282489836,1,subprime
2026-06-26,-0.6294722657024937,0.02860890219420289,0,subprime
2026-06-26,-1.0295752256608688,0.9023700549754616,1,prime
2026-06-26,-0.15677131183075985,0.0,0,subprime
2026-06-26,-0.2649174187317694,1.0,1,subprime
2026-06-26,-0.5432751307592346,0.7972632033141229,1,subprime
2026-06-26,-0.5942568887977424,0.024494651783376845,0,prime
2026-06-26,0.5822219562775572,0.23901594084549266,0,prime
2026-06-26,-0.9671538424948679,0.0,0,subprime
2026-06-26,-0.20935340311637204,1.0,1,prime
2026-06-26,-1.675986229790933,0.8391420751435982,1,subprime
2026-06-26,0.05282824269862476,0.314533845653861,0,prime
2026-06-26,-0.45069901989330524,0.8793541097520667,1,prime
2026-06-26,0.6088962824323324,1.0,1,subprime
2026-06-26,-0.3922892082102032,0.16758211876357648,0,subprime
2026-06-26,-1.0310673130960388,1.0,1,prime
2026-06-26,1.858457198291864,0.08411960227865006,0,prime
2026-06-26,-0.018839811569452122,0.7944658979153312,1,prime
2026-06-26,0.7643185386209105,0.0,0,prime
2026-06-26,1.8093013788044479,0.0,0,subprime
2026-06-26,1.6737162064153026,0.031609872380872844,0,prime
2026-06-26,-0.9708822864843841,1.0,1,subprime
2026-06-26,0.22777244225325172,0.9478892813451307,1,prime
2026-06-26,1.5370408016595805,0.8916977424462225,1,subprime
2026-06-26,-1.370336855478682,0.8531168981020417,1,subprime
2026-06-26,2.3492280245847423,0.11731373350009956,0,prime
2026-06-26,-2.1363579836778186,0.9267941130243827,1,prime
2026-06-26,0.05763492885848952,0.091773816170287,0,prime
2026-06-26,-0.9501680131265431,0.014752672846838746,0,prime
2026-06-26,-0.18016900576034084,0.1322370286641754,0,subprime
2026-06-26,0.5179559397647722,0.14590663364607437,0,prime
2026-06-26,-0.05492046919840696,0.04314227018153227,0,subprime
2026-06-26,0.5678718030915921,0.00491649487781131,0,prime
2026-06-26,-1.3996985753879785,0.021475622074208445,0,subprime
2026-06-26,0.04816650295638294,0.09392302873887551,0,prime
2026-06-26,-1.445143558006522,0.8777216902443302,1,prime
2026-06-26,1.240861497827108,0.8668548436003101,1,subprime
2026-06-26,1.336855761896161,0.11617990133084559,0,prime
2026-06-26,-0.6388334551474715,1.0,1,subprime
2026-06-26,0.06598302575155422,0.14106388816831122,0,prime
2026-06-26,-0.28116622332043156,0.9027179366970179,1,prime
2026-06-26,-1.1643591731660257,0.10834411438742128,0,prime
2026-06-26,-0.6967072545279102,0.9816375446282392,1,subprime
2026-06-26,-1.0893673312632801,0.0,0,prime
2026-06-26,-1.634740059470333,0.0,0,subprime
2026-06-26,0.8124247257124799,0.025044685866040514,0,prime
2026-06-26,-1.6856925773964242,0.06874462227273731,0,prime
2026-06-26,-1.7393814327800918,0.9722816799258671,1,prime
2026-06-26,-0.4611749703325399,0.10139682397660166,0,subprime
2026-06-26,0.21296209701742572,0.020951470669853433,0,prime
2026-06-26,-0.46940963061593555,0.0,0,prime
2026-06-26,-0.5765280309370889,0.10710458408014267,0,prime
2026-06-26,0.5402510277584202,0.0,0,prime
2026-06-26,0.30802190763887394,1.0,1,subprime
2026-06-26,1.473730600869987,0.0,0,prime
2026-06-26,0.46134713934278443,1.0,1,subprime
2026-06-26,-0.3899303871303875,0.7936717478444595,1,prime
2026-06-26,-0.23957521517032068,1.0,1,prime
2026-06-26,0.5786949823593489,0.8709006521129667,1,subprime
2026-06-26,-0.5109323145286232,0.9828649199355927,1,prime
2026-06-26,-0.9267886986318407,1.0,1,subprime
2026-06-26,0.2971311986368838,1.0,1,prime
2026-06-26,-1.8346595208092973,0.7231568548668786,1,prime
2026-06-26,0.46629544455156985,0.9671643120381361,1,prime
2026-06-26,-0.4592226896519588,0.06520536232708525,0,subprime
2026-06-26,0.39106999229065625,0.9678123443116221,1,prime
2026-06-26,0.4327475002853144,0.037906387755087416,0,prime
2026-06-26,1.2688003335270792,0.0,0,subprime
2026-06-26,0.5742516257920818,1.0,1,prime
2026-06-26,-0.17331391207617153,0.09095927560916676,0,prime
2026-06-26,-0.9558497416672233,0.1293358413108237,0,prime
2026-06-26,-1.7979512077352804,1.0,1,prime
2026-06-26,0.19833156219487189,0.918377793057812,1,subprime
2026-06-26,-0.5464234262243739,0.14262000201681707,0,subprime
2026-06-26,-1.4380423644900031,0.0881003494165152,0,prime
2026-06-26,0.09000182022295247,0.017497418451656033,0,prime
2026-06-26,-0.35260355944270394,0.9830858519473867,1,subprime
2026-06-26,-0.6647300696465801,0.7703585814487557,1,prime
2026-06-26,1.2909014564584838,0.011126209853130405,0,prime
2026-06-26,1.3973869211363554,0.0,0,prime
2026-06-26,0.41126731776900916,0.011700279445382517,0,subprime
2026-06-26,0.5896089176460249,0.0,0,subprime
2026-06-26,0.3631723128248467,0.0,0,prime
2026-06-26,-1.9783565151968463,0.04679173949997938,0,subprime
2026-06-26,-0.07724900778709753,0.19070568099434917,0,prime
2026-06-26,1.2193333565789788,0.007230458264781733,0,prime
2026-06-26,-1.7903203405296437,0.03996458686380071,0,subprime
2026-06-26,-1.6318840555441414,1.0,1,prime
2026-06-26,-0.8234062115326382,0.9607232703105228,1,prime
2026-06-26,-0.6812326716089379,0.0,0,prime
2026-06-26,-2.8092446251106815,0.021748552370388384,0,prime
2026-06-26,0.3229974588310128,1.0,1,prime
2026-06-26,1.3521164895960491,0.0,0,prime
2026-06-26,1.8973331227136196,1.0,1,prime
2026-06-26,-0.28778131277156377,0.0,0,prime
2026-06-26,0.5210516729564518,0.10453731696799876,0,subprime
2026-06-26,-0.5774427756275977,0.0,0,subprime
2026-06-26,0.6026597304833274,1.0,1,prime
2026-06-26,-0.8194706843253424,0.006688067369390455,0,subprime
2026-06-26,0.45125991950303396,0.027841847335281642,0,prime
2026-06-26,-1.1768852284005225,0.056103892405999195,0,prime
2026-06-26,-2.2796567500797105,0.7773906596839683,1,prime
2026-06-26,-0.3984407410743881,1.0,1,prime
2026-06-26,0.45455106774622733,0.9700547348210375,1,prime
2026-06-26,-1.1542740161770368,0.16098271614296134,0,prime
2026-06-26,-1.540928812947376,0.8888346715884662,1,subprime
2026-06-26,0.7290616150379864,0.0,0,prime
2026-06-26,0.9571760159595158,0.0,0,prime
2026-06-26,-0.6265981228936784,0.11151193669871076,0,prime
2026-06-26,-1.390481217474575,0.0,0,prime
2026-06-26,-0.6775107654510238,0.045807978199000884,0,subprime
2026-06-26,-1.0779987861717029,0.906078707433329,1,subprime
2026-06-26,-1.0757730008208175,0.9200035784633442,1,prime
2026-06-26,0.03437875245315529,0.21989908994625565,0,prime
2026-06-26,-0.3284870706556169,1.0,1,subprime
2026-06-26,0.16747520555746478,0.0651812670931971,0,subprime
2026-06-26,0.35774619258477375,0.06746715647053049,0,prime
2026-06-26,-1.6150529379367613,0.7635317051546975,1,prime
2026-06-26,-1.587490952817489,1.0,1,subprime
2026-06-26,0.7070688733161667,0.03828702227103715,0,prime
2026-06-26,0.6487719332800737,0.13933875515640926,0,prime
2026-06-26,1.690955975728982,1.0,1,prime
2026-06-26,0.3438212033640558,0.0,0,prime
2026-06-26,0.9656884737951176,0.8069628825787862,1,subprime
2026-06-26,1.1363729526938542,0.91642252369879,1,prime
2026-06-26,-2.4049120944194415,0.9374057906040462,1,subprime
2026-06-26,-0.32845892252809333,1.0,1,prime
2026-06-26,0.19030802792866053,0.0,0,prime
2026-06-26,-0.057973364438640554,0.8523646576116573,1,prime
2026-06-26,-0.7738487429172828,0.0,0,subprime
2026-06-26,-1.1533530601202262,0.0,0,prime
2026-06-26,0.8565454767152944,0.21736377122539483,0,prime
2026-06-26,1.3056155163591885,0.995303663195801,1,prime
2026-06-26,-0.24888276950556018,0.9559923970412105,1,prime
2026-06-26,-0.9213989341692284,0.0,0,prime
2026-06-26,0.4690599740899803,0.7015063979084243,1,prime
2026-06-26,0.45720847473475795,0.1069224330758804,0,prime
2026-06-26,-1.7917701736272424,0.9113203252201787,1,subprime
2026-06-26,1.2194654641158091,0.0,0,prime
2026-06-26,1.0631415266473454,0.022365235058406888,0,subprime
2026-06-26,-0.396752504176781,0.9978199186127537,1,prime
2026-06-26,0.4805920972895725,1.0,1,prime
2026-06-26,0.2595614556000314,0.9251737390581632,1,prime
2026-06-26,0.5601902720929351,0.0,0,prime
2026-06-26,-1.0038073063797195,0.9231250283247011,1,prime
2026-06-26,-0.6366908024273519,0.0,0,prime
2026-06-26,0.3183346155804172,0.11209910066095688,0,prime
2026-06-26,0.5819952717606977,0.00206018921314146,0,prime
2026-06-26,0.6806731823137915,1.0,1,subprime
2026-06-26,-0.06152451817629285,0.767899478809626,1,prime
2026-06-26,-0.9084977705208267,0.0,0,prime
2026-06-26,0.1907170594905235,0.0,0,subprime
2026-06-26,-2.009786125798035,0.0,0,subprime
2026-06-26,0.04088131533108734,0.027191837555248295,0,subprime
2026-06-26,1.0903408422328904,0.9576260179900611,1,prime
2026-06-26,0.9208209609796223,0.0,0,prime
2026-06-26,0.12444664974675354,0.0,0,prime
2026-06-26,0.4457630863604599,0.0018200265511830876,0,prime
2026-06-26,-0.5263362955309756,0.7819124484694135,1,prime
2026-06-26,0.7145579623262244,0.8995081056797618,1,prime
2026-06-26,0.505972240747258,0.0,0,subprime
2026-06-26,-1.3356603728352223,1.0,1,prime
2026-06-26,-0.9992874666067345,0.11472179837907445,0,prime
2026-06-26,1.2570909618041497,0.9969716415853633,1,prime
2026-06-26,-1.2589629581291193,0.9876836089839647,1,subprime
2026-06-26,-1.984849686811713,0.03620384216893452,0,prime
2026-06-26,-0.3037572935465135,0.3164653784876569,0,subprime
2026-06-26,0.4091615669948011,0.8520516541063592,1,prime
2026-06-26,0.4117265118664401,0.9035515129859579,1,prime
2026-06-26,-2.3492997074893087,0.06866563594583924,0,prime
2026-06-26,-2.0866625102671383,0.0,0,prime
2026-06-26,0.2370232750973822,0.9122595435638837,1,prime
2026-06-26,1.974830742340954,0.8739233311966779,1,prime
2026-06-26,-0.5862025020170393,0.0,0,prime
2026-06-26,0.715364367349301,1.0,1,subprime
2026-06-26,0.3666591523213099,1.0,1,prime
2026-06-26,1.1421512340941025,0.11393150449052335,0,subprime
2026-06-26,-1.092580436561926,0.009080689010293075,0,subprime
2026-06-26,0.529238712182824,1.0,1,prime
2026-06-26,1.26513470783472,0.08101781924726181,0,subprime
2026-06-26,-0.6259831617397564,0.0,0,subprime
2026-06-26,1.5128277435175306,0.9684967675713102,1,prime
2026-06-26,0.36045893491979675,1.0,1,subprime
2026-06-26,-1.178247739009776,0.8452823439555729,1,prime
2026-06-26,0.8280235205215525,0.0,0,prime
2026-06-26,0.7070437381233832,0.0,0,subprime
2026-06-26,0.9498707407258116,0.8829481881961587,1,prime
2026-06-26,-1.5110680768167735,1.0,1,prime
2026-06-26,-0.5265707700347338,0.1807794383451297,0,prime
2026-06-26,-0.0906855407691562,0.012746647974102195,0,prime
2026-06-26,-0.28640411569779267,0.04225319790331782,0,prime
2026-06-26,-0.35721217664533417,1.0,1,subprime
2026-06-26,0.19781536662713553,0.023699151233895446,0,subprime
2026-06-26,-0.8930323233177182,0.14815522750424795,0,prime
2026-06-26,-0.19699816038136483,0.8243286636315059,1,subprime
2026-06-26,-0.047102031065525,0.0,0,prime
2026-06-26,0.5006263593359926,0.8533230844245218,1,prime
2026-06-26,0.03787070462866314,1.0,1,prime
2026-06-26,-0.30705329138535953,0.046723494059378944,0,prime
2026-06-26,-0.6874202698248296,0.11547556421899428,0,prime
2026-06-26,-1.6127527681848741,0.9579349043726488,1,prime
2026-06-26,0.8074589309887626,0.8431287017433847,1,prime
2026-06-26,1.0504180158084306,0.028101555049061734,0,subprime
2026-06-26,-0.04092021633702305,0.06260399429336533,0,subprime
2026-06-26,-0.4289653622137515,0.0,0,prime
2026-06-26,-0.26486316692182305,0.09733927706622666,0,subprime
2026-06-26,2.0460919674376674,0.9137420327691977,1,prime
2026-06-26,0.16789664853970646,0.9423977574208792,1,subprime
2026-06-26,1.9048250726089833,0.11515620732110916,0,subprime
2026-06-26,0.6586024375476486,0.2156799514299358,0,prime
2026-06-26,-0.9318539759556613,0.710973257856378,1,prime
2026-06-26,-0.2261942612660242,0.08753313927849249,0,prime
2026-06-26,-0.3724072150211092,1.0,1,prime
2026-06-26,-0.18458868765283404,0.927761731956404,1,prime
2026-06-26,0.13946599496647138,1.0,1,prime
2026-06-26,-0.1368735070769533,0.9091943631058484,1,prime
2026-06-26,0.5199166099583186,0.15172287374612445,0,prime
2026-06-26,0.6972025540508073,0.8463537971373335,1,prime
2026-06-26,0.9695684655365605,0.9039835048408497,1,subprime
2026-06-26,0.010186049099248024,0.9230900696579127,1,prime
2026-06-26,0.8973339537571793,0.05165558962642762,0,prime
2026-06-26,-0.4746471367404453,0.023514565335349256,0,prime
2026-06-26,-1.56350009055995,0.8511937378422544,1,prime
2026-06-26,0.10942627638391095,0.11341181839175556,0,prime
2026-06-26,1.2875066613539576,0.0,0,subprime
2026-06-26,0.17143094619017737,0.05386019944846729,0,prime
2026-06-26,-0.8273238432420547,1.0,1,prime
2026-06-26,1.5929697428955958,1.0,1,prime
2026-06-26,-0.9430693688633137,0.0,0,subprime
2026-06-26,0.3318642929244272,1.0,1,prime
2026-06-26,-0.2796828669325244,0.9789843969726514,1,prime
2026-06-26,-1.9175875980394805,0.011984836277740663,0,prime
2026-06-26,0.7741236694323815,0.0,0,subprime
2026-06-26,-1.5413118758255637,0.21458317716241895,0,subprime
2026-06-26,-0.37200833834281644,1.0,1,prime
2026-06-26,1.9826407784871583,0.9433566655493871,1,subprime
2026-06-26,1.648347017741433,0.7450414012159621,1,prime
2026-06-26,0.06840962450570977,0.02849952298726778,0,subprime
2026-06-26,-0.8495368610920058,0.9403144599610501,1,prime
2026-06-26,1.3165211676266644,0.0,0,subprime
2026-06-26,-0.5934384188148178,0.0,0,subprime
2026-06-26,-0.19194960971347155,0.0,0,prime
2026-06-26,-0.536924568030293,0.7781888177157291,1,prime
2026-06-26,-1.2525641879001552,0.8972497676523866,1,prime
2026-06-26,-0.06491237950786471,0.08877086537684006,0,prime
2026-06-26,1.109196513779272,1.0,1,prime
2026-06-26,-0.12319318863502243,0.006593151907471603,0,prime
2026-06-26,-1.3332649594721484,1.0,1,subprime
2026-06-26,0.3632362119595994,0.11319399271782034,0,prime
2026-06-26,-0.5051743128313302,0.0,0,prime
2026-06-26,0.32949042026375985,0.008616604909996238,0,subprime
2026-06-26,-0.16403522553861738,0.0,0,subprime
2026-06-26,0.24199466187507973,0.0,0,subprime
2026-06-26,0.3712447299006516,0.9894900256024332,1,prime
2026-06-26,-1.1276769462242189,0.9782128920359783,1,prime
2026-06-26,-0.5094060730970861,0.7467335898005031,1,prime
2026-06-26,-0.2807099670803007,1.0,1,subprime
2026-06-26,1.2439413402425399,0.9512845968529487,1,subprime
2026-06-26,-1.0508089992572125,1.0,1,subprime
2026-06-26,-0.40838410229852523,0.761094772101544,1,prime
2026-06-26,0.6731612480973012,0.8782929645254745,1,prime
2026-06-26,-0.7338311160371578,0.0,0,prime
2026-06-26,-0.4631688412444878,0.13545508677079493,0,prime
2026-06-26,0.5483038478826384,0.9283526143951744,1,prime
2026-06-26,0.2755106935971134,1.0,1,subprime
2026-06-27,-0.48071985560505065,0.06298103625476767,0,prime
2026-06-27,-0.7203248636454969,0.0,0,subprime
2026-06-27,0.9910339828813381,0.0,0,prime
2026-06-27,0.9852874508602163,0.16738758752646116,0,prime
2026-06-27,0.06646939919923944,0.17336394699123242,0,prime
2026-06-27,-0.8159236365856307,0.10393271883200098,0,subprime
2026-06-27,0.2049895448737505,0.8692693746522951,1,prime
2026-06-27,-1.9041043878300117,0.15444755969471324,0,prime
2026-06-27,-1.2123999216531935,0.7946702734101837,1,subprime
2026-06-27,-0.258143967156412,0.0058363035332379964,0,prime
2026-06-27,0.6706986577017429,0.9958653593457679,1,prime
2026-06-27,0.6441973664625659,0.1144573477466381,0,prime
2026-06-27,-0.007912219637826009,0.0,0,prime
2026-06-27,1.170101881435697,0.0,0,prime
2026-06-27,0.991003553834985,0.015832939241331147,0,subprime
2026-06-27,-1.0918965613942766,0.15849218725044611,0,prime
2026-06-27,-0.6111007622861362,0.11361470621643098,0,prime
2026-06-27,-1.3032672398504053,0.9847121809207577,1,prime
2026-06-27,-0.8113913866674968,0.12441937588660333,0,prime
2026-06-27,0.483067403240895,0.0,0,prime
2026-06-27,-0.6876108897865468,1.0,1,subprime
2026-06-27,0.05344217291764008,1.0,1,prime
2026-06-27,-0.7549798913383474,0.8695191351439939,1,prime
2026-06-27,-0.14893973580829253,0.9403568009110106,1,prime
2026-06-27,0.1670629809265563,0.9101363791965206,1,prime
2026-06-27,0.8948194764218059,0.9038308061026763,1,prime
2026-06-27,-0.728094737389879,0.0,0,subprime
2026-06-27,0.13677074516381,0.07466036299470492,0,prime
2026-06-27,-0.7707902205299886,0.050316121306815204,0,prime
2026-06-27,0.09917452805693559,0.28571597371803836,0,prime
2026-06-27,-0.32993719795524035,0.8895713560895189,1,subprime
2026-06-27,0.6744837711051498,0.8255606826939295,1,prime
2026-06-27,1.1007657045743604,0.0,0,prime
2026-06-27,-0.14106955154769235,1.0,1,prime
2026-06-27,0.4456830582643565,0.02857981835742715,0,subprime
2026-06-27,-0.8636489445087139,0.7483821130128332,1,prime
2026-06-27,1.3677253284507598,1.0,1,prime
2026-06-27,-0.9155353626104159,0.1429061331861175,0,prime
2026-06-27,-0.9080146059990762,0.8823563954195252,1,subprime
2026-06-27,-1.2525138147426822,0.09229921799977057,0,prime
2026-06-27,-0.9356452026718832,0.7963531666856262,1,prime
2026-06-27,0.8749471110357414,0.03276768198354973,0,prime
2026-06-27,-2.841603645905705,0.0009387333839095818,0,subprime
2026-06-27,-0.1891494428951133,0.0,0,prime
2026-06-27,-0.16185564027841082,0.20818312399618785,0,prime
2026-06-27,-0.6396837023723253,1.0,1,subprime
2026-06-27,0.4516634305736279,0.009435817700928828,0,prime
2026-06-27,0.12856858694099274,0.9531132200032892,1,prime
2026-06-27,-0.2100106484632361,0.013596414938905989,0,prime
2026-06-27,1.2250626172361887,1.0,1,prime
2026-06-27,-0.6268809819315366,0.036687099310492764,0,subprime
2026-06-27,-1.1519179017925505,1.0,1,prime
2026-06-27,0.7953687365963014,1.0,1,prime
2026-06-27,1.262039820600518,0.06323651112330614,0,prime
2026-06-27,-0.8962139542881977,0.009895641421117735,0,prime
2026-06-27,-2.246834578105116,0.8888118290885686,1,prime
2026-06-27,0.6299369154665362,1.0,1,subprime
2026-06-27,-1.1674288515319267,0.04354964553892872,0,prime
2026-06-27,-0.7861368741813618,0.2854114392865567,0,prime
2026-06-27,1.3462271001687647,1.0,1,prime
2026-06-27,-0.14881234992060924,0.8861105049863487,1,prime
2026-06-27,1.280898583721164,0.0,0,prime
2026-06-27,-0.023582284450271527,0.032148739707743505,0,prime
2026-06-27,0.5096009726588536,0.0741031336428393,0,prime
2026-06-27,-0.21140479332403003,1.0,1,prime
2026-06-27,0.7812063668908564,0.15553470419063042,0,subprime
2026-06-27,-0.983545316071146,0.10221188191971464,0,prime
2026-06-27,2.025504327005694,0.9868918646777229,1,prime
2026-06-27,-0.3327162452606329,0.041315411165738496,0,prime
2026-06-27,-0.9709474515591823,0.0,0,prime
2026-06-27,-0.7640761274229059,0.27421660190925684,0,subprime
2026-06-27,0.42492650777744334,0.0,0,prime
2026-06-27,0.2077566964508132,0.11563553244261598,0,prime
2026-06-27,-2.1846502491686404,0.8331339330952101,1,prime
2026-06-27,-1.0150899889255758,0.8252239711726059,1,prime
2026-06-27,0.20577288616918626,0.943910656331902,1,prime
2026-06-27,-0.5915589701004937,0.0,0,prime
2026-06-27,-0.02586570565993623,0.17696481309709616,0,prime
2026-06-27,1.362811239915533,0.9757824433736415,1,prime
2026-06-27,0.7669552245553942,1.0,1,prime
2026-06-27,1.0221971281544202,0.8159879008508004,1,prime
2026-06-27,-0.6456305478005983,0.0,0,prime
2026-06-27,-0.6547639905257412,0.01692575679095367,0,prime
2026-06-27,0.6253341280325897,0.05051068044622096,0,prime
2026-06-27,-0.08646245779013317,0.10762672065947476,0,prime
2026-06-27,1.701806466487312,0.07568792656639795,0,subprime
2026-06-27,0.059077828555817676,0.0,0,prime
2026-06-27,-0.04499049060111214,0.005077036461771815,0,subprime
2026-06-27,1.3875483245758875,0.8908724543372284,1,prime
2026-06-27,-1.4595842275957611,0.23708855028519388,0,prime
2026-06-27,0.7706776198666199,0.0,0,prime
2026-06-27,0.44971911942134246,0.005562695021403323,0,prime
2026-06-27,0.041018334816212074,0.0,0,prime
2026-06-27,-1.3308334912176765,0.9631251807172991,1,prime
2026-06-27,-1.5230658277980023,0.03067795870807812,0,subprime
2026-06-27,-1.4661709942963905,0.013632357580545852,0,prime
2026-06-27,0.35835434222505574,0.9459552278625605,1,prime
2026-06-27,0.49100314542186674,0.03502112574131266,0,prime
2026-06-27,3.1987658410727837,0.0,0,prime
2026-06-27,-0.09252054291162894,0.0033848096087993607,0,prime
2026-06-27,-0.2085605074909488,0.8918962379270696,1,prime
2026-06-27,0.07158757493975648,0.0,0,prime
2026-06-27,-0.8156039923261367,0.13364207296657027,0,prime
2026-06-27,0.26368455324451756,0.2267770154323991,0,prime
2026-06-27,0.832775561303677,0.04811285156378783,0,prime
2026-06-27,-0.28420343140212423,0.9990601193459318,1,subprime
2026-06-27,-0.6530141019198531,0.798367543864952,1,prime
2026-06-27,0.383706249394506,0.9301277610831385,1,prime
2026-06-27,0.6840724130954978,0.9296530807192562,1,prime
2026-06-27,-2.547557132146212,0.8956291426324768,1,prime
2026-06-27,-0.6750542179972762,0.020860421684490486,0,subprime
2026-06-27,0.4516166337587622,0.12461376997031597,0,prime
2026-06-27,-0.8861522561115973,0.04997581759440019,0,prime
2026-06-27,-1.1212294670346734,0.1170843943852539,0,prime
2026-06-27,0.14162253169890732,0.06114579618396854,0,prime
2026-06-27,-0.11137411281415857,0.09711379858917873,0,prime
2026-06-27,0.43823343476521437,0.20007099759136865,0,prime
2026-06-27,0.23826613369802396,0.8986793584095553,1,subprime
2026-06-27,-0.6656489784250055,1.0,1,prime
2026-06-27,-0.25723366220395943,0.9493276747735477,1,subprime
2026-06-27,1.7358123072689244,0.8084532049079045,1,prime
2026-06-27,0.5112065338097702,0.8054233615782643,1,subprime
2026-06-27,-0.784114051332477,0.11672560946232514,0,prime
2026-06-27,-0.1830602340592343,0.9391582763566867,1,prime
2026-06-27,2.4138858825441214,0.9875463008213476,1,prime
2026-06-27,0.2484976502187927,0.9187350894899391,1,prime
2026-06-27,-0.12351663869416375,0.976331836613439,1,subprime
2026-06-27,0.8675220888659533,0.9441613255763575,1,prime
2026-06-27,-0.4170259784467782,0.9396669677799089,1,prime
2026-06-27,1.0655584076262123,0.8583986375342905,1,prime
2026-06-27,-1.8459750695454267,0.11025899221531343,0,prime
2026-06-27,-0.9930717164670827,0.15851527352548556,0,prime
2026-06-27,-1.3100982882270955,1.0,1,prime
2026-06-27,-0.9185771076870084,0.9561837698348803,1,prime
2026-06-27,2.2691295437387415,0.09797896422505953,0,prime
2026-06-27,0.555656066109543,0.0,0,subprime
2026-06-27,-1.0820872805472028,0.9953316568542449,1,prime
2026-06-27,0.7906999551239431,0.05862904081698261,0,subprime
2026-06-27,1.2782532297314868,0.09584325713780825,0,prime
2026-06-27,-0.13928537623946924,0.9588478376445407,1,prime
2026-06-27,-0.2577036958227003,1.0,1,prime
2026-06-27,-1.4368695270581644,0.9297222439149737,1,subprime
2026-06-27,-0.6898940840361537,0.004002106459882353,0,prime
2026-06-27,0.7550000650343586,0.9708563574966955,1,subprime
2026-06-27,0.5894639706229505,0.1964029234729085,0,subprime
2026-06-27,-0.2680922632177107,0.0,0,prime
2026-06-27,-1.3589522991182224,1.0,1,subprime
2026-06-27,-0.7433543569104696,0.031234724032060412,0,prime
2026-06-27,-1.857237574530769,0.8585891755858652,1,prime
2026-06-27,1.0626881305009233,0.0,0,subprime
2026-06-27,1.5291137814975728,0.16334940420681343,0,prime
2026-06-27,1.506519033266849,0.7458400934992172,1,prime
2026-06-27,-0.1942880828733175,0.9350320568322893,1,prime
2026-06-27,0.5715833407499155,0.9108975028068105,1,prime
2026-06-27,-0.7877677124666226,0.9458342663362148,1,subprime
2026-06-27,0.2897243269443675,0.9123375489381685,1,prime
2026-06-27,0.5098292111534931,0.1797014791669616,0,subprime
2026-06-27,-0.5703159936611666,0.0,0,prime
2026-06-27,1.82588985165819,0.08146541507052585,0,prime
2026-06-27,1.8090157217701548,0.9401613994212403,1,prime
2026-06-27,0.6231550985907017,0.0,0,prime
2026-06-27,0.37465656598927305,0.0,0,subprime
2026-06-27,1.5718082025665971,0.10576410191033425,0,prime
2026-06-27,-1.667035893836528,0.0,0,prime
2026-06-27,-1.0003400386919827,0.0,0,prime
2026-06-27,0.9576569990516479,0.8197569526212021,1,prime
2026-06-27,0.26960549115329757,0.12085169018069308,0,subprime
2026-06-27,0.484309878145922,0.9249645195375553,1,prime
2026-06-27,-0.1224245672394752,0.9793546902616989,1,subprime
2026-06-27,-0.5970333075655028,0.9623892044719077,1,prime
2026-06-27,0.2882081866973894,0.9665668241677356,1,prime
2026-06-27,-1.5524529874651969,0.08896334465951579,0,prime
2026-06-27,0.8314792546912216,0.0,0,prime
2026-06-27,-0.7281757425429058,0.0,0,subprime
2026-06-27,-0.42397081639626777,0.06053456367059435,0,subprime
2026-06-27,-0.2761332362192151,0.0,0,subprime
2026-06-27,3.0823004633588376,0.0,0,prime
2026-06-27,-1.048599868232152,0.1293821053850197,0,subprime
2026-06-27,-0.04730662920870631,0.9855103103978128,1,prime
2026-06-27,-0.06392681443677975,0.9520452466991113,1,prime
2026-06-27,1.5551144768958092,0.9774029059993536,1,subprime
2026-06-27,1.9301281808049087,0.13936715964851443,0,prime
2026-06-27,-0.24564044312487593,0.0,0,subprime
2026-06-27,1.5241665243373035,0.9066063972647933,1,prime
2026-06-27,0.37221751430008837,0.2749801672856574,0,prime
2026-06-27,1.7348329859072924,0.0,0,subprime
2026-06-27,-0.13948316356600157,1.0,1,prime
2026-06-27,-0.4555948937178739,0.06662206240515879,0,prime
2026-06-27,-0.36796807771734524,1.0,1,prime
2026-06-27,-0.42663677703312564,0.8438670572206138,1,prime
2026-06-27,-0.8901225606260241,0.0011102268832018161,0,subprime
2026-06-27,-0.9099725972194391,0.9687822424575566,1,prime
2026-06-27,-0.2457542160656005,0.05470855710310446,0,prime
2026-06-27,1.1004309916369746,0.0,0,prime
2026-06-27,-1.6779569479944956,1.0,1,prime
2026-06-27,-0.20282997855050333,0.9134799320301501,1,prime
2026-06-27,-0.6457231965522771,1.0,1,subprime
2026-06-27,-0.41795507650271657,0.765944644263884,1,subprime
2026-06-27,-1.9483273519639772,1.0,1,subprime
2026-06-27,1.0815547078128023,0.04998427956277199,0,prime
2026-06-27,0.26869540575117096,0.12967504873878227,0,prime
2026-06-27,0.13955310129315285,0.9624590026240315,1,subprime
2026-06-27,-0.4480957928812043,1.0,1,prime
2026-06-27,-0.8535357873540319,0.0,0,prime
2026-06-27,-0.23672141936882693,0.9001032867887382,1,subprime
2026-06-27,1.0188322653111075,0.052246494671190885,0,prime
2026-06-27,-1.7580546290788552,0.8507293501178955,1,prime
2026-06-27,0.5512157125377585,0.008789320114562495,0,prime
2026-06-27,-1.00123147243943,0.8747901898626465,1,prime
2026-06-27,-0.7308548405362064,0.0,0,prime
2026-06-27,0.22834030343203357,0.9983041397376972,1,prime
2026-06-27,0.28999007772751795,0.0,0,prime
2026-06-27,-0.42558118619202795,0.9561350053987605,1,prime
2026-06-27,0.6339838946043448,0.043195226745276816,0,subprime
2026-06-27,-0.9203672822280109,0.1580167303728663,0,subprime
2026-06-27,0.992482910526659,0.08497666385362311,0,prime
2026-06-27,0.4244581991858447,0.8773842072014555,1,prime
2026-06-27,-1.6269157889733414,1.0,1,prime
2026-06-27,0.4083902603960686,0.17633780127660428,0,subprime
2026-06-27,-1.0309008526708034,0.8940035943590553,1,subprime
2026-06-27,-0.24852157736325742,0.9065930896260491,1,prime
2026-06-27,-0.16823039957334293,0.9441180965777921,1,prime
2026-06-27,0.1884761845956269,0.1467064838052525,0,prime
2026-06-27,-0.09586523984658972,0.06605669982514983,0,prime
2026-06-27,-0.03194635472753287,0.8531569115881298,1,prime
2026-06-27,1.2299042216282807,0.8547824583983465,1,prime
2026-06-27,-0.31698828984119504,0.13821207335609775,0,subprime
2026-06-27,0.7618707811349195,0.0,0,prime
2026-06-27,0.35067837825991977,0.8536437778445085,1,prime
2026-06-27,0.6741914430328027,0.1494115929738447,0,subprime
2026-06-27,-0.6289633408916202,0.04698746068562781,0,prime
2026-06-27,-0.41104649307601904,0.018503542402040107,0,prime
2026-06-27,0.8060459974243142,0.08026142006586154,0,prime
2026-06-27,1.4821080119889722,0.8261672412619115,1,prime
2026-06-27,0.8424211256179437,0.8957947947181366,1,prime
2026-06-27,0.1317801211202377,0.10582199130681826,0,subprime
2026-06-27,-0.3821794205901724,0.16101242041487596,0,prime
2026-06-27,0.6674118719432375,0.05603687692023977,0,prime
2026-06-27,0.6010315782724327,0.7861638200639459,1,prime
2026-06-27,-1.176998391743346,1.0,1,subprime
2026-06-27,-1.2403155436647162,0.9571394500642474,1,prime
2026-06-27,1.874270328077424,0.0,0,prime
2026-06-27,1.1815393350288332,0.0,0,prime
2026-06-27,-0.14488186420261845,1.0,1,prime
2026-06-27,1.1330656629937075,0.0,0,prime
2026-06-27,0.8814866295725426,0.06775291179631078,0,prime
2026-06-27,1.121583038781689,0.8805262512555754,1,subprime
2026-06-27,1.340577085179275,0.9504073174431613,1,subprime
2026-06-27,-0.2674079427363784,1.0,1,prime
2026-06-27,-0.8071361339185399,0.9731815323522257,1,prime
2026-06-27,0.3535753640419587,0.08547843803910946,0,subprime
2026-06-27,-0.8346910732988132,0.0,0,prime
2026-06-27,-0.14660240159804683,0.08507261687793057,0,prime
2026-06-27,0.7054136755513646,0.9110987664444882,1,subprime
2026-06-27,0.9399687271779772,0.8162196677274363,1,subprime
2026-06-27,1.0283867366481823,0.03665304929700149,0,prime
2026-06-27,-0.6752732303626774,0.9438991030440036,1,subprime
2026-06-27,-1.340178319845744,0.1549621693788269,0,prime
2026-06-27,-0.1670892960177177,0.038306041520762404,0,subprime
2026-06-27,-0.37165313930720245,0.9111600222809957,1,subprime
2026-06-27,-2.385573482697714,0.9762837970084499,1,prime
2026-06-27,0.4960347130451456,0.8378160939028657,1,subprime
2026-06-27,-0.2781457579476513,0.8885972652473475,1,prime
2026-06-27,-0.6335241071922815,0.03352484546045274,0,prime
2026-06-27,-0.283865292783006,0.023589055626965026,0,prime
2026-06-27,-0.16737696758314555,0.9394114961931765,1,subprime
2026-06-27,-0.05401947366834302,0.055495195297082606,0,prime
2026-06-27,0.15720711885111308,0.8318688599158217,1,prime
2026-06-27,0.06945471622171076,0.0,0,prime
2026-06-27,-0.17729353556118305,0.7873154731705265,1,prime
2026-06-27,1.0176383223551857,0.06930300882378905,0,prime
2026-06-27,1.0352866798949683,0.05123348365466269,0,subprime
2026-06-27,0.617364685944208,0.8134841847535799,1,prime
2026-06-27,0.9322508509767526,0.04568197180237815,0,subprime
2026-06-27,0.3028441379716401,0.8921993981536382,1,subprime
2026-06-27,-1.7756664319077553,0.13872886067389062,0,prime
2026-06-27,-0.44669799148278566,0.07018450266708091,0,prime
2026-06-27,-0.7305035696449155,0.9427323984214867,1,prime
2026-06-27,-1.4796962093808783,0.09861680249365398,0,prime
2026-06-27,1.2078000470640846,0.90032544314826,1,subprime
2026-06-27,1.0925294268090227,0.8566793664025982,1,subprime
2026-06-27,-0.4289427256186665,0.20258521855634687,0,subprime
2026-06-27,-0.4820310940246198,0.12857914933948406,0,prime
2026-06-27,-0.4246006266352555,0.8997195993900358,1,prime
2026-06-27,-1.141269320435409,0.0,0,prime
2026-06-27,-0.4377730718637631,0.14184676508097904,0,prime
2026-06-27,-0.9484349822283703,0.0,0,prime
2026-06-27,-1.8459755425783508,0.07887258962955038,0,prime
2026-06-27,-2.0257979777142268,1.0,1,prime
2026-06-27,-0.026528765759760858,0.03554871621722354,0,prime
2026-06-27,0.6198261364005578,1.0,1,subprime
2026-06-27,-0.04759019222072749,0.9624070576695147,1,prime
2026-06-27,-1.496938624202109,0.0,0,prime
2026-06-27,1.697489049821073,0.0,0,prime
2026-06-27,0.2905240703905439,0.849391251996037,1,subprime
2026-06-27,-0.4182823969011635,0.8990302797455615,1,prime
2026-06-27,-0.7692838358618793,0.0,0,prime
2026-06-27,0.24784916558712342,0.10821309145369881,0,prime
2026-06-27,0.5169763838095387,1.0,1,prime
2026-06-27,0.7728341262669167,0.08098013736283047,0,prime
2026-06-27,0.691840844787748,0.010517350308631684,0,prime
2026-06-27,-0.8653767079909175,0.9298829444446177,1,prime
2026-06-27,-0.3909802109207046,1.0,1,prime
2026-06-27,0.8385756706315386,0.9009949801312607,1,subprime
2026-06-27,1.1058589446835478,0.968200601290166,1,subprime
2026-06-27,-0.16765112375225227,0.9718836963800942,1,prime
2026-06-27,1.7123197694063037,1.0,1,subprime
2026-06-27,-0.9406215403804159,0.8483497026336604,1,prime
2026-06-27,-0.09051724070965309,0.9759201605980237,1,subprime
2026-06-27,0.30230537294988885,1.0,1,subprime
2026-06-27,0.6124378920016474,1.0,1,prime
2026-06-27,-0.37683995983611757,0.02011991515488902,0,prime
2026-06-27,-0.334206625691791,0.04715050383611731,0,prime
2026-06-27,-2.0987316059114076,0.0,0,subprime
2026-06-27,1.0761363033499132,0.23606612161392468,0,prime
2026-06-27,-0.8569251837450197,0.8530834908118582,1,subprime
2026-06-27,-1.0294170759510906,0.8518819615628459,1,prime
2026-06-27,-1.0085166857539778,1.0,1,prime
2026-06-27,-0.6185623365684749,0.012617701747420502,0,subprime
2026-06-27,-1.309790694857025,0.09143379840011506,0,prime
2026-06-27,-0.5316116247954004,0.06523957830724389,0,prime
2026-06-27,-1.6953869184092483,0.9131085008548089,1,subprime
2026-06-27,-0.9530817674459693,0.02684358749322608,0,prime
2026-06-27,0.6298448800347183,0.9738318830561572,1,prime
2026-06-27,-0.8556270770464539,0.04817790235147135,0,prime
2026-06-27,-0.02727106968431911,0.10858302817432003,0,prime
2026-06-27,1.0702160565607577,0.6953664203893262,1,prime
2026-06-27,2.9176592313695817,0.7517271906526373,1,prime
2026-06-27,-1.7178033127876675,0.7903709784686044,1,prime
2026-06-27,1.4334713645434383,0.03887044936149827,0,prime
2026-06-27,1.7093517782015586,0.0,0,prime
2026-06-27,0.08159114381759563,1.0,1,prime
2026-06-27,-1.9808577428014615,0.8279875064381284,1,prime
2026-06-27,1.2713618348243076,0.987438679507965,1,subprime
2026-06-27,0.5977213837458725,0.9538675900072562,1,prime
2026-06-27,0.5974469738383981,0.12284427453999264,0,prime
2026-06-27,1.0577347007672309,0.8172866472363011,1,subprime
2026-06-27,-1.0043866361176146,0.13318193540563825,0,subprime
2026-06-27,0.179029916480864,1.0,1,subprime
2026-06-27,0.17061347217615994,0.0,0,prime
2026-06-27,0.4687200112017972,0.1932199003505788,0,prime
2026-06-27,0.16532930140938792,0.08169771816872351,0,subprime
2026-06-27,1.1667045720071016,0.09484517360940437,0,prime
2026-06-27,-1.7132573205883783,0.06670434770911286,0,subprime
2026-06-27,0.6112507206530416,0.0,0,prime
2026-06-27,0.19489302626376126,0.06987112116466068,0,prime
2026-06-27,1.2965698565581765,0.09175905208057891,0,prime
2026-06-27,-0.4285762131718277,0.9116409711698119,1,prime
2026-06-27,-0.8492473196299546,0.9577571575817322,1,subprime
2026-06-27,1.2732918357696286,0.9889831760608503,1,prime
2026-06-27,-0.04524746241681694,0.9201749578110809,1,prime
2026-06-27,1.1575571520849752,0.9071139781430131,1,subprime
2026-06-27,2.345765960357078,0.8797308538365336,1,subprime
2026-06-27,1.0018117762172163,0.0,0,subprime
2026-06-27,1.0150960587819833,0.0,0,subprime
2026-06-27,-1.1684052606577215,0.0,0,prime
2026-06-27,-2.209850502351316,0.0,0,prime
2026-06-27,-2.031424584619559,0.7965525825966722,1,subprime
2026-06-27,-0.7093813656858163,0.8298167486674203,1,subprime
2026-06-27,-0.7814088215669973,0.858036414454537,1,prime
2026-06-27,1.7229500720299433,0.9128541389578985,1,prime
2026-06-27,-1.5131735205232124,0.007880213314686774,0,prime
2026-06-27,-1.1451777428829681,0.10613839941945655,0,prime
2026-06-27,-1.2414894973886839,0.9047552927314678,1,prime
2026-06-27,-0.6572700246442584,0.0,0,prime
2026-06-27,-0.16634828014268227,0.15273644381144114,0,prime
2026-06-27,0.34757623387565306,0.007214518339874569,0,prime
2026-06-27,0.18237814234763225,0.2907226393079725,0,prime
2026-06-27,-0.8451002318821431,0.9260343794780865,1,prime
2026-06-27,-0.39674092680166057,0.07701130696538608,0,prime
2026-06-27,0.2586104345899033,0.0,0,subprime
2026-06-27,-0.7619875652247597,0.07563993435486543,0,prime
2026-06-27,0.33183513654202906,0.846151661339152,1,prime
2026-06-27,0.29683143976482085,1.0,1,prime
2026-06-27,-1.4276094905772787,0.048094249269147786,0,prime
2026-06-27,-2.0270646343095744,0.055387400791763686,0,subprime
2026-06-27,-0.19060796040347255,0.02024950929376415,0,prime
2026-06-27,0.2625576066118448,0.6758825657754866,1,subprime
2026-06-27,1.3709737202300027,0.0,0,subprime
2026-06-27,2.7534308182423612,1.0,1,prime
2026-06-27,0.3700986468955085,0.02118973770223868,0,subprime
2026-06-27,0.42402995075584254,0.9003418505149795,1,prime
2026-06-27,-0.2993262628084779,0.06936569251229066,0,prime
2026-06-27,-1.7770747666461348,0.14595934113996423,0,prime
2026-06-27,1.1361745676629158,0.8560424717325211,1,prime
2026-06-27,-0.9038542713202143,0.8141724340955963,1,subprime
2026-06-27,0.27428083103779455,0.023149565432340657,0,prime
2026-06-27,0.5749996873499148,0.0,0,prime
2026-06-27,0.17591535144919873,0.9239231473686361,1,prime
2026-06-27,-1.187855677578892,0.02173418266608086,0,prime
2026-06-27,0.3849564655811894,1.0,1,subprime
2026-06-27,0.8017181601058136,0.9937118711137078,1,prime
2026-06-27,-0.5946280057929687,1.0,1,prime
2026-06-27,-0.7185221302761199,0.018157808065771566,0,subprime
2026-06-27,-0.929608141377601,1.0,1,subprime
2026-06-27,0.6981052873704531,0.991459404002251,1,subprime
2026-06-27,0.04757467096689099,1.0,1,prime
2026-06-27,-1.2295304703603023,0.9383516932139421,1,prime
2026-06-27,-0.5554847254064814,0.018669342873011648,0,prime
2026-06-27,0.47741375112124035,0.8399949744272318,1,subprime
2026-06-28,-0.8474705999747661,1.0,1,prime
2026-06-28,0.33034522286088014,1.0,1,prime
2026-06-28,-0.7994039326914167,0.9403845302186311,1,prime
2026-06-28,-1.5550269178767762,0.606092404636912,1,prime
2026-06-28,1.759039984291318,0.7746127935396132,1,subprime
2026-06-28,0.36791111325016984,0.20490079216750878,0,subprime
2026-06-28,0.7226239024755868,0.21079046976055668,0,prime
2026-06-28,1.283356311973529,0.045292402180796165,0,prime
2026-06-28,0.6889004024653421,1.0,1,subprime
2026-06-28,-2.27825661866682,0.08393145303831695,0,subprime
2026-06-28,0.6535043815278629,0.09520138826302671,0,prime
2026-06-28,-0.8334060142355875,0.0783633549200451,0,prime
2026-06-28,-1.8182530045879988,1.0,1,prime
2026-06-28,1.5896857344496464,0.8310314639749267,1,prime
2026-06-28,0.4627670766531498,0.9151229222207942,1,prime
2026-06-28,-1.9373158603992477,0.9235585227399942,1,subprime
2026-06-28,-0.1142439999946933,0.10363148235589847,0,prime
2026-06-28,0.06146244299104197,0.11124272172272681,0,subprime
2026-06-28,-1.1162862787898202,0.02356716403110347,0,prime
2026-06-28,0.8640846996713583,1.0,1,prime
2026-06-28,-0.13987482326456974,0.9204246162680806,1,prime
2026-06-28,-1.7008185982243678,0.0,0,subprime
2026-06-28,0.21964929220934842,0.9594230128017641,1,prime
2026-06-28,0.3774675206073071,0.0,0,prime
2026-06-28,-0.19059641444340977,0.9674893639195378,1,prime
2026-06-28,0.35969892160305456,1.0,1,prime
2026-06-28,-0.9624022153113265,0.0020463001069416648,0,prime
2026-06-28,-0.5424403269191298,0.8830073003198936,1,prime
2026-06-28,0.019007238111715848,0.09641818620879103,0,prime
2026-06-28,-0.9263188681111438,0.04265904533373262,0,prime
2026-06-28,1.313812879605134,1.0,1,prime
2026-06-28,-0.6089183507114355,0.0,0,prime
2026-06-28,0.8434497953693693,0.17154569261739167,0,subprime
2026-06-28,1.455424550123928,0.1507482947789733,0,subprime
2026-06-28,0.18231927258721525,0.052322514385743896,0,subprime
2026-06-28,-1.2569279698667322,0.036858009801108774,0,prime
2026-06-28,-1.848414202853247,0.7849721956237988,1,subprime
2026-06-28,0.08624376558308489,0.12398178918054531,0,prime
2026-06-28,-0.4676112999563199,1.0,1,prime
2026-06-28,0.11154057889067134,0.7789292661470287,1,subprime
2026-06-28,0.16510775838364397,0.07436593677726208,0,prime
2026-06-28,-0.9543188957357833,0.9829870382681466,1,subprime
2026-06-28,3.1768596724687947,0.9217909419845306,1,subprime
2026-06-28,2.0335834118509375,0.07645522924628453,0,prime
2026-06-28,1.9968484701263531,1.0,1,prime
2026-06-28,-0.9545389975653505,0.0,0,prime
2026-06-28,0.40286732538977676,0.03158289389512426,0,prime
2026-06-28,0.8911748323404082,0.11342877295548337,0,prime
2026-06-28,-0.4487296917589097,0.12649247072459965,0,subprime
2026-06-28,-0.24794006201113025,0.9088187895225707,1,prime
2026-06-28,0.1788906863067686,0.016949170168404977,0,subprime
2026-06-28,0.731023940123318,0.0727580795072651,0,prime
2026-06-28,1.3919406623937138,0.11877786918477899,0,subprime
2026-06-28,0.548648089562606,0.9712871655563651,1,prime
2026-06-28,0.060935291099894394,0.6791777339942482,1,subprime
2026-06-28,-0.607317366019806,0.9314060217729948,1,prime
2026-06-28,2.5381161308570097,0.8925135618556184,1,prime
2026-06-28,-0.043852662192853796,0.0,0,prime
2026-06-28,1.4909461167056153,0.9591488636029295,1,prime
2026-06-28,-0.28581989345063824,0.0801678502638292,0,subprime
2026-06-28,0.3408936818405554,0.14492855295689727,0,prime
2026-06-28,-0.39408382874752507,0.767292117426886,1,prime
2026-06-28,0.5275914596806602,0.9136618381296521,1,prime
2026-06-28,1.3846084155658531,0.09804510884772177,0,prime
2026-06-28,-1.869899179814652,0.0427520527529803,0,subprime
2026-06-28,0.47325282564103466,0.0,0,subprime
2026-06-28,0.7090337328131062,0.0,0,subprime
2026-06-28,-1.2800480708584083,0.11655664306610866,0,subprime
2026-06-28,1.6369238395459884,0.09245130770063564,0,prime
2026-06-28,-0.6172137345793863,0.22207537292264237,0,prime
2026-06-28,-0.8860902183581585,0.985363949709432,1,prime
2026-06-28,1.2839081292115542,0.0,0,subprime
2026-06-28,0.41118197757019137,0.929419760009641,1,prime
2026-06-28,0.250636490782886,0.9860169873889247,1,subprime
2026-06-28,-0.534609386398417,0.9909691538287223,1,prime
2026-06-28,-0.5290174315921555,0.0,0,prime
2026-06-28,-0.4443741174296236,0.9382403631045126,1,subprime
2026-06-28,-2.266473630147387,0.0,0,subprime
2026-06-28,0.767623155891229,0.04965089458926353,0,subprime
2026-06-28,0.3724136914086459,0.0,0,prime
2026-06-28,0.06493233153083547,0.9364963702619412,1,prime
2026-06-28,1.1376172950827967,0.0,0,prime
2026-06-28,-1.5744679668605135,0.0,0,prime
2026-06-28,-0.18724942042615716,1.0,1,prime
2026-06-28,-1.814063581700292,1.0,1,prime
2026-06-28,0.3715870004448315,0.7922048391843547,1,prime
2026-06-28,0.4609788758814669,0.14252565550117186,0,prime
2026-06-28,0.24899175738761795,0.9081570588337011,1,subprime
2026-06-28,-1.5006043321880742,0.821284359077926,1,prime
2026-06-28,1.7750937961236692,0.9730425945106809,1,subprime
2026-06-28,-1.252919777204616,0.21745553855637084,0,prime
2026-06-28,-0.7408282097112383,0.9575109366978388,1,prime
2026-06-28,0.21911879907545,0.8862289961546728,1,subprime
2026-06-28,1.195033379164038,0.8616576339948889,1,prime
2026-06-28,1.7666377602293943,0.15270385073998616,0,subprime
2026-06-28,-0.4746937296472139,0.8672653276867692,1,prime
2026-06-28,1.9026811001754513,0.1249652574769382,0,prime
2026-06-28,1.4604222675769662,0.2003185468314613,0,prime
2026-06-28,-0.8065468517733098,0.16279996066822894,0,subprime
2026-06-28,0.4149802255549825,0.9554633074042559,1,prime
2026-06-28,-0.9733287346495885,0.8680916500472193,1,prime
2026-06-28,0.41772555797883126,0.9686034610306901,1,prime
2026-06-28,-1.0878173894937813,0.23537129095068698,0,prime
2026-06-28,0.4791543516027157,0.0,0,prime
2026-06-28,-0.882006260400668,0.0,0,prime
2026-06-28,-1.8066871887171396,0.9746592270198546,1,prime
2026-06-28,0.49077783739967684,0.8391458916813255,1,prime
2026-06-28,-0.6759587336615583,0.0,0,prime
2026-06-28,-0.5713698205614927,0.9835658958639271,1,prime
2026-06-28,0.712436646446664,0.14282114996866307,0,prime
2026-06-28,-1.0419943312582962,1.0,1,prime
2026-06-28,-0.12384663048814623,1.0,1,prime
2026-06-28,-1.2609692407121917,0.9040799460829463,1,prime
2026-06-28,-1.3446086624621265,0.7517773445914208,1,prime
2026-06-28,-1.534837542728551,0.9514589487192763,1,prime
2026-06-28,1.7670799055871511,0.0,0,subprime
2026-06-28,-0.9532892902803559,1.0,1,prime
2026-06-28,-0.593751496115357,0.0,0,prime
2026-06-28,0.46277699204025396,0.8605511356496607,1,prime
2026-06-28,-0.10500186888959867,0.7950927428058969,1,prime
2026-06-28,1.1515093455635255,0.06319656154465082,0,subprime
2026-06-28,0.7526356345967957,1.0,1,prime
2026-06-28,-2.139095378263647,0.8560115891811556,1,prime
2026-06-28,-1.7341336823437457,0.040547171669393145,0,subprime
2026-06-28,-0.4272557841042865,0.0,0,prime
2026-06-28,-0.25153085057973545,1.0,1,prime
2026-06-28,-0.5087712599640917,0.15004712574336604,0,subprime
2026-06-28,-0.37100796064389424,0.09980822851710885,0,subprime
2026-06-28,0.10476918902901688,0.18251606016892957,0,subprime
2026-06-28,-0.35775971237483006,0.9919426810985184,1,subprime
2026-06-28,0.21839160129672583,0.8718310947244262,1,subprime
2026-06-28,-2.900923623111601,1.0,1,subprime
2026-06-28,-0.6776167783177063,0.0,0,prime
2026-06-28,-0.12611475028061428,0.0,0,prime
2026-06-28,0.20938595823912842,1.0,1,prime
2026-06-28,-0.826686025345981,1.0,1,prime
2026-06-28,-1.1212894979278711,0.8424363846095253,1,subprime
2026-06-28,1.3200481954257426,0.12166454254595233,0,subprime
2026-06-28,-0.7370620820423264,0.9000710498444403,1,subprime
2026-06-28,0.18885736615577367,0.008850436174495921,0,subprime
2026-06-28,0.7272744442706602,0.892298360295267,1,prime
2026-06-28,0.2690812594625821,0.021971167539064827,0,prime
2026-06-28,0.40088861061819564,0.03218246298240103,0,subprime
2026-06-28,1.25466993956617,0.032886533326564785,0,subprime
2026-06-28,-0.5148737726395605,0.027845983537310458,0,prime
2026-06-28,-1.9924827377481396,0.9223938712325447,1,subprime
2026-06-28,1.4148476830676857,0.003817657916341588,0,prime
2026-06-28,-0.3886877557192902,0.10134787347283114,0,subprime
2026-06-28,0.4460193030903955,0.10326420029654054,0,prime
2026-06-28,-0.5587448907266167,0.9428676328143006,1,prime
2026-06-28,-0.7862249936114808,1.0,1,prime
2026-06-28,-1.5544898211930087,0.09888689317247022,0,subprime
2026-06-28,-0.23004471154913375,0.7118439292120431,1,subprime
2026-06-28,-0.6552643740925698,0.007558806099637605,0,prime
2026-06-28,0.46943985880035727,1.0,1,subprime
2026-06-28,-2.1559225449764416,0.0,0,subprime
2026-06-28,2.0924523149827956,0.9596251119691291,1,prime
2026-06-28,0.1531374245087746,0.9289362913036496,1,prime
2026-06-28,-0.5890406743917812,1.0,1,prime
2026-06-28,1.1044228117483499,0.1063984339582934,0,prime
2026-06-28,0.27052325584842335,0.8712682971369508,1,prime
2026-06-28,-0.040198749161890694,0.12705189961945046,0,subprime
2026-06-28,0.49512984649493774,0.039979572799573496,0,prime
2026-06-28,0.17292080559816275,0.8783691950341734,1,prime
2026-06-28,-0.7572298006840654,1.0,1,prime
2026-06-28,0.6003726473671539,1.0,1,prime
2026-06-28,0.4997755832401912,0.23633432040367114,0,subprime
2026-06-28,-1.2603727653413268,0.9525056308824764,1,prime
2026-06-28,-0.8011858881669975,1.0,1,prime
2026-06-28,0.4470385286256408,0.9541955448388965,1,subprime
2026-06-28,-0.15986139726451726,0.15771960428607143,0,subprime
2026-06-28,0.39560097028205393,0.8984087342902801,1,subprime
2026-06-28,0.7424595047733371,1.0,1,subprime
2026-06-28,-2.2556995162912403,0.8932369924371761,1,prime
2026-06-28,0.756780804722701,0.052406796234711214,0,prime
2026-06-28,0.7086124920121112,0.0,0,prime
2026-06-28,-1.3615163022316998,0.0,0,prime
2026-06-28,-0.049335186693555966,0.935449390544679,1,subprime
2026-06-28,-0.36916816713905554,0.006888710505107587,0,prime
2026-06-28,1.7071620557646552,0.08313682286140238,0,subprime
2026-06-28,0.08101669229501263,1.0,1,prime
2026-06-28,-0.9746928647683031,0.14560254732309633,0,subprime
2026-06-28,0.32248574065468855,0.022174428721882106,0,subprime
2026-06-28,-0.23936824910385684,1.0,1,prime
2026-06-28,-0.5100473638008787,1.0,1,prime
2026-06-28,-0.42703266063936485,0.08190794467286494,0,subprime
2026-06-28,0.6255984981616027,0.8619222418705155,1,prime
2026-06-28,-0.11524963731233108,0.9704046112751389,1,prime
2026-06-28,0.07763279076719712,0.025205053499233306,0,subprime
2026-06-28,-0.44640872234761925,0.25335583503244125,0,subprime
2026-06-28,0.516665792307302,0.8615730593543545,1,subprime
2026-06-28,0.7948523107232576,1.0,1,prime
2026-06-28,-0.33929833485713273,0.17383283592780926,0,subprime
2026-06-28,-1.456326626389342,0.02160683310178067,0,prime
2026-06-28,0.1843797366628373,0.7928613697374778,1,subprime
2026-06-28,1.1137126063649112,1.0,1,prime
2026-06-28,0.18992763186129913,0.13529904006747026,0,subprime
2026-06-28,0.6753269350105596,0.784708709477444,1,prime
2026-06-28,-1.8648729094545429,0.9715217973294773,1,subprime
2026-06-28,0.20188416413961288,0.0,0,prime
2026-06-28,-0.08289303471495835,0.6870873626006142,1,prime
2026-06-28,-0.526953456894857,0.0,0,subprime
2026-06-28,-0.32865861821232684,0.03363879970514695,0,subprime
2026-06-28,0.5292661399351988,0.9119420285767108,1,prime
2026-06-28,-0.6255676871940217,0.019065959893563432,0,prime
2026-06-28,0.746535017617712,1.0,1,prime
2026-06-28,0.05445401261174667,0.0,0,prime
2026-06-28,1.2670893890282533,0.1760384909963844,0,prime
2026-06-28,0.6851305753876157,0.9330977931614075,1,prime
2026-06-28,0.7516113228095416,1.0,1,prime
2026-06-28,-0.24366747595391125,0.21110289985643302,0,prime
2026-06-28,-1.5959454370766644,0.0,0,prime
2026-06-28,1.2044969161240355,0.04988341809477555,0,subprime
2026-06-28,1.6792222213728372,0.9281091241098856,1,prime
2026-06-28,-0.44774019567318174,0.6878896658750624,1,prime
2026-06-28,-0.6038680252062992,0.23380969072784125,0,prime
2026-06-28,-0.9386457979723825,1.0,1,prime
2026-06-28,1.1404956231457004,1.0,1,subprime
2026-06-28,0.6056679215524344,0.8803639802596144,1,prime
2026-06-28,2.0532535764615774,0.9800631832931612,1,prime
2026-06-28,-2.4715575499474753,0.0,0,subprime
2026-06-28,-0.10402562652439085,0.08968290789326605,0,prime
2026-06-28,-2.663004469698159,0.0,0,prime
2026-06-28,-0.2621630453365982,0.925507513953036,1,subprime
2026-06-28,-0.33356117445708955,0.0,0,prime
2026-06-28,-0.41991140174622,0.0,0,prime
2026-06-28,1.200653604671715,1.0,1,subprime
2026-06-28,-0.2937345707612905,0.0,0,prime
2026-06-28,-0.1208832835053637,0.8081587220281509,1,subprime
2026-06-28,-1.0997567250009854,0.9268117405154536,1,prime
2026-06-28,-0.12087318367224029,0.8773179520406218,1,prime
2026-06-28,-0.6105821053401186,0.0,0,prime
2026-06-28,-0.44329181668621287,0.8500886359653291,1,prime
2026-06-28,-0.7566430411258843,1.0,1,prime
2026-06-28,-1.2215175856686438,0.9806493108712525,1,prime
2026-06-28,-1.4656063183746817,0.10838282623010317,0,prime
2026-06-28,1.955841299262591,1.0,1,subprime
2026-06-28,-0.8335536613380379,0.0,0,prime
2026-06-28,0.8161263287940532,0.016595749233127406,0,prime
2026-06-28,-1.1075472302032654,1.0,1,prime
2026-06-28,0.3465650869498516,0.10392825594966362,0,prime
2026-06-28,0.412814487425717,0.05319640577589482,0,prime
2026-06-28,0.7808853562199876,0.09269983537722942,0,prime
2026-06-28,-0.8250488483032895,0.049697597544191674,0,prime
2026-06-28,-1.7031480847471097,0.003638885034022564,0,subprime
2026-06-28,1.065670504162908,0.0,0,prime
2026-06-28,1.0625394170602154,0.0,0,prime
2026-06-28,-2.9606523204726756,0.08745222915608011,0,prime
2026-06-28,0.3582438953917801,1.0,1,prime
2026-06-28,-0.2850896265772742,0.9263593390507551,1,subprime
2026-06-28,0.6595263331559816,0.8776398284384836,1,subprime
2026-06-28,-1.179034824407862,0.0,0,prime
2026-06-28,-0.016537584783027942,0.0,0,prime
2026-06-28,-0.5758868141698279,0.19219724285785206,0,prime
2026-06-28,-0.5245390445088567,0.0,0,subprime
2026-06-28,-1.0404599572146371,0.06441519007782144,0,subprime
2026-06-28,-1.603417632406036,1.0,1,subprime
2026-06-28,1.1554624679432246,0.0,0,prime
2026-06-28,0.5420513818548811,0.7982277732283712,1,prime
2026-06-28,-0.14944858816362536,0.9913662965486179,1,prime
2026-06-28,-0.20269322996156985,1.0,1,prime
2026-06-28,1.2039141398800492,0.0,0,prime
2026-06-28,-0.6099488847319854,0.0,0,subprime
2026-06-28,1.3680095719385077,0.2253000787204654,0,prime
2026-06-28,-0.42709901076471407,1.0,1,prime
2026-06-28,-0.6195361826191249,0.925526755927529,1,subprime
2026-06-28,0.24139988019479172,0.870132862090629,1,prime
2026-06-28,-1.3550647574875851,0.8654759436572343,1,subprime
2026-06-28,-0.7100290453459255,0.8902117893690811,1,subprime
2026-06-28,-0.7080356985197683,0.1717177944626793,0,subprime
2026-06-28,-1.450849614611077,0.002262881763064495,0,prime
2026-06-28,-0.20108377708814598,0.19436798693806565,0,prime
2026-06-28,0.4250714365485202,1.0,1,subprime
2026-06-28,0.14574875752813582,0.0,0,subprime
2026-06-28,-0.1471540303884183,0.9909295402033507,1,prime
2026-06-28,-0.23730115083071582,1.0,1,prime
2026-06-28,-0.3348317633064385,0.0970925093816994,0,prime
2026-06-28,-0.7733273330281372,0.9708046731597473,1,prime
2026-06-28,0.08605390644141277,0.0,0,prime
2026-06-28,0.9119902715550422,0.85946612822604,1,prime
2026-06-28,-0.7136609104913723,1.0,1,prime
2026-06-28,-1.0252245607686037,1.0,1,prime
2026-06-28,-0.9267426204339815,0.2872804019409606,0,subprime
2026-06-28,0.23282034786988562,0.830401030834754,1,subprime
2026-06-28,-0.19094005987067592,0.0,0,subprime
2026-06-28,-2.019917909398691,0.0,0,subprime
2026-06-28,1.5190703882110164,0.0,0,prime
2026-06-28,0.008878564511630941,0.0,0,prime
2026-06-28,-1.3583351673061441,0.07388329741563282,0,subprime
2026-06-28,-0.9812429021643377,0.8427815970395616,1,prime
2026-06-28,-0.5922793612388063,1.0,1,prime
2026-06-28,1.9883966829969022,0.8511454248908689,1,subprime
2026-06-28,0.700154025128709,0.11272731414007092,0,subprime
2026-06-28,-0.867325512472684,0.024988864445962114,0,prime
2026-06-28,-0.3262871851807303,0.004786795982777807,0,prime
2026-06-28,0.8898233694069569,0.20446827062935766,0,prime
2026-06-28,-0.765681748529611,0.8861479335878366,1,subprime
2026-06-28,3.669373795722822,0.0612632192463596,0,prime
2026-06-28,-1.6334757230364638,0.14559535025190767,0,subprime
2026-06-28,-1.8345520768134589,0.3352761149254714,0,subprime
2026-06-28,-1.4053796142111268,1.0,1,subprime
2026-06-28,0.8444102119407729,0.05848880079473097,0,prime
2026-06-28,0.7948227552923534,0.21327929853974026,0,prime
2026-06-28,-0.6726642587984873,0.0,0,subprime
2026-06-28,-0.7881176273076886,0.9042967045219242,1,prime
2026-06-28,-0.518543745398268,0.05262818273398961,0,prime
2026-06-28,0.0062116359915246055,0.06032807636163863,0,prime
2026-06-28,0.8790360225233622,0.8914672732135218,1,prime
2026-06-28,0.6422177889506799,1.0,1,prime
2026-06-28,-0.751120716020988,1.0,1,prime
2026-06-28,0.6579819086731343,0.1482099668460558,0,subprime
2026-06-28,0.9843996310566905,0.08566245942699871,0,prime
2026-06-28,1.0859506220183424,0.22267757092771054,0,prime
2026-06-28,0.4916136049471289,0.14291158094527084,0,prime
2026-06-28,1.9390926258310839,0.8438164265533891,1,prime
2026-06-28,-0.5838942360008492,1.0,1,prime
2026-06-28,-0.3693101418692129,0.9834454965737187,1,subprime
2026-06-28,0.4797696091569171,0.0,0,prime
2026-06-28,0.08347513442215149,0.2537982524142878,0,prime
2026-06-28,-0.21209193968771098,0.19004413560440733,0,prime
2026-06-28,-1.0036737830165845,0.17832101407858061,0,prime
2026-06-28,0.1267094560624163,0.1522721248762387,0,subprime
2026-06-28,-1.3188429230257546,0.0,0,prime
2026-06-28,0.1347854770143958,0.9513285082244253,1,subprime
2026-06-28,-1.3494148732050528,0.7624491666586458,1,prime
2026-06-28,0.7671725480529367,0.8612369332704962,1,prime
2026-06-28,-0.012005400661484962,0.1260662920576458,0,prime
2026-06-28,1.9386699386165813,0.9503620814240276,1,prime
2026-06-28,-0.02898652599904503,0.016992858274646583,0,prime
2026-06-28,0.3264353344719199,0.8681535939115002,1,subprime
2026-06-28,-0.25835558122635216,0.8978387714560804,1,prime
2026-06-28,-0.5029378020990777,1.0,1,subprime
2026-06-28,0.5873435127910122,0.1519750976461187,0,prime
2026-06-28,1.487787174286778,0.8294975117538073,1,prime
2026-06-28,0.8492242123304031,0.0,0,prime
2026-06-28,0.0005815704821480415,0.8500469083306261,1,prime
2026-06-28,1.130676519546086,0.1413174026183593,0,prime
2026-06-28,-0.767159822314574,0.07400340018914073,0,prime
2026-06-28,-0.111221155509485,0.0,0,prime
2026-06-28,1.1197903880714635,0.8361096738075505,1,prime
2026-06-28,-2.1486378824602896,0.9514555088087243,1,subprime
2026-06-28,-1.3081144489352434,0.0,0,subprime
2026-06-28,-1.3276019350850756,1.0,1,prime
2026-06-28,-2.76758705062985,0.0,0,prime
2026-06-28,1.1807329088010812,0.0,0,prime
2026-06-28,0.5578691073674243,1.0,1,prime
2026-06-28,-0.51534845869107,0.7594563599903281,1,prime
2026-06-28,-0.06727008706220203,0.14514372193779226,0,prime
2026-06-28,0.267804291055599,0.8652655749310125,1,prime
2026-06-28,0.05941301792098625,1.0,1,prime
2026-06-28,0.8748608608119444,1.0,1,subprime
2026-06-28,1.0152629130973734,0.0,0,prime
2026-06-28,-0.9026694552532781,0.7804166999867524,1,prime
2026-06-28,-0.6423275319488602,0.00785920490614013,0,prime
2026-06-28,1.6614345930155399,0.05485703225252553,0,subprime
2026-06-28,0.858419487927241,0.887603542705928,1,subprime
2026-06-28,1.4610595965586697,0.06545203503705016,0,subprime
2026-06-28,0.05923218024757694,0.87228809584736,1,subprime
2026-06-28,0.6290459382216969,0.8820501935614056,1,prime
2026-06-28,-0.355561334618449,0.05172207635594632,0,prime
2026-06-28,-0.4837102908697561,0.13183252907830081,0,prime
2026-06-28,0.709624640386928,1.0,1,prime
2026-06-28,-1.0413209361069564,0.0069868682245674,0,subprime
2026-06-28,1.2491747229761159,0.9380238028809351,1,prime
2026-06-28,0.9417724412336268,1.0,1,subprime
2026-06-28,-0.5376279870280054,0.925993987047011,1,prime
2026-06-28,0.8113293363568549,0.9029369116421453,1,subprime
2026-06-28,0.8989044390264159,0.10760284769934621,0,prime
2026-06-28,-0.1808035791009961,0.9546030517887848,1,prime
2026-06-28,0.31870388853698617,0.88633836981761,1,prime
2026-06-28,2.8081849620151944,1.0,1,prime
2026-06-28,0.0584698859950081,0.0,0,prime
2026-06-28,1.3050321635307396,0.9083406455981939,1,subprime
2026-06-28,0.09443783222305052,0.0,0,prime
2026-06-28,0.04796315654456467,1.0,1,prime
2026-06-28,1.3735024762868913,0.9919893059987627,1,prime
2026-06-28,0.4641956303619624,0.0,0,subprime
2026-06-28,-0.19911176340219366,0.11851842438523907,0,subprime
2026-06-28,-0.42791190479372987,0.0064225588061174385,0,prime
2026-06-28,0.640129714377641,0.1034233872688557,0,prime
2026-06-28,-1.3445812198797527,0.0,0,subprime
2026-06-28,0.08621053715878256,1.0,1,prime
2026-06-28,-0.3027138600053811,0.9847284431480795,1,prime
2026-06-28,-0.7780998775307324,1.0,1,subprime
2026-06-28,1.9654933365307516,0.0,0,subprime
2026-06-28,-0.7433808990748791,0.777840899402192,1,prime
2026-06-28,-0.45557500712514887,0.0896218371292446,0,prime
2026-06-28,-2.5165837310746206,0.09575200335517964,0,prime
2026-06-28,3.1714636323984733,0.12273166439860772,0,prime
2026-06-28,-1.0838367655176135,0.023064692168761274,0,prime
2026-06-28,-0.06837039877510734,0.12310100332750862,0,prime
2026-06-28,1.8235753548860516,0.18312192230405597,0,prime
2026-06-28,-1.250152622193419,0.14468431199432769,0,prime
2026-06-28,-0.7612277240585037,0.11398933098258233,0,subprime
2026-06-28,-0.5197970016654262,1.0,1,prime
2026-06-28,-0.3557199685738237,0.986373306413375,1,prime
2026-06-28,0.07065387491630658,1.0,1,subprime
2026-06-28,-0.20130171814695047,0.0,0,prime
2026-06-28,0.21128497107930413,0.044937234632206426,0,prime
2026-06-28,-0.3154852543037977,1.0,1,subprime
2026-06-29,0.9849997990680898,0.7264499472205578,1,prime
2026-06-29,0.3616158904073261,0.0,0,prime
2026-06-29,0.5634127725027367,1.0,1,prime
2026-06-29,0.5789954189759748,0.05780717380459256,0,prime
2026-06-29,1.4867272946187793,0.11604012272843621,0,prime
2026-06-29,0.16530608617919706,0.8666875517423068,1,subprime
2026-06-29,1.2786909254570613,0.0015546691146439487,0,subprime
2026-06-29,-0.3029056759260795,0.16848307386496583,0,subprime
2026-06-29,-0.6534207359105924,0.0,0,prime
2026-06-29,0.560805910814786,0.176169756163728,0,subprime
2026-06-29,-1.2961572340604521,0.9393429765712139,1,prime
2026-06-29,0.4568109295854343,0.9094735736739687,1,prime
2026-06-29,-0.26633890483098444,0.0,0,prime
2026-06-29,-1.8295810127769594,0.0802962771848532,0,prime
2026-06-29,-0.2791135763800714,0.0,0,prime
2026-06-29,-0.845304030372493,0.9850813150077188,1,subprime
2026-06-29,-0.9699259020954313,0.6083251192163572,1,subprime
2026-06-29,-0.5199120239825646,0.048399551328130494,0,prime
2026-06-29,0.28156596820173807,1.0,1,subprime
2026-06-29,-0.16110044267680843,0.0,0,prime
2026-06-29,-2.3671838048746556,0.8983297663021541,1,subprime
2026-06-29,-0.0722335504048928,0.8485505469430574,1,prime
2026-06-29,-0.38994190109007687,0.0,0,prime
2026-06-29,-1.768933884355405,0.8585935610704014,1,prime
2026-06-29,1.2592916837675305,0.11150935207205843,0,subprime
2026-06-29,-1.4754286096661002,0.9850446501330968,1,prime
2026-06-29,-0.4488883188003723,1.0,1,subprime
2026-06-29,-0.3197682372967316,0.7828010972966206,1,prime
2026-06-29,1.2882725519591038,0.8656652896782445,1,subprime
2026-06-29,0.06123143619837312,0.9309736364052151,1,subprime
2026-06-29,0.5647849170450892,1.0,1,prime
2026-06-29,0.6962941881688326,0.7544108272672663,1,prime
2026-06-29,0.5059338134607854,0.06418116074978825,0,prime
2026-06-29,0.15699615733184394,0.1494378014156687,0,prime
2026-06-29,0.04512899703534581,0.8968603261241672,1,prime
2026-06-29,-0.8833455560269869,0.13161930164902452,0,subprime
2026-06-29,-0.08394130934843261,1.0,1,prime
2026-06-29,-1.953094532732853,0.079270937398947,0,prime
2026-06-29,-0.21166282119094554,1.0,1,prime
2026-06-29,1.090493641415507,0.9640215493311151,1,prime
2026-06-29,-0.22479109806317912,0.02544236676351255,0,prime
2026-06-29,1.327789034744564,0.9835499003211154,1,subprime
2026-06-29,0.9344733507436891,0.0,0,prime
2026-06-29,0.9718344469776117,0.04228726644866052,0,prime
2026-06-29,1.0527751734231634,0.011580722219350144,0,prime
2026-06-29,-0.2133848126659654,0.11559327763916524,0,prime
2026-06-29,-1.6867545850705308,0.766054727515938,1,prime
2026-06-29,0.15551862903471506,0.9080031522396461,1,prime
2026-06-29,-0.3513925666683123,0.0,0,prime
2026-06-29,1.5012885325873335,0.9766724582286661,1,subprime
2026-06-29,0.8162047626478619,0.9561755847495541,1,subprime
2026-06-29,-0.8230636429633172,0.06581703739414628,0,subprime
2026-06-29,-0.5952510902570223,0.9331458690469551,1,prime
2026-06-29,0.5007675480222514,0.0,0,subprime
2026-06-29,0.7232768165003198,1.0,1,subprime
2026-06-29,-1.779865024774369,0.0,0,subprime
2026-06-29,-2.630793315403076,0.8646385248821368,1,subprime
2026-06-29,1.2427295695274108,0.9377066609365452,1,prime
2026-06-29,0.12535561644937157,0.0,0,prime
2026-06-29,0.1951927218261194,1.0,1,prime
2026-06-29,1.7415772598460257,0.0134007649094686,0,prime
2026-06-29,-0.7562265766727132,0.8957584721064595,1,prime
2026-06-29,0.7787835225031878,1.0,1,subprime
2026-06-29,-0.06937970658021451,0.21091656994234956,0,subprime
2026-06-29,1.289722089426105,0.9899980747848907,1,prime
2026-06-29,0.5207770611210828,0.043223997870829006,0,prime
2026-06-29,1.7212255200757793,0.0,0,prime
2026-06-29,-0.2685048324572272,0.02653942092154072,0,prime
2026-06-29,0.549753839682669,0.8382883810953429,1,subprime
2026-06-29,0.2820424744917693,0.911318511193721,1,prime
2026-06-29,1.591499592252182,0.9750638151940634,1,subprime
2026-06-29,0.011634646005998615,0.02487820362497971,0,prime
2026-06-29,-0.8487382373588424,0.0,0,prime
2026-06-29,0.23396393811506977,0.0,0,prime
2026-06-29,0.035710470833196735,1.0,1,prime
2026-06-29,0.7485554641399421,0.9033457926746798,1,subprime
2026-06-29,0.3718570764944593,0.8413855254261859,1,prime
2026-06-29,1.688552097033275,0.9105861679228422,1,prime
2026-06-29,1.2228513502264584,0.9366406577342985,1,prime
2026-06-29,-0.12199277404417945,0.8249266324133165,1,subprime
2026-06-29,-0.07126841167506842,0.1698961530303016,0,subprime
2026-06-29,0.011664439260984066,0.8747907171874555,1,prime
2026-06-29,-1.3440836884102458,0.9044948377941643,1,prime
2026-06-29,0.10868837103009293,0.7912335233135752,1,prime
2026-06-29,-1.2307492585391757,0.8952591047840771,1,prime
2026-06-29,0.6197354027792078,0.8103031761746796,1,prime
2026-06-29,-0.8592937518715755,1.0,1,subprime
2026-06-29,-1.4510188711770817,0.7920122192242879,1,prime
2026-06-29,-0.37611990009781293,0.930346920911754,1,prime
2026-06-29,2.0258530959602217,0.8459955677507038,1,prime
2026-06-29,-1.5283271919927939,0.07477925062133947,0,subprime
2026-06-29,-0.9485035884007561,1.0,1,prime
2026-06-29,-1.3893691918039577,0.9534828998342072,1,subprime
2026-06-29,0.22251329878008339,0.0,0,prime
2026-06-29,0.3851665834094842,0.6885585430309357,1,prime
2026-06-29,1.615154383554177,0.08212773094605068,0,subprime
2026-06-29,0.40065832650049027,0.8232791123066091,1,subprime
2026-06-29,-2.174831332087692,0.10495684932262281,0,prime
2026-06-29,1.4636780016045567,0.0,0,prime
2026-06-29,0.9324347690572076,0.061717399502070044,0,prime
2026-06-29,0.20373957815035706,1.0,1,prime
2026-06-29,0.7009957626259372,0.0,0,subprime
2026-06-29,1.6086709296908763,0.15322649440884079,0,prime
2026-06-29,-0.9005725169115352,0.0,0,prime
2026-06-29,-0.15646568711915554,0.9561192661085548,1,prime
2026-06-29,0.30816580891206796,0.0,0,subprime
2026-06-29,-0.5316179683181685,1.0,1,prime
2026-06-29,0.5367905546704869,1.0,1,subprime
2026-06-29,1.3927795798645919,0.06584929198132754,0,subprime
2026-06-29,0.5036959356725429,0.011163437601090953,0,subprime
2026-06-29,-0.3482227883079892,0.895892909125653,1,prime
2026-06-29,0.4984992927644622,1.0,1,prime
2026-06-29,0.8481666119383583,0.13490122756014175,0,subprime
2026-06-29,1.843050007653771,0.8818070822955881,1,subprime
2026-06-29,1.7542446914540153,1.0,1,prime
2026-06-29,0.09834482674206804,0.16389810627768525,0,prime
2026-06-29,1.9345557485956522,0.0037683322169361905,0,subprime
2026-06-29,-0.01485818824742444,0.030277583907855912,0,prime
2026-06-29,1.2874972767583106,1.0,1,prime
2026-06-29,-0.5757288891616701,0.7047823145726708,1,prime
2026-06-29,1.431888415352259,0.08992823353865975,0,prime
2026-06-29,1.546992268308662,1.0,1,prime
2026-06-29,-1.430552930268004,0.8455000345568562,1,subprime
2026-06-29,0.3210402010157319,1.0,1,prime
2026-06-29,-1.6641227268957002,0.07526982951619123,0,prime
2026-06-29,0.25038400822212764,0.1068244002703967,0,subprime
2026-06-29,0.10164599578367857,0.07731713906141982,0,prime
2026-06-29,-0.27634492120034326,1.0,1,prime
2026-06-29,-0.40212482654780496,0.9025172832909033,1,prime
2026-06-29,-0.273320351645832,0.8665943002048601,1,prime
2026-06-29,1.2605849750055274,0.04276644397387205,0,prime
2026-06-29,0.6434525172749725,1.0,1,prime
2026-06-29,0.055901046717451115,0.19215818540335652,0,subprime
2026-06-29,0.20739026095293678,0.0,0,prime
2026-06-29,-1.8720028408764926,0.879478485064755,1,prime
2026-06-29,0.7560088057972466,0.20128300191062637,0,subprime
2026-06-29,1.1119646288343858,0.9491367441963834,1,subprime
2026-06-29,1.4849654331777287,0.0,0,prime
2026-06-29,-0.6904885421349856,0.14418269833457364,0,prime
2026-06-29,-0.6147811097836767,0.0,0,prime
2026-06-29,0.8001865337450754,0.9781656009020356,1,subprime
2026-06-29,1.1893939695391045,0.88173269927892,1,prime
2026-06-29,1.700210688165234,0.0751517471944773,0,prime
2026-06-29,-0.23261893091028726,0.907759456355182,1,prime
2026-06-29,0.013959310752500792,0.05870719353648467,0,subprime
2026-06-29,-0.3195549708792263,0.06231997125852702,0,prime
2026-06-29,0.3187826958308924,0.08591365669320064,0,prime
2026-06-29,-0.91339102090309,0.8289264410027384,1,subprime
2026-06-29,-1.677987059909948,0.03698686817716751,0,prime
2026-06-29,-1.5520274191055563,1.0,1,prime
2026-06-29,0.7673148154803415,0.14873482296248186,0,prime
2026-06-29,-0.385595247939353,0.0,0,prime
2026-06-29,-0.062383132766261555,1.0,1,subprime
2026-06-29,-2.029278885475,0.0897911119156013,0,prime
2026-06-29,-1.5565873299764874,0.06347130462408351,0,prime
2026-06-29,-0.8098417613382772,0.06443502863600603,0,prime
2026-06-29,1.61609127020393,0.0,0,prime
2026-06-29,0.22238220950435436,0.8017255428722068,1,subprime
2026-06-29,0.9669525629168362,0.20075134664737473,0,subprime
2026-06-29,-0.5460740604905463,0.9333885549918376,1,subprime
2026-06-29,0.02930097107141146,1.0,1,prime
2026-06-29,-1.4666670138273672,0.8537781722705798,1,subprime
2026-06-29,0.41580129549250894,0.003344468434946679,0,prime
2026-06-29,-0.8004517713118477,0.0,0,subprime
2026-06-29,0.17280822005139726,1.0,1,prime
2026-06-29,-0.8830691542043475,0.15407501580998556,0,prime
2026-06-29,0.2986519109953803,0.9498446069187921,1,subprime
2026-06-29,1.3297983120189354,0.07998637598234495,0,prime
2026-06-29,0.40579535314368353,0.08860110956727307,0,prime
2026-06-29,-0.004789451124280781,1.0,1,prime
2026-06-29,-0.13214003178052294,0.7892684775861131,1,subprime
2026-06-29,0.9627574212369966,0.0796415077643092,0,prime
2026-06-29,0.38318843849980855,0.08931625549513908,0,prime
2026-06-29,0.5104300625168802,0.07302331623791394,0,prime
2026-06-29,-0.1774328243520075,0.023942286011380914,0,subprime
2026-06-29,-0.5948975441413074,0.00032976408632751086,0,subprime
2026-06-29,0.21674873326686986,0.1252747110216481,0,prime
2026-06-29,-0.03878095357195182,0.0,0,prime
2026-06-29,-0.4165568065331056,0.004183039911956683,0,subprime
2026-06-29,-1.482831636639761,0.2796280302834981,0,prime
2026-06-29,-0.9650752947972076,0.0,0,prime
2026-06-29,0.45606017717057507,0.9870977607015042,1,subprime
2026-06-29,-0.14465453866723502,0.9643457838335198,1,prime
2026-06-29,-1.036274787738823,0.9576046511601934,1,prime
2026-06-29,0.4059671684831324,0.9491859709317466,1,subprime
2026-06-29,-0.059725545702156144,1.0,1,subprime
2026-06-29,-0.991104710668087,0.0,0,subprime
2026-06-29,0.6032597336718724,0.9650096894872776,1,prime
2026-06-29,0.22616623208664052,0.9651883895171635,1,prime
2026-06-29,-0.11186073035014675,0.8784655544995015,1,prime
2026-06-29,0.24964655377401793,0.955181545103833,1,prime
2026-06-29,0.7705595235129906,0.15403181269540162,0,subprime
2026-06-29,-0.2406799529261515,1.0,1,subprime
2026-06-29,-0.8483869361719465,0.000550834450358223,0,prime
2026-06-29,1.3753079645238775,0.7237475482841782,1,prime
2026-06-29,0.2635770291130586,0.134198007691726,0,prime
2026-06-29,-1.7271305391944123,0.8474428914440174,1,prime
2026-06-29,-0.26546711891058855,0.0,0,subprime
2026-06-29,-1.4139087458693629,1.0,1,prime
2026-06-29,1.543371428533297,1.0,1,prime
2026-06-29,0.21845213809839786,0.9952712816836489,1,subprime
2026-06-29,-0.8521197814671663,0.9257665771566045,1,prime
2026-06-29,-0.24618574199962318,0.19349749634228913,0,subprime
2026-06-29,1.4481775097476768,0.9226937084045754,1,prime
2026-06-29,-1.5314501490129677,0.0,0,prime
2026-06-29,1.086428703648123,0.9717220241006135,1,prime
2026-06-29,-1.0600163795442679,0.08930401436306068,0,prime
2026-06-29,-0.3063628976010955,1.0,1,prime
2026-06-29,1.474676526341787,0.07731861920893937,0,subprime
2026-06-29,0.19575464458610617,0.05643291850229302,0,subprime
2026-06-29,-1.6601276161112721,0.014949836795814499,0,prime
2026-06-29,0.20821463295116066,0.9897286735780714,1,prime
2026-06-29,-1.3721992953192284,0.9028310750478935,1,prime
2026-06-29,-0.7021720756133668,0.8363536409711336,1,prime
2026-06-29,0.5170432987240189,0.1252511959755313,0,prime
2026-06-29,-0.9314277842058225,0.0,0,subprime
2026-06-29,0.9750800399027009,0.07164114124716489,0,subprime
2026-06-29,0.8205319067788798,0.0,0,prime
2026-06-29,-0.0016089718449567277,1.0,1,prime
2026-06-29,0.18705755349447653,0.9880915961415019,1,prime
2026-06-29,-0.1653202437685517,0.0,0,prime
2026-06-29,1.2648872701700125,0.0,0,prime
2026-06-29,-0.4805767319201467,0.9834277191341554,1,subprime
2026-06-29,0.9034035486160437,0.06772280650325449,0,prime
2026-06-29,-0.08510996884778536,0.07353837179564202,0,subprime
2026-06-29,-0.12279940847371008,0.0,0,prime
2026-06-29,-1.9810347315932675,0.13127777656508383,0,subprime
2026-06-29,2.238295657748281,0.09607182113941864,0,prime
2026-06-29,-1.1818265559354129,0.7664070096655184,1,prime
2026-06-29,0.43605275407929184,0.0,0,prime
2026-06-29,2.03595183513081,1.0,1,prime
2026-06-29,-0.31132091338753376,0.8197630114282453,1,prime
2026-06-29,-0.058179154763785434,1.0,1,subprime
2026-06-29,0.3677186877043733,1.0,1,prime
2026-06-29,1.0033682513944804,0.9582363340332715,1,prime
2026-06-29,-1.0396042580328757,0.0704065837267009,0,prime
2026-06-29,-0.6186444494748337,1.0,1,prime
2026-06-29,-0.0728786211847873,0.9280597993857901,1,prime
2026-06-29,0.4809264010523093,0.9673208972488897,1,prime
2026-06-29,0.3252386260204137,0.0,0,subprime
2026-06-29,0.15197400432180933,0.9823332459058317,1,prime
2026-06-29,0.11060480787503842,0.25141923084792883,0,prime
2026-06-29,0.7550070604344392,0.13663127150581547,0,prime
2026-06-29,0.9580494215535486,1.0,1,prime
2026-06-29,0.277291864180092,0.08456898497938997,0,prime
2026-06-29,-1.0359656388018592,0.1378940020802797,0,subprime
2026-06-29,1.9397448021917856,0.0,0,prime
2026-06-29,-0.6995357566410075,0.0,0,prime
2026-06-29,0.5158000463486346,0.1522371805866406,0,subprime
2026-06-29,-0.926093536444738,0.1373685076415387,0,prime
2026-06-29,0.49100764325612334,0.0,0,prime
2026-06-29,-1.6626848840666835,0.0,0,prime
2026-06-29,-0.25826061218765445,0.26163899225402654,0,prime
2026-06-29,0.9930830092416248,0.042658333993061286,0,prime
2026-06-29,0.34859487790382165,1.0,1,prime
2026-06-29,0.6156355937575646,0.9373513691711504,1,subprime
2026-06-29,-1.6151037218714772,0.9283457684010773,1,prime
2026-06-29,0.39386918178486785,1.0,1,prime
2026-06-29,0.6779927231962837,1.0,1,prime
2026-06-29,-0.015957551425474514,0.0,0,prime
2026-06-29,-0.5258455882177736,0.022155847680488477,0,prime
2026-06-29,-0.12733420454640784,0.04003713767814237,0,prime
2026-06-29,0.38505480947492154,0.009332431347616861,0,prime
2026-06-29,-0.43535062726884827,0.7822435064154812,1,prime
2026-06-29,-0.5075959424628556,0.05449434767014179,0,prime
2026-06-29,-0.4487243325333961,0.048909170854894685,0,prime
2026-06-29,-0.21991134099483378,0.9079694584620651,1,prime
2026-06-29,-0.07342211071758174,0.815737241462335,1,prime
2026-06-29,-0.5700660655619647,1.0,1,prime
2026-06-29,-0.15896882316586372,1.0,1,prime
2026-06-29,2.6152765689460136,0.8632710504382917,1,prime
2026-06-29,0.07587908089826424,1.0,1,subprime
2026-06-29,-2.889153442201932,0.9502582328396003,1,subprime
2026-06-29,0.728375626922708,0.06002803660512067,0,subprime
2026-06-29,0.4255316806009219,0.0,0,subprime
2026-06-29,0.7483024687025538,0.05915565408652146,0,subprime
2026-06-29,-0.1371106629554512,1.0,1,prime
2026-06-29,1.5881981317941958,1.0,1,prime
2026-06-29,-0.5113811787741647,0.0,0,prime
2026-06-29,0.43879921206732536,1.0,1,prime
2026-06-29,-1.1072247643673006,0.9646569922078295,1,prime
2026-06-29,0.4649393786776785,0.8897029201816574,1,prime
2026-06-29,-0.12450093877861275,1.0,1,prime
2026-06-29,-0.1362252700929962,0.035226362833632015,0,prime
2026-06-29,-0.7151545882950152,0.8444727812017191,1,subprime
2026-06-29,0.08686286687675933,0.0716282170331454,0,prime
2026-06-29,0.10630034742014624,1.0,1,prime
2026-06-29,1.30995559641245,0.0,0,subprime
2026-06-29,0.9038779646486973,1.0,1,prime
2026-06-29,0.6744509290200762,0.004561986031655162,0,subprime
2026-06-29,1.741746783283143,0.14950698465153733,0,subprime
2026-06-29,-0.3378513555023954,0.7646694444958263,1,prime
2026-06-29,-0.44895397502597956,0.060469224476334515,0,subprime
2026-06-29,1.457553475939175,0.18703487694082277,0,prime
2026-06-29,-0.6840168595093364,0.08517728461960294,0,prime
2026-06-29,-0.13984757261257513,0.08420883653348242,0,prime
2026-06-29,-0.12138879746557715,1.0,1,prime
2026-06-29,-1.8657309757975478,0.8438260522216515,1,subprime
2026-06-29,1.1470901826074336,0.9062993462449742,1,prime
2026-06-29,-0.44651650187119507,1.0,1,subprime
2026-06-29,0.8138551278043396,0.7272901994306403,1,subprime
2026-06-29,-2.1367649647088975,0.972847321867814,1,prime
2026-06-29,1.069861483541876,0.15135968633386276,0,subprime
2026-06-29,0.8125625850469574,0.10644863008311024,0,prime
2026-06-29,-0.7121589319798529,0.8072972696121297,1,prime
2026-06-29,-0.23825767273071854,0.9417281643774724,1,prime
2026-06-29,0.4789855239565765,0.0840838011553816,0,subprime
2026-06-29,-2.4913876671578916,0.17169216218691696,0,prime
2026-06-29,-0.5588605310114445,0.8839591749170281,1,prime
2026-06-29,-1.155442085046535,0.11017137334669228,0,subprime
2026-06-29,-0.5619681995222394,0.0,0,subprime
2026-06-29,0.3842686959491699,0.05951966697589536,0,subprime
2026-06-29,-0.6599449699648078,0.0,0,prime
2026-06-29,-0.15600800389008593,0.8016334581880957,1,subprime
2026-06-29,0.5002759942365886,0.13397506055578606,0,prime
2026-06-29,-1.2441306972353459,0.0755727165085935,0,prime
2026-06-29,1.0792864606908947,1.0,1,prime
2026-06-29,-0.1665911231118361,0.9236575942999874,1,prime
2026-06-29,0.3045098322448067,1.0,1,prime
2026-06-29,0.2749727329074014,0.0920411764863634,0,subprime
2026-06-29,-0.31408728848185835,1.0,1,subprime
2026-06-29,1.9673310817619736,1.0,1,subprime
2026-06-29,1.6233772633758001,0.9422520150717654,1,prime
2026-06-29,0.13960543834040476,0.11700337764794683,0,subprime
2026-06-29,-0.6893633269947406,0.8592947438924157,1,prime
2026-06-29,-0.340790821445023,0.09566522200052441,0,prime
2026-06-29,1.9683631614765422,0.0,0,subprime
2026-06-29,1.3470393886431817,0.0,0,prime
2026-06-29,-1.5028567198743787,0.0,0,prime
2026-06-29,-0.9117050660594057,0.9705575019313218,1,subprime
2026-06-29,-1.3554013470312993,0.7648497920525031,1,prime
2026-06-29,0.8320431977572004,0.0,0,prime
2026-06-29,0.8194520243501776,0.02409434389806928,0,subprime
2026-06-29,0.045022961129692535,0.03796122600002719,0,subprime
2026-06-29,-0.4268366798373727,0.9086226103525018,1,subprime
2026-06-29,0.22551245190918714,0.0,0,prime
2026-06-29,-0.45672039069164594,1.0,1,prime
2026-06-29,-0.024235291875119913,0.11876627686401126,0,prime
2026-06-29,0.12849388208984727,0.0,0,prime
2026-06-29,-0.8387957779102189,0.0,0,prime
2026-06-29,-0.8254925276781951,0.9540831586816627,1,prime
2026-06-29,0.43983312073318753,0.9672621357531785,1,subprime
2026-06-29,-2.1234710541157957,1.0,1,prime
2026-06-29,-0.9707064658647261,0.8629890739756998,1,prime
2026-06-29,0.44373320719400305,0.0302324743778999,0,prime
2026-06-29,0.9418224352784549,0.058926086743759445,0,prime
2026-06-29,-1.4100624875570873,0.022492452507332075,0,subprime
2026-06-29,0.9245554214152663,1.0,1,prime
2026-06-29,1.2750583258620032,1.0,1,subprime
2026-06-29,1.0483093911560284,1.0,1,subprime
2026-06-29,-0.02892454605197349,0.022029716235677854,0,prime
2026-06-29,-1.6461398561476162,0.0,0,prime
2026-06-29,1.6186268570456783,0.9475377557479646,1,prime
2026-06-29,1.377230741942055,0.2748499367420241,0,subprime
2026-06-29,-0.5192240023531287,0.8137208428678887,1,prime
2026-06-29,-2.0629909337874204,0.8859368723534288,1,prime
2026-06-29,0.2764724547451279,0.7309116740012789,1,prime
2026-06-29,-1.4510534849465346,0.9303948609063034,1,prime
2026-06-29,0.4476593615953437,1.0,1,prime
2026-06-29,-1.8637782012423594,1.0,1,subprime
2026-06-29,-0.6885721304380139,0.0,0,prime
2026-06-29,0.01969952820657859,0.7648994576972864,1,prime
2026-06-29,-0.3517772708671198,0.1189731478282665,0,prime
2026-06-29,-0.9727995198392639,0.14451964852260468,0,subprime
2026-06-29,-1.7002244166134177,0.9067571230567264,1,prime
2026-06-29,-2.5204962869436387,0.0,0,prime
2026-06-29,-2.752795354050969,0.2023689145349307,0,prime
2026-06-29,0.7098391633135436,0.8871319212119483,1,prime
2026-06-29,-0.48889543161736826,0.8335307722235471,1,subprime
2026-06-29,-0.5814947021377955,0.07330814113176125,0,subprime
2026-06-29,0.14656554758777657,1.0,1,prime
2026-06-29,-0.5263928997859862,1.0,1,prime
2026-06-29,4.051136908731129,0.8670864717432192,1,prime
2026-06-29,-0.6030379531650069,0.9452316835998303,1,subprime
2026-06-29,0.13414931918917003,0.0,0,prime
2026-06-29,-1.2666030735709093,0.0,0,prime
2026-06-29,1.2488268768751594,0.01662885753577341,0,prime
2026-06-29,2.0095677878278404,1.0,1,subprime
2026-06-29,0.876909629541348,0.021508221944789057,0,prime
2026-06-29,-0.5439689671369022,0.9681395414501555,1,subprime
2026-06-29,-0.34155090057702575,0.021140159326898486,0,prime
2026-06-29,0.5111808506717996,1.0,1,prime
2026-06-29,1.787397803258077,0.028704029420812373,0,prime
2026-06-29,-0.39265236408623866,0.8851521364204731,1,prime
2026-06-29,-1.5212396371529868,0.0,0,prime
2026-06-29,0.2803537694718086,0.13241534262574833,0,prime
2026-06-29,0.13390525737236442,0.24771033514489127,0,prime
2026-06-29,0.038692381124526755,1.0,1,subprime
2026-06-29,1.120312754268236,1.0,1,prime
2026-06-29,-0.5919880228216317,0.08930334530744864,0,prime
2026-06-29,1.0444077175969806,0.06319040299292233,0,subprime
2026-06-29,-0.9876718957940545,0.9703463841738047,1,subprime
2026-06-29,-0.7117639520680701,0.0,0,prime
2026-06-29,-0.6294543130781991,0.1628406973416947,0,prime
2026-06-29,-1.0876430836194506,0.9676256239766325,1,prime
2026-06-29,-0.46695885142850513,0.0524745351187626,0,subprime
2026-06-29,-1.059231425646594,0.0,0,prime
2026-06-29,-0.6944779048027307,0.8510014726175055,1,subprime
2026-06-29,-1.1188338132215665,0.8920508905284265,1,prime
2026-06-29,-0.3496733147696516,0.8893667778751732,1,prime
2026-06-30,-0.572376683784295,1.0,1,prime
2026-06-30,-0.18954753623120352,0.956083475072147,1,subprime
2026-06-30,0.38583946211585574,0.0,0,prime
2026-06-30,-1.3242809650305758,0.8525271526666905,1,prime
2026-06-30,-0.08619269620350918,0.964177302501817,1,prime
2026-06-30,-0.3659528532496905,0.22319105127703825,0,prime
2026-06-30,1.0758348451888755,0.008261608365012427,0,prime
2026-06-30,0.6727856913631162,0.08416513292488656,0,subprime
2026-06-30,-1.2273334872994779,0.9593673182944323,1,subprime
2026-06-30,1.622133581444104,1.0,1,prime
2026-06-30,-0.2839651298887212,0.9583383611539732,1,subprime
2026-06-30,-2.5339333420492642,1.0,1,prime
2026-06-30,0.7780276644300614,0.0,0,prime
2026-06-30,1.5846451764091039,0.06039160563481836,0,prime
2026-06-30,0.14263245822664125,0.0,0,prime
2026-06-30,0.857281823398455,0.0681818265142198,0,prime
2026-06-30,0.31627653087514523,1.0,1,prime
2026-06-30,-0.9999861155759108,0.05113216547766505,0,prime
2026-06-30,1.6954684933161523,0.8203323466013691,1,subprime
2026-06-30,0.7304077994502652,0.89397577192465,1,prime
2026-06-30,0.8719515581761728,0.8954505684787124,1,prime
2026-06-30,0.037957160328793746,1.0,1,prime
2026-06-30,-0.31984494147704007,0.9077039224536922,1,prime
2026-06-30,1.8523613719081813,0.8670694542730336,1,subprime
2026-06-30,-0.7201522191298123,0.9190273625288828,1,prime
2026-06-30,-1.7085383345630734,0.1432880830914865,0,prime
2026-06-30,0.08508970741743149,0.8124185610450346,1,subprime
2026-06-30,-1.6921349853964969,0.029064309934915506,0,prime
2026-06-30,0.11126556262537064,0.8437433297393014,1,prime
2026-06-30,0.36975713153608003,0.18245874449532512,0,subprime
2026-06-30,1.7425224623115891,0.0,0,prime
2026-06-30,0.779542232810098,0.9097237276648593,1,prime
2026-06-30,-0.38940939267319324,0.9814900864315931,1,subprime
2026-06-30,-1.857915391958188,0.9806144107023398,1,subprime
2026-06-30,-0.8076870727009309,0.8328783899116827,1,subprime
2026-06-30,1.5919489411377563,0.9728014683986823,1,subprime
2026-06-30,-0.32852072188890236,0.805578761072029,1,prime
2026-06-30,-0.07522288274606181,0.9532708384677387,1,subprime
2026-06-30,1.7810048041770021,0.9832015506924141,1,prime
2026-06-30,0.7750645181662174,0.0,0,prime
2026-06-30,1.700769947754378,0.8356168403029376,1,prime
2026-06-30,-0.012057313195372102,0.8504920136611084,1,prime
2026-06-30,1.1350778389397185,0.0,0,prime
2026-06-30,0.17176407777591135,0.7543530477359711,1,subprime
2026-06-30,0.4687345420195652,0.1030639355924736,0,subprime
2026-06-30,-0.757057415520195,1.0,1,subprime
2026-06-30,-1.362236404348185,0.057009581011648144,0,prime
2026-06-30,-1.0120438419831757,0.1397859338114369,0,prime
2026-06-30,0.6713068442868855,0.015174303830002601,0,subprime
2026-06-30,-0.39217629719999714,1.0,1,subprime
2026-06-30,0.8764661062673955,0.22716759905677258,0,prime
2026-06-30,1.276035861087445,0.957654399865438,1,prime
2026-06-30,1.6113709376933336,1.0,1,prime
2026-06-30,-0.19728363914884925,0.9183019676641637,1,prime
2026-06-30,-1.4593345559790416,1.0,1,subprime
2026-06-30,-1.8955011313690655,0.0,0,prime
2026-06-30,-0.6392636985449063,0.8617568558495479,1,prime
2026-06-30,-1.0645259297155782,0.23482334546177797,0,prime
2026-06-30,0.1427970122289308,0.020514369522076092,0,prime
2026-06-30,0.48202923816431154,0.15925931885869835,0,prime
2026-06-30,1.619008712710089,1.0,1,prime
2026-06-30,-0.9861820767879718,0.0,0,prime
2026-06-30,0.5076216622763953,0.930904917079446,1,prime
2026-06-30,-1.6963336201272223,0.9462341258033049,1,prime
2026-06-30,1.1174032250447223,0.02442341644886966,0,subprime
2026-06-30,-1.5466935125989238,0.1830007063421442,0,subprime
2026-06-30,-0.816212879373351,0.8682174371150333,1,prime
2026-06-30,1.780600660849006,0.15484072705529756,0,prime
2026-06-30,-0.23441839156157548,0.0,0,subprime
2026-06-30,-0.9589224338706781,0.004130350091201648,0,subprime
2026-06-30,0.9883625406854101,0.12299738510657025,0,prime
2026-06-30,0.2404443917651887,0.9398196709560307,1,prime
2026-06-30,1.0706814439600432,1.0,1,prime
2026-06-30,0.3188563133536937,0.9521720104720377,1,prime
2026-06-30,0.571468082354035,0.09139714594639722,0,prime
2026-06-30,0.12272611947031954,0.047238701028086784,0,subprime
2026-06-30,-0.6534278094796101,0.0722836890806269,0,prime
2026-06-30,1.196729626759233,0.07725919389718432,0,prime
2026-06-30,-0.21321206692778735,0.1412347711488448,0,prime
2026-06-30,1.9993111940556778,1.0,1,prime
2026-06-30,-0.8433051726602071,0.0,0,prime
2026-06-30,0.3664024412231549,1.0,1,subprime
2026-06-30,0.4622655417919407,0.0,0,prime
2026-06-30,0.8925100057325533,0.11998826157960428,0,prime
2026-06-30,1.0301264667886039,0.0,0,prime
2026-06-30,-0.25855664529263783,0.010436440452187244,0,prime
2026-06-30,-0.4182209524132624,0.9745903055725879,1,prime
2026-06-30,0.22910918246424716,0.9044722429221693,1,prime
2026-06-30,-0.29077476393400903,0.8956437293266697,1,subprime
2026-06-30,1.6828330291515858,0.11392405042938629,0,prime
2026-06-30,0.034035900428864244,0.9132029565475857,1,prime
2026-06-30,-1.2330856629007725,0.006886011770170938,0,prime
2026-06-30,0.08096029026625595,1.0,1,prime
2026-06-30,0.5900145289854707,0.08306770977733166,0,subprime
2026-06-30,-1.5270780022267396,0.12092710418064183,0,prime
2026-06-30,-1.0729131584738618,0.8103379003109189,1,subprime
2026-06-30,2.6934316428364506,0.0690175454213437,0,subprime
2026-06-30,0.1313684859603285,0.012593281683137003,0,prime
2026-06-30,-1.3753170399125791,0.8145272968886139,1,prime
2026-06-30,-0.6089710014809419,0.0,0,subprime
2026-06-30,1.2081357395960375,0.8203203766007775,1,prime
2026-06-30,0.9146283604191229,0.056727808413175235,0,subprime
2026-06-30,-1.4249991996542588,0.0,0,prime
2026-06-30,-1.3112992222160933,0.8692503014467613,1,subprime
2026-06-30,0.5606217766591417,0.0,0,subprime
2026-06-30,1.92809868702189,0.0,0,prime
2026-06-30,0.7417540365947427,0.9300536481808356,1,subprime
2026-06-30,1.0525545814308683,0.9292739846466476,1,prime
2026-06-30,-0.48051886934306753,0.0,0,prime
2026-06-30,1.0082809234956827,0.851971061193727,1,subprime
2026-06-30,-1.2617747636761738,1.0,1,prime
2026-06-30,2.0506842684812985,0.7671441745224421,1,prime
2026-06-30,0.9475647679821416,0.07459677171211561,0,subprime
2026-06-30,-0.9049592518296647,0.9700962125452509,1,prime
2026-06-30,0.44597548349054666,0.7993505539933101,1,prime
2026-06-30,0.8588153415656824,0.981559068543717,1,subprime
2026-06-30,1.47714243110063,0.050940014655013216,0,prime
2026-06-30,1.970152202253704,0.08711658453178764,0,prime
2026-06-30,0.09427421482369665,0.005475935830056622,0,prime
2026-06-30,0.5120693683568924,0.8955842809656338,1,subprime
2026-06-30,-1.4390966514147348,0.14864326238845965,0,subprime
2026-06-30,1.4828284895355497,0.9717445676057038,1,subprime
2026-06-30,-1.0363047239583891,0.8722977561907198,1,prime
2026-06-30,0.9607099254795516,1.0,1,prime
2026-06-30,-0.8800873160757264,0.8914539985871459,1,prime
2026-06-30,-0.2746510439080713,0.9059292129806668,1,prime
2026-06-30,0.41408583229070794,0.055824800040692034,0,prime
2026-06-30,0.5268928892424859,0.9234264292789511,1,prime
2026-06-30,-0.35577906171573453,0.8859905625289437,1,prime
2026-06-30,0.09590428577274292,0.0,0,prime
2026-06-30,1.609984476001322,1.0,1,prime
2026-06-30,-0.3255955176497549,0.17513973974029193,0,prime
2026-06-30,-0.49693466501307154,0.04593707026206337,0,prime
2026-06-30,0.6429579518852843,0.9671399327121459,1,subprime
2026-06-30,-1.5744779574996108,0.07363162620447945,0,subprime
2026-06-30,-0.8566143182497509,0.07250864036005496,0,prime
2026-06-30,-1.424452993545454,0.07657389135816244,0,subprime
2026-06-30,-0.9570680184180335,0.020317229614926244,0,prime
2026-06-30,2.3059168850812237,0.1692207320989632,0,prime
2026-06-30,1.7179816152226965,1.0,1,prime
2026-06-30,0.5780630074811451,0.0,0,prime
2026-06-30,-0.22546613712207267,1.0,1,prime
2026-06-30,-0.8851716603521944,0.10746027718629178,0,subprime
2026-06-30,-0.8675612765909172,0.9792020726986127,1,prime
2026-06-30,0.04023755424246494,0.0,0,subprime
2026-06-30,-0.0951967085675741,0.9165941584757346,1,subprime
2026-06-30,0.4969702006183161,0.04239326295220121,0,subprime
2026-06-30,0.28801207807734563,0.0,0,prime
2026-06-30,-1.2755759917790892,1.0,1,prime
2026-06-30,-0.6470172847459751,0.918949462674777,1,subprime
2026-06-30,0.17997195931435758,1.0,1,subprime
2026-06-30,-2.511743758752241,1.0,1,prime
2026-06-30,0.8893934525299194,0.7880968553332552,1,prime
2026-06-30,0.6747729792418885,0.1298289165123962,0,subprime
2026-06-30,-0.9297260063523007,0.0,0,prime
2026-06-30,1.074196078650908,0.25151802399424256,0,subprime
2026-06-30,0.15339659050599677,0.0805787159119907,0,prime
2026-06-30,-1.674650112708155,0.9683274476285685,1,subprime
2026-06-30,-1.444302063807344,0.9778015123731741,1,prime
2026-06-30,-0.3707083072728509,0.1015301524872272,0,prime
2026-06-30,-1.9038469891686536,0.1929274169850625,0,prime
2026-06-30,1.7786051669359118,0.0,0,subprime
2026-06-30,-1.5655669982635962,0.0,0,prime
2026-06-30,0.06419444271410994,0.16354369413914593,0,prime
2026-06-30,-0.7802550093475666,0.10722389026591278,0,prime
2026-06-30,1.2790462493111758,1.0,1,prime
2026-06-30,-0.8322954487640545,0.9092572982874811,1,prime
2026-06-30,1.591126714780803,0.06267219438948815,0,prime
2026-06-30,1.8541976447433444,0.05869966254913028,0,prime
2026-06-30,-0.4896544339329129,1.0,1,prime
2026-06-30,-1.0912281997590543,0.09586420135070721,0,subprime
2026-06-30,-0.2276859392637036,0.0,0,subprime
2026-06-30,0.6116153057749739,0.21631236783264657,0,prime
2026-06-30,-0.5216495380911633,0.9462061399160133,1,prime
2026-06-30,2.251298012298942,0.9630615412496846,1,prime
2026-06-30,0.839345939063587,0.8102816606777227,1,prime
2026-06-30,0.86527154203902,0.03384954012589819,0,prime
2026-06-30,0.5735218187574389,0.0,0,prime
2026-06-30,-1.3656597361001983,0.0,0,subprime
2026-06-30,1.66431361404334,0.13061323797643376,0,prime
2026-06-30,-0.5543143829214883,0.13798786557575,0,prime
2026-06-30,1.041835233244384,0.10595303413897164,0,subprime
2026-06-30,0.38193074594146725,0.2237638352861008,0,prime
2026-06-30,0.03203222859271545,0.0307789802915104,0,prime
2026-06-30,0.04231921096028127,0.9366790088238447,1,prime
2026-06-30,-2.0131259305542417,0.048854283199081125,0,prime
2026-06-30,-1.2559276617446897,0.11766207227631091,0,prime
2026-06-30,-0.7093423929303108,1.0,1,prime
2026-06-30,0.7805131717652508,0.10751685325062102,0,prime
2026-06-30,0.7645822083876787,0.012353472303724272,0,prime
2026-06-30,0.2774008038897315,0.9096529744935676,1,subprime
2026-06-30,-0.25568535709129797,0.003536398792563747,0,prime
2026-06-30,0.31700275906008357,1.0,1,subprime
2026-06-30,1.1163507011356906,0.01790037107879914,0,subprime
2026-06-30,-1.0609252247661196,1.0,1,prime
2026-06-30,0.3254226105700134,0.9316566298796927,1,subprime
2026-06-30,-0.29517581553475686,0.976217653437746,1,subprime
2026-06-30,-1.8084297950053556,0.0651554809179705,0,subprime
2026-06-30,-0.30176085867288244,0.27446822254595155,0,prime
2026-06-30,1.4438169734638864,0.1508788369580517,0,prime
2026-06-30,0.21453079650281764,0.03206474774571005,0,prime
2026-06-30,0.703227846901019,0.03797957541683025,0,subprime
2026-06-30,-0.691492444052563,0.04855848517230717,0,prime
2026-06-30,-1.8549965511451507,0.0,0,prime
2026-06-30,0.4123214279221955,0.89763657396826,1,prime
2026-06-30,3.1237212589743746,0.0882905935842031,0,subprime
2026-06-30,0.47870158555582,0.0,0,subprime
2026-06-30,-0.7757397697134193,0.04578398028665081,0,prime
2026-06-30,1.5714329025894258,0.10133468532114084,0,prime
2026-06-30,1.4066634011176897,0.9419366283325528,1,subprime
2026-06-30,-0.7226176481794017,1.0,1,prime
2026-06-30,0.7754466212326712,0.052577900777184265,0,prime
2026-06-30,-0.3587791393005355,0.9666274730692642,1,subprime
2026-06-30,0.05864158773020649,0.11578870274626288,0,subprime
2026-06-30,-1.1634502136653346,0.17534265436663796,0,prime
2026-06-30,-1.8591795502082284,0.03917638915479089,0,prime
2026-06-30,-0.8773623159095046,0.11470710816995662,0,prime
2026-06-30,0.10216683712383208,0.8208063117292425,1,subprime
2026-06-30,0.6272899747719267,0.8644897651371037,1,subprime
2026-06-30,0.6478672427908237,0.12414304430051736,0,prime
2026-06-30,2.0853756774654273,0.0,0,prime
2026-06-30,-0.11556834078034203,0.719223204865249,1,prime
2026-06-30,-0.4172265991444219,0.10259613083564746,0,subprime
2026-06-30,-0.984994030281802,0.22701654001303406,0,prime
2026-06-30,0.09886465254676938,0.0,0,subprime
2026-06-30,-0.8886632327348987,0.15116945614513372,0,prime
2026-06-30,1.6233364990125358,0.0,0,prime
2026-06-30,-2.2500326241912156,0.9992166163523963,1,prime
2026-06-30,0.47356275655811997,0.0,0,subprime
2026-06-30,-1.1944160673291921,0.9342236499547487,1,prime
2026-06-30,0.14044870490134068,1.0,1,prime
2026-06-30,-0.7578501567032624,0.9108204639224631,1,prime
2026-06-30,-1.289964090028126,0.9886230683158161,1,prime
2026-06-30,0.7792283290227451,0.0,0,prime
2026-06-30,0.018077311869530172,1.0,1,prime
2026-06-30,2.3879433720221894,0.9709174703233485,1,prime
2026-06-30,0.5499596056399528,0.9148527496737262,1,subprime
2026-06-30,0.4813080981766844,0.7729218869973529,1,prime
2026-06-30,0.16387079479763025,0.14227157064437337,0,prime
2026-06-30,1.1400313012275978,1.0,1,prime
2026-06-30,0.7041789134988166,0.868087667464524,1,subprime
2026-06-30,1.5596255034573179,0.9854898028798635,1,prime
2026-06-30,0.5477083203842869,0.0,0,prime
2026-06-30,0.6741449045783687,0.0,0,subprime
2026-06-30,0.7410062078367864,0.0812734200476274,0,prime
2026-06-30,0.005343192557007424,0.06411180331481814,0,prime
2026-06-30,1.3124517971614431,0.030356288629278673,0,prime
2026-06-30,-1.9088957652161007,0.19638515301239642,0,subprime
2026-06-30,2.4852848724341903,1.0,1,subprime
2026-06-30,0.4006472158880653,0.9857565229600936,1,subprime
2026-06-30,0.20885219205080632,0.14704557081858255,0,prime
2026-06-30,0.08257598100461704,0.008540010985872364,0,prime
2026-06-30,-0.8150806017348033,0.0,0,prime
2026-06-30,1.3688801615710986,0.17355878965940758,0,subprime
2026-06-30,0.1091988503498019,0.09650820017912654,0,prime
2026-06-30,-0.29460444272280983,0.0,0,prime
2026-06-30,-1.8777998127789595,0.15923269997042722,0,prime
2026-06-30,0.13871166357606038,0.9991611354658987,1,prime
2026-06-30,1.116499378786908,0.9006855390603915,1,prime
2026-06-30,0.6411379008473261,0.8836219329889781,1,prime
2026-06-30,-0.4114084739707338,0.1490780743488317,0,prime
2026-06-30,0.936144177052407,1.0,1,prime
2026-06-30,0.3183866322669646,1.0,1,prime
2026-06-30,1.3762161217802662,0.06433973027495196,0,prime
2026-06-30,0.1546777669345054,0.10827093684324648,0,subprime
2026-06-30,-0.9012391441189184,0.8006258103775901,1,prime
2026-06-30,1.8288631698706836,0.0,0,prime
2026-06-30,1.5508807331208514,0.04144592046095718,0,subprime
2026-06-30,-1.51541233455037,0.0,0,prime
2026-06-30,0.9062310009798088,0.0,0,prime
2026-06-30,-0.9524040029325176,0.0,0,subprime
2026-06-30,-0.9262757446386825,0.03905670634819773,0,subprime
2026-06-30,0.282710336606291,0.887457473139746,1,prime
2026-06-30,0.574740709879867,0.02977206756757912,0,prime
2026-06-30,-1.5824377426271485,0.04515100225524924,0,subprime
2026-06-30,0.3650140472057753,0.05745205712389285,0,subprime
2026-06-30,-0.7737696692069768,0.11857194336386999,0,prime
2026-06-30,-1.1384111689809897,0.0,0,subprime
2026-06-30,-1.0076886961781313,0.07309345649599992,0,prime
2026-06-30,0.10756896538313028,0.0,0,subprime
2026-06-30,0.1739832373955997,0.9576029026575272,1,prime
2026-06-30,1.4009674361514086,1.0,1,prime
2026-06-30,2.038415315093307,0.0,0,subprime
2026-06-30,-1.2047013900696733,0.006233610134750711,0,subprime
2026-06-30,3.360630162615522,0.8912169941850483,1,prime
2026-06-30,0.2217178182150797,0.11890475483373339,0,prime
2026-06-30,0.14037599697210154,0.03266108635915339,0,prime
2026-06-30,-0.5447239393749712,1.0,1,prime
2026-06-30,0.22015593668704492,0.05347369432681679,0,prime
2026-06-30,-1.1676777758888157,0.0,0,prime
2026-06-30,0.958804287081604,0.23078051207810316,0,prime
2026-06-30,-1.3479060308610535,0.10121750839889389,0,prime
2026-06-30,-1.4276195307230504,0.9720417960944707,1,subprime
2026-06-30,-0.24290639762620156,0.9048262313694704,1,prime
2026-06-30,0.03718214247817085,0.0,0,subprime
2026-06-30,2.2026320027778556,0.9414814602724325,1,prime
2026-06-30,1.7388193192591095,0.025953605551643194,0,subprime
2026-06-30,-1.8622352729820029,0.06758733041301829,0,subprime
2026-06-30,2.1762757893652016,0.09570625411176667,0,prime
2026-06-30,0.3524874310139882,0.9354964888926875,1,prime
2026-06-30,2.7503217164285165,1.0,1,subprime
2026-06-30,-3.388003453768196,1.0,1,subprime
2026-06-30,0.7186686769637137,0.044911707374128265,0,prime
2026-06-30,-0.2347146728400167,0.9875890334373667,1,prime
2026-06-30,-0.42586455743392276,0.9445719774135686,1,subprime
2026-06-30,0.005950482747246806,0.7931984262187521,1,prime
2026-06-30,-0.7625206036731687,0.8996831886816065,1,subprime
2026-06-30,-0.304429278134894,0.8424357323459862,1,subprime
2026-06-30,-0.018337227082552122,1.0,1,prime
2026-06-30,0.16817906263488128,0.09254107566511932,0,prime
2026-06-30,1.0516507056593067,0.9622752440255138,1,prime
2026-06-30,-0.7131990325392806,0.0,0,prime
2026-06-30,-0.3693274830714015,0.06723437745709507,0,subprime
2026-06-30,0.6074576396608109,0.9181757599675778,1,subprime
2026-06-30,0.6946652586767459,0.0908709960863471,0,prime
2026-06-30,-0.3217900582521545,0.0,0,prime
2026-06-30,-0.8006300109370875,0.8750785000839606,1,prime
2026-06-30,0.5376273436914586,1.0,1,prime
2026-06-30,1.1895480429276146,0.9536978763232705,1,subprime
2026-06-30,1.9082969222391917,0.0,0,subprime
2026-06-30,-0.9818472111586761,0.04081685070415407,0,prime
2026-06-30,1.2662441199117211,0.8916651790095612,1,prime
2026-06-30,1.6624948671003514,0.9932155990901158,1,subprime
2026-06-30,0.4919258315499848,0.021749022738449145,0,prime
2026-06-30,-0.9332690066131545,0.10506725529301908,0,subprime
2026-06-30,0.3437606477969223,0.0,0,prime
2026-06-30,-1.1234117150791627,1.0,1,subprime
2026-06-30,-0.26055938046955174,0.0,0,prime
2026-06-30,-0.3084133267682645,0.8274964442657495,1,prime
2026-06-30,-1.1131090235827379,0.9181663695813612,1,subprime
2026-06-30,-0.13774208398103252,0.1267657797798663,0,prime
2026-06-30,0.730937646034936,1.0,1,prime
2026-06-30,0.06780671877187522,0.9948886926980401,1,subprime
2026-06-30,1.079162626407821,0.02313759725661017,0,prime
2026-06-30,0.511166954715735,1.0,1,prime
2026-06-30,2.173749734186524,0.07932127735241547,0,prime
2026-06-30,-0.9472190822773,0.8669211953220819,1,subprime
2026-06-30,-0.6839834024081121,0.9875660633677872,1,subprime
2026-06-30,0.807704909593291,0.8259929547297482,1,prime
2026-06-30,-1.0402970570610053,0.11084387112206986,0,prime
2026-06-30,-0.42207814897984275,0.0,0,prime
2026-06-30,1.9294310501986427,0.9952193451525855,1,prime
2026-06-30,-0.022489133288173986,0.07486839702631118,0,prime
2026-06-30,0.8864934214053769,0.0,0,subprime
2026-06-30,-1.2564548177676722,0.794900449438488,1,prime
2026-06-30,0.9793566801890242,0.1530872149303468,0,prime
2026-06-30,1.1335043057919059,0.008512909780783867,0,subprime
2026-06-30,-0.5636800802877051,1.0,1,prime
2026-06-30,0.02796880232003031,0.05687923107620015,0,subprime
2026-06-30,1.1652631493805208,0.15917433210993723,0,subprime
2026-06-30,0.6836488091200423,0.0029121864833968475,0,prime
2026-06-30,0.9030771119938306,0.20072563081220962,0,prime
2026-06-30,0.865099016818466,0.21741128314067154,0,subprime
2026-06-30,0.7758273475000885,0.9597824533164838,1,prime
2026-06-30,1.6654447145369855,0.07500709142494007,0,subprime
2026-06-30,-0.4625182998125999,1.0,1,prime
2026-06-30,0.6615162405559831,0.0,0,prime
2026-06-30,1.2437794696864743,0.853830042413487,1,subprime
2026-06-30,-0.32967367104475154,0.8693694530121332,1,prime
2026-06-30,-0.8396843229431166,0.9343282285479023,1,prime
2026-06-30,0.05243567678782134,0.037892960205931164,0,prime
2026-06-30,0.6344493331414752,1.0,1,subprime
2026-06-30,-2.4570833274327217,0.8935628519829926,1,subprime
2026-06-30,-1.1432604411233622,0.09786496493119845,0,prime
2026-06-30,0.19415719729562772,1.0,1,prime
2026-06-30,0.12826588105486614,0.15769968610782575,0,prime
2026-06-30,0.9366828745321413,0.00010552159432906244,0,subprime
2026-06-30,-0.8633948781163288,0.0,0,prime
2026-06-30,0.9386306131651305,0.8466123794405316,1,prime
2026-06-30,1.0986953208422026,0.8738502759375202,1,prime
2026-06-30,1.6204874753449385,1.0,1,subprime
2026-06-30,-0.20657138692365862,0.0,0,prime
2026-06-30,1.204044803647369,0.9069615338819765,1,prime
2026-06-30,-0.7515911240757333,0.8311347211293765,1,prime
2026-06-30,-0.06614819991881708,0.05431736718611336,0,subprime
2026-06-30,0.5901401466900391,0.03347080635172056,0,prime
2026-06-30,0.6540056022261376,0.96970241372156,1,prime
2026-06-30,1.4487520668490144,1.0,1,prime
2026-06-30,-0.1514319944672569,0.9643137120814346,1,subprime
2026-06-30,-0.7618676551561996,0.00011338572667474178,0,subprime
2026-06-30,-0.7904249926775483,1.0,1,prime
2026-06-30,0.5398238291587779,0.041343165688484486,0,prime
2026-06-30,-0.6314274068773597,0.9994438669725854,1,prime
2026-06-30,-0.5369861509980653,0.060487602645297456,0,subprime
2026-06-30,-0.8152034967725074,0.7654074906209308,1,prime
2026-06-30,-0.9204072445736263,0.0,0,prime
2026-06-30,1.4448703444111755,0.06236768270497556,0,subprime
2026-06-30,1.5001687948591713,0.05791242850920429,0,prime
2026-06-30,0.9190804184964104,0.9671365288536603,1,prime
2026-06-30,0.5041044028102166,0.0,0,prime
2026-06-30,0.32062692510635515,0.9200653255934526,1,prime
2026-06-30,0.8388321749851901,0.06692059536381766,0,prime
2026-06-30,0.9758717690015168,0.16218496443542837,0,prime
2026-06-30,-1.2432998370038961,0.062411851819023395,0,prime
2026-06-30,-1.086747431252188,0.0,0,subprime
2026-06-30,-0.29111676322193,0.22952305027868922,0,prime
2026-06-30,-0.8422940989192086,0.9878214465138813,1,prime
2026-06-30,-1.718733490427228,0.0,0,subprime
2026-06-30,-0.4014446520384124,0.9517757538903316,1,subprime
2026-06-30,0.6183231732435666,0.0,0,prime
