date,feature,prediction,label,segment
2026-06-01,0.8274977020121801,0.5623054828438462,0,subprime
2026-06-01,0.5944012864821787,0.33612082086758593,0,prime
2026-06-01,-0.6599336568363515,0.5875957081449119,1,prime
2026-06-01,-0.20119263976010407,0.2861563286517274,0,prime
2026-06-01,-0.023829062226088504,0.8907350866784645,1,prime
2026-06-01,-2.8308878163562565,0.45745626471382633,0,prime
2026-06-01,-0.3241257623722291,0.001024253629989924,0,subprime
2026-06-01,1.1082829449269294,0.4142985857275682,0,prime
2026-06-01,-2.8002101502707037,0.6177415440752622,0,prime
2026-06-01,0.9550622740728223,0.043674753588344606,0,prime
2026-06-01,0.7361730905384852,0.7404218177142088,1,prime
2026-06-01,-0.29343345791113723,0.3753416902613653,0,prime
2026-06-01,-0.4652819815090263,0.46522679668173966,1,prime
2026-06-01,-0.08692976619374683,0.7678309659250191,1,prime
2026-06-01,-1.8158101733985925,0.4558019792640453,0,prime
2026-06-01,-0.062300378391319286,0.5432089499975065,1,prime
2026-06-01,-0.8954085703742808,0.7675935826280134,0,prime
2026-06-01,0.23973461628814274,0.31444282378124294,0,prime
2026-06-01,-0.8515362648964562,0.15918806254780116,1,subprime
2026-06-01,0.04829434339259517,0.5846417981422293,0,subprime
2026-06-01,-0.013263042783912863,0.5554127305929378,1,prime
2026-06-01,-1.044621211899628,0.6794512896549267,0,subprime
2026-06-01,0.9764921030403518,0.07467499133325206,1,prime
2026-06-01,-1.4631288114369154,0.46945949301846346,0,prime
2026-06-01,-0.46994228208037697,0.5898138359973972,0,prime
2026-06-01,-0.6406319937311694,0.6659661255859826,1,prime
2026-06-01,2.021487446384992,0.3350412309698136,0,prime
2026-06-01,-1.5849403270354308,0.5562769141160132,1,subprime
2026-06-01,-0.23428573072481557,0.44033436575646523,0,subprime
2026-06-01,-1.6989407900749252,0.17870747132047382,1,prime
2026-06-01,-1.1793715523680046,0.08351905567514209,0,prime
2026-06-01,-0.8085475576762984,0.8160349655289932,1,prime
2026-06-01,-0.26034801998987195,0.5839933886192659,1,subprime
2026-06-01,1.0323921852622275,0.4804499369713994,1,prime
2026-06-01,-0.46161320227537395,0.09721462102069789,1,prime
2026-06-01,0.4816496045684203,0.3753591544782004,1,prime
2026-06-01,0.24601415703609866,0.39158511559215675,1,subprime
2026-06-01,-0.22593264696943752,0.2670308609383181,1,subprime
2026-06-01,0.24381258543678316,1.0,1,subprime
2026-06-01,-0.0641594079169858,0.234612142272017,1,prime
2026-06-01,0.9060505871425645,0.020492529949318106,0,prime
2026-06-01,2.435116024976746,0.07266467804183607,0,prime
2026-06-01,-1.10448269478737,0.3845985056788355,0,prime
2026-06-01,0.2776198592849785,1.0,0,prime
2026-06-01,1.285631277615028,0.5099965445206402,1,prime
2026-06-01,-0.582956481022707,0.23407431216175636,0,prime
2026-06-01,1.6605819041560657,0.23942783665408623,0,prime
2026-06-01,0.5671724530801961,0.8229153129293403,0,prime
2026-06-01,-0.6367888510147647,1.0,1,prime
2026-06-01,-1.1705969173054878,0.5720980395590809,1,prime
2026-06-01,1.6333807655638268,0.7101148236438758,1,prime
2026-06-01,1.5776729629397865,0.8431351387488029,1,subprime
2026-06-01,0.6123972370392102,0.4333386101433658,0,prime
2026-06-01,-0.9432135367551145,0.0,0,prime
2026-06-01,-0.01206646570595266,0.15021251877157732,0,prime
2026-06-01,-0.4464794606755358,0.7558520811433448,1,prime
2026-06-01,-0.8209335621947347,0.4380904497267476,1,prime
2026-06-01,-0.7027021844386225,0.15752694918510995,0,prime
2026-06-01,-0.8638429026758291,0.6204992142441694,0,prime
2026-06-01,-0.6484943655360487,0.5748091222854097,0,prime
2026-06-01,-0.9651551744902903,0.5095900171013229,1,subprime
2026-06-01,0.20376496344145192,0.29633190954214217,0,prime
2026-06-01,0.9976973942496624,0.7460544350635684,1,subprime
2026-06-01,-0.8193768862751594,0.35691408064767516,0,prime
2026-06-01,0.7654193855899014,0.022493220234055034,0,prime
2026-06-01,-0.8354075531188503,0.9873998192664073,1,subprime
2026-06-01,1.0665467200397034,0.33979005751120894,0,subprime
2026-06-01,0.8926860565392997,0.0,0,prime
2026-06-01,-1.018704159009317,1.0,1,subprime
2026-06-01,0.7810174794525602,0.24974137243464437,0,prime
2026-06-01,0.02535801299208123,0.4965513290100134,0,prime
2026-06-01,0.33401679817830254,0.6842113826579794,0,prime
2026-06-01,1.1995784344020564,0.7355796458136872,1,subprime
2026-06-01,-0.1506848229743498,0.1822697903910605,1,subprime
2026-06-01,0.5398547006062343,0.7382628723013941,1,prime
2026-06-01,-0.13568939421867268,0.07671028726699913,0,prime
2026-06-01,-1.0864757499095719,0.2623841381027304,0,prime
2026-06-01,-0.5395579334176458,0.566465705743281,1,subprime
2026-06-01,-1.8109516231807326,0.9554953843087819,1,prime
2026-06-01,1.631746391303773,0.30610619709258813,0,subprime
2026-06-01,1.8109106033593694,0.7279852582773461,1,prime
2026-06-01,-0.37656645253192494,1.0,1,subprime
2026-06-01,-0.33459693306073557,0.08366257857005199,0,prime
2026-06-01,-0.49607771099217335,0.2665298344095197,0,prime
2026-06-01,-0.4567260765086632,1.0,1,prime
2026-06-01,-0.8592724923686081,0.4630492399506646,0,subprime
2026-06-01,-1.2887412632465947,0.0,0,subprime
2026-06-01,1.6708871840922157,0.39048461178922766,1,prime
2026-06-01,2.913119175935372,0.33613974799530316,1,prime
2026-06-01,0.37572432708195225,0.48671608660423404,0,subprime
2026-06-01,-0.5476209104173863,0.45862819089775897,1,prime
2026-06-01,-0.2818155457356752,0.8971370990771934,1,prime
2026-06-01,0.15920864919467728,0.28939977656489513,0,prime
2026-06-01,0.028307168484629608,0.0941609819317761,0,prime
2026-06-01,-1.4208643295230798,1.0,1,prime
2026-06-01,-0.4822027493511416,0.255897286669894,0,prime
2026-06-01,-0.4807312098529663,0.11622730072296275,0,subprime
2026-06-01,0.7681002703782389,0.0,0,prime
2026-06-01,0.521782587693148,0.7085993548946312,1,prime
2026-06-01,-0.10234936590196335,0.029184510050375312,0,prime
2026-06-01,-0.012514922431160392,0.12099914724717403,0,prime
2026-06-01,-1.5117418293884772,0.3589423990666301,0,prime
2026-06-01,0.755207316198241,0.7125090682753461,0,subprime
2026-06-01,0.7740356365674581,1.0,1,subprime
2026-06-01,0.281796751751463,0.0,0,prime
2026-06-01,0.7389887273802874,0.6209828928708274,1,subprime
2026-06-01,-0.031157508860401393,0.7332031576217724,0,subprime
2026-06-01,0.5705359921503055,0.3282001177872804,0,prime
2026-06-01,0.013957301109414446,0.736439240908886,1,prime
2026-06-01,0.6991001656951448,1.0,1,prime
2026-06-01,-1.7014817499456631,0.5406352907599966,1,prime
2026-06-01,1.4946610619990497,0.29559416250408516,0,subprime
2026-06-01,1.1404876914622772,0.06402106425516357,0,prime
2026-06-01,0.3561700994798955,0.5311509282163003,1,prime
2026-06-01,-1.0253541913801207,1.0,1,prime
2026-06-01,0.8344410004988935,0.4110864685961615,0,prime
2026-06-01,-0.9519406172606351,0.0,0,subprime
2026-06-01,-0.4367637290816098,0.9788592429139393,1,prime
2026-06-01,-1.065860272597964,0.08958669752777604,0,subprime
2026-06-01,0.060672438047349286,0.4207431732899691,1,prime
2026-06-01,0.08462775410085135,1.0,1,subprime
2026-06-01,2.024208562118351,0.5428560605144227,0,prime
2026-06-01,0.012063754969463878,0.2781160145291802,1,prime
2026-06-01,0.8263471786857863,0.880198675072005,1,prime
2026-06-01,-0.7245084529997111,0.0,0,prime
2026-06-01,-1.7900765572183923,0.0070274018408703065,0,subprime
2026-06-01,0.8619440485890142,0.8104844682132292,1,prime
2026-06-01,0.7808296847321452,0.3747050274074063,0,subprime
2026-06-01,-1.3604757820448747,0.5513058605706604,1,subprime
2026-06-01,1.5469333068681284,0.02077967855524354,0,prime
2026-06-01,0.020329027854124753,0.5009140649830643,0,subprime
2026-06-01,-1.1688302581305732,0.0,0,subprime
2026-06-01,-1.0063684800000476,0.29368555609433006,0,prime
2026-06-01,-0.4347643329031772,0.864878240761107,1,subprime
2026-06-01,0.23970167236225765,0.6121574501918818,1,prime
2026-06-01,-1.155638710468231,0.8841067896363001,1,prime
2026-06-01,-0.8442459958506497,0.863775494320698,1,prime
2026-06-01,0.675290270296924,0.4548745491816281,1,prime
2026-06-01,-0.15724011485003161,0.0,0,subprime
2026-06-01,0.22713212743865438,0.607632458471826,1,prime
2026-06-01,0.7668297796331413,0.3012696337972816,1,prime
2026-06-01,-0.6981794068709616,0.30156280545737885,0,prime
2026-06-01,0.1116579788221484,0.1382765035079114,0,prime
2026-06-01,-0.007765868202388368,0.6049745381945228,0,prime
2026-06-01,-0.8060454636707967,0.20301786925585394,0,prime
2026-06-01,-0.4551628277541437,0.8212714308458067,1,subprime
2026-06-01,1.5506700767380335,0.7716324901150796,1,subprime
2026-06-01,0.8136176429769079,0.8717663128363298,1,prime
2026-06-01,-0.928520436219701,0.693699460001843,1,prime
2026-06-01,0.9049318306335362,0.5408776059684056,0,prime
2026-06-01,-1.175698810916997,0.5158528274972691,1,subprime
2026-06-01,-0.7643317534508256,0.49478766347108283,0,prime
2026-06-01,-0.7527231308306486,0.7568966015095534,1,subprime
2026-06-01,-2.302839654414261,0.0,0,subprime
2026-06-01,-1.4712140810382581,0.46981123063009617,1,prime
2026-06-01,0.3042964686276315,0.4211220171940533,0,prime
2026-06-01,1.8819019521736537,0.4891929727186418,0,prime
2026-06-01,0.48344371145038717,0.3084005944092503,1,prime
2026-06-01,-0.5189512114486807,0.11429303478404765,0,prime
2026-06-01,0.4285051736348821,1.0,1,prime
2026-06-01,0.5338646392801436,1.0,1,prime
2026-06-01,-0.4713398869023848,0.07874587420267218,0,subprime
2026-06-01,-1.0050575995110478,1.0,1,prime
2026-06-01,1.7326329472478856,0.0,0,prime
2026-06-01,-0.9447321169961947,0.8857971499619142,1,subprime
2026-06-01,0.7483767231608202,0.10495515677115266,0,prime
2026-06-01,1.7491554581027227,0.3893484298306456,0,subprime
2026-06-01,-0.07347820540036336,0.7696423805928396,1,prime
2026-06-01,-1.458296609937164,0.3950750460357739,0,prime
2026-06-01,-0.04494958040924206,0.5726486617210477,0,prime
2026-06-01,1.0854208014050275,0.48562026319795937,1,prime
2026-06-01,0.1806791456560439,0.529227350308987,0,prime
2026-06-01,-1.4003233932444634,0.2684881577413131,0,prime
2026-06-01,-1.3259025676099705,0.0,0,subprime
2026-06-01,0.9414937027255526,0.2575195508447927,1,prime
2026-06-01,0.732771254739102,0.5963004647854242,0,subprime
2026-06-01,0.13410899516459077,0.45563591561632266,0,prime
2026-06-01,1.9185554963662141,0.6480198415405825,0,prime
2026-06-01,-0.5331019186929468,0.4854191378073936,1,subprime
2026-06-01,-0.15094573379301857,0.5690801970430996,1,prime
2026-06-01,2.000376504551082,0.3430760645523591,0,prime
2026-06-01,-0.29867361895819067,0.0,0,subprime
2026-06-01,0.8911418685043987,0.6925949802048674,0,subprime
2026-06-01,-0.3376320287576586,0.29936875274846475,1,subprime
2026-06-01,0.20158677527575963,0.8434188223864673,1,prime
2026-06-01,-2.484394203403374,0.3561696696638029,1,subprime
2026-06-01,0.2973628160718302,0.5321324960338744,0,subprime
2026-06-01,-1.0979147870745343,0.7798849149452152,1,prime
2026-06-01,0.017670900928234146,0.7100927537144065,1,prime
2026-06-01,-0.884935267171791,0.2505479341663152,0,prime
2026-06-01,-0.8065888176908292,0.05398231490944236,0,prime
2026-06-01,0.9003545153641695,0.8487135962189386,1,prime
2026-06-01,0.9884026716026882,0.2980605989380892,0,prime
2026-06-01,-0.12790817856618153,0.5058828628932478,1,prime
2026-06-01,-0.44582554861993134,0.24521234568305206,1,prime
2026-06-01,-0.3465015938019913,0.8456979016773574,1,prime
2026-06-01,-1.0680994437534879,0.9699828176420648,1,prime
2026-06-01,0.4127162845371006,0.20566261015975912,0,prime
2026-06-01,-0.1794012727066527,0.9959786864522853,0,subprime
2026-06-01,-0.33630887133921816,0.4419011802575336,1,subprime
2026-06-01,1.3874463653252598,0.15600855417940965,0,prime
2026-06-01,0.19142106672134218,1.0,1,prime
2026-06-01,0.47972411956359184,0.17888798129151384,0,prime
2026-06-01,-1.1556303014512048,0.7873785692084777,1,subprime
2026-06-01,1.0817210691944632,0.5470100103503938,0,prime
2026-06-01,-1.1312796421210676,0.5588116271119353,0,prime
2026-06-01,-0.4046807737497324,0.3311193448906495,1,prime
2026-06-01,-0.9301252760130865,1.0,1,subprime
2026-06-01,-0.24108512754075861,0.0,0,subprime
2026-06-01,1.3038787148649258,0.7012468531513624,1,prime
2026-06-01,-0.8312163610541752,0.7786517407820842,1,prime
2026-06-01,-0.7793644384668061,0.4238551237555003,1,prime
2026-06-01,-1.0203190459894618,0.5007595893982064,1,prime
2026-06-01,-0.1799202896374105,0.16759440146985635,0,prime
2026-06-01,-1.3971843006091569,0.9846143484185536,1,subprime
2026-06-01,-0.7919583141847318,0.5408438607509798,1,subprime
2026-06-01,-0.5895279038000789,0.2121368749896239,0,subprime
2026-06-01,-0.8198375424706966,0.5224575339437264,1,subprime
2026-06-01,-0.9786190953910759,0.3993223763416794,1,prime
2026-06-01,-0.6633757610667358,0.8210661491018298,1,subprime
2026-06-01,1.10736128189308,0.7734711134981952,1,prime
2026-06-01,-0.6141758801190442,0.35116119497431036,0,subprime
2026-06-01,0.7168219410515606,0.10779010835685984,0,prime
2026-06-01,-0.6615680329153569,0.7254095011317915,1,prime
2026-06-01,0.6638469186162126,0.51779765902025,0,subprime
2026-06-01,-0.019614947829483493,1.0,1,prime
2026-06-01,-0.13348990353156834,0.8744859807141582,1,prime
2026-06-01,0.5031733225928353,0.0,0,prime
2026-06-01,1.141454660914223,1.0,0,subprime
2026-06-01,-0.40736739268020716,0.8482760582982327,0,subprime
2026-06-01,-1.303844975329382,0.9858698697495976,1,prime
2026-06-01,1.1363793730667862,1.0,1,prime
2026-06-01,1.4006936971324493,0.14829019565233562,0,prime
2026-06-01,0.5376347794875399,0.4277449834300746,1,prime
2026-06-01,-0.11183601949861695,0.10481045406812683,0,subprime
2026-06-01,-1.3155382698189637,0.13187647842400704,0,prime
2026-06-01,0.3931699646295427,0.31640115816757797,1,subprime
2026-06-01,0.5809394657536804,0.41658307092968444,1,subprime
2026-06-01,-1.4936936583014728,0.4379953105621659,0,prime
2026-06-01,0.007278149506539026,0.511467464150379,0,prime
2026-06-01,-2.330747625589985,0.36555755790549316,1,prime
2026-06-01,-0.24950110495233557,0.9421406931547902,1,prime
2026-06-01,0.7807315957585539,0.5410402917806173,1,subprime
2026-06-01,-0.25951639389426445,0.5003030187649165,1,prime
2026-06-01,-0.5605207064058796,0.5589813132903336,0,prime
2026-06-01,-0.47604310455805815,1.0,1,prime
2026-06-01,-0.19762874608799266,0.0,0,prime
2026-06-01,1.234093796787399,0.6662163269233439,0,prime
2026-06-01,0.16657184452399018,0.6372747706178274,0,prime
2026-06-01,2.0812988056307486,0.40112368742037136,0,prime
2026-06-01,0.6725003603826882,0.0,0,prime
2026-06-01,0.6656216250120043,1.0,1,subprime
2026-06-01,-0.9602002862127836,0.5421919817663545,0,prime
2026-06-01,0.844235567130863,0.31719443561328203,0,prime
2026-06-01,1.6838585250050004,0.42912158895712554,1,prime
2026-06-01,0.47136058811172393,0.5307666519714644,0,prime
2026-06-01,-0.3491408765240716,0.0,0,prime
2026-06-01,0.28527738918276496,0.583124272753501,1,prime
2026-06-01,1.1723819093317094,0.9425674235313863,1,prime
2026-06-01,-0.5134640612541161,0.3516738674040524,1,subprime
2026-06-01,-1.2651927564817844,0.7885824118318818,1,subprime
2026-06-01,-0.9537307079107061,0.389017180343425,1,prime
2026-06-01,0.04823658788925747,1.0,1,prime
2026-06-01,-1.07410087391853,0.1271313427177322,0,prime
2026-06-01,0.4611435307836318,0.022047069958402832,0,subprime
2026-06-01,0.40598127023079333,0.2713080123713113,0,subprime
2026-06-01,-0.15723624180209847,0.7254095580969409,1,subprime
2026-06-01,-1.1825351855589836,0.8026027063099699,1,prime
2026-06-01,0.7917506477527995,1.0,1,prime
2026-06-01,-0.5050147546549252,0.7375506213761946,0,prime
2026-06-01,-0.3674776091684133,0.5185055368104463,0,prime
2026-06-01,-0.2987460998117729,0.48021068852055926,0,prime
2026-06-01,-0.7055680363368834,0.7516047477956131,1,subprime
2026-06-01,0.09541046289072337,0.5373520417312517,1,prime
2026-06-01,-0.3817292411736374,0.46174734301731835,0,subprime
2026-06-01,0.9981680395838558,0.47078840623252505,1,prime
2026-06-01,-0.31531585897176273,0.4390438397370681,1,prime
2026-06-01,0.5585296577115377,1.0,1,prime
2026-06-01,-0.7782110248394196,0.9846157304129914,0,prime
2026-06-01,0.9440707240345749,0.6213728905174329,0,prime
2026-06-01,0.4125374712366031,1.0,1,prime
2026-06-01,-1.2498223498099854,0.7923081079915681,1,subprime
2026-06-01,2.0610057078532873,0.48551107959395967,0,subprime
2026-06-01,-0.9175621478722314,0.4753232256243031,0,prime
2026-06-01,-0.6632726242565671,0.6181096738574002,1,prime
2026-06-01,0.19557181749026017,0.10597746383428772,0,subprime
2026-06-01,-0.48113485589044275,0.11356645663235823,0,prime
2026-06-01,1.552220347626872,0.481681554819696,0,prime
2026-06-01,0.7408334240562888,0.49899195869058605,1,subprime
2026-06-01,-1.3732863656079894,0.3807417953888211,0,subprime
2026-06-01,0.5345954036308899,0.31450851132822427,1,subprime
2026-06-01,-1.1780240587444448,0.6177015822884717,0,prime
2026-06-01,-0.2717780349109583,0.0,0,prime
2026-06-01,1.890284725110034,0.3293588390110802,0,prime
2026-06-01,-0.03822563712046448,0.4648179651713131,1,subprime
2026-06-01,-0.9416386149440634,0.6115381785221259,0,prime
2026-06-01,-1.1419468714134802,0.22488597189036402,1,prime
2026-06-01,-0.9492833304479315,0.4714601431860444,1,subprime
2026-06-01,-0.5583055070435174,0.8933570452812876,1,prime
2026-06-01,-0.6167127121448455,0.895488093949504,1,prime
2026-06-01,0.49636156167491075,0.2061532888714182,1,prime
2026-06-01,0.4457290068455365,0.1820728999802711,1,subprime
2026-06-01,-1.1664420002983653,0.537998233673208,0,subprime
2026-06-01,0.5197723659007601,0.0,0,prime
2026-06-01,0.1843592479414533,0.4548130615939898,0,prime
2026-06-01,0.08318720372781058,1.0,1,prime
2026-06-01,1.4969012836886424,0.4655183681900507,1,subprime
2026-06-01,-1.3651156382839513,0.20282908492303986,1,subprime
2026-06-01,-1.184434801531113,0.8861118622410549,1,prime
2026-06-01,1.2492023230338054,0.17178978453712337,0,prime
2026-06-01,-1.2895532358924289,0.7708391404129852,1,subprime
2026-06-01,0.2662788610715116,0.9580759957560292,1,prime
2026-06-01,0.07601136808054396,0.0,0,prime
2026-06-01,-1.7846935018824877,0.5286821852217483,0,prime
2026-06-01,0.1439509794534338,0.7160875029900143,1,prime
2026-06-01,-0.5536525915852984,0.306827476054131,1,prime
2026-06-01,0.39033528571926,0.0024155178750912554,0,prime
2026-06-01,-0.5909012295151317,0.15864457080920188,0,prime
2026-06-01,-0.7577293365960714,0.7622245319789535,1,prime
2026-06-01,1.3090000569928195,0.07971359243965573,0,prime
2026-06-01,1.0634446216716564,0.0,0,subprime
2026-06-01,-1.4003442890951812,1.0,1,subprime
2026-06-01,0.6292905186484622,0.23913798704398365,1,subprime
2026-06-01,-0.7228532826924777,0.710843361413699,1,prime
2026-06-01,1.9183403392282226,0.1275238996700362,0,prime
2026-06-01,1.814855082541861,0.31134310121095354,0,prime
2026-06-01,-0.8363701159485368,0.15963150872365756,0,subprime
2026-06-01,-2.877423672384402,0.2619610968083885,0,prime
2026-06-01,2.020395674845174,0.4923554338331033,0,prime
2026-06-01,0.3449367137110317,0.7786030569385183,0,prime
2026-06-01,0.6262900678210808,0.47728749957803374,1,prime
2026-06-01,0.26159223447278745,0.13544283947702326,0,prime
2026-06-01,-0.3191862400433949,0.0,0,prime
2026-06-01,1.1263825303138753,0.526838843039042,0,prime
2026-06-01,-0.47552004751046123,0.5958462793795148,1,prime
2026-06-01,-1.4525730813984352,0.233896453818341,0,prime
2026-06-01,-0.13455518595044752,0.043558865364862975,0,prime
2026-06-01,0.6319277204876126,0.8877516883412857,1,prime
2026-06-01,-1.4068241876574148,0.38559335290061797,0,prime
2026-06-01,-1.0448636341959756,0.9820456936804146,1,subprime
2026-06-01,0.8808641338653044,0.34413531730340347,1,prime
2026-06-01,0.9849430715719382,0.820761361987199,1,prime
2026-06-01,0.4268155004836914,1.0,1,prime
2026-06-01,0.5626983044491536,0.29682354591230276,0,prime
2026-06-01,-0.5728736895487924,0.6094700948082691,1,subprime
2026-06-01,1.18187967408466,0.846960425414095,0,prime
2026-06-01,-0.9480138931051385,0.0,0,prime
2026-06-01,-0.7791947505933625,0.9120088402361081,1,subprime
2026-06-01,0.03601847033986228,0.2999219056889212,1,prime
2026-06-01,-0.33999931543493633,0.06142929037445488,0,prime
2026-06-01,-0.6499374997635228,0.0850127579122903,0,prime
2026-06-01,0.6155084002266021,0.44229988105688356,0,prime
2026-06-01,0.7930965367089392,0.8515363036710913,1,prime
2026-06-01,-0.7761321797490103,0.13428878419717655,0,subprime
2026-06-01,-1.1650223769772314,0.2469430368449749,0,prime
2026-06-01,1.1613323896376482,0.17183807202903786,0,prime
2026-06-01,0.5489977679722808,0.4355504410060681,0,prime
2026-06-01,0.020672458332341274,0.7159119673520076,1,prime
2026-06-01,0.37858658785213806,0.2556335655716006,1,prime
2026-06-01,-0.4112879081504607,0.06734863903031807,0,subprime
2026-06-01,-0.42996239683956433,0.889483496654151,1,prime
2026-06-01,0.41051854557621986,0.6082019889833186,1,subprime
2026-06-01,-0.07784831941298623,0.10093830505174026,0,subprime
2026-06-01,0.9392450346215006,0.9265350465876151,1,prime
2026-06-01,-2.583232103622325,1.0,1,subprime
2026-06-01,-0.8815352153018139,0.0,0,prime
2026-06-01,0.3029343816705913,0.26518867763102244,0,prime
2026-06-01,-0.8792363633621103,0.6632587233102631,1,prime
2026-06-01,0.2909690449242302,0.15954931618210602,0,prime
2026-06-01,-1.0295191097092544,1.0,1,prime
2026-06-01,-0.5349953373786385,1.0,1,prime
2026-06-01,-0.48663340402060185,0.7480594307909398,1,prime
2026-06-01,-1.0825104260777973,0.45084252632747246,0,prime
2026-06-01,-0.9113206858464764,1.0,1,prime
2026-06-01,2.0160589469371373,0.48469732299038415,1,subprime
2026-06-01,-0.22425526846534855,0.6973747691888148,1,prime
2026-06-01,1.2302640496098238,0.7661062620374838,1,subprime
2026-06-01,-1.5837906487444662,0.05644035300552522,0,prime
2026-06-01,0.5331238066135598,0.6516838432825143,0,prime
2026-06-01,-0.1563705869669351,0.47888649432603947,0,prime
2026-06-01,1.3178531805023856,0.9209669011412718,1,subprime
2026-06-01,-2.7310079390921,0.5206852892433598,1,subprime
2026-06-01,0.48603800900937955,0.6345716697697271,1,prime
2026-06-01,0.09000753068113294,0.5605193311423808,1,subprime
2026-06-01,1.038006905306483,0.45553809633714026,1,prime
2026-06-01,1.6561693527431471,0.388553522063252,1,prime
2026-06-01,-0.6696180416035559,0.666121205416838,0,prime
2026-06-01,0.7656488418632662,0.015433335141672777,1,subprime
2026-06-01,-0.32698571515058655,0.3700005981631942,0,prime
2026-06-01,-0.036766684612274614,0.5950363763259527,0,subprime
2026-06-01,-1.1492671567591175,0.5316591211606089,1,subprime
2026-06-01,0.050382462275269636,0.0,0,subprime
2026-06-01,-0.28029001389725616,0.09458277285397221,0,prime
2026-06-01,-0.21096603603907474,0.0,0,prime
2026-06-01,-1.0456206293159067,0.0,0,prime
2026-06-01,-0.14279265559015297,0.0,0,prime
2026-06-01,-0.22141329993950137,0.5154810328550452,0,prime
2026-06-01,0.03298753884000232,0.41405502089117013,1,prime
2026-06-01,1.4066012546436437,0.3849648061450052,0,prime
2026-06-01,-0.7181859972546021,0.48118570911592307,1,prime
2026-06-02,0.6103297190604109,0.19412723289370126,0,subprime
2026-06-02,0.18023541649365177,0.6045874419983867,1,prime
2026-06-02,-0.4524861475806143,0.35240125306986214,0,prime
2026-06-02,0.9900533678115487,0.7839651262946316,1,prime
2026-06-02,-0.410420682605231,0.34925910320234654,1,prime
2026-06-02,-0.739615506785453,0.3133100374648225,1,prime
2026-06-02,0.9719404766207986,0.6253296879165682,0,subprime
2026-06-02,0.9041205594406052,0.5076594176643451,1,prime
2026-06-02,-0.38750609250542356,1.0,1,prime
2026-06-02,0.08200312204958211,0.7527744979340819,1,subprime
2026-06-02,0.62137948715401,1.0,0,subprime
2026-06-02,-0.16041019607506635,1.0,1,prime
2026-06-02,-0.780175646194587,0.9552485397488533,1,prime
2026-06-02,0.6212323784389989,0.0,0,prime
2026-06-02,0.5021895367608241,0.12999720768032252,0,prime
2026-06-02,0.14692667263208084,0.7547410072926222,1,subprime
2026-06-02,0.27594025766665553,0.03158323259548135,0,prime
2026-06-02,0.3849899258771378,1.0,1,prime
2026-06-02,-0.6542484092890939,0.28975869569876667,0,subprime
2026-06-02,0.24217254228140805,0.53780351655801,1,prime
2026-06-02,0.7117060122390222,0.6777611498917453,0,prime
2026-06-02,-1.2888313633316515,0.7387537656912309,1,prime
2026-06-02,0.29218417141246816,0.8428183905214055,1,subprime
2026-06-02,1.063151983717995,0.28269442348394397,0,prime
2026-06-02,-0.7857247712239883,0.3258525098743474,0,prime
2026-06-02,-0.9638678838840026,1.0,1,subprime
2026-06-02,-0.16548252191341498,0.0,0,prime
2026-06-02,-0.751635306991076,1.0,1,prime
2026-06-02,0.2256921515030726,0.537356121540206,0,prime
2026-06-02,-1.060019343546225,0.5418814953804636,1,prime
2026-06-02,0.26608111120793104,0.6767065303557736,1,subprime
2026-06-02,1.4778088925972035,0.6117666939210844,0,prime
2026-06-02,1.2402821130965833,0.4987201183044582,1,prime
2026-06-02,0.5424170638716505,0.0,0,prime
2026-06-02,0.09258232967828336,0.0,0,prime
2026-06-02,0.9888830095387686,0.4195756155293005,0,subprime
2026-06-02,0.48628166080753965,0.07151760228609544,0,subprime
2026-06-02,-1.070568762689615,1.0,0,prime
2026-06-02,0.1448760750667891,0.5128558563247532,0,prime
2026-06-02,1.8415752402971683,0.13603905912362388,0,prime
2026-06-02,0.15047632567004907,0.11593126563110184,0,subprime
2026-06-02,1.1502692776804573,0.0,1,prime
2026-06-02,1.4981435205619418,1.0,1,prime
2026-06-02,0.7289005589917508,1.0,1,prime
2026-06-02,0.7867167263417151,0.0,0,subprime
2026-06-02,0.4411931544754954,0.9680455140307644,0,subprime
2026-06-02,0.5202448118406902,0.5979937979650336,1,prime
2026-06-02,-1.2200951444058057,0.5830065568420537,0,prime
2026-06-02,1.3363023387680428,0.08633354770282639,0,prime
2026-06-02,0.7803008427588219,0.5570557827360529,0,prime
2026-06-02,0.8842517784149185,0.18949631198152944,0,subprime
2026-06-02,-1.2491460772920446,0.0,0,prime
2026-06-02,-0.37363995486483126,0.9269044740498437,1,prime
2026-06-02,0.9162512623593231,0.6421565380493401,0,prime
2026-06-02,0.5002387589095559,0.6893626917788611,0,prime
2026-06-02,0.0856386745852925,0.37355982599849286,1,prime
2026-06-02,-0.7833242321554874,0.578157930823834,0,prime
2026-06-02,-0.7642918355638681,0.15116439672117263,0,prime
2026-06-02,0.1701279423056929,0.54380019368482,1,subprime
2026-06-02,-0.9337210747618188,0.571769501102352,0,prime
2026-06-02,1.6325925553419183,0.8720603424529305,1,prime
2026-06-02,-0.8580825085366545,0.7251650164790424,1,subprime
2026-06-02,-0.501845751683024,0.6830689900161937,0,subprime
2026-06-02,0.13399357842068352,0.4748322900048678,0,subprime
2026-06-02,0.23876230869662168,0.25395049989932983,0,prime
2026-06-02,-0.5765263743895775,0.8271082411539412,1,prime
2026-06-02,0.11857825291881037,0.6764620517982748,1,subprime
2026-06-02,0.4326064685272402,0.0,0,prime
2026-06-02,-1.5489624827706268,1.0,1,prime
2026-06-02,-0.23783275129610865,1.0,1,prime
2026-06-02,0.738301254930425,0.5826058323772206,0,subprime
2026-06-02,-1.6659153166258511,0.25364409926565196,0,prime
2026-06-02,-1.1183972684304684,0.16599843255214772,0,subprime
2026-06-02,-0.9993845080959252,0.4958561207708211,0,prime
2026-06-02,0.9245942930863889,0.8767344751295656,1,prime
2026-06-02,0.6914978632876044,0.9628373321121526,0,subprime
2026-06-02,-0.8412563867486508,0.9165979584987527,1,prime
2026-06-02,0.3641755395896503,0.5996442369065504,1,prime
2026-06-02,0.5642163123163113,0.15705030420832705,0,prime
2026-06-02,-0.13442188110018316,1.0,1,prime
2026-06-02,-2.327108651215788,1.0,1,subprime
2026-06-02,1.6534913145221268,0.5094900710907777,1,prime
2026-06-02,0.7153223198553594,0.7109245462466103,1,prime
2026-06-02,0.580270975560754,0.5618026475055439,0,prime
2026-06-02,-1.555370245140065,0.4062655321692254,1,prime
2026-06-02,1.7993600581049043,0.0,0,prime
2026-06-02,0.22756862092420044,0.7248141308486843,1,prime
2026-06-02,0.08803510844328431,0.48115976421222123,1,prime
2026-06-02,-0.08988204884835078,0.394532595456002,0,subprime
2026-06-02,0.4952074791639428,0.5474740071909477,0,prime
2026-06-02,-0.4141202334770496,0.6697132329694941,0,prime
2026-06-02,0.9248254210621146,0.40600439738768507,0,subprime
2026-06-02,1.3897454859665637,1.0,1,prime
2026-06-02,-0.1564354641791286,0.7500911933429101,1,prime
2026-06-02,-0.42301270430795257,0.26683615271850936,1,prime
2026-06-02,0.5821098870112743,0.7761709559631076,0,subprime
2026-06-02,1.675012257126325,0.7346952703538633,1,prime
2026-06-02,-2.249026759416072,0.753455828954864,1,prime
2026-06-02,-0.05112727912974474,0.48637327431444854,0,prime
2026-06-02,-1.1822076445010314,0.5271036643048246,1,prime
2026-06-02,2.7505713250358435,0.0,0,subprime
2026-06-02,0.46378065351683184,0.42451888997325904,1,prime
2026-06-02,-2.021183761809489,0.5777081956598982,1,subprime
2026-06-02,-2.452194519171496,0.6386123793639971,1,prime
2026-06-02,-2.101079677585365,0.414807584039112,0,prime
2026-06-02,-0.9904860058863312,0.5206306860662475,1,subprime
2026-06-02,-0.21634025568800902,0.0,0,prime
2026-06-02,-1.77178250331148,0.3274359907055514,0,prime
2026-06-02,-0.6737955732974207,0.3657855392994735,1,prime
2026-06-02,0.5081421500744878,0.9264100676955661,1,subprime
2026-06-02,-0.6142233608164285,0.6963043123966043,1,subprime
2026-06-02,1.170326554156371,0.14025563266840252,0,prime
2026-06-02,-0.19467187651327292,0.3681208192736122,0,subprime
2026-06-02,-0.4710288346443544,1.0,1,prime
2026-06-02,-0.574235223628103,0.8653620518009106,1,prime
2026-06-02,-1.0028305819514127,0.3532511108656618,0,prime
2026-06-02,0.3906718010903332,0.09985948461621333,0,prime
2026-06-02,0.47693943736496736,0.763475766200248,1,prime
2026-06-02,-0.7084412735634577,0.49448281892235213,0,prime
2026-06-02,1.1681197513117105,0.047547851032350985,0,prime
2026-06-02,0.8201704950047728,0.35016189495285605,0,subprime
2026-06-02,-1.1114679775578113,0.16880330673085372,0,prime
2026-06-02,0.7787275685526792,0.4928393832324405,0,prime
2026-06-02,0.9063495198272077,0.054746045809522914,0,subprime
2026-06-02,0.8034242136597047,0.28210025186005594,1,prime
2026-06-02,-1.3429419839727974,0.2736877671398321,0,prime
2026-06-02,-0.9047648043847201,0.3126370882868555,0,prime
2026-06-02,1.6523251492788829,0.0,0,prime
2026-06-02,-0.5377713822860601,0.8986099199727715,0,prime
2026-06-02,-1.9029742634161833,0.47129777573471865,0,subprime
2026-06-02,-0.19300175881890763,0.2549797281589955,0,prime
2026-06-02,-0.29619828254888975,0.2903400116702104,0,prime
2026-06-02,2.05725130291767,1.0,1,prime
2026-06-02,-0.4894695015818663,0.1251961957258522,0,prime
2026-06-02,-1.155148224381656,0.4044327274674448,0,subprime
2026-06-02,0.6708950618133903,0.03658961762244728,0,prime
2026-06-02,-1.1511173878375993,0.3113625583238319,1,prime
2026-06-02,-1.458283893142709,1.0,1,prime
2026-06-02,0.3016304618504137,0.41439225028156096,1,prime
2026-06-02,1.9672643701809802,0.0,0,prime
2026-06-02,0.9903579316492801,0.41151123838693926,1,prime
2026-06-02,0.8038889784298021,1.0,0,prime
2026-06-02,-0.08028308525847055,0.12733304477790447,0,prime
2026-06-02,-0.5344138679704562,0.12674669474188344,0,subprime
2026-06-02,-0.4371660935258854,0.7137565232431095,1,prime
2026-06-02,1.0220013797043261,0.8940083308128409,1,prime
2026-06-02,-0.40154516848164956,0.4712317886594627,0,prime
2026-06-02,-0.31764835366070954,0.38802442842756146,1,subprime
2026-06-02,-0.2514272135118388,1.0,1,subprime
2026-06-02,0.2912484268089271,0.297149496138891,1,prime
2026-06-02,-1.4450793610181925,0.8834317197125933,1,prime
2026-06-02,0.5631320733776811,0.7539459117299929,1,prime
2026-06-02,1.2976753290709018,0.34559123040579826,0,subprime
2026-06-02,-0.3835585241753596,0.0,0,prime
2026-06-02,0.8198499854808201,0.4919626619807649,1,prime
2026-06-02,-0.02148766423142859,0.7181014938884092,1,subprime
2026-06-02,0.566931368359478,0.0,0,subprime
2026-06-02,-0.5764259423916691,0.9237466506785387,1,subprime
2026-06-02,-0.07845299181226326,0.9257337852749599,1,subprime
2026-06-02,0.7702372260757899,0.13207330923717497,0,prime
2026-06-02,-0.3640800297897728,0.7262779773443139,1,subprime
2026-06-02,-0.871145805659028,1.0,1,prime
2026-06-02,-0.23501238057760016,0.46598944271929865,1,subprime
2026-06-02,1.5685861959065523,0.4341844304936795,0,prime
2026-06-02,-1.5518310414536753,0.0711842934914022,0,prime
2026-06-02,0.4768657558246626,0.38024402740199265,0,prime
2026-06-02,0.5883051849681866,0.9200062995414601,0,prime
2026-06-02,-0.3722029157029987,0.47760305139482007,0,subprime
2026-06-02,0.2778546182396368,0.24548235323223178,0,prime
2026-06-02,0.10442006504093125,0.5092728356375149,1,prime
2026-06-02,0.6049974655864931,0.5896055284240251,0,subprime
2026-06-02,-1.2825917587180198,0.48772853242008984,1,prime
2026-06-02,1.2627739559228113,0.10485411347849427,0,prime
2026-06-02,1.1773645438473024,0.26212792906697563,0,prime
2026-06-02,-0.36697816547848017,0.8169072735203791,1,prime
2026-06-02,-0.18459092010931294,0.616844099416601,1,prime
2026-06-02,0.06261259413266379,0.17820979843120296,0,subprime
2026-06-02,-0.1208078761991334,0.18563233438239302,0,subprime
2026-06-02,-0.18072348705738542,1.0,1,prime
2026-06-02,2.580028055644948,0.6277183423445225,1,prime
2026-06-02,0.5017231582142747,0.5357847099634498,1,prime
2026-06-02,-0.26155718341691575,0.8432096055346545,1,prime
2026-06-02,-1.8403949486482578,1.0,1,prime
2026-06-02,1.6034808198628472,0.7392084714028425,1,prime
2026-06-02,-0.29158161777853786,0.10303237542663798,0,prime
2026-06-02,0.6419581562235127,0.051647857005875764,0,subprime
2026-06-02,1.0808955013480417,0.14495869464258812,0,subprime
2026-06-02,1.1558253885451069,0.6806126840573983,0,prime
2026-06-02,-0.301895424500492,0.9840128862957873,1,subprime
2026-06-02,-0.7896837319969506,0.0,0,prime
2026-06-02,-0.28834199214960066,0.8745952867923743,1,prime
2026-06-02,-0.07762837155419482,0.6935058393372094,1,prime
2026-06-02,0.7201437248689908,0.6740329761061584,1,prime
2026-06-02,-1.0017487988777554,0.39677586054266173,0,prime
2026-06-02,0.19062769616038236,0.31116777961182956,1,prime
2026-06-02,0.5572115795591881,0.7025384857266849,1,subprime
2026-06-02,0.013890003812435893,0.0,0,prime
2026-06-02,0.7858356480501243,0.644631461931482,0,prime
2026-06-02,-1.1777452970491153,0.7047754911913068,1,prime
2026-06-02,2.460309820945905,1.0,1,prime
2026-06-02,0.046670398777480686,0.7718531273618817,1,subprime
2026-06-02,-1.937006131516645,0.3212784505213094,0,prime
2026-06-02,-1.9181735137141,0.39114356020922025,0,prime
2026-06-02,-0.41683947894766116,0.22940402837339047,0,subprime
2026-06-02,-0.818479991404619,0.900792281443052,1,prime
2026-06-02,-0.3278764948432827,0.6733466988136722,1,prime
2026-06-02,0.6926305272105606,0.46567465732915214,1,prime
2026-06-02,0.698704102433529,0.4472303567294901,1,prime
2026-06-02,0.6392573683001957,0.20399296062099406,0,prime
2026-06-02,-0.8620339473372739,0.0,0,prime
2026-06-02,0.16162034779879744,0.7763559812070359,1,prime
2026-06-02,-0.46347976131817764,0.35696017077188247,0,subprime
2026-06-02,-1.1085917661759996,0.6817062629433612,1,subprime
2026-06-02,-1.4366514545170304,0.27539137547104253,0,prime
2026-06-02,0.4592025486131245,0.5819106989521434,1,prime
2026-06-02,0.8835338042029337,0.07014285625397781,0,prime
2026-06-02,0.03889120747892376,0.974707262489759,1,prime
2026-06-02,2.406467408018058,0.09783509009280125,0,prime
2026-06-02,0.2977212633752788,0.12137978406633573,0,prime
2026-06-02,-1.155914559810617,0.8256625427791561,1,prime
2026-06-02,-1.4121100419351147,0.0371062360537604,0,prime
2026-06-02,-0.5716127373105443,0.5706570256171726,1,prime
2026-06-02,-2.1868754547100973,0.831897702232038,1,prime
2026-06-02,-1.662954500763425,0.5380772291486846,0,subprime
2026-06-02,1.3434988292253367,0.3925532462573242,0,subprime
2026-06-02,0.5686969206665323,0.6677633257965596,1,prime
2026-06-02,0.5355709358303005,0.7746686764524774,0,prime
2026-06-02,0.11993009488286704,0.6986513864630727,1,prime
2026-06-02,-1.5512465363259014,0.045813511552199204,0,prime
2026-06-02,0.23063089912011006,0.2914848530538019,0,prime
2026-06-02,1.6124167747803524,0.5741044166733335,1,prime
2026-06-02,-0.5536400627456318,0.706675282376135,1,prime
2026-06-02,0.40072101492857365,0.5473052730907855,1,prime
2026-06-02,-1.5736521307505327,0.6144715617771334,1,prime
2026-06-02,2.0561364209337087,0.4749736424747715,0,prime
2026-06-02,-0.6380260979860841,0.0,0,prime
2026-06-02,-2.2964909464188583,0.0,0,prime
2026-06-02,-0.07739779991610034,0.18478293416656522,1,prime
2026-06-02,0.16197399736312032,0.9686318270231011,1,prime
2026-06-02,0.7146138306440487,0.8919529058676201,1,prime
2026-06-02,-0.1084742577932523,0.7986296937739765,1,subprime
2026-06-02,-0.19099145294543013,0.7380739611469258,1,prime
2026-06-02,1.1891803483216064,0.29352839683567705,0,prime
2026-06-02,-0.4711543906016746,0.42094086715477513,0,prime
2026-06-02,2.6261929665473707,0.3366811370327311,0,prime
2026-06-02,-1.349680475237928,0.3687391650315407,1,prime
2026-06-02,2.065730481533549,0.6692095337063989,1,prime
2026-06-02,1.345833222996094,0.07818386176602804,0,subprime
2026-06-02,0.9076588698735955,0.6003287647586681,0,subprime
2026-06-02,-1.306413591636768,0.7469506348792152,1,prime
2026-06-02,-0.3684939599360175,0.8608228865899252,1,subprime
2026-06-02,-0.2189266792007307,0.0,0,prime
2026-06-02,0.3934430747357199,0.7498346201015479,1,prime
2026-06-02,1.1489844307446235,1.0,1,subprime
2026-06-02,0.17322218578346013,0.11463452839925495,0,prime
2026-06-02,0.693509835431962,0.8579758563534499,1,subprime
2026-06-02,0.10232340474267446,0.8570740602339939,1,subprime
2026-06-02,-0.947525027546041,0.0,0,prime
2026-06-02,0.9733185471952766,0.6757364607277974,1,prime
2026-06-02,-0.11812888038030821,0.5100135613510517,0,prime
2026-06-02,-0.00561650152207048,0.054491398654410356,0,prime
2026-06-02,-0.17369375091461745,0.09399651263767186,0,prime
2026-06-02,-1.5832873890379304,0.4865617938930973,0,prime
2026-06-02,1.098045514499315,0.18534181259618687,0,prime
2026-06-02,1.0967485540101871,0.7502423791967262,1,prime
2026-06-02,-1.137172103299103,0.21143636562053358,1,prime
2026-06-02,-0.21163635998798064,0.15904139620314162,0,subprime
2026-06-02,0.600774921016008,1.0,0,subprime
2026-06-02,2.022976839416234,0.16081040881720765,1,prime
2026-06-02,-0.3707523789313475,0.32643417965800536,0,prime
2026-06-02,-0.8263881407039486,0.7882543733476732,1,subprime
2026-06-02,-1.8069530101641254,0.5963614529346123,1,prime
2026-06-02,0.2546437768428259,1.0,1,prime
2026-06-02,-0.3309393033345947,0.6850998124879623,1,prime
2026-06-02,0.009083514092321924,0.9817767157043444,1,subprime
2026-06-02,-0.356838793019255,0.7802352977066793,1,prime
2026-06-02,0.6795889606710243,0.2726322550206142,0,prime
2026-06-02,0.32220414978115786,0.31162708983392645,0,subprime
2026-06-02,0.7446118384051963,0.7349688872512344,1,subprime
2026-06-02,0.33848687972879166,0.8522548846332115,1,prime
2026-06-02,-1.6530113138089617,0.29614696091621556,0,prime
2026-06-02,0.819383644877522,1.0,1,prime
2026-06-02,0.14166259858192426,0.5380915266767032,0,prime
2026-06-02,1.4823637626155628,0.0,0,prime
2026-06-02,-1.7736581045555395,0.6252754062721555,0,subprime
2026-06-02,-2.542600855697093,0.2154621106786913,0,prime
2026-06-02,0.9134076039631318,0.6720483149616842,1,prime
2026-06-02,-0.16163277039485258,0.914759110436399,0,prime
2026-06-02,-1.9104133393209692,0.10051895839562522,0,prime
2026-06-02,-2.235785379523211,0.0,0,prime
2026-06-02,-0.969477362217175,0.6078828533793489,1,prime
2026-06-02,0.32330841424459444,0.4355755595401165,1,prime
2026-06-02,1.3188873389718265,0.5049239584144272,0,subprime
2026-06-02,3.4927434473584134,0.8698395748772445,1,prime
2026-06-02,0.7735680957429623,0.41878020234656477,0,prime
2026-06-02,-1.9963184500613405,0.8074379491343819,0,prime
2026-06-02,-1.6272026852710884,1.0,1,prime
2026-06-02,-1.6322972057952054,0.5151251103151384,0,subprime
2026-06-02,2.391878541003548,0.13493642629572714,0,prime
2026-06-02,0.5034036068406887,0.32161972022487234,0,prime
2026-06-02,-1.2378356269070385,0.6893030008626317,0,subprime
2026-06-02,0.07135073186587992,0.2019897952608265,0,prime
2026-06-02,-0.32522863291370824,0.41820485161556675,0,subprime
2026-06-02,0.43024078400020144,0.5562575951284567,0,prime
2026-06-02,-0.5058489886862862,0.7622399792364384,1,prime
2026-06-02,-0.9551608617875366,0.5035483867743218,1,prime
2026-06-02,-0.06471320530735912,0.8392226309179456,0,prime
2026-06-02,-0.7073285020238114,0.47872038297231106,1,prime
2026-06-02,0.5073345794573976,0.27814635842074414,0,prime
2026-06-02,0.19271491515983744,1.0,0,prime
2026-06-02,-0.35422204800282137,0.5677546864041707,0,subprime
2026-06-02,-0.8436710217240398,0.38667318041670984,0,prime
2026-06-02,-0.4579278807578286,0.09846954121104157,0,subprime
2026-06-02,-0.5945710281203381,1.0,1,subprime
2026-06-02,0.505300676337179,0.2775642577262029,0,subprime
2026-06-02,-0.7444886262285586,0.330203513484861,0,prime
2026-06-02,0.2714898490246305,0.6173281261835009,1,prime
2026-06-02,-0.6371886173535819,0.7362518422290373,1,prime
2026-06-02,-0.3865217326252022,0.3998004607001704,1,prime
2026-06-02,0.6941246301731779,0.9383135000904219,0,subprime
2026-06-02,-1.010163480128113,0.07083359129272165,0,prime
2026-06-02,0.20323055946732638,0.7053492914992386,1,subprime
2026-06-02,0.10984569791334055,0.0,0,prime
2026-06-02,1.2452867252604192,0.0,0,prime
2026-06-02,0.42058880863428705,0.6897376511205394,1,prime
2026-06-02,0.8691935177562707,0.9846765789734125,1,subprime
2026-06-02,0.44555005674933035,0.5066629207104134,0,prime
2026-06-02,-1.0820254454848384,0.7638596910122761,1,prime
2026-06-02,-1.395733300113063,0.2905578708638957,0,prime
2026-06-02,-0.1787837027583275,0.5695660945900964,1,prime
2026-06-02,0.9273986099676677,0.881179981462265,1,subprime
2026-06-02,0.9596024659981344,0.5132093260810925,0,prime
2026-06-02,3.400039167512475,1.0,1,prime
2026-06-02,-1.1566628167720046,0.8247474077904301,1,subprime
2026-06-02,0.038974807205588366,0.0,0,prime
2026-06-02,-1.1935373276825705,0.14057922089572977,0,prime
2026-06-02,-1.1672996423693272,0.27477293364990524,1,prime
2026-06-02,1.6459182720081371,0.0,0,prime
2026-06-02,0.5697202428352041,0.48222982163453704,1,prime
2026-06-02,-0.438481620344114,0.962367621687592,1,prime
2026-06-02,0.3562739531264902,0.8737551633010838,1,prime
2026-06-02,-0.5420441025150537,0.0,0,subprime
2026-06-02,0.04743548154493712,0.8699206201438784,1,prime
2026-06-02,-0.7413499684305356,0.026946904319639142,0,prime
2026-06-02,0.15813016398398297,0.8418315831743364,1,prime
2026-06-02,-0.7578723823822592,0.5642030561019392,1,prime
2026-06-02,1.0968763695037043,0.16685264830594437,1,prime
2026-06-02,0.09035068617888366,0.28254756787340746,1,prime
2026-06-02,-0.021737464847004662,0.8623397265143972,1,prime
2026-06-02,0.3523050972494764,0.05127937152776013,0,subprime
2026-06-02,1.8222290351286001,0.0,0,subprime
2026-06-02,0.6142814180900038,0.1623537129127061,0,prime
2026-06-02,-0.2045831944987539,0.47118519732392744,1,prime
2026-06-02,0.9264263560435968,0.5451756481328702,1,subprime
2026-06-02,0.8765968492432737,0.2698199093446412,0,prime
2026-06-02,-1.0694239757701138,0.0,0,prime
2026-06-02,0.606193153609972,0.6185335256865998,0,subprime
2026-06-02,-0.09362365747843512,0.25789969879564323,1,prime
2026-06-02,0.7872828480861033,0.0,0,prime
2026-06-02,-0.3840459939128188,0.75538615069016,0,prime
2026-06-02,1.0227371371610756,0.36215676811257863,1,prime
2026-06-02,0.07614395918179569,0.6880127120802777,1,prime
2026-06-02,0.5013074799079223,0.931584109838514,1,subprime
2026-06-02,-0.05600738777383467,0.6679045581095793,0,prime
2026-06-02,-0.48520560543940994,0.03896220580037729,0,subprime
2026-06-02,-0.476487521860586,0.3162996915209704,1,prime
2026-06-02,0.2650797980567819,0.0,0,prime
2026-06-02,1.48563638311228,0.3591788340332518,0,prime
2026-06-02,-1.4535471416869008,0.33633292372406093,0,prime
2026-06-02,0.13486640579410936,0.5368027592360639,0,prime
2026-06-02,-0.9098076224519882,0.25505620054111533,0,prime
2026-06-02,1.0277525867383495,0.43053242066264474,1,prime
2026-06-02,-0.1307913873507484,0.6730471810681903,1,prime
2026-06-02,0.57781161399466,1.0,1,prime
2026-06-02,-0.11132152028271293,0.33094460461339553,0,subprime
2026-06-02,0.5124262301002961,1.0,1,prime
2026-06-02,0.23510005630592187,0.6239776632515984,1,prime
2026-06-02,0.7231314463112358,0.8942987359413662,1,subprime
2026-06-02,-0.8507470819646362,1.0,1,subprime
2026-06-02,-1.4702797471763018,0.7830320487726731,1,subprime
2026-06-02,1.129248274489872,0.7941088749622539,1,subprime
2026-06-02,0.6219811074667616,0.8136020862438519,1,prime
2026-06-02,0.9891465415431486,0.5374957145436144,1,subprime
2026-06-02,0.32072042879886553,1.0,1,subprime
2026-06-02,-0.8293174742423146,0.5941989442513591,1,prime
2026-06-02,1.4798661364756094,0.563212253697502,0,prime
2026-06-02,0.9468320480879782,0.9841356772111141,1,prime
2026-06-02,-0.06836041266334074,0.6063650998976433,1,subprime
2026-06-02,0.3554792265235599,0.7522214847328009,1,prime
2026-06-02,-0.01974438052212296,0.6944508548934609,1,prime
2026-06-02,1.4971995742528459,0.0,0,prime
2026-06-02,-0.793951352227128,0.5573275694373503,1,prime
2026-06-02,0.7296357942258931,0.11325610259803931,1,prime
2026-06-02,-0.09211126755092454,0.9420622295163423,1,prime
2026-06-02,0.39040045267148427,0.823377538185131,0,prime
2026-06-02,0.9775966040306295,0.0,0,prime
2026-06-02,-0.2561452993325054,0.0,0,prime
2026-06-02,-0.22167654704692397,0.2637036706546484,0,subprime
2026-06-02,0.9564985628560746,0.011101556967852977,1,prime
2026-06-02,-0.07120376737145327,0.3124830719957777,1,subprime
2026-06-03,-1.2160778210278365,1.0,1,subprime
2026-06-03,0.6969015816204062,0.3849357708886227,0,prime
2026-06-03,-0.8520748268252866,0.7320049919988689,0,subprime
2026-06-03,1.6830216141796415,0.6135846005255918,0,prime
2026-06-03,0.5798836477400207,0.867639920737086,1,prime
2026-06-03,0.6495539537726104,1.0,1,prime
2026-06-03,0.20704890955827346,0.45013384149657404,0,prime
2026-06-03,0.4330068482717829,0.08652117452359423,0,prime
2026-06-03,-1.9782003252130043,0.0,0,prime
2026-06-03,-0.7784828946047181,0.42059680993650606,0,subprime
2026-06-03,0.5932561355412085,0.94606145419582,0,prime
2026-06-03,0.5339144416803487,0.45522699720679594,0,prime
2026-06-03,0.043931187186977125,0.08352513072685602,0,prime
2026-06-03,-0.8518780613868112,0.35369781188948624,0,prime
2026-06-03,-0.09799564305999967,0.34548735001239733,0,prime
2026-06-03,-0.7041901373809806,0.7350976868779516,1,subprime
2026-06-03,-0.6726991148090739,0.7511697309116551,1,prime
2026-06-03,0.3864017877562237,0.7013129602930664,1,prime
2026-06-03,-0.3147162270431183,0.2027121170020833,0,prime
2026-06-03,-1.3986293620368158,0.0,0,subprime
2026-06-03,-1.0013604586791525,0.21684095243030702,0,prime
2026-06-03,0.9291203969735048,0.1915742209252239,0,prime
2026-06-03,0.7771672104710668,0.9024092890225193,1,prime
2026-06-03,1.5351402595867367,0.9906259956782797,1,prime
2026-06-03,-0.8727725135285777,0.555251485148196,0,prime
2026-06-03,-0.15253180384984338,0.49923152483001165,1,subprime
2026-06-03,-0.28352440800634837,0.0,0,subprime
2026-06-03,2.7445014699989905,0.5431656751503859,0,prime
2026-06-03,1.1408968760034923,0.48988571523554103,1,prime
2026-06-03,-0.8342773855472999,0.0,0,subprime
2026-06-03,1.313917454379459,0.5787547779740726,1,prime
2026-06-03,1.093820528796178,0.20113845427482757,0,prime
2026-06-03,-0.5964457311240682,0.0,0,subprime
2026-06-03,-0.403765746477963,0.0,0,prime
2026-06-03,-0.7411881896263618,0.009655424711249971,0,prime
2026-06-03,-0.31127807491081655,0.44604207188264994,0,subprime
2026-06-03,-0.8832216558965909,0.7055003229968969,1,subprime
2026-06-03,-0.7887636941747477,0.7798611337920986,0,prime
2026-06-03,1.9790689091930167,0.30104385657533334,1,prime
2026-06-03,-0.40051546595739035,0.7901790919229739,1,prime
2026-06-03,-0.36155624124228664,0.2484805793391996,1,prime
2026-06-03,0.9284524010618517,0.5967977233228228,1,prime
2026-06-03,1.329130722741649,0.6342636167387592,1,prime
2026-06-03,-0.19799513945505304,0.49415217834837755,1,subprime
2026-06-03,-0.7950100042320041,0.048283903922600846,0,prime
2026-06-03,0.6092260972171478,0.31850000883185475,1,prime
2026-06-03,-0.2571609990377154,0.8331034146863319,1,prime
2026-06-03,-0.08351942090083866,0.5803940138039543,1,prime
2026-06-03,0.6413621405882266,0.3481502106798,0,subprime
2026-06-03,-1.239944166207208,0.7229517496483592,1,prime
2026-06-03,-1.0720709166081348,0.39924580568957757,1,prime
2026-06-03,-0.5146716983366583,0.6547052073384833,1,prime
2026-06-03,-0.5724130472287023,0.3204421089764773,0,subprime
2026-06-03,-1.1465939588733498,1.0,1,prime
2026-06-03,-1.464268706117427,0.047180249001684715,0,prime
2026-06-03,-0.15727345038562687,0.3523820939387459,1,prime
2026-06-03,-2.0661024731175175,0.05067730627816108,0,prime
2026-06-03,-0.3929106204236526,0.017408853580786365,1,prime
2026-06-03,-0.42254154250704995,1.0,1,prime
2026-06-03,0.4111215653608453,0.642163463098699,1,prime
2026-06-03,-0.4111345953779687,0.0,0,subprime
2026-06-03,1.1079004857002828,0.0,0,prime
2026-06-03,-1.2653011386089021,0.5819707723156939,0,prime
2026-06-03,0.4462946444287175,0.28754125240663453,1,prime
2026-06-03,-0.8668884865912392,0.2823062697008987,1,prime
2026-06-03,1.384548277340914,0.9497913046142361,1,prime
2026-06-03,-0.16100661468470565,0.0,1,subprime
2026-06-03,1.3613641141159043,0.0,0,subprime
2026-06-03,-0.1996527862552406,0.5707014773902006,0,subprime
2026-06-03,0.6770886833500284,0.15793468616553422,0,subprime
2026-06-03,0.34990858251439044,0.5556562775831717,1,prime
2026-06-03,-0.10912278364520683,0.0,0,prime
2026-06-03,0.2826067941729862,0.0,0,subprime
2026-06-03,0.1725070470933938,0.0,1,prime
2026-06-03,1.747336563523486,0.6796366713251398,0,prime
2026-06-03,-0.144709070261948,0.763347200200196,1,prime
2026-06-03,-1.8206812864278075,0.10416663481911323,0,subprime
2026-06-03,-1.8530692711479229,0.3082264785449997,0,prime
2026-06-03,0.1912058976845725,0.8919441394911812,0,prime
2026-06-03,1.2783173858615795,0.9137705732581644,1,prime
2026-06-03,0.5730418619931643,0.9118666792425344,0,subprime
2026-06-03,-0.7276818363568116,0.75941757218252,0,prime
2026-06-03,-0.22435175252939857,0.7927996469292091,1,prime
2026-06-03,-1.0340364023005248,0.14667485283279325,1,subprime
2026-06-03,0.0393439198654389,1.0,1,prime
2026-06-03,-1.3261574854142768,0.3089794338687091,0,subprime
2026-06-03,-0.05253390287636075,0.761166829405642,0,prime
2026-06-03,-0.6958545445361406,0.46924860368518395,0,prime
2026-06-03,1.6002744492854084,0.0,0,subprime
2026-06-03,1.24891524814014,0.8537069087987215,1,prime
2026-06-03,1.1041212245467877,1.0,1,subprime
2026-06-03,-0.1697209982505775,0.0,0,prime
2026-06-03,-0.2966074346962288,0.8052361384898942,1,prime
2026-06-03,-0.5613743883183085,0.0,0,subprime
2026-06-03,-1.6711957504432604,0.5352755032226388,1,prime
2026-06-03,-0.2790056316250581,0.6957072691022089,1,prime
2026-06-03,-0.6254992260917104,0.39739678202162587,1,prime
2026-06-03,1.281037443994209,0.0,0,prime
2026-06-03,0.6295610698388708,0.15703799732835766,0,prime
2026-06-03,-0.9316454447103474,0.5840744283710618,0,prime
2026-06-03,1.050746411283432,0.17201377436816712,1,subprime
2026-06-03,0.179347630479964,0.4593918089687976,0,prime
2026-06-03,0.1943914636850491,0.3024166084807274,0,prime
2026-06-03,1.205879009651496,0.026117706602047652,0,prime
2026-06-03,0.5996430918043966,0.4445464483969117,1,subprime
2026-06-03,1.9826698371769522,0.6898478615218158,0,prime
2026-06-03,0.6683518009973095,0.0,0,prime
2026-06-03,-0.7605209792985755,0.36178022999703546,1,prime
2026-06-03,-0.4466045235798946,0.9033870295067681,1,prime
2026-06-03,0.31671700267821784,0.07304489645177328,0,prime
2026-06-03,-0.1196250607372622,0.12799299165903757,0,prime
2026-06-03,-1.0917552954443202,0.26789030277909376,0,prime
2026-06-03,0.4502612984896533,0.2745142310819074,0,subprime
2026-06-03,0.8045697160669447,0.4055105964368915,0,subprime
2026-06-03,0.9884909159547098,0.8758229727524929,1,subprime
2026-06-03,-1.454172634749204,0.8611779227936336,1,subprime
2026-06-03,-0.44041120858927135,0.1694628282987347,0,subprime
2026-06-03,-0.6183413429971462,0.0,0,subprime
2026-06-03,0.16964332299605495,0.8118096712187887,1,prime
2026-06-03,0.8442994454046027,0.4253435306172163,0,subprime
2026-06-03,0.814630904553414,0.3844595786498339,1,subprime
2026-06-03,-0.8381759373412093,0.0,0,subprime
2026-06-03,1.4544872434308223,0.871202588355254,1,subprime
2026-06-03,-1.12034748214506,0.44630137849623097,0,subprime
2026-06-03,0.4562356117054264,0.9050433674803894,1,prime
2026-06-03,2.0008625266929383,0.9032673547698538,1,prime
2026-06-03,-0.07236262210660604,0.0,0,prime
2026-06-03,1.077285422911638,0.36043828158711255,0,prime
2026-06-03,0.5601858318549763,0.5987812966776584,0,prime
2026-06-03,1.903775781859826,0.0,0,prime
2026-06-03,-1.0993409186659981,0.514437247744254,1,prime
2026-06-03,-1.0803453630219224,0.6020183010958235,1,subprime
2026-06-03,-0.04900429487782831,0.41802624629228835,1,prime
2026-06-03,1.1729773410497988,0.6573609904620007,1,prime
2026-06-03,0.8984504260538573,0.2578754930901683,1,prime
2026-06-03,-1.311608400772174,0.9293847424658012,1,prime
2026-06-03,1.865767557267774,0.7534652820860952,1,subprime
2026-06-03,0.5408104296138396,0.5760406628024353,1,prime
2026-06-03,0.41761448252568095,1.0,1,prime
2026-06-03,2.2957009846813694,0.0,0,prime
2026-06-03,-0.8264955279618423,0.6443665106330337,1,prime
2026-06-03,-0.15526586789875654,0.6763482384568369,1,prime
2026-06-03,1.70547579114647,0.2922702925377922,1,prime
2026-06-03,0.03448185206418726,0.0,0,prime
2026-06-03,-0.6291843047870307,0.7825599833857207,1,prime
2026-06-03,-0.26808176869188666,0.849413973637796,1,prime
2026-06-03,-0.966238275294875,0.5459265295669642,1,prime
2026-06-03,-0.8781451199998377,0.6589611221351186,1,subprime
2026-06-03,0.8463863731788912,0.5221778548676362,0,prime
2026-06-03,0.3115567918978905,0.7408435519668876,1,prime
2026-06-03,-1.9873318208782318,0.45225316195637233,0,prime
2026-06-03,-0.0290892833145878,0.6608709136104286,0,prime
2026-06-03,1.3557111367269523,0.024366769400589627,0,prime
2026-06-03,0.1029837708234667,0.9322674761106704,1,prime
2026-06-03,0.08527930428880297,0.44921143841831895,0,prime
2026-06-03,1.8084289850204542,0.34770778070062996,0,prime
2026-06-03,-0.2671633392291716,0.7195058225265116,1,prime
2026-06-03,-1.2865808235230654,0.4497918445869604,1,prime
2026-06-03,0.16647128661328084,0.7584242831593494,1,prime
2026-06-03,0.0614911959145842,0.5117699839859088,0,prime
2026-06-03,-0.30977996570457134,0.3427007257522329,0,prime
2026-06-03,0.8387567518495226,0.8183728369838711,1,prime
2026-06-03,0.6565295853659033,0.3163506840921808,0,prime
2026-06-03,0.7358972469230228,0.7786485597606396,0,subprime
2026-06-03,0.24687605088120257,0.3860183562381526,1,prime
2026-06-03,0.14327375494885336,0.3833739995089977,0,prime
2026-06-03,-0.8653824393543439,0.37973066288518237,0,prime
2026-06-03,-0.47231007541924686,0.7730643955016121,1,prime
2026-06-03,-1.2161642102534083,0.0,0,prime
2026-06-03,0.17319175667177128,0.0,0,prime
2026-06-03,-0.9022951488323331,0.25052500071624506,0,prime
2026-06-03,0.24734296474452777,0.42007449558887083,0,prime
2026-06-03,-0.48582894894011164,0.20510136661914138,0,prime
2026-06-03,-0.14279521577487822,1.0,1,prime
2026-06-03,-0.7220016524581594,0.5232370054443006,1,subprime
2026-06-03,0.3370013473950109,0.5601263710985476,1,prime
2026-06-03,-1.0480246097287398,0.827474667016741,1,prime
2026-06-03,0.34319458601541575,0.8879874109621803,1,subprime
2026-06-03,0.05073608953517073,0.15901252823165457,1,subprime
2026-06-03,0.3787851089070182,0.6332628004997785,1,subprime
2026-06-03,-1.032123583724464,0.2518869939149985,0,prime
2026-06-03,1.995610021407732,1.0,1,prime
2026-06-03,-0.07418103928993841,0.5630597575215665,1,subprime
2026-06-03,-1.8865121965436555,1.0,1,prime
2026-06-03,0.09219267208382456,0.43624347438478944,0,prime
2026-06-03,-0.6772900295680637,0.33297455925617486,0,prime
2026-06-03,-0.0021337717411942375,0.20122248541209214,0,prime
2026-06-03,-2.1087104469281877,0.015618559323758219,0,prime
2026-06-03,-0.5339177051963997,0.13642565078694746,0,prime
2026-06-03,-0.03554286018335669,0.4573213776154661,0,prime
2026-06-03,0.0704910467296559,0.8316647543022435,1,prime
2026-06-03,0.8565609884027949,0.5401136771306579,0,prime
2026-06-03,0.13897134170716433,0.20278750616078148,0,subprime
2026-06-03,0.4668648442189971,0.2620100580072187,0,prime
2026-06-03,-0.12426454396990644,0.6292358633862705,0,subprime
2026-06-03,-0.8121744490665986,0.7869879292011617,1,prime
2026-06-03,0.09861102731146452,0.9377819041619756,1,prime
2026-06-03,0.9800175037484993,0.0,0,prime
2026-06-03,0.2704820039011613,0.0,0,subprime
2026-06-03,0.2927798611496915,0.4580548380746745,0,prime
2026-06-03,-1.311341128778433,0.20458174464604578,1,prime
2026-06-03,-1.103543246166406,1.0,1,prime
2026-06-03,0.6673288717439136,0.6627664050707092,1,prime
2026-06-03,1.619580950028231,0.8137672938195728,1,prime
2026-06-03,0.26839623721320016,0.6075019077993894,1,prime
2026-06-03,-0.6884101857599375,0.5567434247044665,0,prime
2026-06-03,1.9693877387833685,0.4942931459900375,1,subprime
2026-06-03,0.0714706302065991,1.0,1,subprime
2026-06-03,-0.04445108210617817,0.0,0,prime
2026-06-03,1.7059539140054842,0.908349031573612,0,subprime
2026-06-03,-1.209811955858014,0.647532246123008,0,subprime
2026-06-03,-0.09501871842430212,0.5420083762909799,0,prime
2026-06-03,-1.477740923984742,0.17218220246256966,0,prime
2026-06-03,1.3703422708390183,0.0,0,prime
2026-06-03,2.017196356407633,0.5422941877521442,1,prime
2026-06-03,-0.23369562645364447,0.4165863230427019,1,subprime
2026-06-03,0.03883342993017627,0.2440341780120878,0,subprime
2026-06-03,0.20464704714576912,0.4863808161107474,1,prime
2026-06-03,-1.340638871774522,0.2313556793600154,0,prime
2026-06-03,0.31281380046143126,0.6667047121672536,0,prime
2026-06-03,0.6180950634525264,1.0,1,subprime
2026-06-03,-2.1998253247297757,0.5605566810555762,0,subprime
2026-06-03,1.1491824142039047,0.7388931273699983,1,subprime
2026-06-03,-2.632313301086335,0.1521874742504686,0,prime
2026-06-03,-1.302010040267429,1.0,0,prime
2026-06-03,0.1372792890888253,0.6367879598457195,1,prime
2026-06-03,-0.3745163053617997,0.5340748214837931,0,prime
2026-06-03,1.3735329218808092,0.6092622236094629,1,prime
2026-06-03,-0.5446977985021242,0.8178390506681807,1,prime
2026-06-03,0.48282555008172434,0.8391196042165148,1,prime
2026-06-03,0.03356166057191851,0.3952093067307563,1,prime
2026-06-03,0.11948044468262178,0.5174597995683643,1,prime
2026-06-03,1.0117004345701535,0.25354837159208793,1,prime
2026-06-03,-0.8795272887741759,0.38760823691597057,0,prime
2026-06-03,0.6565709473877286,0.0,0,subprime
2026-06-03,1.713963993697005,0.46645584327711453,0,prime
2026-06-03,-0.28504075039043825,1.0,1,prime
2026-06-03,-0.4966533486130197,0.4853526397459488,1,prime
2026-06-03,-0.14665848534917222,0.6154932702248196,1,subprime
2026-06-03,-0.10568494790681612,0.9281648954826438,1,prime
2026-06-03,-0.6072560826485464,0.3592586680084033,1,subprime
2026-06-03,0.7363954583501062,1.0,1,prime
2026-06-03,0.5829947699271805,1.0,1,prime
2026-06-03,-0.23669223523459196,0.6259952999239563,1,prime
2026-06-03,0.6813527814445439,0.7124834202067671,0,prime
2026-06-03,0.6160070570687298,0.5220589787355631,1,prime
2026-06-03,1.0510901735367497,0.46846778516284626,0,prime
2026-06-03,1.8492913342512103,0.029295815917684487,0,subprime
2026-06-03,-0.2620991118394042,0.682325520303639,1,prime
2026-06-03,2.0031115167962366,0.5818320952728911,1,prime
2026-06-03,0.8147085886201801,0.6108661987353786,1,prime
2026-06-03,-0.5998117103304922,0.6817299629447555,1,prime
2026-06-03,-0.4466645529251719,0.6952511122751327,1,subprime
2026-06-03,-0.06245743826531674,0.0,0,prime
2026-06-03,-0.6220904872125265,1.0,1,prime
2026-06-03,-1.1330433397525623,1.0,1,subprime
2026-06-03,0.15701712437604734,0.5832089386679672,1,prime
2026-06-03,0.8931276457363657,0.1477980580126412,0,subprime
2026-06-03,1.152833192762674,0.8454273858834436,1,prime
2026-06-03,-0.3147858450951804,0.20192243743434662,0,prime
2026-06-03,-1.1416803338305512,0.7114566970102356,1,prime
2026-06-03,-0.4938541825633659,0.18336935420457023,0,prime
2026-06-03,0.2840369914217637,0.7156487267934102,1,prime
2026-06-03,-0.15233579744030687,0.9159639015294696,1,subprime
2026-06-03,-2.4740491935152225,0.509469980764033,1,subprime
2026-06-03,1.9030243165657836,1.0,1,prime
2026-06-03,-0.2821963675355178,1.0,1,prime
2026-06-03,0.3122921060192552,0.14080357669713686,0,prime
2026-06-03,-0.1436945803582316,0.7744177516504148,1,prime
2026-06-03,0.7852563113087164,0.11326430757704603,0,subprime
2026-06-03,0.0422978390130652,0.0,0,subprime
2026-06-03,0.6363037085923265,1.0,1,prime
2026-06-03,-0.5160129742220122,0.47822131472549095,0,subprime
2026-06-03,0.5805853939866311,0.0,0,prime
2026-06-03,-0.4102985491035106,0.6626233180494704,1,subprime
2026-06-03,0.144542347212265,0.620306568360933,0,prime
2026-06-03,0.49655523848878097,0.39716106448545796,1,subprime
2026-06-03,-1.4762466063803912,0.6271809546748176,1,prime
2026-06-03,1.2389048399686249,0.4864413443364358,1,subprime
2026-06-03,1.4511140179557254,0.9352654359515589,1,prime
2026-06-03,0.21593096105989323,0.4962792853067399,1,prime
2026-06-03,-0.34567652956043493,0.32419608413064405,1,prime
2026-06-03,0.9170235342814512,0.6733813032255958,0,prime
2026-06-03,0.8450303583694989,0.40881913960946925,1,prime
2026-06-03,0.4873302094858495,0.6700264874382286,1,subprime
2026-06-03,-0.4678459531004421,0.0,0,subprime
2026-06-03,-1.3608534354922666,0.9348277510851667,0,subprime
2026-06-03,-1.8495832071304934,0.05823316019671296,0,subprime
2026-06-03,-0.3051793531059099,0.9883772598003399,1,prime
2026-06-03,0.2347992013227032,1.0,1,prime
2026-06-03,1.191380155798799,1.0,1,prime
2026-06-03,1.2850098894342716,0.9755371653031176,1,prime
2026-06-03,0.3693676667661141,0.0,0,subprime
2026-06-03,-1.051759037820335,0.0,0,prime
2026-06-03,0.832543790921411,0.536408110205732,0,prime
2026-06-03,-0.5003116104285329,0.9454505724659832,1,prime
2026-06-03,-0.14637056141764335,0.7440352008140396,0,prime
2026-06-03,0.6078938859878112,0.45592089174434003,0,prime
2026-06-03,0.3177657740572503,0.6914724777849354,0,prime
2026-06-03,-0.7132570382802859,0.8599705210130109,1,prime
2026-06-03,0.023363492334709652,0.38590343386240916,0,subprime
2026-06-03,-0.24683588874224102,0.0,0,prime
2026-06-03,1.7573792598340912,0.18771732187872925,0,prime
2026-06-03,0.3722641558847114,0.5595808852089498,1,prime
2026-06-03,-0.7052551460274488,0.12732750220609565,0,prime
2026-06-03,0.6957398720985845,1.0,1,subprime
2026-06-03,-0.517546393252775,0.43896974214428763,1,prime
2026-06-03,1.4348945210296908,0.0,0,prime
2026-06-03,0.7065129608996497,0.3600753822173484,0,prime
2026-06-03,0.5492386127978574,0.005891323094886547,0,prime
2026-06-03,-0.5237157597339265,0.3121106676953254,0,prime
2026-06-03,-2.6474510077461835,0.603628462771368,0,subprime
2026-06-03,1.2034803385333845,0.4867885281730069,0,prime
2026-06-03,0.152886393426631,1.0,1,subprime
2026-06-03,-1.2432955538005888,0.5099347564136406,1,prime
2026-06-03,0.2737105293440584,0.6554341753452534,1,prime
2026-06-03,0.045425413073609595,0.7381731982951456,1,prime
2026-06-03,0.8846631250053063,0.4057174611546528,0,prime
2026-06-03,2.5166474527412133,0.628378765692497,1,subprime
2026-06-03,0.8385656609376453,0.6303311022838654,1,prime
2026-06-03,0.08762167337723689,0.7676301572216226,1,prime
2026-06-03,0.20139426999801718,0.4675410159426153,0,subprime
2026-06-03,-0.14957953865537418,0.0,0,prime
2026-06-03,-1.742204292484292,0.21793925777418977,0,prime
2026-06-03,-1.0918924267703913,0.536366803484952,0,prime
2026-06-03,1.1857623705144797,0.4354549354763556,0,prime
2026-06-03,1.981177502528529,0.7359110711985686,1,prime
2026-06-03,-0.4585034713573173,0.8293729235694685,1,prime
2026-06-03,1.4787076080999082,0.5977204496212978,1,prime
2026-06-03,0.4592060312625772,0.6346954897765543,1,prime
2026-06-03,-0.23267479427313184,0.05552544519006025,0,subprime
2026-06-03,0.9209711345306293,0.629928099021609,1,prime
2026-06-03,-1.027202080474098,0.1194831689706356,1,prime
2026-06-03,-0.8172878729835427,0.5386640160241942,0,prime
2026-06-03,0.009592547256907787,0.4389622526205622,0,prime
2026-06-03,0.20829184844825444,0.5384252342311298,0,prime
2026-06-03,0.9945228284348985,0.09620785365645138,0,prime
2026-06-03,0.9946871816495476,0.21369834427504608,0,subprime
2026-06-03,0.6874029542434138,0.11876890017982081,0,prime
2026-06-03,0.22816515146045194,0.0,0,prime
2026-06-03,-0.19519226206441065,0.42858473197749025,1,subprime
2026-06-03,-0.9992249533161703,0.24828137316612148,0,prime
2026-06-03,-0.6450621115878591,0.6763764755181526,1,subprime
2026-06-03,-0.1274324863222103,0.9934093735783818,1,prime
2026-06-03,-0.28244533076618944,0.6843736802449707,1,prime
2026-06-03,1.0387817517931457,0.12465253612794866,0,subprime
2026-06-03,2.1873553629090448,0.0,0,prime
2026-06-03,-1.16168392798213,0.46697725904042897,1,subprime
2026-06-03,-0.4611099004656777,0.0,0,prime
2026-06-03,0.44799792974413705,0.6271089751946384,1,prime
2026-06-03,1.3869507297515646,0.608664629638652,1,prime
2026-06-03,1.150662245898026,0.5778873257282913,1,subprime
2026-06-03,-0.4174813534461203,0.47714622896225967,1,prime
2026-06-03,-1.9589843942582301,0.6538852749212101,1,prime
2026-06-03,0.6270655593323874,0.017526822841789025,0,prime
2026-06-03,0.5619310950792273,0.536147620662073,0,subprime
2026-06-03,-1.5131032215976716,0.6265195911843036,1,subprime
2026-06-03,-0.3524920748431278,0.9656518606145449,1,prime
2026-06-03,-2.3427657137593147,0.64437058579813,1,prime
2026-06-03,-0.13558993837842637,0.4937253406668083,1,subprime
2026-06-03,0.5225553675666204,0.42346395686077565,1,prime
2026-06-03,1.2278704960225653,0.19790527901115912,0,prime
2026-06-03,-0.14859931523444675,0.14669499614374673,0,subprime
2026-06-03,-0.9905194825991592,0.23189204031343225,0,prime
2026-06-03,1.55020610679692,0.8106701146064496,1,subprime
2026-06-03,-0.7203292329624983,1.0,1,prime
2026-06-03,-0.3943553418565891,0.0,0,prime
2026-06-03,-0.7469083271224374,0.08064219107091361,0,prime
2026-06-03,-0.04193543561791609,0.0,0,prime
2026-06-03,0.5354399644035557,0.40872866923701273,0,prime
2026-06-03,0.8405827317740449,0.0,0,subprime
2026-06-03,0.5815979065397638,0.8420751305862836,1,prime
2026-06-03,0.6093209963888524,0.4248684342313926,1,prime
2026-06-03,-0.5535969681397722,0.2017155825788326,0,subprime
2026-06-03,0.9988938243515988,0.0,0,prime
2026-06-03,-0.6177449777584477,0.028051904494678426,0,prime
2026-06-03,0.05459066843134852,0.6472395403777391,1,prime
2026-06-03,1.4268462613430817,0.042954958178142766,1,prime
2026-06-03,-0.4446574135459107,0.4984398031085118,1,prime
2026-06-03,-0.05777768065906239,0.39477438059016123,1,subprime
2026-06-03,-1.9336733707475164,0.0,0,prime
2026-06-03,0.1210512277175623,1.0,1,prime
2026-06-03,1.0627715630599583,0.5446972395140395,1,subprime
2026-06-03,1.5222493591214044,0.21407495006536031,0,prime
2026-06-03,-0.23582054429830632,0.0,0,subprime
2026-06-03,-0.13236129571952943,0.7246377885359606,1,subprime
2026-06-03,1.2972146306275223,1.0,1,subprime
2026-06-03,-0.7379513764406617,0.048685953265315995,0,prime
2026-06-03,0.0722677719589444,1.0,1,subprime
2026-06-03,-0.8178553406287197,0.009628171764457683,0,prime
2026-06-03,-1.336298165353696,0.8188604916596973,1,prime
2026-06-03,-0.882609451270359,1.0,1,subprime
2026-06-03,-1.0452383036535338,0.0,0,prime
2026-06-03,0.18297614281921468,0.6060258975453761,0,prime
2026-06-03,1.3025791044845159,0.260287269783834,1,prime
2026-06-03,-0.8220763210976061,0.8938672819719246,1,prime
2026-06-03,-1.823011196311567,0.5892835312375656,1,prime
2026-06-03,0.47985864105823917,0.4103021418987582,0,prime
2026-06-03,-0.4450002440506889,0.2565536752940812,0,prime
2026-06-03,-2.11386268626339,1.0,1,prime
2026-06-04,-0.06569023545694654,0.665890241775849,1,subprime
2026-06-04,-0.11810851172781732,0.5341835316178858,0,prime
2026-06-04,-1.2592345055043412,0.0,0,subprime
2026-06-04,-0.2066565560434599,0.09442028412994874,1,prime
2026-06-04,-2.8457095953602853,0.6102040680648317,1,prime
2026-06-04,2.36931696154725,0.8512830311384436,1,prime
2026-06-04,-0.5263964487048787,0.8396390355969379,1,prime
2026-06-04,1.0755448764250255,0.04657483044417471,0,prime
2026-06-04,-1.728686013222544,0.5062772207415457,1,subprime
2026-06-04,-1.0872367195717623,0.44377890601897446,1,prime
2026-06-04,0.6521313730690621,0.5851313633446665,1,subprime
2026-06-04,0.06924874019338008,0.12456677917999806,0,prime
2026-06-04,0.9468086068494483,0.2700115829199347,1,prime
2026-06-04,-1.3247483112885832,1.0,1,subprime
2026-06-04,0.6888301747977823,0.1571371490989385,1,prime
2026-06-04,-0.04625750488692436,0.6667300302499009,1,prime
2026-06-04,0.44484806090554313,0.7165898086403331,1,subprime
2026-06-04,0.5797692247109344,0.0,0,prime
2026-06-04,0.9784097846120238,0.32132752704362905,1,prime
2026-06-04,1.2559226692552612,0.4540337215446535,1,subprime
2026-06-04,0.20119651354717027,0.19654988194984113,0,prime
2026-06-04,0.0972275588575355,1.0,0,subprime
2026-06-04,0.7050500554779742,0.5293472955802734,1,prime
2026-06-04,0.23033941756186588,0.4444960712910859,1,prime
2026-06-04,0.4114140606844768,0.5342956197383444,0,prime
2026-06-04,-0.13090843103903588,0.25156593666861604,0,prime
2026-06-04,0.42817219796542016,0.9672274946204016,1,prime
2026-06-04,-1.0034417668105444,0.0,0,prime
2026-06-04,-0.16398198644170398,1.0,1,subprime
2026-06-04,-1.3232980876753966,0.8315953602999556,1,prime
2026-06-04,1.4439445690684973,0.6249823301439092,0,prime
2026-06-04,0.5884769313155677,0.14091937151813969,0,subprime
2026-06-04,0.6636424765810205,0.7908775194803603,1,subprime
2026-06-04,0.429136332293816,0.6475868859414908,0,subprime
2026-06-04,0.7119894186625056,0.3600470078448522,1,subprime
2026-06-04,-0.1338670670576762,0.9612763566327256,0,prime
2026-06-04,0.43953173777896665,0.30231105048267437,0,prime
2026-06-04,0.6540078743511537,0.3331846198818396,0,prime
2026-06-04,1.73642545514147,0.37836256748955865,1,prime
2026-06-04,-0.38887608671958246,1.0,1,prime
2026-06-04,0.3610824419234664,0.8185027574511107,1,subprime
2026-06-04,1.3350666702699339,0.7908939184647389,1,prime
2026-06-04,0.0753042055705467,0.1875622460982203,0,subprime
2026-06-04,-2.8783171134014487,0.8325311073005981,1,prime
2026-06-04,-0.1399142920667365,0.3898783434082298,1,subprime
2026-06-04,0.8579311022711329,0.3157123853106105,0,subprime
2026-06-04,-0.6926031597444907,0.2973584936557517,0,prime
2026-06-04,0.09763266011795646,0.7038201341132969,1,prime
2026-06-04,-0.267367658035591,0.29935700611824945,0,prime
2026-06-04,-1.548329028190244,0.6371302715433267,0,prime
2026-06-04,0.9600614613397874,0.27033262898534044,0,prime
2026-06-04,-0.3741658152399527,1.0,1,prime
2026-06-04,-0.3930721871300511,0.8384727373644703,0,prime
2026-06-04,1.216414246126966,0.4479456109804329,1,prime
2026-06-04,-0.6406361551673465,1.0,1,prime
2026-06-04,0.7161866015001894,0.8052079935364342,1,subprime
2026-06-04,-0.13440534645088986,0.7282587890380507,0,subprime
2026-06-04,1.3154053823970562,0.553383234006301,1,prime
2026-06-04,0.4312818592464824,0.7062930474355585,1,prime
2026-06-04,2.3802730995321855,0.0,0,prime
2026-06-04,0.3162935890740938,0.5140235905419254,1,prime
2026-06-04,-0.5250796338367696,0.24599389467321167,0,prime
2026-06-04,-0.7226603905161259,0.17815253587499472,0,subprime
2026-06-04,-0.358379908587298,0.0,0,prime
2026-06-04,0.42858058115984915,0.718703021008379,1,prime
2026-06-04,-0.036497277142311074,1.0,1,subprime
2026-06-04,-0.551156664706481,0.0,0,prime
2026-06-04,0.3327754434669453,1.0,1,subprime
2026-06-04,-0.2367488997126984,1.0,0,prime
2026-06-04,0.30097249362740025,0.35477272953307226,0,prime
2026-06-04,0.2890794513912998,1.0,1,prime
2026-06-04,1.2009546062061938,0.27810544568886836,0,subprime
2026-06-04,-0.02205421495053858,1.0,1,prime
2026-06-04,-0.13720086473451043,0.9154764256978287,1,prime
2026-06-04,-0.05549510490167446,0.31943135086686325,0,prime
2026-06-04,-0.11048830378468084,0.3436170000461597,0,subprime
2026-06-04,0.8971981796973814,0.5009190315466441,1,prime
2026-06-04,-0.3063163118295499,0.980859679278137,1,prime
2026-06-04,-0.37981257587011796,0.874008144781837,1,subprime
2026-06-04,0.42798481118169046,1.0,1,prime
2026-06-04,1.1155397406172292,0.6874760051806561,0,prime
2026-06-04,0.7310772649506065,0.5447432740969833,1,prime
2026-06-04,0.36798860022542074,0.9639179343869759,0,subprime
2026-06-04,1.8160627857067941,0.46812533898575887,1,prime
2026-06-04,0.5493108537079294,1.0,1,subprime
2026-06-04,1.0879104373962496,0.8293458402957847,1,prime
2026-06-04,-0.7974130296401655,0.0,0,subprime
2026-06-04,-1.6073713018541658,0.4809719255138478,0,prime
2026-06-04,1.596767728227806,0.6623156072615286,0,subprime
2026-06-04,1.0246120108848955,0.5303539124335995,1,prime
2026-06-04,-0.17534119485846222,0.19963067349915378,0,subprime
2026-06-04,-0.2462450358442278,0.2686810860053618,0,prime
2026-06-04,0.4123493401646223,0.8847018237017767,1,prime
2026-06-04,1.4409026640026943,0.648078529945387,1,prime
2026-06-04,-1.9350532509587024,0.22072102363080914,1,prime
2026-06-04,0.27790290772328174,0.7154750417015759,1,prime
2026-06-04,-0.9303755459090454,1.0,1,subprime
2026-06-04,-1.8103546929981758,0.587056457143228,0,subprime
2026-06-04,0.7547765390097526,0.21033277848268603,0,prime
2026-06-04,1.2510169682247656,0.12858097006002844,0,subprime
2026-06-04,-1.2465792431361262,0.9529820239630027,1,subprime
2026-06-04,-0.23040461669349993,0.1834769278307828,0,prime
2026-06-04,-0.3373876966626614,0.27573901328429967,0,prime
2026-06-04,-1.2867418910067232,0.6952377246111275,1,prime
2026-06-04,-0.05346358759462283,0.2641280587615839,0,prime
2026-06-04,-1.3747250359089664,0.44025099394272266,0,prime
2026-06-04,1.0407003052485755,0.36636484539571085,0,prime
2026-06-04,0.5107240150429367,0.0,0,prime
2026-06-04,0.011052318004436547,0.3603388128197747,1,prime
2026-06-04,-0.1675945933025998,0.8357471698878784,1,prime
2026-06-04,-0.8181740701807402,0.3211692809291694,0,prime
2026-06-04,0.5376645913824315,0.6925193681649578,0,prime
2026-06-04,-0.14953694207348706,0.9287779406221226,1,prime
2026-06-04,0.5939242048961689,0.23341152452641215,0,prime
2026-06-04,-1.0347884542763615,0.6612556219407191,1,prime
2026-06-04,-0.9759153552379778,0.5025405886304166,0,prime
2026-06-04,-1.214442591849263,0.3033705526262631,0,prime
2026-06-04,1.1415840909463653,0.1769673909265888,0,prime
2026-06-04,-1.3582224916641612,0.10763505497861431,0,prime
2026-06-04,-1.1790573129238224,1.0,1,prime
2026-06-04,1.1540903287127318,0.0,0,prime
2026-06-04,-0.26782871800371033,0.0,0,subprime
2026-06-04,0.20489325168972622,0.08456953687355137,0,prime
2026-06-04,0.574748295931077,0.6945065635017155,1,prime
2026-06-04,1.2493057023980993,0.0,0,prime
2026-06-04,-0.16583508502952454,0.0,0,prime
2026-06-04,-0.9118189332983982,0.0,0,prime
2026-06-04,0.6413430363483343,0.3284191190466607,0,prime
2026-06-04,-0.6926740887813524,0.19429795218642232,0,prime
2026-06-04,-0.9428097640349364,1.0,1,prime
2026-06-04,-1.0643524116908774,0.7648345737557803,1,prime
2026-06-04,-1.1823518749967157,0.9281093149010804,0,prime
2026-06-04,0.3908206086243145,0.037569171014106284,0,subprime
2026-06-04,0.15205686793337692,0.0,0,subprime
2026-06-04,2.6207594266468637,0.9139835874805047,1,prime
2026-06-04,0.9237755719026132,0.7579598021360933,1,prime
2026-06-04,0.5988593796383449,1.0,1,prime
2026-06-04,0.6965920281837219,0.5374708266002611,1,prime
2026-06-04,0.1271425147281397,0.7682568027591171,1,prime
2026-06-04,1.4371646212038007,0.8175326460618674,1,prime
2026-06-04,1.7320304423560402,0.8597705995279067,1,prime
2026-06-04,-0.6905186112315175,1.0,1,subprime
2026-06-04,0.4574311060693578,0.17018095198549288,1,prime
2026-06-04,-1.0219338058921486,0.18556593855200948,0,prime
2026-06-04,0.4566342108602645,0.5919519526469421,0,subprime
2026-06-04,0.2157897345230852,0.45895199020334354,0,prime
2026-06-04,1.119684854574701,0.6772987026736605,0,prime
2026-06-04,-1.2083604589899881,0.4414768047244206,1,prime
2026-06-04,0.4387250990528863,0.7081406142095672,0,prime
2026-06-04,-1.7986519580388056,0.7677234837498471,1,prime
2026-06-04,1.0656217128180472,0.45873021910419826,1,prime
2026-06-04,1.1091961894608373,0.1010788550253196,0,prime
2026-06-04,-0.41143369859359974,0.572067519652521,1,subprime
2026-06-04,-0.7144895838271472,0.03376223001192963,0,prime
2026-06-04,-1.1936375417553482,0.924557674877735,1,prime
2026-06-04,-0.46383847889316937,0.47512777437546083,1,prime
2026-06-04,0.2695600463050184,0.0,0,subprime
2026-06-04,-0.383709733802289,0.10377992401375497,0,subprime
2026-06-04,0.5355017608001383,0.6836731998409125,1,subprime
2026-06-04,0.3988397680147217,0.7261323652526303,1,prime
2026-06-04,0.01117780598482216,0.0,0,prime
2026-06-04,-1.8661629908342243,0.30067513146718045,0,prime
2026-06-04,1.3262555041992532,0.43801235193198573,0,subprime
2026-06-04,0.6755395496300689,0.39508751752615395,0,prime
2026-06-04,0.28022900127676154,0.24464184687975093,0,prime
2026-06-04,0.20281018928754313,0.3576678550275671,0,subprime
2026-06-04,-0.35613996687060195,0.0,0,prime
2026-06-04,-0.5670252912394602,0.9345254938644649,0,subprime
2026-06-04,-0.06229493293985992,0.0,0,prime
2026-06-04,0.04867023020232836,0.5973901076546544,1,subprime
2026-06-04,1.5596318963052689,0.5884335346533502,1,prime
2026-06-04,0.6381320306371131,0.4234642549419393,0,prime
2026-06-04,0.45548821173888276,0.0,0,prime
2026-06-04,-0.247391219204195,0.2542852984988566,0,subprime
2026-06-04,0.6012971186032412,0.5669194407631531,1,prime
2026-06-04,0.2850313764024795,0.0,1,prime
2026-06-04,-0.10097296232074436,0.6529524799220278,1,subprime
2026-06-04,0.8606871511821916,0.42892138498426724,0,subprime
2026-06-04,-0.3519755272137748,0.9326286740829854,1,prime
2026-06-04,0.26391632857227626,0.40720258940315635,0,prime
2026-06-04,-0.5935498249035014,0.8471947887776069,1,prime
2026-06-04,0.693410876870418,0.17223255608604193,1,prime
2026-06-04,0.9010952211973084,0.13253708416133797,0,subprime
2026-06-04,-1.6900611023862373,0.11668140640016086,0,prime
2026-06-04,-0.5396883868476564,0.781951509703585,1,prime
2026-06-04,-2.0157229838032764,0.7025534848115119,1,prime
2026-06-04,0.7913464955263331,0.0,0,subprime
2026-06-04,-0.5621772760582693,0.31263621627282795,0,prime
2026-06-04,0.2705130363690923,0.4412775490098418,1,prime
2026-06-04,-0.265344405461568,0.6045984226585963,1,prime
2026-06-04,1.0842052425070126,0.8962923552291188,1,prime
2026-06-04,0.0779198544704365,0.5076605955419194,1,subprime
2026-06-04,-1.1467272420762469,0.5610620890433353,0,prime
2026-06-04,0.9973575509946184,0.0,0,prime
2026-06-04,-0.21503511384141777,0.3110638155705454,0,prime
2026-06-04,-0.6986549371934959,0.0,1,prime
2026-06-04,-0.9329141562008163,0.7047970516059548,1,subprime
2026-06-04,0.44707231247587303,0.3482975899928296,1,subprime
2026-06-04,0.8732066617071644,1.0,0,subprime
2026-06-04,1.1397734478860388,0.9855045515233225,1,prime
2026-06-04,-1.6052003557865253,0.9840851691898895,1,prime
2026-06-04,1.6213972038035056,0.4324989117447843,0,prime
2026-06-04,0.5168427022014153,0.677291877304691,0,prime
2026-06-04,0.2881624620893265,0.03287030672134217,1,subprime
2026-06-04,0.03340509451513168,0.8458200031633738,0,prime
2026-06-04,0.19594102061035268,0.7465155397271689,1,prime
2026-06-04,1.1400194629472797,0.0914297816687169,0,prime
2026-06-04,0.5745145632437728,0.3975560477764266,0,prime
2026-06-04,2.060199404413616,0.797341395394715,1,subprime
2026-06-04,-0.20046850809486338,0.7965027657359212,1,prime
2026-06-04,0.24295060297112264,0.9429272148995853,1,prime
2026-06-04,-1.8754719432822837,0.549546962552696,0,prime
2026-06-04,-0.6809637692138418,0.4343593021042912,0,prime
2026-06-04,1.3294401161656346,0.684547130965635,0,subprime
2026-06-04,0.34794914740712385,0.08335661842808617,1,prime
2026-06-04,0.04235627647325839,0.7491002349906407,0,prime
2026-06-04,-1.1926903161453328,0.7613411472516182,1,prime
2026-06-04,0.31842853377590874,0.4026000144432421,0,prime
2026-06-04,-0.09074679407666726,0.0,0,prime
2026-06-04,-0.37315297859185476,0.6752166274589295,0,prime
2026-06-04,1.3086039877723372,0.2718155284443835,0,subprime
2026-06-04,0.14076079802610877,0.7687936629737895,0,prime
2026-06-04,0.24980228620207878,0.3912204639809883,0,prime
2026-06-04,0.08528480048338422,0.772585324552402,1,prime
2026-06-04,1.2106512778704197,0.14509639807124527,0,subprime
2026-06-04,1.071923521676081,0.8397277870271179,1,subprime
2026-06-04,1.0396664943088372,0.7694154072505434,1,subprime
2026-06-04,0.8976188932022167,0.0,0,prime
2026-06-04,-1.3818632939380153,0.7758354726959829,1,prime
2026-06-04,-0.2813857713342515,0.9590986189790944,1,prime
2026-06-04,1.2993672524110302,0.6845521701872422,1,prime
2026-06-04,-0.8053805734329276,0.3631557640392816,0,subprime
2026-06-04,0.36492908642926186,0.5833411245374065,0,subprime
2026-06-04,-0.2423028275078119,0.5853040915045075,1,subprime
2026-06-04,1.0834815768021853,0.6617828886235474,1,subprime
2026-06-04,-0.8713614179985254,0.5269114411536335,1,subprime
2026-06-04,-1.0012961020504507,0.472473639425404,1,prime
2026-06-04,-0.2759038624458365,0.8778804576786061,1,prime
2026-06-04,0.664639853717131,0.7448512563951388,1,subprime
2026-06-04,-0.5304000789717309,0.6089385972132668,1,prime
2026-06-04,0.28991980090105807,0.16685043584699843,1,prime
2026-06-04,2.2249831856206645,0.4818739538810872,0,prime
2026-06-04,0.6753380309383044,0.8928161478597133,1,subprime
2026-06-04,-0.3570492712215988,0.5774104453734188,0,prime
2026-06-04,0.060505671158658146,0.3250080932549735,0,prime
2026-06-04,0.30609602370141964,0.9555186175711521,1,subprime
2026-06-04,-0.09691060646912998,0.5245528286637784,1,subprime
2026-06-04,0.6971890009760253,0.3092723651463741,1,prime
2026-06-04,0.19799433935546762,0.7299590664965141,0,prime
2026-06-04,1.4737924865831087,0.6698937954173284,1,prime
2026-06-04,-0.2947333630402568,0.3783765755080944,0,prime
2026-06-04,0.17644358893958012,0.6770881355730916,1,prime
2026-06-04,-1.6559863364617626,0.8410737926872516,0,prime
2026-06-04,-1.0721333561938955,0.0,0,prime
2026-06-04,0.16084874603907867,0.7200209134145849,1,prime
2026-06-04,-0.8792213662179715,0.0,0,prime
2026-06-04,0.024110867073767327,0.3330538652544259,1,prime
2026-06-04,0.811412890017611,0.8020389609009511,1,prime
2026-06-04,2.349283119642728,0.0,0,prime
2026-06-04,-0.48042656249120425,0.8235953208699388,1,subprime
2026-06-04,-0.24417693750163572,0.7412373887875471,1,prime
2026-06-04,-0.6248213418542464,0.7682694505256733,1,subprime
2026-06-04,0.7834424231941488,1.0,1,prime
2026-06-04,2.110556065292201,0.23304657102074933,1,prime
2026-06-04,0.426730731666966,0.9542672332712852,1,prime
2026-06-04,-0.548260842022866,0.8284985206425618,1,prime
2026-06-04,-0.24929491618023042,0.2672824106561639,0,prime
2026-06-04,-1.335733157845083,0.15560327643564142,0,prime
2026-06-04,0.3096065669848186,0.84603861754875,1,prime
2026-06-04,-0.5056745413774966,0.9848477758684027,1,prime
2026-06-04,-1.249592240524766,0.04170979990557905,0,prime
2026-06-04,0.7211259611005917,0.6666476692284983,0,subprime
2026-06-04,1.2013305206847569,0.3996364030729622,1,subprime
2026-06-04,-0.5857870098424303,0.8251608880213381,1,prime
2026-06-04,1.3416012957105918,0.5029597287400431,0,subprime
2026-06-04,0.6214398968780799,0.035431968495061805,0,prime
2026-06-04,0.4008477495423204,0.03283445198166557,1,prime
2026-06-04,1.613580919179469,0.11429660648769988,0,subprime
2026-06-04,1.2605294089089747,0.11990546726633186,0,subprime
2026-06-04,-0.819435371712143,0.35406431606802385,0,prime
2026-06-04,0.1935360717062578,0.4575924434210563,0,prime
2026-06-04,-0.8953894104898555,0.0,0,prime
2026-06-04,0.45770467325659175,0.19612770572839422,0,prime
2026-06-04,-0.012724439951506267,0.3752567518588843,0,prime
2026-06-04,-0.9077371619685544,0.6556585071796801,1,prime
2026-06-04,-0.005847354953164588,0.10482055628233691,0,prime
2026-06-04,1.379759774867457,0.0,0,subprime
2026-06-04,-1.4794115001925885,0.16789153811481794,0,prime
2026-06-04,-1.5984119228282945,0.3315081035782431,0,subprime
2026-06-04,0.6765345039615399,0.8232475937297536,0,subprime
2026-06-04,0.7045723901789986,0.616060914347644,1,subprime
2026-06-04,-0.43346832874307867,0.25195605951943695,0,prime
2026-06-04,1.3759584528957394,0.39994552534536176,1,subprime
2026-06-04,2.0638616715734885,0.8931788024587529,1,subprime
2026-06-04,-1.1505908509844314,0.7728412163864039,1,prime
2026-06-04,0.704473723678072,0.9772474089988095,0,prime
2026-06-04,0.2135071299172276,0.0,0,prime
2026-06-04,0.9795468539762104,0.9397182851821704,0,prime
2026-06-04,1.2790132657926643,0.7113708745490669,1,prime
2026-06-04,0.02683961429675829,0.7615254219804461,1,prime
2026-06-04,0.22009738621314362,0.2718065894145122,0,prime
2026-06-04,-0.3234914151243725,0.13575506268307874,0,subprime
2026-06-04,0.30062623388618914,0.9778036227854776,1,prime
2026-06-04,1.062759439502523,0.6048687913038704,0,subprime
2026-06-04,0.41089393843127103,0.975105607949091,1,subprime
2026-06-04,0.8966984828499366,0.12651719046802704,0,prime
2026-06-04,-0.6659963126942506,0.1725879634100748,0,subprime
2026-06-04,-0.07281057909249518,0.2363415312833279,0,prime
2026-06-04,-1.517874799518656,0.28732287013483965,0,subprime
2026-06-04,0.6974588963628044,0.3095798935587079,0,subprime
2026-06-04,1.64426916595475,1.0,1,prime
2026-06-04,-0.131029210083362,0.7026043877689666,1,prime
2026-06-04,-0.00024232173103089227,0.0,1,prime
2026-06-04,-0.21681100887000265,0.7495840444433468,1,prime
2026-06-04,0.45893164221042,1.0,1,prime
2026-06-04,2.1188360112146594,0.898039141500028,1,prime
2026-06-04,-1.5910280251924862,0.08060255604948185,0,prime
2026-06-04,-0.053987920788152385,0.0,0,prime
2026-06-04,0.11662253191721385,0.6271739301337694,1,prime
2026-06-04,0.10447780602184509,0.08147900504449623,0,prime
2026-06-04,-1.9802707583543235,0.0,0,prime
2026-06-04,0.4862711873226711,1.0,1,subprime
2026-06-04,-2.128638780883983,0.4658136537270672,1,prime
2026-06-04,0.07313133302474026,0.28351463677579447,0,prime
2026-06-04,-2.0118879701445995,0.7085358079171582,0,subprime
2026-06-04,0.3076460447090984,0.5955613288973359,0,subprime
2026-06-04,-0.6960184781677502,0.5596356936527083,0,prime
2026-06-04,1.0671015158376456,0.9059288664503717,1,prime
2026-06-04,0.47399757915903784,0.8498368064271884,1,subprime
2026-06-04,0.9247877385273434,0.08474351645528377,1,prime
2026-06-04,-0.11985304005415039,0.0,0,prime
2026-06-04,0.32091708914933564,0.30687441801556736,0,subprime
2026-06-04,-0.7054288612605265,0.9829546818083912,1,subprime
2026-06-04,1.1695405265272194,0.7569217320465843,1,prime
2026-06-04,0.2871025900551139,0.4981330185883368,1,subprime
2026-06-04,-0.5441503206538663,0.0761665914091203,0,prime
2026-06-04,0.4537576755917029,0.1154427848034264,1,prime
2026-06-04,-1.0066004437089178,0.23870276172030458,0,subprime
2026-06-04,0.28959126353311715,0.7257798258669641,0,subprime
2026-06-04,-0.36179586793987234,0.41311035542302776,1,prime
2026-06-04,-1.0847830247994872,0.38378760486372615,1,prime
2026-06-04,-1.4406368880707434,0.01601420763995659,0,prime
2026-06-04,-0.5155768609190138,0.4917308688094155,1,prime
2026-06-04,-1.021763679375897,0.5360744738166654,0,prime
2026-06-04,0.357811758692764,0.7426817197632868,1,subprime
2026-06-04,1.7711944583860604,0.9694711299477125,1,prime
2026-06-04,-0.9157467626066236,0.8572005836630623,1,subprime
2026-06-04,1.537789194789864,0.38543775904882555,0,prime
2026-06-04,1.0850564961668339,0.0,0,prime
2026-06-04,0.6148356983646351,0.7357643731033708,1,subprime
2026-06-04,-0.6685987047690244,0.10358427247843241,0,prime
2026-06-04,0.7911869746594534,0.17547696750827224,0,prime
2026-06-04,-0.9302823695662896,0.6819156168132325,0,subprime
2026-06-04,-1.9894468374544128,0.49895814199715316,1,prime
2026-06-04,-0.12798818299727072,0.4328936320232431,1,prime
2026-06-04,0.1101497746633042,0.5203708998427631,0,prime
2026-06-04,0.3190527386420195,0.9376014679407348,1,subprime
2026-06-04,-1.0174194629823874,1.0,1,prime
2026-06-04,-0.3519879634895363,0.6294713174057285,0,prime
2026-06-04,0.6244607406855094,0.793143274089598,0,prime
2026-06-04,-0.9589629175472436,0.990146587698652,1,prime
2026-06-04,-0.06900997377957198,0.9348288381589503,1,subprime
2026-06-04,0.560777822615919,0.7687374415283876,1,subprime
2026-06-04,0.5531430109212158,0.687942341403813,1,subprime
2026-06-04,-0.31532166773467457,0.5095696419433237,0,prime
2026-06-04,1.463677259229861,0.7152931825654627,0,prime
2026-06-04,0.6005728650466695,0.6518704667124007,1,prime
2026-06-04,0.795335004559497,0.478373491342281,1,prime
2026-06-04,1.1271198987677205,0.37774015622902835,0,prime
2026-06-04,1.9897898476634188,0.6026423945325118,1,subprime
2026-06-04,0.8772261828328548,0.39901980450155083,0,prime
2026-06-04,0.1343198972785522,0.662730667754408,1,prime
2026-06-04,0.08558819613354239,0.005679243940908352,0,prime
2026-06-04,1.27037382646984,0.6801210461923797,1,subprime
2026-06-04,0.10693252616828061,0.4103134352928902,0,prime
2026-06-04,-1.099095551683217,0.06980792179281028,0,prime
2026-06-04,-0.2168748988158119,0.9894960364544959,1,prime
2026-06-04,0.7460289512054769,0.5417601376091108,1,subprime
2026-06-04,0.16129854570703014,0.4537360817718955,0,subprime
2026-06-04,1.2682369257329507,0.0011375893322408959,0,prime
2026-06-04,-0.29729836345785554,0.9645298474717862,1,prime
2026-06-04,0.036605690572101404,0.550408779773828,1,prime
2026-06-04,-1.057047914676538,0.5353148776997841,1,prime
2026-06-04,-0.40014781565415564,0.0,0,subprime
2026-06-04,0.28099655562197906,0.44712852468212116,1,subprime
2026-06-04,-0.5809438899298655,0.9246736800215396,0,prime
2026-06-04,0.5893024130842455,0.5089369123330858,0,prime
2026-06-04,0.7687061572397279,0.0,0,prime
2026-06-04,-0.23039470530096245,0.6995812705955109,1,subprime
2026-06-04,-1.4102106097579545,0.4148238467751926,0,prime
2026-06-04,-0.0385413446142025,0.0,0,prime
2026-06-04,-0.621984444182351,0.607240000785785,1,prime
2026-06-04,-1.0818758434598459,0.6126489026273747,1,prime
2026-06-04,-1.6093664985331257,0.7402124815174941,1,prime
2026-06-04,-0.33685076587595575,0.43204015355036024,1,prime
2026-06-04,1.2851312101023542,0.7631534472802248,1,subprime
2026-06-04,-0.24793199421277912,0.9771068938046039,1,prime
2026-06-04,0.12027306092252366,0.7619162032879883,0,prime
2026-06-04,0.7798844118411374,0.6039675903035919,0,subprime
2026-06-04,-0.8982994188785492,0.5129551443741569,1,prime
2026-06-05,0.014037791401713157,0.954605282873817,1,prime
2026-06-05,0.5266003568854369,0.24836066568518014,0,prime
2026-06-05,-0.19826832549906198,0.9473448125270341,1,prime
2026-06-05,0.16393760552098222,0.7997111140275777,0,subprime
2026-06-05,0.693914285394755,0.4454920431797698,0,prime
2026-06-05,0.8727379972839272,0.47794408021961265,1,prime
2026-06-05,-0.27685714529571687,1.0,1,prime
2026-06-05,-0.6119845361336672,0.7881146799645734,1,subprime
2026-06-05,0.3705310932330058,0.0,0,prime
2026-06-05,-0.7357027947612687,0.6584223759332947,1,prime
2026-06-05,1.4207086263239288,0.38562169736926905,0,prime
2026-06-05,-1.0549445167989764,1.0,1,prime
2026-06-05,-0.6483237121004164,0.1479927207670241,0,subprime
2026-06-05,1.0799403889458363,0.40002750089084144,1,prime
2026-06-05,-1.058745873767217,0.3431769029781834,1,prime
2026-06-05,-0.0930222715803284,0.6355896000257244,0,prime
2026-06-05,-0.6264410348127435,0.0,0,prime
2026-06-05,-0.5182508635607422,0.30778494095293674,1,prime
2026-06-05,0.527691370922165,0.41930697294528446,0,prime
2026-06-05,0.09880500071312469,0.6383355477328915,0,subprime
2026-06-05,-0.029560913024379507,0.6638732140809687,0,prime
2026-06-05,0.2434458775153019,0.8277207341105873,1,subprime
2026-06-05,1.0018271028858168,0.22802290875262138,0,subprime
2026-06-05,1.1060122735076188,0.3780971614823374,0,prime
2026-06-05,-1.5213975555988324,0.5542601792428475,0,prime
2026-06-05,-2.7518490309249213,0.2476319225537721,0,prime
2026-06-05,0.451368638378562,0.9036035552298722,1,prime
2026-06-05,1.2687176488141698,0.4338881136127054,0,prime
2026-06-05,0.666745027944055,1.0,1,subprime
2026-06-05,-0.09286683980896394,0.9698857420942031,0,subprime
2026-06-05,-0.2775016222175725,0.26295110893837714,0,prime
2026-06-05,0.33762937518111397,0.9490174847297367,1,prime
2026-06-05,-0.30480743137775984,0.8647464722642798,1,subprime
2026-06-05,2.0001425449350316,0.34589379607371956,0,subprime
2026-06-05,-0.5936829532487141,0.4992425501030108,0,subprime
2026-06-05,0.22946885464552919,0.10228052549984767,0,prime
2026-06-05,0.7996480799296698,0.32041387800222976,0,prime
2026-06-05,0.12168027065341144,0.0,0,subprime
2026-06-05,0.703333724196957,0.43614149371441197,1,prime
2026-06-05,1.6472971036008819,0.0,0,subprime
2026-06-05,-1.6532515931204181,0.34553937685920455,0,prime
2026-06-05,0.4987718440267173,0.0,0,subprime
2026-06-05,1.0158757615481546,0.2530235818509761,1,prime
2026-06-05,-1.2827847844630815,0.27056482282549515,1,prime
2026-06-05,0.026085841272269816,0.03818882566911663,0,prime
2026-06-05,-1.3742737632268378,1.0,1,prime
2026-06-05,0.2260829903105982,0.4578570233134105,0,subprime
2026-06-05,-0.21629208437088165,0.6586042061476794,0,prime
2026-06-05,0.6425777218160283,0.6168350928243397,0,subprime
2026-06-05,-0.6148836153822846,0.8076815267625903,0,prime
2026-06-05,-0.8876809784331726,1.0,1,prime
2026-06-05,0.12847663634503803,0.22197166394304851,0,prime
2026-06-05,0.6795191006295528,0.7108016182012458,0,prime
2026-06-05,-0.40379862586711085,0.5850742456880439,1,subprime
2026-06-05,-0.30325909881334895,1.0,1,subprime
2026-06-05,-0.5176870314138698,0.11924642370215724,0,prime
2026-06-05,1.5275895046627015,0.6774862600076033,1,prime
2026-06-05,1.1068912670198676,0.4032885828434956,1,prime
2026-06-05,-1.6498476554464432,0.24850820705599677,0,prime
2026-06-05,-0.03453861952064738,0.37675140920270495,1,prime
2026-06-05,1.0253337751964122,0.28156791754740834,0,subprime
2026-06-05,-0.8578583036801625,0.7504972677659703,1,prime
2026-06-05,-0.846877740468583,0.728236548545713,0,prime
2026-06-05,-0.21340109717934952,0.0,0,prime
2026-06-05,-0.6006428925152743,0.8534509253539505,1,prime
2026-06-05,-0.1995136648543046,0.07302323668775618,0,prime
2026-06-05,1.6749002342329742,0.4411659383498868,1,subprime
2026-06-05,0.2962102172421258,0.7931036966489756,1,prime
2026-06-05,-0.004603204214247342,0.3774674455317486,1,prime
2026-06-05,-0.7726076582873083,0.41847598076377507,1,prime
2026-06-05,1.489930251363756,0.34510939336963836,0,subprime
2026-06-05,-0.4577189486082534,0.5297400251814307,1,prime
2026-06-05,-1.345589929861076,0.48277764557865244,1,subprime
2026-06-05,0.288385220546458,0.5724377335612161,1,subprime
2026-06-05,-1.3493952195732466,0.02492112934656182,0,subprime
2026-06-05,-0.20673498373281524,0.2773482270976154,0,prime
2026-06-05,-0.8634053020260164,0.03254823740364837,0,prime
2026-06-05,0.9682554606733649,0.7684430880646566,1,prime
2026-06-05,0.2788451683781477,1.0,1,subprime
2026-06-05,0.3947256116900536,1.0,1,prime
2026-06-05,-1.0884587246684903,0.3987872235834672,1,subprime
2026-06-05,-1.3963366047506487,0.6809039599312031,0,subprime
2026-06-05,1.1228183699515237,0.5841500691802585,1,subprime
2026-06-05,0.1537346196719335,0.5336672568202788,1,subprime
2026-06-05,0.5249380194383032,0.4286656864512617,1,prime
2026-06-05,0.23270595122351384,0.08293842956142611,0,prime
2026-06-05,-1.4298090603277676,0.3174437538853791,1,prime
2026-06-05,0.8257759177937264,0.5983802893898491,1,subprime
2026-06-05,-1.1550771491441774,1.0,1,prime
2026-06-05,0.4465326951680259,1.0,1,prime
2026-06-05,-0.9214220798000603,0.4266542949772842,1,prime
2026-06-05,-1.0153394023091336,0.951977087567556,0,prime
2026-06-05,-0.2854288358194513,0.08640324708754676,0,prime
2026-06-05,1.1334325945392665,0.16264422267013745,1,prime
2026-06-05,-0.40241796293168597,1.0,1,subprime
2026-06-05,0.1371433883349107,0.11070732350338708,1,prime
2026-06-05,-0.7940046069370695,1.0,1,prime
2026-06-05,2.1726782462199155,0.34251607866435846,0,prime
2026-06-05,-0.0807314942974366,0.3132917315740908,0,subprime
2026-06-05,-0.35943821869896997,0.41834539757459155,0,prime
2026-06-05,0.5235489186567706,0.26998662857848915,0,subprime
2026-06-05,1.8300784773064285,0.7456629171012494,0,prime
2026-06-05,-1.519566089082311,0.6781352909546284,0,subprime
2026-06-05,1.2788135330105355,0.32116679798870496,0,prime
2026-06-05,1.156880536779577,0.35407774814552706,0,subprime
2026-06-05,0.3639551130871252,0.16429963201599118,1,prime
2026-06-05,0.2067177207442878,0.7873037835992558,1,prime
2026-06-05,-1.4876700132255885,0.23002295539405704,0,prime
2026-06-05,-0.9368503844323106,0.2171917535125743,0,prime
2026-06-05,1.2346803107184594,0.49390282266295527,1,prime
2026-06-05,-0.43355107709975554,0.31957062384133733,0,prime
2026-06-05,2.0127035242953615,0.9484327483802766,1,prime
2026-06-05,1.3301855393545352,0.7499850598627797,1,prime
2026-06-05,2.2894685445306835,0.03346750748539773,0,prime
2026-06-05,0.9216770959395281,1.0,1,prime
2026-06-05,-2.2528182483211783,0.8673545234689078,1,prime
2026-06-05,-1.6282963182083352,0.9393071833037299,1,prime
2026-06-05,2.1147274287525164,0.5608105201494387,1,prime
2026-06-05,-0.7605350075373047,0.7302285412702726,1,prime
2026-06-05,0.14155900384435038,0.7615456619760845,0,subprime
2026-06-05,0.588116397199657,0.5818669536531358,1,prime
2026-06-05,-0.002363174382717742,0.42752365177810386,1,prime
2026-06-05,0.7108893874411316,0.7300800414815953,0,prime
2026-06-05,-0.38846253311488654,0.6495075198006718,0,subprime
2026-06-05,1.4334562557710135,0.48314696887244624,0,prime
2026-06-05,-1.106049057201746,0.9379935561542203,0,prime
2026-06-05,0.1727422852541705,0.11039260312025284,0,prime
2026-06-05,-0.2660411175159668,0.24877617011697978,1,prime
2026-06-05,0.64667959791265,0.8020727635384365,1,prime
2026-06-05,0.5070750978189257,0.3030041480348689,0,prime
2026-06-05,-0.7355716742868892,0.8569689253165189,1,prime
2026-06-05,0.9902004448417943,0.13541382241410257,0,subprime
2026-06-05,0.78505016043608,1.0,1,prime
2026-06-05,-0.2734497935989219,0.8004436680076079,0,prime
2026-06-05,-0.4478152686457079,0.3271014812537798,0,subprime
2026-06-05,0.9070772554802325,0.6881361513566535,1,subprime
2026-06-05,0.9304944240334286,0.3365589384375361,1,prime
2026-06-05,1.6263714766603903,0.4082016130332769,0,prime
2026-06-05,-0.04981231307993224,0.3944694679188754,0,prime
2026-06-05,2.967110014598235,0.058283493800226155,0,prime
2026-06-05,0.3804650089585551,0.4698755271657562,0,prime
2026-06-05,-0.04248544133770692,0.3007430348551484,0,prime
2026-06-05,1.6416263396463904,0.5364654638442459,1,prime
2026-06-05,1.3157813038992616,0.659866724368252,0,subprime
2026-06-05,-0.6449036752763018,0.02586736518401489,0,subprime
2026-06-05,1.4306074829466258,0.8776918419667563,1,prime
2026-06-05,-0.1821561975085732,0.12732075376188606,0,prime
2026-06-05,-1.2657344920174995,0.14381941135383136,1,prime
2026-06-05,1.2320821212197968,0.438639988672893,0,subprime
2026-06-05,0.32404433076030703,0.358543809199077,1,subprime
2026-06-05,0.4955556943168602,0.5225664862582,0,subprime
2026-06-05,-0.055263679672960545,0.15550137367282038,0,prime
2026-06-05,-0.5730039155701615,0.4601069680922592,1,prime
2026-06-05,-0.3244164664763579,0.14751403302211133,0,subprime
2026-06-05,0.4334398781125735,0.0,0,prime
2026-06-05,-1.0170088316448596,0.0,0,prime
2026-06-05,1.4450287679773155,0.665173601689778,1,prime
2026-06-05,0.7650338237753685,0.4266401885448768,0,prime
2026-06-05,1.1923715939419048,0.5738278494254501,0,prime
2026-06-05,1.2869027267661066,0.09561875095091821,0,prime
2026-06-05,1.121484640150494,0.8514868165961769,1,subprime
2026-06-05,-0.22397262305153803,0.991982949764483,0,prime
2026-06-05,0.03059813074760455,0.3297517878858462,0,prime
2026-06-05,-0.023279181227356102,0.3784218130037514,1,prime
2026-06-05,-0.5365841996365802,0.8961342859284317,0,prime
2026-06-05,0.31098726083106043,0.0,0,prime
2026-06-05,-0.486486048519665,0.5977814999565846,1,prime
2026-06-05,0.8378477823649534,0.3769456030681302,0,prime
2026-06-05,2.000376483400142,0.3777752125573391,0,prime
2026-06-05,0.19137089613311115,0.6864747487724149,1,subprime
2026-06-05,0.3812362525194484,0.4486414529846121,0,prime
2026-06-05,0.984307357673463,0.0,0,prime
2026-06-05,-1.1406969012660617,0.0,0,prime
2026-06-05,-0.31338005293975035,0.11155981079344576,0,prime
2026-06-05,0.5526458649902234,0.7035026964519542,1,prime
2026-06-05,0.05595747032699468,0.3582754833164058,0,prime
2026-06-05,0.9559581105733076,0.0,0,subprime
2026-06-05,1.097998119326455,0.2708733397070888,0,subprime
2026-06-05,-1.4371692507015963,1.0,1,prime
2026-06-05,1.7822372859180995,0.8874757757189944,1,prime
2026-06-05,1.3771747311404603,0.517491600053134,0,prime
2026-06-05,2.342329852976227,0.577580544019089,1,prime
2026-06-05,-1.256066922810833,0.40112666995162183,1,prime
2026-06-05,0.5101562452204377,0.9733424831922692,1,prime
2026-06-05,1.7631544897658962,0.8139807879251644,1,subprime
2026-06-05,-1.593873515136358,0.3130996307588474,0,prime
2026-06-05,0.21162097307375455,0.0,0,subprime
2026-06-05,1.3073070935853024,0.6147770779754687,1,subprime
2026-06-05,-0.41458141655142705,0.7273215040604051,1,prime
2026-06-05,0.04478198458977511,0.6234099440323784,0,prime
2026-06-05,-0.6801068056206759,0.0,0,prime
2026-06-05,0.921518105388504,0.4928967238032632,1,prime
2026-06-05,0.25282977239637366,0.5906366933971473,1,prime
2026-06-05,0.13342539885364585,0.5631394705726417,1,prime
2026-06-05,-0.297119872019724,0.24728073154632305,0,prime
2026-06-05,0.7129800066249689,1.0,1,prime
2026-06-05,-0.0021727253416427283,0.13890484264345557,0,subprime
2026-06-05,1.5542678460285726,0.7493732602261027,0,prime
2026-06-05,0.245841668646904,0.7337412507604836,1,prime
2026-06-05,1.5774068236178125,0.4597239830801254,0,prime
2026-06-05,-1.4521458679709685,0.9736312605343151,1,prime
2026-06-05,0.5455638662919274,0.8061854708461358,1,prime
2026-06-05,0.433709859405378,0.14346145998509185,1,prime
2026-06-05,-0.7998411132441599,0.08834393812481717,0,prime
2026-06-05,0.3621509310225249,0.7626874367278835,1,subprime
2026-06-05,-1.364705776336471,0.05024557165328797,0,prime
2026-06-05,0.29674085226200014,0.48988828949133634,0,prime
2026-06-05,0.4195211357475265,0.0,0,prime
2026-06-05,-0.05187151263634164,0.47923854546412836,1,prime
2026-06-05,-0.2346444129963829,0.534104807911099,1,prime
2026-06-05,-1.7300464239221698,0.023932625628513116,0,prime
2026-06-05,1.5205831386592796,0.2861730522248389,0,subprime
2026-06-05,1.0153349647868932,0.04557939412891071,0,subprime
2026-06-05,0.4935867394466948,0.605357909795842,0,prime
2026-06-05,-0.45989825971823145,0.0,0,subprime
2026-06-05,-0.5931124879876808,0.3108777519397333,1,subprime
2026-06-05,-0.013641408102177885,1.0,1,prime
2026-06-05,0.2822671846085336,0.7295564575179279,1,subprime
2026-06-05,1.0314014939730616,0.0037548103339071215,0,prime
2026-06-05,0.6654456475391605,0.2549016666007118,1,prime
2026-06-05,0.10753516881899541,0.8261858603542507,1,prime
2026-06-05,2.1033409796162994,1.0,1,subprime
2026-06-05,-0.1550100627777422,0.574560379843164,1,subprime
2026-06-05,0.6284857706998354,0.48702489258512577,0,subprime
2026-06-05,-0.4716130799940739,0.3210296510730913,0,prime
2026-06-05,1.2359683832928698,0.47413599333312695,0,prime
2026-06-05,0.22732790499784739,1.0,1,prime
2026-06-05,0.5244184349820569,0.5232406480683425,1,prime
2026-06-05,-1.0507718455022355,0.2672767967965286,0,subprime
2026-06-05,-0.27316544250508135,0.2597712047817684,0,prime
2026-06-05,-1.323573278430985,0.5499544698110606,1,prime
2026-06-05,1.8443604329247885,0.8030435150753232,1,prime
2026-06-05,0.04731007700509924,0.4148305641586993,0,prime
2026-06-05,0.3522666694054369,0.6485063288957039,0,prime
2026-06-05,-3.655482568111166,0.47334466959458316,1,subprime
2026-06-05,-0.36543864362489,0.6849356106181606,0,prime
2026-06-05,0.897648399395261,0.3524608328603199,0,prime
2026-06-05,2.207329869587922,0.4774623888572647,1,subprime
2026-06-05,1.2409585213309584,0.6863980201381871,0,prime
2026-06-05,0.6708295970470257,0.2911588343845571,0,prime
2026-06-05,0.5024251213652969,0.21291948227345636,0,prime
2026-06-05,-2.37142198742062,0.6855197966811858,1,prime
2026-06-05,-0.5818522098569013,0.3384717583785827,0,subprime
2026-06-05,-0.9378044285484477,0.8095658893795653,0,subprime
2026-06-05,-0.04517520185023512,0.821376986974683,1,prime
2026-06-05,2.065810877775751,0.6528215930216831,1,subprime
2026-06-05,0.175184978710059,0.6599569651909103,0,prime
2026-06-05,0.605535546530266,0.7569839595623068,1,prime
2026-06-05,0.4115261324311162,0.17638380145156465,0,subprime
2026-06-05,0.4606803470021621,0.20081283168303235,0,prime
2026-06-05,-0.3277935590367274,0.2425458554169081,0,prime
2026-06-05,-0.7492015081232101,0.2047016151213898,0,subprime
2026-06-05,-0.09917767476479832,0.40831074263312234,1,subprime
2026-06-05,-1.8732998131501777,0.0,0,prime
2026-06-05,0.25789312686701066,0.5304524595902583,0,prime
2026-06-05,-0.2751383199671915,0.7227439400340832,1,prime
2026-06-05,-0.23740270721881052,0.569623242985443,0,subprime
2026-06-05,-1.897082131558226,0.9192828425788359,1,prime
2026-06-05,0.5057756867223978,0.9881196922019251,1,prime
2026-06-05,0.6937504154560356,0.17440611850285392,1,subprime
2026-06-05,1.3920816034695365,0.10022611446184151,0,prime
2026-06-05,-0.14622260999423592,0.6042742950242139,1,subprime
2026-06-05,2.2725465639138567,0.14186941556074545,0,prime
2026-06-05,-0.5988146210321367,0.4450191592662617,0,prime
2026-06-05,-1.0350635153482213,0.5067660141801068,1,prime
2026-06-05,-0.7536923275689045,0.06293073185561993,1,subprime
2026-06-05,-0.34421064126624745,0.5597290769184,1,prime
2026-06-05,-0.271766165572814,0.19075248502777342,1,prime
2026-06-05,-0.2520779677092937,0.19893688130199635,0,prime
2026-06-05,1.3165395949998977,0.10188777891314604,0,prime
2026-06-05,-2.4320682973177483,0.2574139235543247,0,prime
2026-06-05,0.22580593254756165,1.0,1,prime
2026-06-05,-0.046310838136280966,0.9700255498911119,1,prime
2026-06-05,0.6896207617040546,0.18915932007588593,0,prime
2026-06-05,0.8025301230683207,0.8510359254710522,1,prime
2026-06-05,1.0583474674851767,0.35291065171188923,0,prime
2026-06-05,0.9099246255039405,0.07597245692902119,0,prime
2026-06-05,0.5149340877968689,0.2064461538972186,0,subprime
2026-06-05,-0.22640063655937587,0.5985012487564494,0,subprime
2026-06-05,0.9397889424160177,0.8360363636705186,0,prime
2026-06-05,-0.10980464537165728,0.5128005126770202,1,prime
2026-06-05,1.3488033953444687,0.18662735225692065,0,prime
2026-06-05,-0.7825622812505911,1.0,1,subprime
2026-06-05,-0.37514694208168226,0.4089092797266496,0,prime
2026-06-05,-0.26080018128287197,0.3641583673384062,1,prime
2026-06-05,0.7960314515102287,0.5400883807407939,1,subprime
2026-06-05,-0.06313789338019114,1.0,1,prime
2026-06-05,-0.04358872183499447,1.0,1,subprime
2026-06-05,1.6170858099084913,1.0,1,prime
2026-06-05,1.2094220106268727,0.6603880679898981,1,subprime
2026-06-05,-1.2935557123593844,0.4371913189530659,1,prime
2026-06-05,-1.0367993858435156,0.6015591392675335,0,prime
2026-06-05,-0.7272703503425662,0.7422878131831127,1,subprime
2026-06-05,-0.2982553122366399,0.29952027579991347,0,subprime
2026-06-05,0.43828246446448504,0.251754023153935,0,prime
2026-06-05,-1.0453759324915899,0.3283945293988395,1,prime
2026-06-05,-2.0119795614027667,0.07856179285761106,0,prime
2026-06-05,-1.3038806835130534,0.0,0,prime
2026-06-05,-0.4303769428019984,0.7468916568499409,0,prime
2026-06-05,-0.08901337865294366,0.2849981551103027,0,subprime
2026-06-05,-0.1300564627569598,0.5193176153143478,0,subprime
2026-06-05,0.43480141933564337,0.38991541123789136,1,prime
2026-06-05,0.9487421763261382,0.020970953450627883,0,prime
2026-06-05,-0.7086338189617299,0.7026056256077249,1,prime
2026-06-05,-0.06035236793525599,0.2515851915673808,0,prime
2026-06-05,1.8714003637401786,0.13269675932276925,0,prime
2026-06-05,-0.024244743326984564,0.9375495438337846,1,prime
2026-06-05,-1.390391782958274,1.0,1,prime
2026-06-05,-0.6382193258965771,0.6041885641234078,1,subprime
2026-06-05,0.8708392579520122,0.3400840537111425,0,prime
2026-06-05,1.3512078310552729,0.4656604456983432,1,subprime
2026-06-05,-1.1492507673049772,0.7324058891189368,1,subprime
2026-06-05,0.3951588792613425,0.3678793058023543,0,subprime
2026-06-05,0.627548039859572,0.5675257720848443,1,prime
2026-06-05,0.49051125265624307,1.0,1,prime
2026-06-05,0.5831215743669858,1.0,1,prime
2026-06-05,1.3882919107179723,0.0,0,prime
2026-06-05,1.2516421226087218,0.8511572713885172,1,prime
2026-06-05,0.5725378377193142,0.8892078125773123,1,prime
2026-06-05,-0.5879217693594114,0.49900090768031025,0,prime
2026-06-05,-0.7631785783575757,0.772379255471319,0,prime
2026-06-05,2.1540343765986223,0.5814469707533673,1,subprime
2026-06-05,-0.4465715704544409,0.6180874874521181,1,prime
2026-06-05,0.2248198644574848,0.38994432847970967,0,prime
2026-06-05,-0.08609289711151606,1.0,1,prime
2026-06-05,0.006111194218790861,0.0,1,prime
2026-06-05,0.7350315826295756,1.0,1,subprime
2026-06-05,-0.4263881905441787,1.0,1,prime
2026-06-05,1.3162305471661915,0.3084740766500416,1,subprime
2026-06-05,-0.42283885833655616,0.41469593833515583,1,prime
2026-06-05,0.41074505234938086,0.0,0,prime
2026-06-05,1.2172922158629282,0.140489559363839,0,prime
2026-06-05,1.2490495779972648,0.4968124222361243,0,prime
2026-06-05,0.1300490152680817,0.16038573400921566,0,prime
2026-06-05,-0.9187915782841807,1.0,1,subprime
2026-06-05,0.28640920582384544,1.0,1,subprime
2026-06-05,1.3138327415344393,0.09051818218595553,1,prime
2026-06-05,1.2138897070884809,0.4920873905719512,0,prime
2026-06-05,-1.7304586712234757,0.7697372135913005,1,prime
2026-06-05,-0.650458810294185,0.6265922265141313,1,subprime
2026-06-05,0.4459570394862268,0.3068201005417616,0,prime
2026-06-05,-0.13617564937885585,0.6336476559092132,0,prime
2026-06-05,0.20184696013232664,0.8640256319973709,1,prime
2026-06-05,0.432190305122858,0.6188675709488116,1,subprime
2026-06-05,0.06435522584927976,0.5533402128716969,0,prime
2026-06-05,0.6097943254477114,0.6794862093256422,1,subprime
2026-06-05,0.5126962671591844,0.3739181267607906,0,subprime
2026-06-05,0.15283555193074838,0.6681659186634954,0,prime
2026-06-05,-0.08079207882668153,0.7187380221820809,1,subprime
2026-06-05,-1.3931555339384771,0.6743774878559126,1,prime
2026-06-05,-0.6430426658784946,0.5916100583792666,1,prime
2026-06-05,-0.7833361737330249,0.18169003684868298,0,prime
2026-06-05,-0.0115278413877489,0.16509539516429028,0,prime
2026-06-05,1.4727620879782044,0.9681462043924498,1,subprime
2026-06-05,0.8124942974243895,0.6000523922107799,1,prime
2026-06-05,1.1819503817690675,0.8077962095426666,1,subprime
2026-06-05,-0.7649242435684782,0.20111015846144148,0,prime
2026-06-05,-2.0642212411991183,0.8517062625963179,0,subprime
2026-06-05,-0.5043206885532081,0.7041992139241132,1,prime
2026-06-05,1.1057299859377991,0.27208374203717467,1,prime
2026-06-05,0.11536640926338648,0.7176465083216164,1,prime
2026-06-05,1.9102454033211733,1.0,1,prime
2026-06-05,-1.1036318998810402,0.7637196656206157,1,subprime
2026-06-05,-0.666232616187748,0.7913163375730341,1,prime
2026-06-05,-0.28786555716652107,1.0,1,subprime
2026-06-05,1.6987256199662846,0.34483488350387126,0,prime
2026-06-05,0.016033536819687846,0.2770522193981427,0,prime
2026-06-05,0.3863673690170626,0.0,1,prime
2026-06-05,-3.352604676598473,0.9438028987869724,1,subprime
2026-06-05,0.4927017002325359,0.3132422213166936,1,prime
2026-06-05,-0.8293186480456638,0.31267384583850066,0,prime
2026-06-05,0.7260742493752136,0.2624447077377991,1,prime
2026-06-05,-0.538543435727087,0.2866844346491244,0,prime
2026-06-05,1.7116186459059641,0.6285346544399018,0,prime
2026-06-05,0.04532167846729442,0.6019604801380456,0,prime
2026-06-05,-1.084121578682713,0.5387702669539038,1,prime
2026-06-05,0.660162943305958,0.5676488390579397,1,subprime
2026-06-05,0.4433825660687484,0.5568431989761033,1,prime
2026-06-05,-0.32714491013061014,0.29655035873433644,0,prime
2026-06-05,0.06420408211877929,0.8291680819930705,0,subprime
2026-06-05,-0.8850801192211044,0.0,0,prime
2026-06-05,0.15836519886878397,0.687521238897432,1,subprime
2026-06-05,0.8716592515681852,0.27261555470870524,0,subprime
2026-06-05,-0.6654788917715817,0.7407307452336858,0,subprime
2026-06-05,0.7472846254085022,0.788093351593175,1,subprime
2026-06-05,0.30271764324207906,1.0,1,subprime
2026-06-05,0.71486269105133,0.9351609214042835,1,prime
2026-06-05,-0.25116549098275875,0.0,0,subprime
2026-06-05,1.3245184291098127,0.9205690938897539,1,subprime
2026-06-05,-0.6663760511721646,0.47532365928495157,1,prime
2026-06-05,0.6896821882623647,0.2636530697446087,0,prime
2026-06-05,2.3520140508218907,0.3073586982679772,0,subprime
2026-06-05,-1.7349484297154314,1.0,1,prime
2026-06-05,-0.6217888139545785,0.3427294126443552,0,subprime
2026-06-05,1.1301907247541039,1.0,1,subprime
2026-06-05,0.8781486706576866,0.416050684451156,0,prime
2026-06-05,-1.8313359258604867,0.39845867069472396,0,prime
2026-06-05,1.3258362905081968,0.5501571618466863,0,prime
2026-06-05,0.3181543903190882,0.8322637576240177,1,prime
2026-06-05,-0.6804529443778492,0.32449552983085844,1,prime
2026-06-06,-0.10011284548585067,0.8980322652956362,1,prime
2026-06-06,1.225786257976895,0.43183443391900495,1,prime
2026-06-06,-1.3619158405674097,1.0,1,prime
2026-06-06,-2.045587920109665,0.8021568202010194,1,subprime
2026-06-06,2.1114696068078453,0.23183639487419505,1,subprime
2026-06-06,-2.3306080693887,0.728608082015952,1,prime
2026-06-06,-1.373056611097828,0.7932761000207795,0,prime
2026-06-06,-1.5173561467416203,1.0,1,prime
2026-06-06,-0.4297115540396789,0.877091513827802,1,prime
2026-06-06,0.35458286856683063,0.19706260064994058,1,prime
2026-06-06,0.4828388486261425,0.3033320171270876,0,prime
2026-06-06,-0.33902468016217135,0.5505787270089785,0,prime
2026-06-06,-0.1139654434789982,0.29838247414607266,0,subprime
2026-06-06,0.5578488347924383,1.0,1,prime
2026-06-06,1.7776801219027554,0.4035102514635204,1,subprime
2026-06-06,0.9937207308430487,0.0,0,prime
2026-06-06,0.3884981665238273,0.43601927537211826,0,prime
2026-06-06,-1.5037347911018475,0.535909330130282,1,prime
2026-06-06,0.3098460199845147,0.23062078648537138,0,subprime
2026-06-06,-0.03487292894386626,0.0,0,prime
2026-06-06,0.6199923402898468,1.0,1,prime
2026-06-06,-0.6286993792949818,0.0,0,subprime
2026-06-06,-0.08369983375375295,0.9037402833254193,0,prime
2026-06-06,0.42689870313601125,0.0,0,subprime
2026-06-06,-0.9247618079831059,0.6961670909232873,1,prime
2026-06-06,0.5327684483626447,0.0,0,prime
2026-06-06,-0.38758077730307416,0.783477244608532,1,prime
2026-06-06,0.8635355333480002,0.15875487221865262,0,subprime
2026-06-06,-0.6361695807625154,0.6678447072074034,1,prime
2026-06-06,-0.2862874376245702,0.6991361031031353,1,subprime
2026-06-06,0.5986159804133635,0.0,0,prime
2026-06-06,0.3096810251671217,0.3861121315258011,1,subprime
2026-06-06,1.6990005989893153,0.7087275412731693,1,prime
2026-06-06,-0.9447614269810811,1.0,1,prime
2026-06-06,0.3722337342681122,0.49065909331291313,0,prime
2026-06-06,-0.10094127393159327,0.7263644388660359,0,prime
2026-06-06,0.8154109862113206,0.8791027338718002,1,prime
2026-06-06,0.1920823601246546,0.0,0,prime
2026-06-06,-0.1415297933969843,0.28151306337883303,0,subprime
2026-06-06,-0.45713280888257996,0.9408240914250307,0,prime
2026-06-06,-0.06303630489662015,0.92250082483674,1,subprime
2026-06-06,0.4722790910693231,0.6389717488731947,0,prime
2026-06-06,1.731954305084689,0.28571287995480377,1,subprime
2026-06-06,-0.0324982219159273,0.4857872660291221,1,prime
2026-06-06,-0.552729160103004,0.8049017496157456,0,prime
2026-06-06,-0.33883923687535483,0.21703584080654584,0,prime
2026-06-06,-0.5028010874312585,0.9892108362062417,1,prime
2026-06-06,-0.01117376329405223,0.0731286454026101,0,prime
2026-06-06,-0.8628112176696716,0.0,0,subprime
2026-06-06,-1.226303579381388,1.0,1,prime
2026-06-06,-0.37824076311946153,0.45544640742993864,1,prime
2026-06-06,0.05561457561862043,0.22402415527726438,0,subprime
2026-06-06,-0.8735369320755011,0.764594124922787,1,prime
2026-06-06,1.3835138593735816,0.454251338243822,1,subprime
2026-06-06,1.8455602165332687,0.34687366065805847,1,prime
2026-06-06,0.269932473312935,0.1277445181926652,0,prime
2026-06-06,1.170827338880125,0.6507285371201765,1,subprime
2026-06-06,0.3596834523787135,0.7248330799302181,1,subprime
2026-06-06,-0.796903784065703,0.5263838591352267,0,subprime
2026-06-06,-1.0549402006347295,0.6646691934689549,1,prime
2026-06-06,1.3411763505112053,0.4231996003943727,0,prime
2026-06-06,1.3535536196889888,0.7547309013160571,1,subprime
2026-06-06,0.4798287948274583,0.248601951488914,0,prime
2026-06-06,-0.312933652330858,0.25213401926359297,1,prime
2026-06-06,1.1992342483901761,0.37606834677865186,0,prime
2026-06-06,0.4056457480654478,0.26532794262497905,0,subprime
2026-06-06,-0.9615845948674318,0.9179079669310213,1,prime
2026-06-06,-0.9807443624781611,0.9405264677465848,0,subprime
2026-06-06,1.5147225096899508,0.9349457430424336,1,prime
2026-06-06,0.7537289654483657,0.01390558024587818,0,prime
2026-06-06,0.9917438820700506,0.822944329903014,1,subprime
2026-06-06,-0.5049552382020757,0.21669191979969094,0,prime
2026-06-06,2.7698539456297566,0.5898803714737826,1,subprime
2026-06-06,-1.890440084328105,0.019934865810038616,0,prime
2026-06-06,-1.0604467482124058,0.411459493027609,0,prime
2026-06-06,0.24189881868918722,0.528100540846973,1,prime
2026-06-06,-0.25382033203152204,0.1947343218389348,0,prime
2026-06-06,1.0374465758436695,0.38518540645131716,0,prime
2026-06-06,-0.1679839127462689,0.5303937433898985,1,subprime
2026-06-06,1.3655143267008925,0.8417943882460263,1,subprime
2026-06-06,-0.34907463904244446,0.8339107501433931,1,subprime
2026-06-06,1.1869623143272485,0.825098986822186,1,prime
2026-06-06,1.0371100822292516,1.0,1,prime
2026-06-06,-1.581595020998427,0.8402775003715229,1,prime
2026-06-06,-1.2680542936203116,0.2607078198247253,0,subprime
2026-06-06,-0.6079878171007218,0.10310086335550595,1,subprime
2026-06-06,-0.5977632561868058,0.8428704425859475,0,subprime
2026-06-06,-0.09679930295071565,0.35720102842982343,1,prime
2026-06-06,0.3190100787217327,0.6756272539397972,0,prime
2026-06-06,-0.275933842722806,0.015170256038017693,0,subprime
2026-06-06,1.7332191144478342,0.4042570354339438,0,prime
2026-06-06,-0.011865377192663479,0.7206846468401843,1,prime
2026-06-06,-1.30170451886415,1.0,1,prime
2026-06-06,-1.7824939440960246,0.0,0,prime
2026-06-06,-0.012608127314901477,0.8237418900674411,1,subprime
2026-06-06,0.668038742416559,0.12254261323161031,0,subprime
2026-06-06,1.746450146557328,0.0833234247797181,1,prime
2026-06-06,0.5390372429835661,0.5151129330949225,1,subprime
2026-06-06,-0.04558594272277394,0.0,0,prime
2026-06-06,-0.5295961158333067,0.06417195468621012,0,prime
2026-06-06,-0.12638683453436234,0.7960435751317899,0,prime
2026-06-06,-0.3169280640690667,1.0,1,prime
2026-06-06,-1.2878612153484512,0.0,0,prime
2026-06-06,-0.059407898029621625,0.0,0,prime
2026-06-06,0.1864350144743137,0.5642293630329489,0,subprime
2026-06-06,0.38788150806133975,0.36523115636954184,1,prime
2026-06-06,-0.1651201860285011,0.41301310980047934,0,prime
2026-06-06,0.4675419205545801,1.0,1,prime
2026-06-06,0.09650452824918172,0.22004080599978348,0,prime
2026-06-06,-1.208338842036079,0.08176064348866166,0,prime
2026-06-06,-0.5588439193321868,0.32818932685819113,0,subprime
2026-06-06,1.6213206174064785,0.0,0,prime
2026-06-06,-0.2087333812892106,0.9610876849029706,1,prime
2026-06-06,-0.7753953037489187,0.045555539620775076,0,subprime
2026-06-06,-1.2138151386967033,0.09279940420263189,1,prime
2026-06-06,1.635234774545599,0.6597926374583638,0,prime
2026-06-06,1.8550562968368527,0.7367536277621571,0,subprime
2026-06-06,1.398590913285824,0.3863580681890441,0,prime
2026-06-06,-1.1018445842708136,0.1540939065797109,1,subprime
2026-06-06,0.02979075550033264,0.5261710149478519,1,prime
2026-06-06,1.9030400926723583,0.7596320985361638,1,prime
2026-06-06,1.2410924323467525,0.35175370064988737,1,subprime
2026-06-06,-1.1301764157426795,0.613478221363624,1,prime
2026-06-06,1.4943505941675608,0.9699673352734559,1,prime
2026-06-06,1.5772234493233825,0.9174465308500738,1,prime
2026-06-06,-0.7007248159242208,0.7904546151684462,1,subprime
2026-06-06,-2.072644290172622,0.033961565503930424,0,prime
2026-06-06,-1.7737830423598566,0.617350434103837,1,subprime
2026-06-06,0.9687968139457308,0.9949728756980044,1,subprime
2026-06-06,1.0940840868914945,0.410615664644404,0,prime
2026-06-06,1.3223809875797348,0.680995178780847,1,subprime
2026-06-06,-3.284446042020838,0.4493898179593637,1,prime
2026-06-06,0.9630058211638093,0.7128375765342606,0,prime
2026-06-06,-1.0342033419340322,0.6232295318429993,0,subprime
2026-06-06,0.3626283674641508,0.0,0,prime
2026-06-06,-0.8534410826515519,0.278234239153471,0,prime
2026-06-06,-1.5111805421516,0.0,0,prime
2026-06-06,1.2927959368757107,1.0,1,prime
2026-06-06,-0.3002797412181147,0.8020581380406806,1,subprime
2026-06-06,0.6916135144550863,0.04451511666657859,0,subprime
2026-06-06,0.7647438673543665,0.042862662198669355,0,subprime
2026-06-06,-0.07679938502589034,0.787653100457024,1,prime
2026-06-06,-1.690461176990001,0.34765282840056677,0,prime
2026-06-06,1.2258514447476752,0.3307903083969449,1,subprime
2026-06-06,1.2207953241466356,0.49692906845006446,0,prime
2026-06-06,-1.8040745241877238,0.15852919313359135,0,prime
2026-06-06,0.921083518639894,0.685975136019565,1,prime
2026-06-06,-0.5964311164083445,0.697768700573123,1,prime
2026-06-06,-0.2451187621558112,0.38493849988421497,0,prime
2026-06-06,3.447151911833879,0.5990000741014619,1,subprime
2026-06-06,1.1317834959543518,0.7259353083279199,1,prime
2026-06-06,-0.013461717309933507,0.5675604720397934,1,subprime
2026-06-06,-1.8112914676097505,0.19175841863750395,0,prime
2026-06-06,0.09124720391228648,0.22630382574746305,0,subprime
2026-06-06,-1.734680896692622,0.5447469984660398,0,subprime
2026-06-06,-0.7867036501475015,0.9120129763554808,0,prime
2026-06-06,0.7849870735148221,0.04994576689069441,0,prime
2026-06-06,-0.6233082408444441,1.0,1,prime
2026-06-06,-0.4995802788352423,0.4048757865975453,0,prime
2026-06-06,-0.9686577320034084,0.40752082297816455,0,prime
2026-06-06,0.34892257128410786,1.0,1,prime
2026-06-06,-0.736083115261762,0.4734318978153327,0,subprime
2026-06-06,1.1733776651912111,0.885396123817626,1,subprime
2026-06-06,-1.3904174946751993,0.4939425491318231,0,prime
2026-06-06,-0.3678773511748788,0.26861512063367804,1,prime
2026-06-06,1.6434442603363086,0.5093957603482202,0,subprime
2026-06-06,1.2611137847839615,0.8007031588095445,1,subprime
2026-06-06,1.0526362341566498,0.7669417150933605,1,subprime
2026-06-06,-1.995174576819647,0.36974930935001354,0,prime
2026-06-06,-0.06506005732809311,1.0,1,subprime
2026-06-06,0.8597983714246227,0.47112124219829576,0,subprime
2026-06-06,0.9589255211866903,0.0,0,prime
2026-06-06,-0.3686734260772558,0.6484520345021924,1,prime
2026-06-06,0.9160550995264469,0.37529143918523084,0,prime
2026-06-06,0.1916211726878622,0.7945153987242548,1,prime
2026-06-06,0.6544724805997177,0.0,0,subprime
2026-06-06,0.3740034259272474,0.9599374171931544,0,prime
2026-06-06,-1.5546251077583646,0.4679322512039776,1,prime
2026-06-06,0.12367671179009404,0.0,0,prime
2026-06-06,-0.5185421316555954,0.8879928237660137,1,prime
2026-06-06,0.9473786373024318,0.41630485260326894,0,subprime
2026-06-06,-0.047602749866538896,0.48082407467032845,1,prime
2026-06-06,1.3252280486142527,0.29990356088186243,0,prime
2026-06-06,-0.2262449017996211,0.9856481135608737,1,prime
2026-06-06,0.5531252599774941,0.947979256622506,1,prime
2026-06-06,0.9773643739937932,0.4160853076951976,0,subprime
2026-06-06,0.9709296309571245,0.0,0,prime
2026-06-06,1.2389720822292971,0.446179087601701,0,prime
2026-06-06,-1.3115516381700618,0.44090365432941175,1,prime
2026-06-06,-0.08300897821004158,0.5074243567469207,0,prime
2026-06-06,0.6982125247486157,0.8181416067658578,1,prime
2026-06-06,-0.11684790690024513,1.0,1,prime
2026-06-06,-1.5347434149783103,0.7641705038036686,1,prime
2026-06-06,2.274591399387171,0.732732618070477,0,subprime
2026-06-06,1.38648582389138,0.10010929456568926,0,prime
2026-06-06,-0.12075688057635234,0.34286926750315716,0,subprime
2026-06-06,-0.1153930516620103,0.7962836168117065,0,prime
2026-06-06,1.2808640547948391,0.9734649479414486,1,prime
2026-06-06,0.17034187582058277,0.6261814485262325,0,prime
2026-06-06,1.3385263062988673,0.2681283066103904,0,prime
2026-06-06,-0.0963434480756834,0.10394218457936943,1,prime
2026-06-06,-1.3292394277021586,0.4691991128372869,0,prime
2026-06-06,-1.6230010657895526,0.49431243855499607,1,prime
2026-06-06,0.8508117246075744,0.29451430438465104,0,subprime
2026-06-06,0.4799779350652255,0.03776335974785755,0,prime
2026-06-06,0.5401225476858766,0.33409671850489014,1,prime
2026-06-06,0.6389531428260407,0.05983335741504103,0,prime
2026-06-06,0.7094237742533573,0.36297879423684415,1,prime
2026-06-06,1.5319793916795454,0.7062915631624869,0,prime
2026-06-06,0.8447839711321286,0.33000253338575103,0,prime
2026-06-06,-0.5399198306175716,0.0,0,prime
2026-06-06,-0.2668472358667297,0.05791774214281076,0,prime
2026-06-06,1.1831336489981024,0.49960987490828,0,prime
2026-06-06,-0.1286694548448597,0.39291865198496656,0,prime
2026-06-06,0.5962683611773512,0.5151625185786635,1,subprime
2026-06-06,-0.37495291529355534,0.0,0,subprime
2026-06-06,2.9108337452733863,0.6474844355636873,0,subprime
2026-06-06,0.2569321266558668,0.8874959534632161,1,subprime
2026-06-06,0.07875598437494974,0.6456520566141407,1,subprime
2026-06-06,-1.801447192816951,0.0,0,prime
2026-06-06,2.056881384172233,0.5463658267399948,0,subprime
2026-06-06,-0.2706963931920179,0.37860764256520774,1,prime
2026-06-06,-0.8106338665830797,0.7915731925596379,1,subprime
2026-06-06,1.2013940759155974,1.0,1,prime
2026-06-06,2.503851829244029,0.0,0,prime
2026-06-06,-0.8744484680565812,0.35865391361498644,0,prime
2026-06-06,0.7170601710384503,0.0,0,subprime
2026-06-06,-0.4698136803069753,0.6077634045039857,0,prime
2026-06-06,1.792680480146708,0.0,0,subprime
2026-06-06,0.703939526118845,0.41629307789961173,0,prime
2026-06-06,3.359174390142811,0.3941351704309584,1,subprime
2026-06-06,0.9077131169625867,0.06791835367218821,0,prime
2026-06-06,-1.2226794574945397,1.0,1,prime
2026-06-06,0.8970716637221334,1.0,1,prime
2026-06-06,-0.5146547156336825,0.6729236103283429,1,subprime
2026-06-06,-0.897171962325152,0.5238167002418235,0,subprime
2026-06-06,-0.5585066208539544,0.0,0,prime
2026-06-06,1.1941227668992807,0.7417581794344009,1,prime
2026-06-06,0.5213351341513235,0.7628336658825765,0,prime
2026-06-06,-1.7275950255165464,0.27198270036694866,0,subprime
2026-06-06,0.08844153795239353,0.6991745892783765,0,prime
2026-06-06,-2.7509021199994423,0.7558838941083574,1,prime
2026-06-06,-1.524723524912817,0.5029632345748849,0,subprime
2026-06-06,0.2359623752099404,1.0,1,subprime
2026-06-06,0.4907575613417022,0.10434320369499572,0,prime
2026-06-06,-0.9354946174104777,0.5811445203322766,1,prime
2026-06-06,-0.33624310362473775,0.842962396760121,1,subprime
2026-06-06,-0.370819782941901,0.391016878916632,0,prime
2026-06-06,0.7055045861127176,1.0,1,prime
2026-06-06,0.8466233426282048,0.5530359037151948,0,prime
2026-06-06,0.3201358084604261,0.0,0,prime
2026-06-06,0.101840028734972,0.3730965896881424,0,prime
2026-06-06,-0.24371223523798524,0.4335545757758501,1,prime
2026-06-06,1.0120301949729194,1.0,1,prime
2026-06-06,-0.9692586515761505,0.21458251344942694,0,prime
2026-06-06,1.0944918275854767,0.4972576001594955,1,prime
2026-06-06,-0.42965241165706053,0.2923473680614167,0,subprime
2026-06-06,0.3926537739549607,0.0008421606356134315,0,prime
2026-06-06,-0.23250897980515456,0.46443861010908116,1,prime
2026-06-06,1.7204255585085064,0.05854569785798697,0,prime
2026-06-06,1.4919569840252331,0.6785407534602214,0,prime
2026-06-06,1.4158806428901223,0.4938358426744207,1,prime
2026-06-06,-1.3811653953481786,0.6516313043825039,1,prime
2026-06-06,-0.4859252312067944,0.6864747870324421,0,prime
2026-06-06,0.30976041264037224,0.6603278101688718,0,subprime
2026-06-06,-1.8601052448103643,0.8140350910272895,1,subprime
2026-06-06,0.15357274043201863,0.8934419941186061,1,subprime
2026-06-06,-0.39237511610521897,0.9038553255486276,1,prime
2026-06-06,-1.2275695892246974,0.7171903006765716,1,prime
2026-06-06,0.4452285327575309,0.929852249240156,0,prime
2026-06-06,0.7060084189137181,0.5221846813055091,1,subprime
2026-06-06,0.6596963904135695,0.48184836958171173,0,prime
2026-06-06,-2.356233464488482,0.0853235609571801,0,prime
2026-06-06,0.5112966496894418,0.42440857247565655,1,prime
2026-06-06,0.7954187873667655,0.8278731918472702,1,prime
2026-06-06,-0.016332827732490812,0.6337640879519392,1,prime
2026-06-06,0.6802677532235153,0.9969100763453405,1,prime
2026-06-06,-0.5006603319309386,0.133188219967338,0,subprime
2026-06-06,0.5518892974726315,0.547543585548163,1,subprime
2026-06-06,2.5099519409059567,0.5736733691707399,0,subprime
2026-06-06,0.960467919719115,0.30395112601012436,0,prime
2026-06-06,-0.8902986166033622,0.9743881696729707,1,prime
2026-06-06,0.7993824583889291,0.5218715984618121,0,prime
2026-06-06,-0.2882268839150469,0.9613558707145864,1,prime
2026-06-06,1.0288202639587034,0.48519130450263426,0,prime
2026-06-06,-0.3097147406525925,0.2888591664717152,1,subprime
2026-06-06,1.5853691102829817,0.5581122127075081,0,prime
2026-06-06,-0.8397853490178824,0.17497370400157186,0,prime
2026-06-06,-0.9349341791228647,0.0,0,prime
2026-06-06,-0.2798497565398497,0.8846737797764337,1,prime
2026-06-06,0.5294862611637767,0.058600822866162416,1,subprime
2026-06-06,0.1587997072385214,0.5597700232184648,1,prime
2026-06-06,1.3389825868042775,0.055847596582761005,0,prime
2026-06-06,0.31798287698776273,0.0,0,prime
2026-06-06,-0.4187842070774354,0.4508197558284653,1,prime
2026-06-06,-0.11426535383808295,0.4541703250435108,1,prime
2026-06-06,1.0982219274831462,0.5674677462433125,1,prime
2026-06-06,-0.3129398392042159,0.7481171924339146,1,subprime
2026-06-06,0.4443283948527057,0.14929896130730758,1,subprime
2026-06-06,0.41975449831003614,0.5294291229324671,0,prime
2026-06-06,1.7872441283588798,0.6344897294012992,0,prime
2026-06-06,0.5704660884485865,0.0,0,prime
2026-06-06,1.9836045912935385,0.23346606367562778,1,subprime
2026-06-06,0.8112683297315486,0.8068249477165188,1,subprime
2026-06-06,-0.21011416541170003,0.3477028114099045,0,prime
2026-06-06,0.6483573372285409,0.5862003799798112,1,prime
2026-06-06,-1.4278384674173272,0.0,0,prime
2026-06-06,0.2847606423307921,0.7801833453169194,0,subprime
2026-06-06,0.8768992856327673,0.10334168393782184,0,prime
2026-06-06,-0.3334046686193295,1.0,1,prime
2026-06-06,-1.3307634370534969,0.21501322676346846,1,prime
2026-06-06,-0.8529107493380454,0.5953849425919648,1,prime
2026-06-06,0.6160679533941265,0.2950825270553447,0,subprime
2026-06-06,0.07911337965501822,0.5146518718837172,1,subprime
2026-06-06,0.50943331768156,1.0,1,prime
2026-06-06,-0.7713678909005643,0.6966468092084759,0,prime
2026-06-06,0.5443232772282401,0.0698587060461702,0,prime
2026-06-06,0.2148055791931332,0.8100222065185447,1,prime
2026-06-06,0.3178743478892732,0.21690654407776644,0,subprime
2026-06-06,-0.8279188199622092,0.7496695537786251,0,prime
2026-06-06,0.6102194140811437,0.3147397791085541,0,prime
2026-06-06,-0.7449710591634655,0.42836146222736576,1,subprime
2026-06-06,-0.0742438297260373,0.3802404209504347,1,prime
2026-06-06,0.4316321814822545,0.29346221937757977,0,prime
2026-06-06,0.7682772068300237,0.6499820563291344,1,subprime
2026-06-06,-0.6349284143750518,0.5578190373048679,0,prime
2026-06-06,-0.056101053952498314,0.0,0,prime
2026-06-06,-0.6314962717662063,0.4983090136873123,0,prime
2026-06-06,2.339907996609637,0.13203702920876778,0,prime
2026-06-06,1.185919470999216,0.7971310573495972,1,subprime
2026-06-06,0.5535938696974845,0.1040056062020587,0,prime
2026-06-06,-0.33899822206686153,0.43998505083745176,0,prime
2026-06-06,-0.07322776950102106,0.7259641369513571,1,prime
2026-06-06,1.7006076284081793,0.0,0,prime
2026-06-06,1.6478173525242177,0.44189820382186884,0,prime
2026-06-06,0.5254215446095273,0.0,0,prime
2026-06-06,0.7568238626595252,0.43798889265731417,0,subprime
2026-06-06,0.46489360752108627,0.2422997165421456,1,prime
2026-06-06,1.0635262400626935,0.3441147134731646,0,subprime
2026-06-06,0.8196662121196265,0.3141586178410018,0,prime
2026-06-06,-0.5456598802010575,0.21871704457445962,0,prime
2026-06-06,-1.3807712777901497,0.32165588894887825,0,subprime
2026-06-06,0.11232021157429052,1.0,1,prime
2026-06-06,0.18177034319710178,0.4909416866987202,1,prime
2026-06-06,0.5795514365573278,0.687494290907853,1,prime
2026-06-06,0.19538619351101577,0.6191720153194952,1,subprime
2026-06-06,1.1919864247416425,0.9927631367669575,1,prime
2026-06-06,1.1525456663327598,0.5582988620376446,1,subprime
2026-06-06,1.2513443544730143,0.2639809250948631,0,prime
2026-06-06,0.24477815704523367,0.9854758458207495,1,prime
2026-06-06,-1.0862719921999444,0.3496756254843661,0,prime
2026-06-06,-0.6354737621967486,0.4061547585970275,0,prime
2026-06-06,-1.015188415920956,0.0,0,prime
2026-06-06,0.168372812735458,0.9393741643606011,1,prime
2026-06-06,-0.9224886208759253,0.43376239637207625,0,prime
2026-06-06,-0.135783831261938,0.767848020887943,0,subprime
2026-06-06,-0.05919601286848389,0.17883785113434592,0,prime
2026-06-06,0.11749399912578631,0.0,0,subprime
2026-06-06,1.5705151263251151,0.455834600354957,0,prime
2026-06-06,-0.11706687435379504,1.0,1,subprime
2026-06-06,0.700052811124463,0.673065007609286,1,subprime
2026-06-06,1.2980758177648066,0.7953818736529771,0,prime
2026-06-06,-0.2859521319018917,0.5060534554537703,0,subprime
2026-06-06,1.7736109094895764,0.1042958930750029,0,prime
2026-06-06,0.7778365373843055,0.9404833332624568,1,subprime
2026-06-06,0.3708775033563163,0.37852135839830003,0,subprime
2026-06-06,0.10146799889080367,0.7427743390941277,1,prime
2026-06-06,1.5972311467943445,0.8785742733329235,1,prime
2026-06-06,-3.8187378776240637,0.8243142968335896,1,prime
2026-06-06,0.3535110303225547,1.0,1,subprime
2026-06-06,0.9014585210847561,0.5772368220710462,0,subprime
2026-06-06,0.6512792735938888,0.0,0,prime
2026-06-06,-0.4216730293536997,0.6643298784321043,0,prime
2026-06-06,0.12916790222193208,0.1763063476026214,0,prime
2026-06-06,1.6223092157665533,0.6759493303310858,1,subprime
2026-06-06,1.6322769060810967,0.7877697865397486,0,prime
2026-06-06,0.9148808315973525,0.5022433866945188,1,prime
2026-06-06,-0.07685310800448314,0.9776621335332174,1,subprime
2026-06-06,0.9739497338456156,0.776961678662298,1,prime
2026-06-06,0.7292822613480534,0.16787550283693428,0,prime
2026-06-06,0.5016891847115843,0.4816981219238422,1,prime
2026-06-06,-0.028092658244142837,1.0,1,subprime
2026-06-06,0.8977831023683955,0.6097157528171321,1,prime
2026-06-06,2.330656115330958,0.5184935549238828,0,prime
2026-06-06,0.9111144419522308,0.4475829452177391,1,prime
2026-06-06,1.2312201290204712,0.4331172997538739,1,prime
2026-06-06,1.3661572652087401,0.3327841648158361,0,prime
2026-06-06,0.03985278528158674,0.6345573203811529,1,subprime
2026-06-06,-0.933084936868944,0.45853513937075874,0,prime
2026-06-06,-0.3984361947669884,0.7393244993647614,1,prime
2026-06-06,-1.4567032884537334,0.37495009262344936,0,prime
2026-06-06,-1.2396850161264052,0.8627373481132646,1,prime
2026-06-06,0.35944380942161475,0.18568023998093589,0,prime
2026-06-06,0.2140664841943304,0.5462340475386488,0,subprime
2026-06-06,1.2058843359587645,0.4617443800527851,1,prime
2026-06-06,2.3681024672614153,0.519721260091238,0,prime
2026-06-06,0.7272025940778086,1.0,1,subprime
2026-06-06,1.960049789475528,0.5433407466647311,0,prime
2026-06-06,-1.214791587261265,0.7219412947721257,1,prime
2026-06-06,1.7855855684044901,0.171583080466015,0,prime
2026-06-07,0.22076532091605972,0.4987262960679806,0,prime
2026-06-07,-1.4906926652395858,0.8144809077390806,0,subprime
2026-06-07,-0.8330760213782,0.43862750563666597,0,prime
2026-06-07,1.139604647001147,0.0,0,prime
2026-06-07,-1.3409962884161872,0.001608842618896822,1,prime
2026-06-07,-0.46801971189236646,0.3271630792158403,0,subprime
2026-06-07,-0.6162089106913172,0.5521943461482717,1,prime
2026-06-07,-0.7077360363104377,0.4706807060567989,0,prime
2026-06-07,0.5466347813122029,0.23241617468549874,0,prime
2026-06-07,0.5039962378569371,0.16290746639359627,0,subprime
2026-06-07,-0.9455701568013953,0.3282202380975851,1,subprime
2026-06-07,-1.1435497942738764,0.9147745122857018,1,prime
2026-06-07,1.7034211696446782,0.34082346833256794,1,prime
2026-06-07,-0.4595223634920629,0.41140996958828707,0,prime
2026-06-07,1.0688633070878062,1.0,1,prime
2026-06-07,0.46535152637316424,0.0,0,prime
2026-06-07,0.47848322904160867,0.6348949856930438,0,prime
2026-06-07,-0.5950240280473562,1.0,1,prime
2026-06-07,0.792515024521007,0.3530180628780854,0,prime
2026-06-07,0.5555717855631341,0.4502645442774386,0,prime
2026-06-07,-0.8337956493353385,0.3765286198703514,0,prime
2026-06-07,-1.6900346349873316,0.8324300547192349,1,prime
2026-06-07,0.6047537592294262,0.7418263209899228,1,prime
2026-06-07,-0.8379702069442061,0.7404837182568584,1,subprime
2026-06-07,1.4372000973948824,0.1433712769264631,0,prime
2026-06-07,0.619269711284856,0.535055180970073,1,prime
2026-06-07,0.2382635931473983,1.0,1,prime
2026-06-07,0.5976293774034697,0.8439120228410659,1,subprime
2026-06-07,0.33922543581365117,0.4923391551361104,1,prime
2026-06-07,0.1777148861698365,0.3920472757056015,0,subprime
2026-06-07,0.9679109616111148,0.16972160220253274,1,prime
2026-06-07,-0.4087833779449773,0.5681072096489324,0,subprime
2026-06-07,0.06710860326116946,0.2877847591710829,1,subprime
2026-06-07,0.9994888628090921,0.5691582836810406,0,prime
2026-06-07,0.5944312729151373,0.8390955269454913,1,prime
2026-06-07,0.21005146846396627,0.7677777753681561,0,prime
2026-06-07,0.6227587928947461,1.0,1,prime
2026-06-07,-0.30171691617412544,0.8490329690017584,1,prime
2026-06-07,0.25900202564778896,0.7343405605432712,1,subprime
2026-06-07,-0.9284062218950949,0.7351491948442797,0,prime
2026-06-07,0.8046966609111765,0.45660290407895104,1,prime
2026-06-07,2.446799788169648,0.5911330627311047,0,prime
2026-06-07,-0.1868231359946156,0.3455033388624842,0,prime
2026-06-07,-1.3756854436081987,0.4999163553036673,1,subprime
2026-06-07,1.4173197955956804,0.45075036527925616,0,prime
2026-06-07,-0.07626941622318464,0.6158149112858687,1,prime
2026-06-07,1.6624319876053406,0.7847437398448597,1,prime
2026-06-07,-0.19869796272716442,0.6598371120677836,1,prime
2026-06-07,0.07978248950444689,0.0,0,subprime
2026-06-07,-1.8070895308670274,0.7512466953807142,1,subprime
2026-06-07,-0.20434196533133595,1.0,0,subprime
2026-06-07,0.12916097166922041,0.7654148388734341,1,subprime
2026-06-07,-0.8067562197473117,0.8377719895809853,1,prime
2026-06-07,0.4263192108662177,0.08077789326260909,0,prime
2026-06-07,-0.6970011597459066,0.2819830402368197,0,subprime
2026-06-07,0.7046546209725936,0.21579805652966735,0,prime
2026-06-07,0.33623583192375595,0.9440692498281054,1,subprime
2026-06-07,0.880481195865498,0.8391859541874515,1,prime
2026-06-07,-1.0514311517556865,0.6655158574799798,0,prime
2026-06-07,0.8040939657818774,0.5742751880134889,1,prime
2026-06-07,0.22019926760159259,0.519716313633817,0,subprime
2026-06-07,0.06467529896517393,0.5535300272887411,0,subprime
2026-06-07,1.4634897742318334,0.913025776399147,1,prime
2026-06-07,0.3804156232900317,0.8039352634191779,1,prime
2026-06-07,0.9368857784692123,0.6747077361582768,1,prime
2026-06-07,-1.4863439132382406,0.6631260445540257,0,prime
2026-06-07,1.4422865804722784,0.7398390499773916,1,prime
2026-06-07,1.5240791090576042,0.37000341893599026,0,prime
2026-06-07,-0.4091374988805998,0.7553535479721801,0,prime
2026-06-07,1.333483696016064,0.9220983769905147,1,prime
2026-06-07,0.9562817325117351,0.23350705107408692,0,prime
2026-06-07,2.06135237874538,1.0,1,prime
2026-06-07,-0.48153344683822663,0.12900137795899982,0,subprime
2026-06-07,0.08862089479944638,1.0,1,prime
2026-06-07,-0.6436010474442486,0.8750363307670752,1,prime
2026-06-07,1.8418434816952185,0.0,0,subprime
2026-06-07,0.07946242102781767,0.7981896948919837,1,subprime
2026-06-07,-0.5760547741864401,0.6362903870510609,1,prime
2026-06-07,-1.513625124183745,0.7895800573303979,0,prime
2026-06-07,-1.1542491574137006,0.3894203186551266,1,prime
2026-06-07,0.7406019076460761,1.0,1,subprime
2026-06-07,1.16953893749416,0.7507436779069828,1,subprime
2026-06-07,-0.21663326465556068,0.9244499355027704,1,prime
2026-06-07,0.09577241461613878,0.721831702960345,0,prime
2026-06-07,-0.29438227132648487,0.6729474716718035,1,prime
2026-06-07,1.3378547855875713,0.568822285663894,1,prime
2026-06-07,-0.4060945757580601,0.2561913615790198,0,prime
2026-06-07,-1.5840902115756825,0.4952488069419658,0,prime
2026-06-07,-1.9823561116271677,0.5830091569501789,0,prime
2026-06-07,0.38117765204070286,0.7716828446068991,1,prime
2026-06-07,0.6822943592381099,0.27476156412306796,0,prime
2026-06-07,-0.14996195324623765,0.032900630263570596,0,prime
2026-06-07,0.7745598243951703,1.0,1,prime
2026-06-07,0.1954744263590909,0.7337195908612748,1,subprime
2026-06-07,1.5459318706496854,0.58748382787935,1,subprime
2026-06-07,-1.522967060734127,0.24340732238744353,0,prime
2026-06-07,1.840774822563747,0.9523344654374617,1,subprime
2026-06-07,-1.6753818429152327,0.4734593549327679,0,prime
2026-06-07,-0.7716420185810562,0.5309057447223103,0,subprime
2026-06-07,1.0916349119048476,0.6306721150900216,1,prime
2026-06-07,-0.8989650040437019,0.0,0,prime
2026-06-07,-0.5639644821834977,0.32004941811258275,0,prime
2026-06-07,-1.2535748055326734,0.3644387212455225,1,prime
2026-06-07,1.258948221050332,0.0,0,subprime
2026-06-07,-0.4399470537962402,1.0,1,subprime
2026-06-07,1.0585259576096027,0.804895884395495,1,prime
2026-06-07,-0.22858753281559083,0.7655523276880076,1,prime
2026-06-07,-1.0254805475169855,0.9867974836416344,1,prime
2026-06-07,-0.1480346926051638,0.8354929994319006,0,prime
2026-06-07,1.5655122116316185,0.12790374437595162,0,prime
2026-06-07,1.3567984438396732,0.7401803805239227,0,subprime
2026-06-07,1.4194028932455323,0.7693647090677861,1,prime
2026-06-07,-0.9374017234765945,0.5832889863973114,1,prime
2026-06-07,-0.21021429051637655,0.8687260813407758,1,prime
2026-06-07,-0.8003037733288809,0.3983418078657712,0,prime
2026-06-07,-1.3637997194142888,0.9879861794730767,1,prime
2026-06-07,0.9238668136462647,0.6650038352542729,0,subprime
2026-06-07,-0.060651392573230906,0.17876736083337819,1,subprime
2026-06-07,-0.5331365398854772,0.06883519007166713,0,prime
2026-06-07,0.3077735094913904,1.0,1,subprime
2026-06-07,1.6000710770201778,1.0,1,prime
2026-06-07,0.03154749921711113,0.759736975343196,1,prime
2026-06-07,1.1685888012857282,0.2853880711538708,1,prime
2026-06-07,-0.9669280879136185,0.2758533428096904,0,prime
2026-06-07,2.9329600458684517,1.0,1,subprime
2026-06-07,0.3369452632655744,0.4764611939887503,1,prime
2026-06-07,0.48514771595978967,0.36394415103241756,1,prime
2026-06-07,0.8030547236845271,0.9049208403555211,1,subprime
2026-06-07,-0.5174958715272436,1.0,1,prime
2026-06-07,-0.7607972370360796,0.45885795998896783,1,prime
2026-06-07,-0.7265999240792889,0.0,0,subprime
2026-06-07,0.667534026751978,0.7818420927819122,0,prime
2026-06-07,-0.8345123135674514,0.4491420417764789,0,prime
2026-06-07,-1.7010500488023503,0.10429928025854682,0,subprime
2026-06-07,1.619632790952832,0.8233106616173222,0,prime
2026-06-07,1.4665095811986182,0.30711650352161,0,prime
2026-06-07,-1.1640234146616397,0.4019161171179796,0,prime
2026-06-07,0.9460275909161182,0.0,0,prime
2026-06-07,0.2983990001460424,1.0,1,prime
2026-06-07,0.021202530233024805,0.7120163682493299,1,subprime
2026-06-07,0.7416858549259004,0.0,0,prime
2026-06-07,0.5771735046445797,0.0,0,subprime
2026-06-07,0.2917645006786877,0.9729406855159237,1,prime
2026-06-07,0.6647019426280595,0.2044539059937137,0,prime
2026-06-07,0.6602220059104973,0.7817280465807899,1,prime
2026-06-07,-0.3177530565799146,0.7363965949190091,1,subprime
2026-06-07,-0.027804521926655057,0.6865228734509146,1,prime
2026-06-07,0.3702613322703454,0.6317709929719049,1,prime
2026-06-07,0.5317700617745377,0.8958138111606991,0,prime
2026-06-07,0.050596047561151325,0.7957712992021808,1,subprime
2026-06-07,0.5460405888844416,1.0,1,prime
2026-06-07,1.1565378813907343,0.4462814724558053,1,prime
2026-06-07,-1.0579612602165511,0.46413967510123955,1,subprime
2026-06-07,-1.1507309425234764,0.40301727459147973,1,prime
2026-06-07,-1.9057140392872505,1.0,1,subprime
2026-06-07,-0.12930834482025935,0.6697662492386747,1,prime
2026-06-07,-0.4874641564773242,1.0,1,subprime
2026-06-07,0.01344768261955985,0.9647596677845103,1,subprime
2026-06-07,0.6722835554815856,1.0,1,subprime
2026-06-07,-0.5191669160193692,0.7384393358179346,1,prime
2026-06-07,-0.5866398266286462,0.13746565858823903,0,subprime
2026-06-07,1.0409790248490205,0.49103500221214114,0,prime
2026-06-07,-0.6080209515590234,0.8340774239322615,1,prime
2026-06-07,0.4486713383533325,0.377571514765062,0,prime
2026-06-07,-0.3155284409153508,0.9234378360650718,1,prime
2026-06-07,0.1633252135361102,0.4424267460334216,0,prime
2026-06-07,0.20646378990987715,0.5463676420866426,0,prime
2026-06-07,0.11217455065792234,0.7134371148558853,1,subprime
2026-06-07,-1.1591788564941097,0.5037271530402878,0,subprime
2026-06-07,0.516988066717002,0.3346419241651987,1,prime
2026-06-07,-0.08300712151064757,0.019494654571959147,0,prime
2026-06-07,-1.0638908789064072,0.15089356387084873,0,prime
2026-06-07,2.000122878411455,1.0,1,prime
2026-06-07,-0.1622629233851293,0.3911950360864308,0,prime
2026-06-07,-1.219149245356915,0.7517256926610476,1,subprime
2026-06-07,1.8461488834310267,0.16680659660803365,1,prime
2026-06-07,0.5573254729038598,0.28870526706646465,0,prime
2026-06-07,0.5950964464076667,0.7054453020798908,0,prime
2026-06-07,0.7656600365175535,0.22987595321513027,0,prime
2026-06-07,-0.8104345742284087,0.8158347443792088,1,subprime
2026-06-07,-2.581452943416084,0.3716330343771863,0,prime
2026-06-07,0.5697667234471557,1.0,1,prime
2026-06-07,-1.7146468280540683,0.0,0,prime
2026-06-07,-1.3985965961508773,0.0,0,subprime
2026-06-07,1.3655110305005205,0.26808038118022615,0,prime
2026-06-07,1.3712644506531408,0.5566889906689957,0,prime
2026-06-07,0.19337474865820073,0.16436772306676628,1,prime
2026-06-07,-0.9083379148129797,0.3929581238544061,0,prime
2026-06-07,-0.25407091285281425,0.5644420298761922,1,prime
2026-06-07,0.8622446652533612,0.4601240008679295,0,subprime
2026-06-07,-0.33041642674695293,0.7457259237622142,0,subprime
2026-06-07,-0.40629265191229735,0.38558456324446977,1,prime
2026-06-07,-0.6165110776693229,1.0,1,subprime
2026-06-07,0.11486595729428661,0.4145475002488612,0,prime
2026-06-07,-0.7612995447363388,0.4961704526184557,1,subprime
2026-06-07,0.7166574311726828,0.7030971874576097,1,prime
2026-06-07,1.2422484669050025,0.42028197138479195,0,prime
2026-06-07,0.866188846437694,0.0,1,subprime
2026-06-07,1.3802545646154456,0.21211797924496534,0,subprime
2026-06-07,0.5241636275768434,0.6972518282379843,0,prime
2026-06-07,0.18538110636231733,0.639894263493182,1,prime
2026-06-07,-1.1657595861767969,0.8525256966284385,1,subprime
2026-06-07,1.6057843029934538,0.6772640690207724,1,prime
2026-06-07,0.03492929284800532,0.1273462663603052,0,subprime
2026-06-07,-1.4198341330005377,0.3522745293347673,0,prime
2026-06-07,0.7170243899134655,0.25618019654251073,0,prime
2026-06-07,-0.6606402072868433,0.5079995947925184,0,prime
2026-06-07,0.7381902558045984,0.0,0,prime
2026-06-07,1.1249844475255593,0.06481155576726969,0,subprime
2026-06-07,0.4548431355663619,0.21336095757017542,0,subprime
2026-06-07,-1.4033042580246466,0.7022609066370988,0,prime
2026-06-07,-0.6161156533113885,0.49898567562044105,0,prime
2026-06-07,1.21582416303369,0.23024363689905197,1,subprime
2026-06-07,-0.16624475506695416,0.621748138568517,0,prime
2026-06-07,0.6303863649050078,1.0,1,prime
2026-06-07,-0.781070531181505,0.6880173548650432,1,prime
2026-06-07,-1.0695090063803174,0.31604351763606436,1,subprime
2026-06-07,-0.41089356646795483,1.0,1,prime
2026-06-07,1.1004276601052745,0.6313313344379267,1,subprime
2026-06-07,1.908568253919632,0.22174525193559175,0,prime
2026-06-07,-0.6322835301908006,0.40404619675507647,0,prime
2026-06-07,0.0784645385285204,0.45474016153790775,0,prime
2026-06-07,0.2343075983502897,0.5853904425004006,0,prime
2026-06-07,-0.1308807746025629,0.5557595907144874,0,subprime
2026-06-07,-0.1500635987715719,0.0,0,prime
2026-06-07,0.24528985264439898,0.45872760649581595,0,prime
2026-06-07,-0.46619038791272904,0.8581461595856508,1,prime
2026-06-07,-1.1346141146019477,0.545357281348801,1,prime
2026-06-07,-1.733389410976068,0.2060941955684607,0,subprime
2026-06-07,-1.6782048711488249,0.34524763656199153,0,subprime
2026-06-07,-0.6594340771939722,0.4310152967882228,1,subprime
2026-06-07,0.6016843215002894,0.030942075828092164,1,prime
2026-06-07,-0.8079731369798472,0.0,0,prime
2026-06-07,-0.9153433574809277,0.0939021918663161,0,prime
2026-06-07,1.2830954003156703,1.0,1,prime
2026-06-07,-0.868496367197492,1.0,1,subprime
2026-06-07,1.3470288798856875,0.33180755701721815,0,prime
2026-06-07,0.5998832440549476,1.0,1,prime
2026-06-07,-1.1724708291568262,0.5903372607212584,1,prime
2026-06-07,0.8404682580819488,0.7855266462011732,1,prime
2026-06-07,0.1712217853253082,0.28734094309788993,1,prime
2026-06-07,2.075214575224007,0.43953810901214685,1,prime
2026-06-07,0.9802351594574984,0.68681598101264,1,prime
2026-06-07,1.6512010589793256,0.18257161194577765,0,prime
2026-06-07,-1.0422468377913767,0.1776685528593467,0,prime
2026-06-07,-1.2766822395963253,1.0,1,prime
2026-06-07,-0.6148279603627301,0.5407997351464751,0,prime
2026-06-07,-0.44201672955504434,0.20229624770766486,0,subprime
2026-06-07,-1.5928202301029244,0.19084221488408648,0,subprime
2026-06-07,0.8754108975632732,0.0,1,prime
2026-06-07,-0.06944325587034497,0.23137248351555023,0,prime
2026-06-07,0.8137057005486055,0.0,0,subprime
2026-06-07,-1.5308759459207986,0.9174710563673302,1,prime
2026-06-07,0.05772964932641132,1.0,1,prime
2026-06-07,0.6809847869596259,0.9498454891579627,0,prime
2026-06-07,1.470462075633743,0.0,0,prime
2026-06-07,-0.7401973757583116,0.0,0,prime
2026-06-07,0.17345994898335393,0.5302627409568235,0,subprime
2026-06-07,1.1660468391559713,0.9164751827318756,1,prime
2026-06-07,-0.1042242516859879,0.6151643801775291,0,prime
2026-06-07,0.3955559624636129,0.31766995183701713,1,subprime
2026-06-07,-2.4621604702772366,0.0,0,prime
2026-06-07,0.2165422314405116,0.746193601884491,1,prime
2026-06-07,1.9654589651018513,0.27711811674459014,0,prime
2026-06-07,1.3254757802070658,0.1633161390815021,1,prime
2026-06-07,2.09780752509813,0.0,0,subprime
2026-06-07,0.963951690724442,0.25550575722588476,0,prime
2026-06-07,-0.40873736572392616,0.39268780378296586,0,prime
2026-06-07,0.14971020717099137,0.627966090257549,1,subprime
2026-06-07,1.6344022869308357,0.47813127872511285,0,prime
2026-06-07,1.7227795645923836,1.0,1,prime
2026-06-07,-1.8877608006007658,0.0,0,subprime
2026-06-07,0.8984970735958443,0.2839738386104003,0,subprime
2026-06-07,-0.1547038414073371,0.3047841010261339,1,prime
2026-06-07,-0.2574140455241921,0.7712217469830636,1,prime
2026-06-07,0.20409828943453176,0.659240861055637,1,subprime
2026-06-07,-0.15747366707925584,0.24253221737725406,0,prime
2026-06-07,-1.0891761073933743,0.3007225989867808,0,prime
2026-06-07,0.20870975928134167,0.5651226177867459,1,prime
2026-06-07,-0.6296220771092949,0.6734252845249379,0,subprime
2026-06-07,-0.7812293285715757,0.49899265537290954,0,prime
2026-06-07,1.2343980365146945,0.578499730197708,1,prime
2026-06-07,1.162401272838629,0.5583509622206653,0,prime
2026-06-07,0.1023601122957146,0.584085332905919,0,prime
2026-06-07,2.17748526382782,0.715859434815658,1,prime
2026-06-07,0.7544004488205258,0.634755071685588,1,prime
2026-06-07,1.0017800276271613,1.0,1,prime
2026-06-07,1.7464809705670732,0.4096016314589474,0,prime
2026-06-07,-0.6580908316131134,0.06285924943671561,0,prime
2026-06-07,0.6680395456308661,0.05867748829490904,0,subprime
2026-06-07,-0.29295877939317894,0.6573499834067328,1,prime
2026-06-07,2.67786531502598,0.9062148110590577,0,prime
2026-06-07,0.8304326486280383,1.0,1,subprime
2026-06-07,-0.3728763737223687,0.0,0,prime
2026-06-07,1.113576799392243,0.7799368459704796,0,subprime
2026-06-07,-1.0440377432650079,0.20186385342248864,0,prime
2026-06-07,-0.9733217407486877,0.12870892625697075,0,subprime
2026-06-07,-1.3879411620794941,0.46762124771863467,1,subprime
2026-06-07,1.2026825683999423,0.8990867472020381,1,subprime
2026-06-07,-0.1055456385824132,0.0,0,prime
2026-06-07,0.2229529948685098,0.0,0,subprime
2026-06-07,0.4955622975565023,0.9901587178298998,1,prime
2026-06-07,1.898253422244625,0.600410090970995,1,subprime
2026-06-07,-0.9279001965302202,0.25531360535308506,0,subprime
2026-06-07,-1.426359519822806,0.3961539265954707,1,prime
2026-06-07,-0.7631948700795252,0.6739568977679012,1,prime
2026-06-07,1.4033897793735803,1.0,1,prime
2026-06-07,-0.2324763477146148,0.905456649253858,1,prime
2026-06-07,0.1037402403904876,0.6042112171901498,1,subprime
2026-06-07,-0.7479813712003692,0.0,0,prime
2026-06-07,-1.4255498541886213,0.0,0,prime
2026-06-07,-0.6938977661307258,0.8573281375901641,1,subprime
2026-06-07,1.2372240691133582,0.9892955931840008,1,prime
2026-06-07,1.9710450742415488,0.42912353795471514,1,prime
2026-06-07,0.9208400412331346,0.30834227637165995,0,prime
2026-06-07,0.6492275195200838,0.06474499545728002,0,prime
2026-06-07,1.0694905412872822,0.9125819380450314,1,prime
2026-06-07,0.11129037284770377,1.0,1,prime
2026-06-07,0.2090950384813734,1.0,1,prime
2026-06-07,0.10314882186195407,0.40163000337427823,1,prime
2026-06-07,0.6615881682903084,0.4690069681044533,1,prime
2026-06-07,0.774977807265474,0.27811306445097755,0,prime
2026-06-07,0.6419053478985839,0.7379534461651776,0,prime
2026-06-07,1.272082090677642,0.4733906183545544,0,prime
2026-06-07,1.3658586905817232,0.6090589929759556,1,subprime
2026-06-07,-0.12499737900346261,0.3710237355117167,0,prime
2026-06-07,-1.8089701672359562,0.3624483938017279,0,prime
2026-06-07,0.6904992085097162,0.5433264962839588,0,subprime
2026-06-07,-0.8791710762278045,0.556738020982705,1,prime
2026-06-07,0.20992086361279522,0.09161357337895237,0,prime
2026-06-07,0.03946742462580992,0.47227936961397865,0,prime
2026-06-07,-0.6585122736692586,0.4759123661051685,1,prime
2026-06-07,0.42152336864415263,0.7198246632291594,1,prime
2026-06-07,1.521046728544955,0.6862419278815202,1,prime
2026-06-07,0.17298736301607578,0.462181831593417,0,prime
2026-06-07,0.44392961167442413,0.9191339831914671,1,prime
2026-06-07,0.070956941468915,0.3171414956164574,1,subprime
2026-06-07,1.1607190976904829,0.0769819876717977,0,subprime
2026-06-07,-0.18287434907163266,0.19460653549658252,0,prime
2026-06-07,0.6111320353579407,0.0,0,prime
2026-06-07,1.2711222884949207,0.26446202914488337,0,prime
2026-06-07,-0.6159448956897192,0.0,0,subprime
2026-06-07,2.635861417018573,0.5850102682354971,0,prime
2026-06-07,0.11729244546816754,0.5630699298735593,0,prime
2026-06-07,-1.0594024172718115,0.41062759600502907,0,prime
2026-06-07,1.1113847018259926,0.45066799332656404,1,prime
2026-06-07,-0.2543279770660669,0.5908099515721482,1,prime
2026-06-07,0.02580772386289658,0.10744276556221194,0,prime
2026-06-07,-1.1645540028470247,0.41926328788928297,0,prime
2026-06-07,0.07238139975088256,0.22588433271530578,0,subprime
2026-06-07,-0.44992922318674544,0.5410281442020827,1,prime
2026-06-07,0.7490804252734242,0.05956920054075748,0,subprime
2026-06-07,0.4765748086353624,0.4669555842535459,0,prime
2026-06-07,0.5055986373590111,0.5198345403342206,0,subprime
2026-06-07,1.3566901335458024,0.1662435319588903,1,subprime
2026-06-07,0.5737592379165107,0.1916957080461421,1,prime
2026-06-07,-0.7850651670294809,0.7034250954740326,1,prime
2026-06-07,1.921273741100908,0.5617370268378876,1,prime
2026-06-07,0.822270333201836,0.7199312364850501,1,subprime
2026-06-07,0.971189914289241,0.19493837382707493,0,prime
2026-06-07,-0.6421214878462576,0.22562428370794896,0,prime
2026-06-07,0.02783497698374672,0.7768524042148882,1,subprime
2026-06-07,0.6276091254032472,0.35607841354965114,0,subprime
2026-06-07,0.5278607810956859,0.36285870445187746,1,prime
2026-06-07,-0.19470091418585242,0.49525736456038083,1,prime
2026-06-07,-1.1043947951751931,1.0,1,prime
2026-06-07,0.40739044164385907,0.6291800604032686,1,subprime
2026-06-07,1.8459562838790797,0.5359550208013912,0,prime
2026-06-07,0.5801442520931464,0.5432441785484003,1,prime
2026-06-07,1.013179786678143,0.9118678146245325,1,subprime
2026-06-07,0.2075894910748407,0.6866439196308467,1,prime
2026-06-07,1.1508890749622018,0.5828983572503336,1,subprime
2026-06-07,0.039899100844636076,0.7093291263255243,1,prime
2026-06-07,1.609937377786291,0.23242113271457565,0,prime
2026-06-07,-1.9052615511259199,0.5830008374135316,1,subprime
2026-06-07,-0.038088365105272665,0.6581105119911761,0,prime
2026-06-07,1.5063281947306946,0.36548414698181325,0,prime
2026-06-07,0.5013446809999391,0.5537051061147517,0,subprime
2026-06-07,-0.21559093435317986,0.8924569104752114,1,prime
2026-06-07,0.9785964315560001,0.8913471518046872,1,prime
2026-06-07,-1.1132256765802346,0.36097005066841975,1,prime
2026-06-07,0.1237994097770821,0.7685727785349099,1,subprime
2026-06-07,1.1641956174757204,0.3410512462302016,0,prime
2026-06-07,-0.17729387133274713,0.7296207287693265,1,prime
2026-06-07,1.665194416453812,0.2367126479854168,0,prime
2026-06-07,0.32048908331736425,0.6607741811364176,0,subprime
2026-06-07,-0.09047904172133459,0.9715946789901653,1,prime
2026-06-07,2.3239792547421616,0.6224183550501682,1,prime
2026-06-07,2.2359226245244703,0.539861016378238,0,prime
2026-06-07,0.5891310890128864,0.9404152669597546,1,subprime
2026-06-07,0.19101993260028244,0.0,0,subprime
2026-06-07,0.6045444911936909,0.6305168876758088,1,prime
2026-06-07,1.0266834615923925,0.0,0,subprime
2026-06-07,-0.3855575003395514,0.82802102846391,1,prime
2026-06-07,-1.0746491269927045,1.0,1,prime
2026-06-07,-0.8011444904147572,0.5885684149116162,1,subprime
2026-06-07,1.2828789046820108,0.4309305589465261,0,prime
2026-06-07,-0.9371745042026088,0.011626192337333308,0,prime
2026-06-07,0.020060003041842578,0.017870924604850513,1,prime
2026-06-07,-1.789643760199855,0.5750288947930924,1,prime
2026-06-08,-0.6102336329207938,0.802609409338988,1,prime
2026-06-08,0.12310044931935887,0.9533077924983782,1,prime
2026-06-08,-1.842392303976283,0.8267638903406737,0,prime
2026-06-08,1.0509173514484844,0.37272930737613674,0,prime
2026-06-08,1.8707225680190689,0.28091379416652623,0,prime
2026-06-08,0.33022931729023175,0.4216064135829255,0,prime
2026-06-08,-0.41769723967259514,1.0,1,prime
2026-06-08,0.607477765099141,0.1332695279377442,0,prime
2026-06-08,-1.2271108593279645,0.3337856682771981,0,prime
2026-06-08,-0.01319189322521136,0.31825910568007,0,prime
2026-06-08,-0.9468369277622717,1.0,1,prime
2026-06-08,0.9752830242915316,0.540310866144156,0,prime
2026-06-08,1.814901042967268,0.40799803546151703,0,prime
2026-06-08,-0.8975106534644837,0.3458799450553889,0,subprime
2026-06-08,-0.6789823817534517,0.48218303159673515,1,prime
2026-06-08,-1.0806034675019516,0.2267203940889716,1,prime
2026-06-08,0.49554067821099035,0.21329397191260752,0,prime
2026-06-08,-0.8744896957467863,0.5191260242232315,1,prime
2026-06-08,0.8960086479062599,0.5128195290833477,1,prime
2026-06-08,0.2226630200202527,0.2123479521756066,0,subprime
2026-06-08,-1.1401447732999357,0.9038353211100193,1,prime
2026-06-08,1.0257030014771378,0.1302118205696881,0,prime
2026-06-08,-0.8511901708014513,0.14613985486632852,1,prime
2026-06-08,-0.03795064137114332,0.5685996501987053,1,prime
2026-06-08,-1.0206326614485246,0.3419028739548421,0,prime
2026-06-08,0.023446139071350736,0.3739653474351606,0,subprime
2026-06-08,-0.07099102002934707,0.658011970382006,1,prime
2026-06-08,0.728936362706913,0.046180334098581854,0,subprime
2026-06-08,0.21325294535483996,0.5132988455433696,1,subprime
2026-06-08,-0.43292190576417927,0.3583346552709189,0,prime
2026-06-08,-0.9353152211519171,0.3071749480464134,1,subprime
2026-06-08,-0.9139756062454958,0.4494871798668758,1,prime
2026-06-08,0.24551086711588427,0.0,0,subprime
2026-06-08,0.060004205642263636,0.40648123783603163,0,prime
2026-06-08,0.05127717129589675,0.5228851053244815,1,subprime
2026-06-08,0.96831018945995,0.27453805433203177,0,prime
2026-06-08,0.3610527393987857,0.0,0,prime
2026-06-08,-2.1234620086852782,0.48010360235398847,1,prime
2026-06-08,-0.8911504067076588,0.5013394252994796,0,subprime
2026-06-08,0.9901537654067942,0.8435199641555093,0,prime
2026-06-08,-0.6194775753823072,0.9360451240415649,1,prime
2026-06-08,-0.20990182458279405,0.9180608334500181,0,subprime
2026-06-08,1.9710833069379365,0.0,0,prime
2026-06-08,0.08044312649765253,0.15335591222145173,0,subprime
2026-06-08,0.5912067839837405,0.4546410285425274,0,prime
2026-06-08,-0.031814177038156866,0.35139396856109434,0,subprime
2026-06-08,0.01085120617753682,0.0,0,prime
2026-06-08,0.1940156341939201,0.7447584136503844,1,prime
2026-06-08,-0.20340266642197402,0.01357858179326471,0,subprime
2026-06-08,-1.2537714392760362,0.7715474513027849,1,subprime
2026-06-08,0.2292209866771184,1.0,1,prime
2026-06-08,-0.6317955812047031,0.5180384091878646,1,subprime
2026-06-08,0.2564562099051552,0.7973770814723966,1,prime
2026-06-08,0.15394125125945607,0.31603605383157174,0,prime
2026-06-08,-0.35061054500438976,0.09858261047993064,0,prime
2026-06-08,-1.6108531997504367,0.12640083328081264,0,prime
2026-06-08,-0.9241094392414988,1.0,1,subprime
2026-06-08,0.8361001609767329,0.20220407775599547,0,subprime
2026-06-08,1.3166669088094616,0.8727773509099324,1,prime
2026-06-08,1.0576475599840327,0.15429651700970715,1,prime
2026-06-08,0.5075314637976591,0.6326170601283767,1,prime
2026-06-08,-0.9759139749313142,0.9221148402626367,0,subprime
2026-06-08,0.36993389867017573,0.14818083447503466,0,prime
2026-06-08,0.2061470212004713,0.36663357033980526,0,subprime
2026-06-08,-0.3498833032683906,0.18800963196007675,1,subprime
2026-06-08,-0.5103058880030196,0.13695314097700398,0,subprime
2026-06-08,1.0304095730975051,0.0027647945489860937,0,prime
2026-06-08,0.7290454584936465,0.41914871409304705,1,prime
2026-06-08,-0.516138065613357,0.20471126392779648,0,prime
2026-06-08,-0.6813190216258229,1.0,1,prime
2026-06-08,-0.9747951901801806,0.6156654483342705,0,prime
2026-06-08,1.4921435409971333,0.837079335506295,1,subprime
2026-06-08,-0.4713299416452808,0.8578326626188871,1,prime
2026-06-08,0.07024800424993698,0.9327579495075069,1,prime
2026-06-08,-0.06994528845031617,0.576495324574321,1,prime
2026-06-08,-0.2072354719573894,0.19163936576007745,0,prime
2026-06-08,-0.23897301129715603,0.23948804755599595,1,prime
2026-06-08,-0.8360418399153748,0.7064091750382079,0,prime
2026-06-08,-1.5549070136519896,0.2716153752447186,0,subprime
2026-06-08,0.5738064414801408,0.6189185274328907,1,prime
2026-06-08,2.96299170252054,0.6813788926975031,0,prime
2026-06-08,0.1945391149630511,0.311929719037825,0,prime
2026-06-08,-0.04978306974439661,0.7597067335262189,1,prime
2026-06-08,1.4605004014773284,0.04475290290203837,0,prime
2026-06-08,-0.2843681691884229,0.07212947089417532,1,subprime
2026-06-08,-0.1706129255955794,0.21955616771839415,0,subprime
2026-06-08,2.189798107232973,1.0,1,subprime
2026-06-08,-0.22538711706689118,0.6114782471371599,0,prime
2026-06-08,0.8033204010115189,0.6858928117220154,0,subprime
2026-06-08,0.4411559314729995,0.08925525477669916,0,prime
2026-06-08,0.6941908017505996,0.5571353153825305,0,subprime
2026-06-08,-0.8133295627828732,0.0,0,prime
2026-06-08,-0.07061969562937631,0.17496055398274685,0,prime
2026-06-08,1.6364949746817639,0.2257218010284877,0,prime
2026-06-08,-0.1621512629392629,0.5783440641125969,1,prime
2026-06-08,0.45769205822927983,0.3953392261518046,0,subprime
2026-06-08,1.642388593850306,0.23939135807916584,0,prime
2026-06-08,-0.5340132340595223,0.8947534343323806,1,prime
2026-06-08,1.0359430606975741,0.1848818483145413,0,subprime
2026-06-08,0.07011876900620652,0.7192677356719613,0,prime
2026-06-08,-0.7508833109420221,0.0,0,prime
2026-06-08,-0.7148207986143047,1.0,1,prime
2026-06-08,1.0313563632170648,0.5771056102398677,1,prime
2026-06-08,0.544983769620551,0.4629468898267285,0,prime
2026-06-08,-0.26815158283197343,0.6524568924214601,1,prime
2026-06-08,1.4320193914780273,0.8101648383737812,0,prime
2026-06-08,0.22590965405112814,0.8244798907929662,1,prime
2026-06-08,1.142544130437841,0.9507672656869268,1,prime
2026-06-08,0.6959129900502361,1.0,1,subprime
2026-06-08,0.1502299952991707,0.6251754134272797,1,prime
2026-06-08,-0.27960989707472766,0.323882623388405,1,prime
2026-06-08,1.5997149280391971,0.5979415620362218,1,prime
2026-06-08,0.4752335565355529,0.1675751709050116,0,subprime
2026-06-08,-0.2575014781725391,0.7873484852561923,1,subprime
2026-06-08,-0.7998381317095518,0.5408108535024854,1,prime
2026-06-08,0.5217383165701497,0.27498621361156117,1,prime
2026-06-08,0.40533883310241287,0.7263599356467997,1,prime
2026-06-08,1.0585487748364144,0.6528368431739859,0,prime
2026-06-08,0.7568287198074113,0.6256851232550045,1,prime
2026-06-08,-0.37812914028601957,0.6670118295486311,0,subprime
2026-06-08,0.15710465348146313,0.7116333115837132,0,subprime
2026-06-08,-0.30075811243608264,0.6256321773774571,1,prime
2026-06-08,1.4703125150720675,0.2693590440895404,0,prime
2026-06-08,0.7234451488657698,0.8670782475805874,1,prime
2026-06-08,-0.7381100363931339,0.4003896935950283,0,prime
2026-06-08,-0.10664726184051171,0.8590535414895644,1,prime
2026-06-08,1.9684510585588701,0.6521411112498472,1,prime
2026-06-08,0.35967638244196476,0.1379790173766521,0,prime
2026-06-08,1.0106182512343762,0.3994493847744133,0,prime
2026-06-08,0.5547040732408264,0.47167475328635133,0,prime
2026-06-08,-0.3146493169612616,0.9976601163565567,0,prime
2026-06-08,0.020614172111348167,0.020279919503552235,0,prime
2026-06-08,0.9434875126874953,0.31602768158346606,0,subprime
2026-06-08,1.1606938952555832,0.7019551929574684,1,prime
2026-06-08,1.7198656366671032,0.3649151059128756,1,subprime
2026-06-08,0.027463999471805417,0.635479133113537,0,prime
2026-06-08,-0.5249983074170874,0.0,0,subprime
2026-06-08,-1.0489308970994837,0.5819807162606543,1,prime
2026-06-08,1.3765264208999919,0.33916296338841423,1,prime
2026-06-08,-1.053988217852052,0.3926099902835818,0,prime
2026-06-08,0.6041614580018873,0.0,0,prime
2026-06-08,-0.013215652861938487,0.2234315919501514,1,subprime
2026-06-08,-0.5344509816628928,0.9696055379760491,1,subprime
2026-06-08,1.427003708353539,0.6377578552154728,0,prime
2026-06-08,0.8583691688444868,0.31288796384681805,0,subprime
2026-06-08,1.013690690662974,0.49160272671822314,0,prime
2026-06-08,-0.9846350173518439,0.4517793304196519,1,prime
2026-06-08,0.76165696690883,0.6109498375791538,1,prime
2026-06-08,0.5671900883410228,0.3709796797925326,0,prime
2026-06-08,0.7529762134829652,0.20459103641582643,0,subprime
2026-06-08,1.9201097645845373,0.2527676941088258,0,prime
2026-06-08,-1.8574674844092212,0.5405203943963485,0,prime
2026-06-08,1.3349289347860958,0.8429542734505142,1,subprime
2026-06-08,-1.7654714599187935,0.9786959954665417,1,subprime
2026-06-08,0.8668786897019929,0.0,1,prime
2026-06-08,-0.11332152675738094,0.884720345448259,1,prime
2026-06-08,0.19453894051480078,0.4929233290873132,0,subprime
2026-06-08,0.24179505181792527,0.12752011924866666,0,prime
2026-06-08,-1.3487733340944237,0.7219982910950971,1,prime
2026-06-08,-0.04992145906078735,0.4375711927799809,0,prime
2026-06-08,0.6175999897180942,1.0,1,prime
2026-06-08,-0.09099251335488132,0.2523600023886593,0,subprime
2026-06-08,0.5537241152549348,0.22668811255375435,0,prime
2026-06-08,-0.5173237188742452,0.24032867248245743,0,subprime
2026-06-08,-1.6640787919273152,0.3445683224035339,0,prime
2026-06-08,1.3087090354895483,0.3633867252533294,1,prime
2026-06-08,1.5292841554169803,0.3783828064983043,0,prime
2026-06-08,0.9719486625911851,0.26498955598630536,0,subprime
2026-06-08,-0.9911189899863477,0.0,0,subprime
2026-06-08,-0.29589672934302863,0.6821009351342157,1,prime
2026-06-08,1.796325695866424,0.576339070861156,0,prime
2026-06-08,-0.3063894318382392,0.37940983159637726,0,prime
2026-06-08,0.9491453757876318,0.8999294536211588,1,prime
2026-06-08,0.7043412889011282,0.14351968620983224,1,prime
2026-06-08,-0.5213229965552486,0.0,0,subprime
2026-06-08,0.3419834567626364,0.5637609388356872,0,prime
2026-06-08,-0.6353663196827448,1.0,1,prime
2026-06-08,0.622299189488557,0.2898583147616037,0,subprime
2026-06-08,1.9114044495191342,0.15627844731202084,0,prime
2026-06-08,2.2861483478586275,0.07538302383454251,0,subprime
2026-06-08,-1.7410454025711073,0.33368818824640534,0,prime
2026-06-08,0.767522591072435,0.06362194826508377,0,subprime
2026-06-08,0.7176431602457034,0.21584517389052477,1,prime
2026-06-08,-1.6962378938329539,0.5156760437190606,0,prime
2026-06-08,-1.344253365569358,0.3432320682401675,0,prime
2026-06-08,-0.4614398700985834,0.17457361243521585,1,prime
2026-06-08,1.3772111990549811,0.0,0,prime
2026-06-08,1.0258288211322582,0.21479848453999273,0,prime
2026-06-08,0.7674464395563216,0.836751942716198,1,prime
2026-06-08,-0.19909036799640212,0.45846570284907906,1,prime
2026-06-08,0.5628134425277995,1.0,1,prime
2026-06-08,0.14909402888619752,0.7391246172032776,1,prime
2026-06-08,-0.5264443957034726,0.9347947758540388,1,prime
2026-06-08,0.8875045119992089,0.09734601011354624,0,prime
2026-06-08,0.8410728838348986,0.28951358721005926,0,prime
2026-06-08,0.7232819311586232,0.0,0,prime
2026-06-08,-1.8325093350181896,0.6750725181588564,1,prime
2026-06-08,0.4523048681452706,1.0,0,prime
2026-06-08,0.2279166167723407,0.5825026173051959,0,prime
2026-06-08,2.0445394479809975,0.0,0,prime
2026-06-08,0.446686840807134,0.3611466519635575,1,subprime
2026-06-08,-0.20683218648010915,0.38613929896227184,1,subprime
2026-06-08,1.6386921799051561,1.0,0,subprime
2026-06-08,1.6844708806109507,0.0,0,prime
2026-06-08,1.252264147322901,0.04480087120352849,0,prime
2026-06-08,1.4703208880059935,1.0,1,prime
2026-06-08,-0.1939648011201276,0.3933776578905228,0,prime
2026-06-08,-0.6256226751532057,0.1030667131531344,0,prime
2026-06-08,-0.5178928003065122,0.8978550546862322,1,prime
2026-06-08,0.7220475874123466,0.6693491609462929,0,prime
2026-06-08,-1.856091112421044,0.38763954426104,0,prime
2026-06-08,0.3950511158859519,0.4791439387807592,1,prime
2026-06-08,0.23951491863792357,1.0,1,prime
2026-06-08,-0.4859080773262375,1.0,1,prime
2026-06-08,-1.319099420956551,0.09223978773827948,0,prime
2026-06-08,-1.6940583546350874,0.32499680521429125,0,prime
2026-06-08,0.3251091126219335,0.47719228762032234,1,subprime
2026-06-08,-0.9086671010912659,0.9305705942621636,1,prime
2026-06-08,-0.17898093601121046,0.6379983555426472,0,subprime
2026-06-08,1.5685989184716653,1.0,1,prime
2026-06-08,0.5789183050619763,0.11233027716798982,1,prime
2026-06-08,0.8901996548096354,0.15307980435737675,0,subprime
2026-06-08,-0.7213510993446388,0.43377584320102813,0,subprime
2026-06-08,-0.5233245270860842,0.8329836834089963,0,subprime
2026-06-08,0.9793652620640312,0.0,0,prime
2026-06-08,1.8528441137842446,0.920662035579815,0,prime
2026-06-08,0.4430454438890691,0.7217830984854767,0,subprime
2026-06-08,0.2239590536257152,0.18339509110219224,0,subprime
2026-06-08,0.3936902587096136,0.3294944107911246,0,prime
2026-06-08,-0.5985939034975138,0.8705996525649492,1,subprime
2026-06-08,1.1386354538862655,0.12638731784317725,1,prime
2026-06-08,0.8245149129607889,0.5070268982506291,0,prime
2026-06-08,1.6862859372875272,0.5270661562784124,1,subprime
2026-06-08,1.0130623215820458,0.5412845070507655,0,subprime
2026-06-08,0.37280679972681396,0.29151552671355974,1,prime
2026-06-08,0.2757314903095264,0.6922894052796824,0,subprime
2026-06-08,0.23108470535946332,0.03958213028440577,0,prime
2026-06-08,1.3907710469237922,0.6260613212432535,0,prime
2026-06-08,-0.025442456114757345,0.47660152747640805,0,prime
2026-06-08,0.19969231070974536,0.6587463530664498,1,subprime
2026-06-08,-0.5553466005877603,0.5409673562721049,1,prime
2026-06-08,1.2493206627707265,0.2824618346855906,1,prime
2026-06-08,-1.0564158339132923,0.23311506778893165,1,prime
2026-06-08,0.3368275499410206,0.7134171883208017,1,prime
2026-06-08,0.7015309940159529,0.1237579650712374,0,subprime
2026-06-08,-0.019830052083634725,0.557092616616947,1,subprime
2026-06-08,0.8543272047387955,0.5504264082373448,0,prime
2026-06-08,-0.2047624070666399,0.13863225634791781,0,prime
2026-06-08,1.912344589466277,1.0,1,prime
2026-06-08,-0.7310340513427609,0.5577802337815572,1,prime
2026-06-08,0.8994776789660806,0.5515772126630117,0,prime
2026-06-08,-0.41592191354824143,0.6857244763264336,1,prime
2026-06-08,1.1070791472860175,0.5012413265969816,1,prime
2026-06-08,0.2333488604381853,0.6523515812410056,1,subprime
2026-06-08,-1.2510894985188972,0.3309954206222565,0,subprime
2026-06-08,0.2664619155246865,0.29581612068588126,0,subprime
2026-06-08,-0.13506138164040016,0.0,0,subprime
2026-06-08,0.9818173362524041,0.3738283900082664,1,prime
2026-06-08,0.00011807284655848682,1.0,1,subprime
2026-06-08,1.194776157035203,0.8127480118715603,1,prime
2026-06-08,-0.5081672793364946,0.7933023499795842,1,prime
2026-06-08,-0.00951981639926508,0.3089469523977088,0,subprime
2026-06-08,0.08674385413592052,0.3000420733185379,1,prime
2026-06-08,-0.4685847248130663,1.0,1,prime
2026-06-08,0.18846711610634093,0.8852359655487263,1,prime
2026-06-08,0.3193629184172985,0.7626685259488003,1,subprime
2026-06-08,0.015388242360197008,0.7052937074064783,1,prime
2026-06-08,0.43463494007323333,0.5784998398106567,0,prime
2026-06-08,1.6062834623471467,0.3992617648032946,1,subprime
2026-06-08,1.181900378885136,0.6101749256768636,0,subprime
2026-06-08,1.3202422826967102,1.0,1,subprime
2026-06-08,-0.8612162294040988,0.7125134246078519,1,prime
2026-06-08,2.200394378310263,0.3907132194557995,0,prime
2026-06-08,0.05393343326853735,1.0,1,prime
2026-06-08,1.3465271150481812,0.5701565060419553,1,subprime
2026-06-08,-0.822295153179867,0.30718733003090026,1,prime
2026-06-08,0.16326787515467237,0.9647617288642976,1,prime
2026-06-08,-0.1726204201738316,0.8495262383413078,1,prime
2026-06-08,0.7120236212258209,0.710656708803832,0,subprime
2026-06-08,-1.9310574650651933,0.4743949894092404,0,prime
2026-06-08,-1.457493605225361,0.5981293097274993,0,prime
2026-06-08,-0.6373317251387187,0.2679939552931703,0,subprime
2026-06-08,-1.3004361175326569,0.22379327505022817,0,subprime
2026-06-08,-0.6965109933034586,0.005701741598425236,0,subprime
2026-06-08,0.8823397493712919,0.3766521707683916,0,prime
2026-06-08,0.7860597766287047,0.3545556475649452,1,subprime
2026-06-08,-0.35104957510980456,0.27341311257520867,0,prime
2026-06-08,-0.2771345276786629,0.608956834163122,1,prime
2026-06-08,0.04686614168153075,1.0,1,subprime
2026-06-08,-0.15990619409189488,0.04076697334744911,0,subprime
2026-06-08,-1.7468220998984372,0.5990837362718604,0,prime
2026-06-08,0.9750098085453311,0.5171433354999384,1,prime
2026-06-08,1.8126422532541877,0.13499607831986404,0,prime
2026-06-08,-0.18366467703468126,0.19412651299724282,0,prime
2026-06-08,2.1407584311876704,0.7450575221045201,0,prime
2026-06-08,0.9902320197340071,0.4860082645228643,0,prime
2026-06-08,-0.9306549002711368,0.8182542691527931,1,prime
2026-06-08,0.9824473852385127,0.6574971349784685,1,prime
2026-06-08,-0.2888228817195587,0.8091942463904096,1,prime
2026-06-08,-0.444315962654754,0.4559663381108308,1,prime
2026-06-08,0.3725747473576674,0.0,0,prime
2026-06-08,1.4142952620318312,0.719256802028273,1,subprime
2026-06-08,-0.3968808023360119,0.2623451622620108,1,prime
2026-06-08,0.7366540267682082,0.5329361808173813,1,subprime
2026-06-08,-0.4590480020150128,0.6356331435591982,0,subprime
2026-06-08,0.7084571063785929,0.48060098436659887,0,subprime
2026-06-08,-0.7836225425110392,0.0,0,prime
2026-06-08,0.8270734691191153,0.0,1,prime
2026-06-08,-0.26342989247728044,0.0,0,prime
2026-06-08,0.19897527621733832,0.6537602151117913,1,prime
2026-06-08,0.46289854769950717,0.38420754473742635,0,prime
2026-06-08,-0.5167929084146277,0.0,0,prime
2026-06-08,0.733023155132936,0.41752160592910764,0,prime
2026-06-08,-0.05882852023228491,0.4346126685114732,0,prime
2026-06-08,-0.5210379651102319,0.11167054035070001,1,prime
2026-06-08,0.38613089809168766,0.0,0,prime
2026-06-08,-0.3718299154201778,0.5049142589772215,0,prime
2026-06-08,1.4123151335166473,0.165128250902704,0,prime
2026-06-08,-0.22288073262825525,0.30928006442549905,0,prime
2026-06-08,0.7043616622188358,0.002217399735113701,0,prime
2026-06-08,-0.5343121001059741,0.5037024065131959,0,prime
2026-06-08,1.3406234340922774,0.9109934266790929,1,prime
2026-06-08,1.2841544777939393,0.29563653138964363,0,prime
2026-06-08,0.34874804211675475,0.0,0,prime
2026-06-08,-1.0476361766473212,0.6435482411899467,1,prime
2026-06-08,-0.2970642067208862,0.27073758571156614,0,prime
2026-06-08,0.6119815982746057,0.36992414880753055,1,prime
2026-06-08,-0.41388434123835854,0.4181252877102945,1,prime
2026-06-08,-0.5126368182574881,0.11138670681676155,0,prime
2026-06-08,-1.4487590937745451,0.6366885234605376,1,prime
2026-06-08,1.8428637863078965,0.6929358132505246,1,prime
2026-06-08,0.043082474288410444,0.812821009352165,1,subprime
2026-06-08,-0.9491788711260922,0.717946683843494,1,prime
2026-06-08,0.16947100277070207,0.06798484777049585,1,subprime
2026-06-08,0.5355236088353019,0.04329709017736744,0,subprime
2026-06-08,0.6166959188846811,0.920858305940517,0,prime
2026-06-08,-0.07531298517801804,0.7032956584225001,1,prime
2026-06-08,-1.1913277334556707,0.12273998966120142,0,subprime
2026-06-08,-1.6156906192876963,0.251179815006157,1,prime
2026-06-08,1.6229757982868651,0.0,1,prime
2026-06-08,-0.499316677847029,0.7492887096493198,1,prime
2026-06-08,1.4367642134199476,0.842291377189071,0,prime
2026-06-08,0.31100348130279776,0.2433979687194932,0,subprime
2026-06-08,0.16758306315292903,0.7306123204094895,1,prime
2026-06-08,0.3303650895083077,0.6441010714790152,1,prime
2026-06-08,-0.797638508327122,0.611081161763186,1,prime
2026-06-08,2.156002544564932,0.8106665919678542,0,prime
2026-06-08,0.08307957456186453,0.49758409849483165,1,prime
2026-06-08,-0.8824928106886958,0.6407013987563761,1,prime
2026-06-08,-0.7678372324317719,0.42037807235381836,1,subprime
2026-06-08,-0.3338942981293786,0.0,0,prime
2026-06-08,-0.6093101621257844,0.91489882823775,1,prime
2026-06-08,-0.47911480826154546,0.6222629389363661,0,prime
2026-06-08,-2.2498216201489916,0.30312439423084775,0,prime
2026-06-08,1.485932962422203,0.26674928159369987,0,subprime
2026-06-08,1.0611241818861858,0.6808016260612133,1,prime
2026-06-08,-0.11415510763564496,0.6639011159682433,0,prime
2026-06-08,-1.5577269382962287,0.28355078366767483,0,subprime
2026-06-08,-1.1740944053643636,0.6888224077383928,1,subprime
2026-06-08,-0.09426089477520977,0.6391061758323877,1,prime
2026-06-08,-0.4145413521964901,0.554852905701867,1,prime
2026-06-08,1.3945382221017706,0.6078227896341813,1,prime
2026-06-08,0.5872401388933031,0.8534422046457778,1,prime
2026-06-08,1.1778111640577056,0.7862868028846404,0,subprime
2026-06-08,0.26643726314849475,0.8568018105167956,1,prime
2026-06-08,0.4602581559463275,0.89770098518689,1,prime
2026-06-08,1.191049886077283,1.0,1,prime
2026-06-08,1.077463137945626,0.5562276391891958,0,subprime
2026-06-08,-1.607649894300425,0.3049700972873687,1,prime
2026-06-08,1.742958310492531,0.3359949131787593,0,prime
2026-06-08,0.29635985633058903,0.9006074612111188,1,prime
2026-06-08,1.162573770193228,0.4326242456791641,1,prime
2026-06-08,1.301946726808709,0.7610917048134133,1,prime
2026-06-08,0.16655950521220397,0.36726009294429685,0,subprime
2026-06-08,1.5239549370258192,0.7297122245605954,0,subprime
2026-06-08,-0.8010727813907701,0.20987890164697431,0,prime
2026-06-08,0.2312891190297695,0.20179544216901382,0,prime
2026-06-08,0.20597539432453663,0.18121117712671567,0,subprime
2026-06-08,0.7549930909677229,0.1784272512878953,0,prime
2026-06-08,-1.5390919998939996,0.5102537351037228,0,subprime
2026-06-08,1.3303537350973824,0.46206555690339435,1,prime
2026-06-08,1.249099440483912,0.761388456282519,1,subprime
2026-06-08,-0.689600587330579,0.8946774384853663,1,prime
2026-06-08,1.5373583374931816,0.327731458746562,1,prime
2026-06-08,-0.015694862613903904,0.8986638172766156,1,prime
2026-06-08,1.0334913204358664,0.5545489526245376,0,prime
2026-06-08,-0.5008291755689236,0.5371931686312774,1,subprime
2026-06-08,0.9633789932641088,0.33672771833229387,1,prime
2026-06-08,-0.8397596465626942,0.4929584207278097,0,subprime
2026-06-08,-0.1617588234171698,0.6112482113114267,0,subprime
2026-06-08,-0.3958874505750319,0.8908208056535389,1,prime
2026-06-08,1.3797372315154108,0.9153108216666047,1,prime
2026-06-08,0.20593900413286392,0.1575062763745988,1,subprime
2026-06-08,-0.7261949538637464,0.0,0,prime
2026-06-08,-0.1696873781598332,0.49934670251051616,1,subprime
2026-06-08,0.8778543545515907,0.9753425273155332,1,prime
2026-06-08,0.6849162842084924,0.0,0,prime
2026-06-08,-0.726477034426936,0.42061171045386125,1,prime
2026-06-08,0.804415406970759,0.7635991109193121,0,subprime
2026-06-08,0.2998874176678337,0.2526085014507188,1,prime
2026-06-09,0.5169648821926708,0.4481289312785067,0,prime
2026-06-09,0.06789016954557517,1.0,1,prime
2026-06-09,-0.7244024697577269,0.2486379462057039,0,subprime
2026-06-09,0.8395829587296827,0.5416943183508056,1,prime
2026-06-09,-1.1648973707544013,0.8254696145062999,0,prime
2026-06-09,-0.14965495407147858,0.7976831798413073,1,subprime
2026-06-09,0.7294876967238606,0.25649651410213914,0,prime
2026-06-09,-0.18691474126475513,0.29528195131986235,1,subprime
2026-06-09,-2.7531405449600626,0.7450920070251513,1,prime
2026-06-09,-0.5282547809429752,0.7215594049534697,0,subprime
2026-06-09,-0.3252202129697237,0.7811454417338566,0,prime
2026-06-09,-0.8426366705895988,0.4681824493378938,1,prime
2026-06-09,1.5153554913427392,0.24676628442064902,1,subprime
2026-06-09,-1.5563277598343235,0.331923396713283,0,prime
2026-06-09,0.873705890216569,0.28396829320411365,0,subprime
2026-06-09,0.9964483826459118,0.7704240738720508,1,prime
2026-06-09,0.2555518327757905,0.49044594268526365,1,prime
2026-06-09,-1.174109625015132,0.8434135725963935,1,prime
2026-06-09,1.633537871536801,1.0,0,prime
2026-06-09,-1.0834876920836802,0.5487598700937716,1,prime
2026-06-09,-0.835308351574846,1.0,1,prime
2026-06-09,-0.7594869524273298,0.2612269907335285,1,prime
2026-06-09,0.1546126059838937,0.4233588309115776,0,prime
2026-06-09,1.370367967684444,0.38160018597213885,0,prime
2026-06-09,-1.314725659702665,0.4980350507896655,0,prime
2026-06-09,2.733706259200216,0.0,0,prime
2026-06-09,1.4317621265411722,0.0,0,prime
2026-06-09,0.800691937377888,0.714204854672031,1,prime
2026-06-09,0.5051392421180165,0.3358109967901171,0,prime
2026-06-09,0.6517250152790303,0.0,0,prime
2026-06-09,1.3123494938973161,0.7257533032288439,1,prime
2026-06-09,0.45235548884554744,0.9635906933581748,1,subprime
2026-06-09,-0.24615691559830957,0.8093186166850501,1,subprime
2026-06-09,0.030129790387867422,0.6444463628553105,0,subprime
2026-06-09,0.8942945895600458,0.11829999488473841,0,prime
2026-06-09,0.769342682604574,0.2658277319500184,0,prime
2026-06-09,-0.03303477409027855,0.655509569460392,1,subprime
2026-06-09,-0.8048856034039327,0.39071303237722343,0,subprime
2026-06-09,1.3014007301260213,0.3884044951160669,1,prime
2026-06-09,-1.8019114442968025,0.4961658879760562,1,subprime
2026-06-09,0.46902653578498343,0.3789276936284004,0,prime
2026-06-09,-1.0111400095291831,0.2271657136346527,1,prime
2026-06-09,-0.7319062042290302,0.0,0,subprime
2026-06-09,2.041411952761694,0.3653792824440989,1,subprime
2026-06-09,-0.6819052497510241,0.3387354944715678,0,prime
2026-06-09,0.5940325140404662,0.8477561232338604,0,prime
2026-06-09,0.9203169036442331,0.5053293959558226,0,prime
2026-06-09,1.043287043722105,1.0,1,prime
2026-06-09,0.09916070475110113,0.5437792751829402,1,prime
2026-06-09,1.281075530008253,0.23650067744200037,0,prime
2026-06-09,0.6922403341850238,0.7263081742159669,1,prime
2026-06-09,0.7483246722145951,0.2479519053198866,0,prime
2026-06-09,-0.82602571345508,0.15532797507633953,0,prime
2026-06-09,-1.152459146072167,0.7168985942447076,1,prime
2026-06-09,-1.3343892489554026,0.10168977566547577,0,prime
2026-06-09,-0.6922779935665153,0.7322107631399786,0,subprime
2026-06-09,0.07233112499571878,0.6381370788632892,1,prime
2026-06-09,2.7418922675065254,0.28826027148880157,0,subprime
2026-06-09,0.3926776609941657,0.36629004503811896,0,prime
2026-06-09,-1.5085312346869735,0.6827932338597289,1,prime
2026-06-09,-0.8682356295202024,0.20047241527427734,0,prime
2026-06-09,-0.1900562176842391,1.0,1,prime
2026-06-09,0.5224356879085014,0.8487440668561095,1,subprime
2026-06-09,-0.8349535577778148,0.1910361110042298,1,prime
2026-06-09,-1.0617000959059422,0.485952088875623,1,subprime
2026-06-09,-0.7145187238903341,0.05543441359147144,0,prime
2026-06-09,-0.43403109665933237,1.0,1,prime
2026-06-09,1.6421337560566447,0.1919341539616785,0,prime
2026-06-09,-1.652828014899648,0.5179254526518869,0,subprime
2026-06-09,-0.6296722996088345,0.5302134262072957,0,prime
2026-06-09,-0.27335653634537105,0.3724388093592932,0,prime
2026-06-09,-0.6443384876728688,0.7833275365775807,0,prime
2026-06-09,1.6750279082052477,0.19038960935564678,0,prime
2026-06-09,0.1313198955292085,0.25940940576667076,0,subprime
2026-06-09,-1.0695596052010308,0.38479517206294767,1,subprime
2026-06-09,0.04375200031994597,1.0,1,prime
2026-06-09,-0.8263751311106563,0.6126140769459811,1,prime
2026-06-09,0.19438975218869223,0.8908941641744864,1,prime
2026-06-09,-0.9787973948033223,0.7049916272128856,0,subprime
2026-06-09,0.7081225809430547,0.13019457353532468,0,subprime
2026-06-09,3.169821181101048,0.7181668623935209,1,subprime
2026-06-09,-0.3562352121169463,0.42075851559087946,0,prime
2026-06-09,-0.307933452683542,1.0,0,prime
2026-06-09,-0.5692106891400441,0.1207745702110635,0,subprime
2026-06-09,0.8011636520160629,0.6962069756641261,1,prime
2026-06-09,-0.6465325002675943,0.0,0,prime
2026-06-09,1.0056781786220694,0.0,0,subprime
2026-06-09,0.28854956623392286,0.5271570793315349,1,subprime
2026-06-09,1.6628706636194923,0.4391785490935176,1,prime
2026-06-09,0.5779377431317377,0.8615371680100561,1,prime
2026-06-09,1.5975577301796708,0.6442697490478478,1,prime
2026-06-09,-0.670298074758027,0.6425636821685498,1,prime
2026-06-09,-0.9788197341340846,0.40022869139796186,1,subprime
2026-06-09,1.729841211623018,1.0,0,prime
2026-06-09,1.0868454955693665,1.0,1,prime
2026-06-09,0.00010050372290559828,0.0035397692321741947,0,prime
2026-06-09,0.595346458083577,0.9625785433364215,1,prime
2026-06-09,-0.9325883003417518,0.31339130693786776,1,subprime
2026-06-09,-0.025233788407521246,1.0,1,subprime
2026-06-09,1.2067966518988449,0.6348803577608174,1,subprime
2026-06-09,0.5137276892003187,0.3818124784566066,1,prime
2026-06-09,0.5972850587618264,0.19807378047401086,0,prime
2026-06-09,-1.7950086275846016,0.7467803926123026,1,prime
2026-06-09,0.9820828405374389,0.7690434187427471,1,prime
2026-06-09,0.2155368400325568,0.7197853156451782,1,subprime
2026-06-09,-0.4603891887024989,0.1628080680235081,1,subprime
2026-06-09,0.22299146290344565,0.6974632861975971,0,prime
2026-06-09,-0.7621853782559512,0.6571816985568911,1,prime
2026-06-09,-1.4204633180142294,0.15620342296958534,1,subprime
2026-06-09,1.9862916048031503,0.7572339078188185,1,prime
2026-06-09,-0.013592878536148517,0.4109707642301808,0,subprime
2026-06-09,-1.4066858059015066,0.0,1,subprime
2026-06-09,-1.3132370650865395,0.9315654958520215,1,subprime
2026-06-09,0.4995325734587063,1.0,1,prime
2026-06-09,-0.3010352302191277,0.5843869773865675,1,prime
2026-06-09,-1.3590008422517026,0.45230694311254654,0,subprime
2026-06-09,0.07101564724268661,0.39015620764836073,0,subprime
2026-06-09,-0.7098384556891584,0.07285543910766198,0,prime
2026-06-09,0.21075899419221733,0.9679605056803078,1,subprime
2026-06-09,-1.2882185630033665,0.3756896687823875,0,prime
2026-06-09,-2.0321876431931214,0.3793562879962043,0,prime
2026-06-09,-1.3267702455787513,1.0,1,prime
2026-06-09,-0.2657410799991562,0.49822591737084193,0,prime
2026-06-09,2.0170535998666512,0.38420435137740633,1,subprime
2026-06-09,-0.1376351821563999,0.9458616593780671,0,prime
2026-06-09,0.9277045351321024,0.31780943916609933,1,prime
2026-06-09,-0.5593679643271622,0.26597472728575,1,prime
2026-06-09,-0.1032251196380998,0.9588369428811081,0,prime
2026-06-09,0.7619601119511938,0.3756765578864909,1,prime
2026-06-09,0.9362721889817928,0.9675084694363918,0,prime
2026-06-09,-0.14227622683025756,0.10230002191160306,0,prime
2026-06-09,-0.4266927632976376,0.5328741699956904,1,prime
2026-06-09,-1.257604576014845,0.4589788045889509,1,subprime
2026-06-09,-0.548002657780154,0.37050802045456976,0,subprime
2026-06-09,0.2703010965264706,0.48316524632018776,1,prime
2026-06-09,0.9365090710223498,1.0,1,prime
2026-06-09,0.10402687304564384,0.3878473247255576,0,prime
2026-06-09,-0.28693037370741115,0.8242534360125416,1,prime
2026-06-09,-0.651945841052948,0.6144809142558179,1,prime
2026-06-09,-1.5192137208921048,0.1862663116972291,0,prime
2026-06-09,-0.5065242319382963,0.7248436001444969,0,subprime
2026-06-09,0.46176371221952794,0.20356197784906188,1,subprime
2026-06-09,-1.2805806024621251,0.655706297010799,0,subprime
2026-06-09,0.13201862470242254,0.16662789327915775,0,prime
2026-06-09,0.3914111691009502,0.056698216551104574,0,prime
2026-06-09,0.9652509273809902,0.6951372012889077,1,prime
2026-06-09,1.9058122319707445,0.5930184973450937,0,subprime
2026-06-09,0.2940194562382987,1.0,1,prime
2026-06-09,-0.6469097213602816,0.23958544551931632,1,subprime
2026-06-09,0.4249562119095467,0.253318575854812,0,prime
2026-06-09,-0.6770541303945316,0.4701922401150972,1,prime
2026-06-09,-1.998141795141624,0.0,0,subprime
2026-06-09,0.07965257080092068,0.16092088128983598,0,prime
2026-06-09,0.6214094333243142,0.761329893397043,1,prime
2026-06-09,0.5263807508706528,0.343123495443083,1,prime
2026-06-09,0.5263211548029116,0.0,0,prime
2026-06-09,-0.5836390491210007,0.14142771930994658,0,prime
2026-06-09,-1.1906687272210859,0.5546469993326165,1,prime
2026-06-09,-0.11377520045458975,0.937687285433578,1,prime
2026-06-09,-0.5766384809015557,0.7299159848006059,1,prime
2026-06-09,1.0725637728380049,0.0,0,prime
2026-06-09,-0.5331813060025815,0.8435557211475171,1,subprime
2026-06-09,1.6133257291683383,0.0,1,prime
2026-06-09,-0.5640604831914872,0.3345079813977064,0,prime
2026-06-09,1.9536259004534713,0.2565409426447007,1,prime
2026-06-09,-0.052119325656066834,1.0,1,prime
2026-06-09,-1.5382583056973802,0.22274026735810337,0,subprime
2026-06-09,-0.33738576336563664,0.5460402111962751,0,subprime
2026-06-09,-0.22859697199959586,0.42028784020884413,0,subprime
2026-06-09,1.4761103928866217,0.5063632734507906,0,subprime
2026-06-09,-0.6741516815047452,0.525240969503493,0,prime
2026-06-09,0.06348635957758723,0.8346944537014149,1,prime
2026-06-09,-1.6030385334977224,1.0,0,prime
2026-06-09,1.4081903688470467,0.008316942305927832,0,prime
2026-06-09,-0.9181341050509547,0.3348381544984842,0,subprime
2026-06-09,-0.10922916196999119,0.7875501245812834,1,prime
2026-06-09,0.6269908482617248,0.9974089692980574,1,prime
2026-06-09,0.5671635685706204,0.49771758329575294,1,prime
2026-06-09,-0.6087610912287066,0.47991802105145875,0,prime
2026-06-09,-0.7944729847383136,0.1875089843442683,0,prime
2026-06-09,-0.6570171691439706,0.6993037666229678,1,prime
2026-06-09,1.0368144204591865,0.4332088345383875,0,prime
2026-06-09,1.1694533800812281,1.0,1,prime
2026-06-09,-1.0953383888043993,1.0,0,prime
2026-06-09,0.6986969595266871,1.0,1,prime
2026-06-09,0.6447767911033832,0.2706753977798855,1,prime
2026-06-09,0.3573159903356222,0.07129295829073426,0,prime
2026-06-09,-0.7476094637083521,0.0,0,subprime
2026-06-09,1.3911294073584923,1.0,1,subprime
2026-06-09,0.34946059109817085,0.26086437900418424,0,prime
2026-06-09,1.3209967559530347,0.6291566371900921,1,prime
2026-06-09,1.3875061820940942,0.6823897586188402,1,prime
2026-06-09,0.30936642016893057,0.2873553543519277,0,prime
2026-06-09,0.6341525715695948,0.09923508638035797,0,prime
2026-06-09,1.0151483394820928,0.5182001404895004,1,prime
2026-06-09,0.47963890835995127,0.4365892628094985,1,prime
2026-06-09,-0.11869676495450035,0.06748726010688794,0,prime
2026-06-09,0.13727458819988958,0.0011389641443514398,1,prime
2026-06-09,0.025031357538615878,0.8585343759101198,1,subprime
2026-06-09,-0.38787104582660425,0.6577320582537511,1,subprime
2026-06-09,-0.39248419279511737,0.44652584911470816,0,prime
2026-06-09,-1.7342682107293923,0.07903560341070723,0,subprime
2026-06-09,0.4587170953642131,1.0,1,prime
2026-06-09,0.6130916106249747,0.16165373440290517,0,prime
2026-06-09,-0.7246033678860659,0.26574874498382256,1,prime
2026-06-09,-0.5576612783592586,0.7687942367187328,1,subprime
2026-06-09,0.21348204406917412,0.36764985816394175,0,prime
2026-06-09,0.5676115704003668,0.8962804132652425,1,subprime
2026-06-09,0.4249772601074923,0.14837931070496824,1,prime
2026-06-09,0.880333017176223,0.6386561003562197,1,prime
2026-06-09,0.047891339947784745,0.8732431491815632,1,prime
2026-06-09,0.5387289310997397,0.5187543036051913,0,prime
2026-06-09,0.002092069523440959,0.0,0,subprime
2026-06-09,-1.0336006761771899,0.035806301245128735,0,subprime
2026-06-09,-0.8379776006003304,0.4670142999753357,1,prime
2026-06-09,0.4118399626608672,0.16679385496000187,1,prime
2026-06-09,-0.20816097736456077,0.685530128038814,1,prime
2026-06-09,-0.46533898491763015,1.0,1,subprime
2026-06-09,0.4351087332045548,0.4367837493835326,1,prime
2026-06-09,1.9124545835871192,0.0,1,prime
2026-06-09,-0.0696235861815585,0.035836937207111175,0,prime
2026-06-09,0.9269299377421888,0.3136144145559409,1,prime
2026-06-09,0.24295795304827766,0.41400297704195044,1,prime
2026-06-09,2.24220576493179,0.6093159244324631,0,prime
2026-06-09,-0.33503363563629274,0.4257286548569394,1,subprime
2026-06-09,1.7793003940781886,0.9306218086508158,1,subprime
2026-06-09,1.4221132527927562,0.9341045478366196,1,prime
2026-06-09,1.1797746887153968,0.29047407855835855,0,subprime
2026-06-09,0.9432819315624491,0.7870181912817115,1,prime
2026-06-09,0.43588706357746276,0.36577839561565867,1,prime
2026-06-09,0.17679800666160633,0.7839135057898119,1,prime
2026-06-09,-0.28537149057836864,0.3675465302912565,1,subprime
2026-06-09,0.8777019961515602,0.6090575391805937,0,subprime
2026-06-09,-0.4745840729138917,0.6006407273014438,0,subprime
2026-06-09,0.3846192029935077,0.4931047590308002,0,prime
2026-06-09,1.9490649625110192,0.9855453183231824,1,prime
2026-06-09,0.8480113693503392,0.5719679543239489,0,prime
2026-06-09,2.925772856650335,0.5148891657757051,0,prime
2026-06-09,-1.018213219113273,0.7136895566278381,1,prime
2026-06-09,1.6798274956865327,0.596123991318492,0,prime
2026-06-09,-1.2821691881520754,0.7714733016741631,1,prime
2026-06-09,-1.2272824641761166,0.5833953123943248,1,subprime
2026-06-09,1.6298073417919148,0.8483379957625421,1,prime
2026-06-09,-0.2503897702360357,0.6824410306014544,1,subprime
2026-06-09,0.8281281564651185,0.1611312033120933,1,subprime
2026-06-09,-0.23676532073815995,0.6010083388861229,0,prime
2026-06-09,-0.007744283210096986,0.5937427000291509,0,prime
2026-06-09,-0.7771669930149778,0.3870302169832098,0,subprime
2026-06-09,0.7546894949821011,1.0,1,prime
2026-06-09,1.4156753032153608,0.24803439160764484,0,subprime
2026-06-09,0.9177725201828474,1.0,1,prime
2026-06-09,1.4236354447151005,1.0,1,prime
2026-06-09,-1.0315868754234965,0.49122012004029925,0,subprime
2026-06-09,0.24503476168968374,0.8193777485170521,1,prime
2026-06-09,-0.4453849032877596,0.4842282163979962,0,prime
2026-06-09,-0.30319189849970696,0.7397620181248699,0,subprime
2026-06-09,-1.363516609456397,0.8186352024527634,1,subprime
2026-06-09,-0.6849245285743282,0.51192615839664,1,prime
2026-06-09,-1.485996953863139,0.48369711292778395,1,prime
2026-06-09,0.7340070520023505,1.0,1,prime
2026-06-09,-0.5597802027555981,1.0,1,subprime
2026-06-09,-0.5609664634757358,0.7682643953205758,1,prime
2026-06-09,1.5055999205653383,0.7964840602413292,1,subprime
2026-06-09,1.326212765773261,0.6705476109866935,0,subprime
2026-06-09,-0.2508647946304935,0.32465492486124453,1,prime
2026-06-09,-0.32178108484372026,0.7572321942820821,1,prime
2026-06-09,0.9363830492107449,1.0,1,prime
2026-06-09,-1.0733944818352938,0.20690680492299252,0,prime
2026-06-09,0.9423960221467539,0.18911373789879754,0,prime
2026-06-09,1.1447418396769102,0.37128166397274726,1,subprime
2026-06-09,1.7718806003335632,0.8162539792552839,1,prime
2026-06-09,1.119462922644206,0.0,0,subprime
2026-06-09,2.151048671818551,0.6820705067435886,1,prime
2026-06-09,0.22102936760513475,0.8129890149597478,1,prime
2026-06-09,1.157053622743722,1.0,1,prime
2026-06-09,-1.2742610325148191,0.8792455539421093,1,subprime
2026-06-09,-0.3922311230369352,0.04114054630858072,0,subprime
2026-06-09,0.11352899133895382,0.056196181777292464,0,prime
2026-06-09,0.9022049598712681,0.6369975451979509,0,prime
2026-06-09,-1.1408478568465998,1.0,1,subprime
2026-06-09,-0.2846153925173269,0.9615916586594453,1,prime
2026-06-09,-1.9273441473277795,0.45256296959289544,0,subprime
2026-06-09,0.8942753845408032,0.8282057239842961,1,subprime
2026-06-09,-0.3581456079783878,0.6210232975010161,1,prime
2026-06-09,0.6458170225207603,1.0,1,prime
2026-06-09,-0.18672016775295494,0.20227645871310823,0,prime
2026-06-09,0.7832158527006469,0.6866050056882642,1,subprime
2026-06-09,0.1824928327312953,0.37017147830177916,0,prime
2026-06-09,0.5391678109079294,1.0,1,prime
2026-06-09,-3.064630254438272,0.6102720360078211,1,prime
2026-06-09,-1.0595864118816836,0.6348901754620047,0,prime
2026-06-09,1.3765334685137725,0.3302235957005815,0,prime
2026-06-09,1.5241538010988362,0.5618524199058715,0,subprime
2026-06-09,0.5629455116753878,0.8359471336121815,1,subprime
2026-06-09,-1.0450596720074763,0.7025135081559465,1,prime
2026-06-09,3.181495661745705,0.3108440408500394,1,prime
2026-06-09,-0.7929431793276192,0.7606478832125627,1,subprime
2026-06-09,0.161360898492442,0.7257524447391666,1,prime
2026-06-09,1.5193825684748987,0.03472143084022283,0,prime
2026-06-09,1.1659292728319948,0.15417488219337172,0,prime
2026-06-09,1.222869667154918,0.22951598193830514,0,prime
2026-06-09,1.564681879322096,1.0,1,prime
2026-06-09,0.4263167808077244,0.0,0,subprime
2026-06-09,0.5028055242053864,0.6054216233363707,1,prime
2026-06-09,1.1088301498683064,0.0,0,subprime
2026-06-09,-0.4970401722592155,0.8285386085767762,1,prime
2026-06-09,0.823672758131147,0.0,0,prime
2026-06-09,1.3121736013880188,0.1659591884317789,0,prime
2026-06-09,2.111411414859626,0.7045584499523353,0,prime
2026-06-09,1.1852114395460782,0.2923505902223413,0,prime
2026-06-09,-0.756663608680266,0.20885501904979165,1,prime
2026-06-09,1.157526171176667,0.3957364916339005,1,prime
2026-06-09,0.12114419994462458,0.6518874772292713,0,subprime
2026-06-09,-0.8732574589596428,0.522918715998895,0,prime
2026-06-09,1.0346469628362651,1.0,1,prime
2026-06-09,0.6938749166699858,0.0,0,prime
2026-06-09,0.3046038986734456,0.3595647989380173,0,subprime
2026-06-09,-0.5295850911310799,0.8059433543130745,0,prime
2026-06-09,-0.8231998388418563,0.788677500851346,1,prime
2026-06-09,-0.22804121400394003,0.6441472948824872,0,prime
2026-06-09,0.3808108071972206,1.0,1,prime
2026-06-09,-1.2844700373158682,0.350521598041214,1,prime
2026-06-09,2.211154889510168,0.6597077831327243,1,prime
2026-06-09,0.5623445696891447,0.5654909335388026,0,prime
2026-06-09,0.8296733052250407,0.5344568138862343,1,subprime
2026-06-09,-1.2092514968737664,0.18031730953652467,0,prime
2026-06-09,0.46349038099696305,0.32271006864168583,0,prime
2026-06-09,0.9777782635645482,1.0,1,subprime
2026-06-09,1.6892354996515127,0.032309352319814244,1,subprime
2026-06-09,-0.5594371910550362,0.8616765673960906,1,prime
2026-06-09,0.31258758316036217,1.0,1,prime
2026-06-09,-1.1734982644731125,0.12325353265064143,0,prime
2026-06-09,-0.11861280668709448,0.26705055227039004,1,prime
2026-06-09,-0.14612304332715484,0.4237527608888223,0,prime
2026-06-09,1.0050580463112129,0.5196159938825204,1,prime
2026-06-09,1.0120599505650854,0.04321174351876916,0,prime
2026-06-09,0.16370137476399207,0.07494678489420056,0,prime
2026-06-09,-0.517357573926222,0.5649809162922236,1,subprime
2026-06-09,0.37768926080994036,0.7856871862905795,0,subprime
2026-06-09,-0.1317064694134272,0.1539486979506404,0,prime
2026-06-09,-0.14037500498248326,0.6813544764494561,1,subprime
2026-06-09,-1.2063920344883126,0.11174056738118374,0,prime
2026-06-09,-0.847568581080205,0.2464121956942756,0,prime
2026-06-09,-1.4324299895963863,0.6087653915506901,1,subprime
2026-06-09,-1.3397068837286756,0.7801845087777846,1,prime
2026-06-09,-0.05880422121939738,0.22715920912434823,0,subprime
2026-06-09,-0.6413307754593267,0.3806409582033898,1,subprime
2026-06-09,0.8243331976732338,0.7782947386843184,0,subprime
2026-06-09,0.6344021740757397,0.19097268267692516,0,prime
2026-06-09,0.2639533219530351,0.19860914899528093,0,prime
2026-06-09,0.2662262612475114,0.3367288437095963,1,prime
2026-06-09,-1.7314569755112508,0.4591705860851325,0,prime
2026-06-09,-0.4964685627841333,0.5122032609571986,0,prime
2026-06-09,-0.502100732659382,0.4993268160576313,0,prime
2026-06-09,-0.4322896084895149,0.48869244896977015,0,subprime
2026-06-09,0.03115284978984395,0.23064985514744268,0,prime
2026-06-09,1.419603614384201,0.42904307192585045,0,prime
2026-06-09,1.1685110770247538,0.0,0,prime
2026-06-09,0.0702153287998137,0.0,0,prime
2026-06-09,0.8818414024090272,1.0,1,prime
2026-06-09,1.2651965030331611,0.6968922622387375,1,prime
2026-06-09,-0.18190073959431355,1.0,1,subprime
2026-06-09,0.8946655690569163,0.17142067199616964,0,prime
2026-06-09,0.3041034174499241,0.5700977831311962,1,prime
2026-06-09,1.5582583959526501,0.2986331033800898,0,prime
2026-06-09,1.7681114540271792,0.33070820523433087,0,prime
2026-06-09,-0.3167078158894404,0.44900989270200886,1,prime
2026-06-09,1.5366778914070256,0.0,0,subprime
2026-06-09,0.69263580929418,0.1292608274498538,0,prime
2026-06-09,0.31150370067047534,1.0,1,subprime
2026-06-09,-3.1996102405598674,0.639412346529561,1,prime
2026-06-09,0.28689439198406186,0.6294272791371842,0,prime
2026-06-09,1.2973686262338984,0.579478400632085,1,prime
2026-06-09,0.9220001210959705,0.0,0,prime
2026-06-09,-0.6471011477650856,0.5832530911057128,0,prime
2026-06-09,-2.062521870479227,0.47280448780121176,0,prime
2026-06-09,-0.16006973902163144,0.5024932119265266,1,prime
2026-06-09,0.1671339071100612,0.27915050442675127,0,subprime
2026-06-09,-0.47690063568465035,0.056679242447106315,0,prime
2026-06-09,0.8861116418600005,0.7142358134259247,1,prime
2026-06-09,2.2665366224112393,1.0,1,prime
2026-06-09,-0.3327562618975476,0.21021329271666944,0,prime
2026-06-09,-1.9843758828436706,0.6210703513927351,1,subprime
2026-06-09,-0.8803257930180463,0.7611962701096658,1,prime
2026-06-09,-1.9437527792213922,0.4576597869093487,1,prime
2026-06-09,-1.559623160445899,0.1439585260831162,1,prime
2026-06-09,0.3510432669346826,0.8213499547142413,0,subprime
2026-06-09,0.11272680163275359,0.0,0,subprime
2026-06-09,-0.2561484413064191,0.47612166131522327,0,prime
2026-06-09,1.6009850108769341,0.20626191951564427,0,prime
2026-06-09,0.5635732320366779,0.640849183803158,0,prime
2026-06-09,1.081536641582464,0.0,0,subprime
2026-06-09,0.6536476286317419,0.327628778141559,0,subprime
2026-06-09,-0.5183314651616333,0.6603560761423246,1,prime
2026-06-09,0.9915742393501485,0.03616254370209038,0,prime
2026-06-09,-0.04521520654104644,0.18431013848288286,0,subprime
2026-06-09,0.04928529500796955,0.7122946944923008,1,subprime
2026-06-09,-1.5765137248444165,0.4515826525002119,1,prime
2026-06-09,0.9926068723082091,0.5233746756142232,1,subprime
2026-06-09,1.0333756817303685,0.0,0,prime
2026-06-10,-0.47755238386139776,0.15850849178802837,0,subprime
2026-06-10,-0.037396379510166555,0.6005044430706173,0,subprime
2026-06-10,-2.2664846212646546,0.7553005631725758,1,prime
2026-06-10,-0.2175332818909419,0.413904104685641,0,subprime
2026-06-10,-0.5429033028095729,0.8995415604931235,1,prime
2026-06-10,0.0007537549023288459,0.5644545639902969,1,prime
2026-06-10,-1.0117131066048133,0.21557338214740196,0,prime
2026-06-10,0.1890945192708871,0.4456289519142897,0,prime
2026-06-10,0.5316128283982138,0.7575868669872248,1,prime
2026-06-10,0.8856017761038981,0.3820979497094921,1,prime
2026-06-10,0.5847832397342965,0.4612223103487991,1,subprime
2026-06-10,1.3246682194836294,0.6662678006874578,0,prime
2026-06-10,1.769455200531954,0.7246568074091714,1,prime
2026-06-10,0.3646673416808639,0.7689905140676877,1,prime
2026-06-10,0.38663778018103967,0.27917717870619796,0,prime
2026-06-10,0.4026829588919714,0.0,0,subprime
2026-06-10,-0.02818785827824266,0.7148529583602201,1,prime
2026-06-10,-0.5933848296760086,0.8132629043857968,1,prime
2026-06-10,-1.1351813339554275,0.29945112867919843,1,subprime
2026-06-10,-0.4664685476565307,0.46412783253581286,1,subprime
2026-06-10,-0.08929832353930578,0.12630252389776672,0,subprime
2026-06-10,0.46277903289389355,0.7668529358328056,1,prime
2026-06-10,1.0288099307857606,0.2767074826436608,0,prime
2026-06-10,0.7598516991958321,0.0,0,subprime
2026-06-10,-1.5632104540443854,0.6322090479452013,0,prime
2026-06-10,-0.16207931999304803,0.6451457878707868,1,prime
2026-06-10,-0.04680145209120723,0.10850972052733115,0,subprime
2026-06-10,-0.627856695782715,1.0,0,prime
2026-06-10,-0.4056430562110176,1.0,1,subprime
2026-06-10,0.1961136519802117,0.6923214622190154,1,prime
2026-06-10,0.13896567197800563,0.3969556707446249,0,subprime
2026-06-10,0.4072228816468516,0.288462711752243,0,subprime
2026-06-10,1.7942853854779117,0.6500278521148839,0,prime
2026-06-10,0.032728598572227846,0.48828754965974774,1,prime
2026-06-10,-0.4074590996317954,0.27554871626082283,1,subprime
2026-06-10,0.3654373187443838,0.6903513713260205,0,subprime
2026-06-10,0.3474884310558096,0.3118535048191375,0,prime
2026-06-10,0.42465472040144675,0.297223148787371,1,subprime
2026-06-10,0.12868084206358749,0.33419807609227653,0,prime
2026-06-10,0.5358468463981734,0.8545240761051927,1,prime
2026-06-10,0.32222756997985874,0.046007113720556714,0,prime
2026-06-10,0.40355271898030454,0.4428118447742625,1,prime
2026-06-10,-0.612833454317429,0.09338535556504693,0,subprime
2026-06-10,0.6593716847803432,0.3666711091174442,1,subprime
2026-06-10,-0.2530009194382418,1.0,0,prime
2026-06-10,0.8063873779384622,0.6699964068575148,1,prime
2026-06-10,1.5806381015455049,0.1827900975616619,0,prime
2026-06-10,-0.727918574616027,0.7866234834767357,0,subprime
2026-06-10,-0.7640491443746613,0.0,0,subprime
2026-06-10,-1.6761556120096768,0.20652546222259033,1,prime
2026-06-10,-1.771866370666224,0.6295659794030638,1,subprime
2026-06-10,0.3700643727596712,0.8189792808916805,1,prime
2026-06-10,-1.2806370677098187,0.014467335842753282,1,prime
2026-06-10,0.49981376021413043,0.6558778112874595,1,prime
2026-06-10,0.5260414769072583,0.9649995348361163,1,subprime
2026-06-10,-1.3571037119437945,0.23495125689259622,0,prime
2026-06-10,0.8168564104754312,1.0,1,prime
2026-06-10,-1.0837254557448386,0.07291404298278598,0,prime
2026-06-10,0.574072254165746,0.6170580544450656,0,prime
2026-06-10,0.880567466547315,0.6896385036537824,1,prime
2026-06-10,0.7493848595025747,0.8234753749239945,1,subprime
2026-06-10,1.8161379238756106,0.9767826822098704,1,subprime
2026-06-10,1.1447934128521975,0.9579954027727693,1,prime
2026-06-10,-1.074420226873901,0.3960703035615004,1,prime
2026-06-10,-1.0748989566734575,0.8632839646562028,1,subprime
2026-06-10,0.07533229236210154,0.06864343816115048,0,subprime
2026-06-10,-0.27042426850169937,0.6033557075396276,1,prime
2026-06-10,0.022498813180411775,0.0,0,prime
2026-06-10,0.8736005374194561,0.4933341128474037,0,subprime
2026-06-10,-1.1514604712813497,0.2286559439369426,0,subprime
2026-06-10,-0.20707406800052286,0.9429999370792976,1,prime
2026-06-10,0.4411500287444743,0.3139572858459426,0,subprime
2026-06-10,-0.8699780563974183,0.5202142521433992,0,subprime
2026-06-10,0.5191658568447091,0.7740198823206826,0,prime
2026-06-10,0.07372420058061943,0.10383183743087027,0,prime
2026-06-10,-0.40853457450411057,0.5366027195462587,1,prime
2026-06-10,-1.9039361210702,1.0,0,prime
2026-06-10,-0.1063491908100273,0.5556583218864184,0,prime
2026-06-10,0.26679110868604106,0.9135947162423574,1,prime
2026-06-10,0.6267880547102446,0.3081963863941218,0,prime
2026-06-10,-0.6385484805451265,0.45346668827717623,0,prime
2026-06-10,1.3112667807659455,0.05616692015685004,0,subprime
2026-06-10,-0.521780094860213,1.0,1,prime
2026-06-10,-0.8770382552782879,1.0,0,prime
2026-06-10,3.3962464332821956,0.40292563224238803,1,prime
2026-06-10,-1.3024683738874203,0.40711510006977386,0,subprime
2026-06-10,1.0645531878269914,0.4117324061429583,1,prime
2026-06-10,0.9326172522716816,0.5524193477124442,1,subprime
2026-06-10,0.667961890510195,0.4472685895297146,1,prime
2026-06-10,0.15021124547405493,0.4436732575151521,0,prime
2026-06-10,-0.6796948076017929,0.8896417528761195,1,prime
2026-06-10,0.2490937977888304,0.175490498116846,0,prime
2026-06-10,0.924778415512085,1.0,1,prime
2026-06-10,-0.6975275655426127,0.6008903014891265,1,prime
2026-06-10,-0.21128481929887394,0.04201400637977326,1,prime
2026-06-10,0.9041870611175012,0.0,0,subprime
2026-06-10,-0.3508709552618119,0.7877078039782501,1,subprime
2026-06-10,0.5560027853399214,0.31103511436574593,1,prime
2026-06-10,0.28945407447349114,0.4979658629139419,1,prime
2026-06-10,1.0801779268670506,1.0,1,prime
2026-06-10,-1.7722830489721488,0.8220588050977586,1,subprime
2026-06-10,3.157577615994406,0.0,0,prime
2026-06-10,0.47182657213318857,0.0,0,prime
2026-06-10,0.9650061736012457,0.38063647431463665,0,prime
2026-06-10,2.2817230936356903,0.5739924223055032,1,subprime
2026-06-10,0.8991628532470488,0.5414102557504537,1,prime
2026-06-10,-0.23361742974997907,0.9479874129793951,1,prime
2026-06-10,0.7620646613552532,0.4924190320876314,0,prime
2026-06-10,0.3711198054104761,0.0,0,subprime
2026-06-10,-0.22010094272111247,0.3621097214690718,0,prime
2026-06-10,0.06114848249605795,0.4351166160909546,1,subprime
2026-06-10,-0.4912926453504669,0.0,0,subprime
2026-06-10,0.0671019197815172,0.23599886390747454,0,prime
2026-06-10,1.0852586063786003,0.7361879025831767,0,prime
2026-06-10,2.452089836541537,0.10446560645655978,1,prime
2026-06-10,0.016626821357931698,0.743743299071423,1,subprime
2026-06-10,0.7272536925088919,0.6260757799804479,1,prime
2026-06-10,-0.4049239586283714,0.16873894032686654,1,prime
2026-06-10,-0.6805494565266439,0.7197033371173659,0,subprime
2026-06-10,-1.1401285182608287,0.4907973332130081,1,prime
2026-06-10,0.990649191665975,0.5100599822778312,0,subprime
2026-06-10,0.720877014494285,0.33002717453907965,0,prime
2026-06-10,-1.3381790738170172,0.8629513772178966,1,subprime
2026-06-10,0.43200532684589377,0.5426002135614613,1,prime
2026-06-10,-0.6656713754522484,0.5439745400403243,1,subprime
2026-06-10,1.6965909878680692,0.864242260392831,1,subprime
2026-06-10,0.1929255598435752,1.0,1,prime
2026-06-10,0.062472822722015764,0.2810471572887846,0,prime
2026-06-10,0.4061670199644991,0.12220488408091054,0,prime
2026-06-10,-0.9093941819853716,0.5428173466387376,1,prime
2026-06-10,0.03855663102123158,0.10932483038120985,0,prime
2026-06-10,-0.2360446833838215,0.46862078155255404,0,prime
2026-06-10,1.477406029317966,0.11090998138685854,0,prime
2026-06-10,0.16980280255733468,0.3845614907876393,0,prime
2026-06-10,-0.7751179541804638,0.40498726312111777,1,prime
2026-06-10,0.929843301388247,0.6143270855684302,1,subprime
2026-06-10,-0.42356298946925564,1.0,1,prime
2026-06-10,1.0203152035647822,0.6212722340014609,0,prime
2026-06-10,-0.8795514294090946,0.28834903743929724,0,subprime
2026-06-10,-1.1955098428788569,0.9852715663369929,1,prime
2026-06-10,-0.9031146423700572,0.7522453735116394,0,subprime
2026-06-10,0.31352523874743427,0.020415408724555995,0,prime
2026-06-10,-1.290460341708152,0.2659065713380377,1,prime
2026-06-10,-0.6170042407606247,0.3724073026393608,1,prime
2026-06-10,0.8156639038700174,0.2766024557096526,0,subprime
2026-06-10,0.5508986697876678,0.5776371174994994,1,subprime
2026-06-10,0.49436358212114256,0.9405397076928613,1,prime
2026-06-10,-0.10948848848424059,0.40258090693887383,0,prime
2026-06-10,0.827687003543934,0.24305890706492927,0,prime
2026-06-10,0.5570645889868375,0.12473102721681184,1,subprime
2026-06-10,1.2072089107323878,0.6679409344975723,1,prime
2026-06-10,2.103501145924857,0.6959101206351693,1,prime
2026-06-10,-0.44966430902476684,0.2380766088302398,1,prime
2026-06-10,0.6960099994495541,0.16188558910223014,0,prime
2026-06-10,-1.2952962846589733,0.6017309182699525,1,subprime
2026-06-10,1.0491984690469045,0.8490251044757999,0,subprime
2026-06-10,0.3330287805322074,0.0037589818999413938,1,prime
2026-06-10,0.45051465546460057,1.0,1,prime
2026-06-10,1.6766845705271347,0.8223925681259089,0,prime
2026-06-10,0.9114063382243788,0.41083704991238423,0,subprime
2026-06-10,1.279301314153709,0.17886192604011636,0,prime
2026-06-10,-1.0687160350079603,1.0,1,prime
2026-06-10,1.0113186770107063,0.5278224240662721,0,prime
2026-06-10,-0.7971572738360352,0.43272878793828556,0,prime
2026-06-10,0.9851383021171493,0.0,0,prime
2026-06-10,0.108121059649408,0.2587070975550481,0,prime
2026-06-10,0.918403938961002,0.3251484842537663,0,prime
2026-06-10,0.32450491859870195,0.466717984582684,0,prime
2026-06-10,0.23858258643319374,0.4379442776068118,0,prime
2026-06-10,0.15486376353241488,0.7964300068629386,1,prime
2026-06-10,-2.6289542503342087,1.0,1,prime
2026-06-10,-0.2766214394442904,0.13732273136343562,0,prime
2026-06-10,-1.3380371125194466,0.596127150236718,1,subprime
2026-06-10,0.3281935996848806,0.3113688135997616,0,subprime
2026-06-10,0.9958715151811965,0.5369830459245164,0,prime
2026-06-10,-0.526076223587079,0.6451939472043325,1,subprime
2026-06-10,0.7533873447816344,0.32303995891696996,1,subprime
2026-06-10,0.5677565020976985,0.032488871462244884,0,prime
2026-06-10,-0.6678169701580279,0.38194990648453264,1,prime
2026-06-10,0.03375631873682983,0.8552720772300555,1,subprime
2026-06-10,0.12976779626882834,0.04798658584925214,0,prime
2026-06-10,-0.5668321160272866,1.0,1,prime
2026-06-10,0.2824676916345427,0.022094811581209517,0,subprime
2026-06-10,-0.7922560459480135,0.5040125518498663,0,prime
2026-06-10,-1.3140240377791614,0.0,0,prime
2026-06-10,0.06120342852318747,0.5158056942738931,1,prime
2026-06-10,-0.056995090968534334,0.91338579900991,1,prime
2026-06-10,-0.16994644444161633,0.311306181240227,0,prime
2026-06-10,0.6329600767258252,0.8908018005255338,0,prime
2026-06-10,0.546207484060518,0.012693309695768651,0,prime
2026-06-10,-0.2336484375811433,0.30749747202532013,0,subprime
2026-06-10,0.48270969349716153,0.6472757738443953,0,prime
2026-06-10,-0.7203134459136668,0.42155609239887054,1,prime
2026-06-10,-0.23900639772867266,0.347611361325992,0,prime
2026-06-10,0.33430830398115385,0.11625940572164292,0,prime
2026-06-10,-0.6430630361408568,0.8728638302037247,1,prime
2026-06-10,0.608686931565406,1.0,1,subprime
2026-06-10,0.5987886656361464,0.8729392345302803,1,subprime
2026-06-10,0.5394528603194058,0.4395407213845588,0,subprime
2026-06-10,-0.7763371888341931,0.22869754041774493,0,prime
2026-06-10,0.4325148184835908,0.4506096327888397,0,prime
2026-06-10,-0.9716891857570583,0.4627858625695327,0,subprime
2026-06-10,0.6424695850595907,0.597982105575573,0,prime
2026-06-10,0.07764171431616654,0.0,0,subprime
2026-06-10,0.01090729850257216,0.06055805950226417,0,prime
2026-06-10,-0.216011442380119,0.38087982445806834,0,prime
2026-06-10,-0.29109012820398467,0.6565936340918068,1,prime
2026-06-10,1.4575078050352221,0.9598625181660578,1,prime
2026-06-10,-0.3492193532950938,0.7273960768124111,0,subprime
2026-06-10,-0.042687386643307096,0.4056948686645778,0,prime
2026-06-10,1.572982603728946,0.8168019016835877,1,prime
2026-06-10,0.2864498732262645,0.6003294626920783,0,prime
2026-06-10,-0.21963661355117658,0.1840034748098003,0,prime
2026-06-10,-0.6323957940694004,0.42586742726050436,1,subprime
2026-06-10,1.6732521962292108,0.0,0,prime
2026-06-10,-1.1946041376384344,1.0,0,prime
2026-06-10,1.4403508408068606,0.1532756495513458,0,prime
2026-06-10,-0.34261530673167895,0.9745360294012642,1,prime
2026-06-10,-0.15065999088600301,0.13349807167435268,0,prime
2026-06-10,-0.4322842004608274,0.14121556427459736,0,subprime
2026-06-10,-1.3962024340795165,0.4679858639052023,0,prime
2026-06-10,-0.26333048810807935,0.3149147082510773,1,subprime
2026-06-10,-0.08709904956450576,0.35367451119292437,0,prime
2026-06-10,-1.5975658110255755,0.7464143005100865,0,prime
2026-06-10,0.11820155685190353,0.43409104331089976,0,subprime
2026-06-10,2.0650263799827204,0.30769258996588306,0,prime
2026-06-10,-1.7851735950439687,0.44792264570646534,0,prime
2026-06-10,0.6576740934774854,0.08919954560199872,0,prime
2026-06-10,0.0007350088947379041,0.0,0,prime
2026-06-10,1.5801474551252852,0.3476123063891568,0,prime
2026-06-10,1.2176442654441786,0.8065205077662007,1,prime
2026-06-10,0.636931336195242,0.7206785792530199,1,subprime
2026-06-10,-1.5281927964720512,0.2552779162842688,0,prime
2026-06-10,-1.2952550935789557,0.5710316078554383,0,prime
2026-06-10,-0.749239406979081,0.4048864994185271,1,prime
2026-06-10,2.709203033009953,0.18812602860530533,0,prime
2026-06-10,1.1129271138875274,0.199110530869791,0,prime
2026-06-10,0.6715588253518232,0.37059435220515613,1,prime
2026-06-10,1.7586957375367276,0.03267031029959022,0,prime
2026-06-10,0.3937401380588179,0.58461543053508,0,prime
2026-06-10,0.6714975375985566,1.0,1,prime
2026-06-10,0.12461053573669573,0.5596422576226756,0,prime
2026-06-10,2.098403218299048,1.0,1,prime
2026-06-10,-1.617131131892588,0.44161222506314646,1,prime
2026-06-10,1.2058651780348053,0.9476708748983198,1,prime
2026-06-10,-1.1938687496716107,0.22360195971437113,1,subprime
2026-06-10,-0.2889646065726902,0.4841650209189392,1,prime
2026-06-10,-0.962631899857053,0.8342584702537374,1,prime
2026-06-10,0.2506352692412093,0.47104492729649167,0,prime
2026-06-10,0.5033196622572702,0.9756462965630768,1,prime
2026-06-10,-0.8609097334836769,0.4348918474155741,0,prime
2026-06-10,-0.15412115292440515,0.6690186169164913,1,subprime
2026-06-10,-1.568574499025837,0.6412520848774125,0,prime
2026-06-10,0.1625528601944497,0.6655802399620359,0,subprime
2026-06-10,0.7273553808463229,0.0,0,prime
2026-06-10,-0.009535949924791592,0.0,0,prime
2026-06-10,-0.6532537851044687,1.0,0,prime
2026-06-10,-0.4301721022103462,0.1547579747883591,0,prime
2026-06-10,1.1790264827366324,0.7519925060596849,0,prime
2026-06-10,0.6657900090132751,0.37949053976241565,1,prime
2026-06-10,-1.3510702864498887,0.9605538147540347,1,prime
2026-06-10,-1.820672575119302,0.6773765225762451,1,subprime
2026-06-10,0.5805908623570997,0.7912651220428271,1,prime
2026-06-10,1.069644657331485,0.29153164701178197,0,subprime
2026-06-10,-0.30424740590220556,0.446519166082948,1,prime
2026-06-10,-0.9598216070292455,0.6070288868641314,1,prime
2026-06-10,-1.0535485358421122,0.4779990490535693,1,prime
2026-06-10,0.495540674271497,0.705345939386954,1,subprime
2026-06-10,-0.8399296103637016,0.854860476597015,1,subprime
2026-06-10,0.23994678731443955,0.7246073837419857,1,prime
2026-06-10,-0.7343768645735212,0.5818729493327178,1,prime
2026-06-10,-1.3808130790720354,0.23433467300650931,0,subprime
2026-06-10,0.4077691935630314,0.9463407862334765,1,subprime
2026-06-10,0.19338874389399907,0.5552357196546612,0,prime
2026-06-10,-1.3839326918165282,0.19672464872976164,0,subprime
2026-06-10,1.3963461921722184,0.3620719480272674,0,subprime
2026-06-10,-1.2984542844003788,0.15915007023769318,0,prime
2026-06-10,0.7318893444681027,0.4090725569593702,0,prime
2026-06-10,-0.5246347018123642,0.5184401540143948,1,prime
2026-06-10,1.78535608987226,0.48285956383672257,1,prime
2026-06-10,-0.3921659773544054,0.7454732452485868,1,prime
2026-06-10,-0.37453877192921103,0.5535106182706881,0,prime
2026-06-10,0.6459319695863692,0.13712085783273925,0,prime
2026-06-10,1.676850533611593,0.3686367824701837,1,prime
2026-06-10,0.184384957689812,0.22096289709612504,0,subprime
2026-06-10,2.580839444880274,0.7978538146016622,1,subprime
2026-06-10,-0.23978999765725317,0.5271799575470357,0,prime
2026-06-10,0.05070134660742709,0.0,0,prime
2026-06-10,-0.5854803400881593,0.382377214923986,1,subprime
2026-06-10,2.152622438152158,0.0,0,prime
2026-06-10,2.393873020128262,0.5652855805784635,1,subprime
2026-06-10,-0.5762020169779289,0.6227965442670707,0,prime
2026-06-10,0.8334339070330183,0.39922866227764897,0,prime
2026-06-10,0.10459012005069773,0.3441651196210268,0,prime
2026-06-10,1.3365724086093342,0.0,0,prime
2026-06-10,0.47973722035769173,0.835735545971653,0,prime
2026-06-10,-0.3377801305749093,0.0,0,prime
2026-06-10,0.888875209656434,0.0,0,prime
2026-06-10,1.456700318104656,0.0,0,subprime
2026-06-10,0.7982801242221497,0.7185313802428686,0,subprime
2026-06-10,2.110276818631006,1.0,1,prime
2026-06-10,1.9653955089338773,0.28257470719997163,1,subprime
2026-06-10,-0.005851989532313029,0.31281316923051233,0,prime
2026-06-10,0.3449757677635356,0.5243839128387877,1,prime
2026-06-10,-0.42225672183701013,0.27133891589574827,0,subprime
2026-06-10,0.623297545173972,0.32714969693489193,0,prime
2026-06-10,-0.1161647224784782,0.33762638654596633,0,subprime
2026-06-10,0.6724006958285518,0.09692602149405372,0,prime
2026-06-10,-1.1987460142517659,0.48260218519646036,1,prime
2026-06-10,1.18593418879373,0.9219688149007104,1,subprime
2026-06-10,0.5636188737461528,0.48892398093348854,0,prime
2026-06-10,-0.34584792193430014,0.6082044698520326,0,prime
2026-06-10,0.38160145872140094,0.47962111125268325,1,subprime
2026-06-10,-1.2317953522744047,0.9006136673897758,1,prime
2026-06-10,0.2905378742257307,0.2718174790627379,1,prime
2026-06-10,2.6264461462882718,0.7643626288129203,1,prime
2026-06-10,0.13215057218127196,0.7235427188192204,1,subprime
2026-06-10,-0.9646741015583938,0.6999103547746152,1,prime
2026-06-10,0.3698129901478819,0.6824010623684663,1,prime
2026-06-10,1.3622874767726794,0.9655470357630953,1,prime
2026-06-10,0.8693489067502286,0.3228018883512942,0,prime
2026-06-10,2.0081361186106554,0.17144311730740647,1,subprime
2026-06-10,-1.3910374625056527,0.6239752553691233,0,prime
2026-06-10,0.052509970363376374,1.0,1,prime
2026-06-10,0.9342483125323311,0.3585030129494048,0,prime
2026-06-10,1.0306515185254037,0.0012458181209884511,0,prime
2026-06-10,0.3280561672010951,0.009057792799445352,0,prime
2026-06-10,0.461641664858709,0.5586907426664944,1,prime
2026-06-10,0.7749342422031023,0.2418632736635098,1,subprime
2026-06-10,-0.4895750592094871,0.9790100214308508,1,prime
2026-06-10,0.0904583089701803,0.5455242184161656,0,prime
2026-06-10,0.48218885938439826,0.19096634522887812,0,subprime
2026-06-10,-1.3661475553228106,0.6506474183616066,1,prime
2026-06-10,-0.9804988271326697,0.6325614232082104,1,subprime
2026-06-10,-2.42180747953585,0.4649858369964527,1,prime
2026-06-10,-0.49232231571844964,0.16346675273973324,0,subprime
2026-06-10,0.486773574116826,0.7364954259927122,1,prime
2026-06-10,-0.24179211807527057,0.0,0,prime
2026-06-10,-0.6902252245270374,0.0,0,prime
2026-06-10,-0.4545747304036827,0.633724670073296,1,subprime
2026-06-10,0.7416056988564849,0.8011210445740949,0,prime
2026-06-10,0.6994094942479151,0.5024171259218806,0,prime
2026-06-10,0.09609446885234992,0.0,0,prime
2026-06-10,-1.5319975927853489,0.0,0,prime
2026-06-10,0.24377292394206854,0.5800125835349906,0,prime
2026-06-10,-0.7299039367909268,0.8198130780319891,1,prime
2026-06-10,-1.2025542727887726,0.5044627674213125,1,prime
2026-06-10,-0.6572509020311798,0.013127554559840549,0,subprime
2026-06-10,0.83593510264606,0.706754705468201,1,subprime
2026-06-10,0.8622207040188935,0.2756482605020854,0,prime
2026-06-10,-0.0022387361045986542,0.5171799990578955,0,prime
2026-06-10,-0.5475193499449416,0.34049414298414893,0,prime
2026-06-10,0.8625549825994603,0.33541934611619295,0,prime
2026-06-10,-0.5490952695199072,0.8795068542418895,1,prime
2026-06-10,0.8676461497233761,0.8883990061821422,1,prime
2026-06-10,-0.12111967135874013,0.46725246478368077,0,prime
2026-06-10,-1.4345369833454003,0.0,0,prime
2026-06-10,1.54787423059424,0.6039219221918769,1,subprime
2026-06-10,0.3712855305414947,0.6824317460887731,1,subprime
2026-06-10,0.6746351881537419,0.38514519874660336,0,prime
2026-06-10,1.133249273759507,0.22140665752348948,0,prime
2026-06-10,-0.8812916934260316,0.8285356460546237,1,subprime
2026-06-10,0.008530554057875728,0.9972964451468451,1,prime
2026-06-10,0.7730441663790516,0.1418885057692591,0,prime
2026-06-10,-0.32946948101274554,1.0,1,subprime
2026-06-10,-0.2420669104906834,0.0,0,prime
2026-06-10,-2.1378707958453513,0.8270204489697754,1,subprime
2026-06-10,0.8475350643558064,0.5307034642037475,0,subprime
2026-06-10,-1.1829921003091712,0.4427967711380649,1,prime
2026-06-10,-0.18564795733461387,1.0,1,prime
2026-06-10,-0.2931800445336304,1.0,1,prime
2026-06-10,0.7001600160458299,0.17439264051374848,1,subprime
2026-06-10,0.09681358339092197,0.05582705681193567,1,prime
2026-06-10,0.0518699236648722,0.08082727297064982,0,prime
2026-06-10,1.6927707873029418,0.5553893067889863,0,subprime
2026-06-10,-2.509563127142803,0.4848252368956276,0,prime
2026-06-10,0.47149175583444913,0.05694341269937603,0,prime
2026-06-10,-0.12402522339379135,0.8670154406815073,0,prime
2026-06-10,-0.035178108778262024,0.07996963516671773,0,prime
2026-06-10,-0.9407296758713471,0.4757518897973115,0,prime
2026-06-10,1.0116178482771438,0.7889568215611616,1,subprime
2026-06-10,1.109062902423197,0.5432036927544399,1,prime
2026-06-10,0.7130784789031731,0.0,0,prime
2026-06-10,-0.7759955494294033,0.5757198214073193,0,prime
2026-06-10,1.3957549857871712,1.0,1,prime
2026-06-10,0.8857937613266799,0.4900930894183232,0,prime
2026-06-10,0.3866604802661869,0.2949961913746131,0,prime
2026-06-10,1.9556987144500817,0.02387500115047142,0,prime
2026-06-10,2.279208189398273,0.26913989263763244,0,subprime
2026-06-10,1.1501811632656929,0.14661285651930137,0,prime
2026-06-10,-0.6313707801685817,0.04895733625819565,1,prime
2026-06-10,0.41298390981884536,0.2641079031112088,1,prime
2026-06-10,1.2940457677339512,0.883933872762206,1,prime
2026-06-10,0.5444286042800499,0.7730871662372437,1,prime
2026-06-10,0.3896967468457503,0.9898459046434613,1,prime
2026-06-10,-1.5786010765790635,0.0,0,subprime
2026-06-10,0.1763913512673078,0.9099882100063539,1,subprime
2026-06-10,-0.37822724384716133,0.6199989073992247,0,prime
2026-06-10,0.23632528621558116,1.0,0,subprime
2026-06-10,0.47185979396395294,0.5496278233980739,0,prime
2026-06-11,-0.5056480160332718,0.464904053856657,0,prime
2026-06-11,-0.335614763786488,0.10208489194772913,0,prime
2026-06-11,1.292249161075119,0.45037276778351926,1,prime
2026-06-11,0.4842546363798655,0.025658545557990464,0,prime
2026-06-11,-1.3613025757430712,1.0,1,prime
2026-06-11,-0.7491017635044178,0.4031822470669245,1,prime
2026-06-11,1.283291604627391,0.9033942079800025,1,prime
2026-06-11,-1.5253625787726945,1.0,1,subprime
2026-06-11,-1.7086335483097144,0.5509180865460961,1,prime
2026-06-11,1.3526643919323775,0.782007443090797,1,subprime
2026-06-11,1.112512950070426,0.16178788446743533,0,subprime
2026-06-11,-1.6272444717269905,1.0,1,subprime
2026-06-11,1.6227338749868503,0.5383924270161722,1,subprime
2026-06-11,-0.06158870687052587,0.0,0,prime
2026-06-11,-0.360890074899199,0.9431450210568548,1,prime
2026-06-11,0.6599787075622258,0.09609351557847909,0,subprime
2026-06-11,0.12062137094657094,0.5614723948896583,1,prime
2026-06-11,1.1715095607698525,0.335898727558027,0,subprime
2026-06-11,3.6233050890719203,0.7331501662505875,1,prime
2026-06-11,-1.143812184287961,0.2739760815016158,1,subprime
2026-06-11,-0.4171285134227528,0.5404007073310153,1,prime
2026-06-11,-0.034281473922593064,0.6179629523654119,0,prime
2026-06-11,-1.161793405954025,0.0419505945358713,0,prime
2026-06-11,0.801830493613288,0.28023143388345645,1,prime
2026-06-11,-0.03497312730003155,0.6885427592152835,1,prime
2026-06-11,0.24913529788458122,1.0,1,subprime
2026-06-11,2.37830286852104,1.0,1,prime
2026-06-11,-0.7210905104370864,0.3873257676433,0,prime
2026-06-11,-1.0479790841282597,0.6536595244155912,1,prime
2026-06-11,-0.7675926305934097,0.41494613108153905,1,prime
2026-06-11,1.0732319198667004,0.7972320955249464,1,prime
2026-06-11,1.0378124876878911,0.6304257590337529,1,subprime
2026-06-11,-0.439395183451022,0.10740029932014547,0,prime
2026-06-11,0.35923214656017194,0.4667881223151316,0,subprime
2026-06-11,1.6708226777595803,0.963561379696459,1,prime
2026-06-11,2.367545585155351,0.7144444154429501,0,prime
2026-06-11,-1.6524311205747773,0.7341539724125029,1,prime
2026-06-11,1.2580989380319227,1.0,1,prime
2026-06-11,0.18035336609921399,0.13511522135955756,1,prime
2026-06-11,0.04614539342682994,0.2957311115027203,1,prime
2026-06-11,-0.574836876100527,0.6782259791057788,1,subprime
2026-06-11,-2.0411036277443846,0.2381930016790954,0,prime
2026-06-11,-2.137774769500453,0.0,0,subprime
2026-06-11,0.16101933881055452,0.7436488184310459,1,subprime
2026-06-11,1.2769724700968843,0.5526504754447289,1,subprime
2026-06-11,-0.5875689904564224,0.33425762839450207,0,prime
2026-06-11,0.09102358280497078,1.0,1,subprime
2026-06-11,-0.3901582013794206,0.27005022947718,0,prime
2026-06-11,-0.7168753420881085,0.25280480193358845,0,prime
2026-06-11,-0.5407854630249759,0.8097624776746819,1,subprime
2026-06-11,-0.6552843822377482,0.4421802043014474,1,prime
2026-06-11,-0.06527318942974436,0.6912716567470296,0,subprime
2026-06-11,-1.0927365715971842,0.4677774403277488,1,prime
2026-06-11,0.33078835131538237,1.0,1,prime
2026-06-11,0.0048539897497010265,0.4747866079879388,0,prime
2026-06-11,0.3444479532514104,1.0,1,prime
2026-06-11,0.47598623510404114,0.7615029548606519,1,prime
2026-06-11,1.5768340957002178,0.9879060220463778,1,prime
2026-06-11,0.2775715370512233,0.0,0,prime
2026-06-11,-0.3164112168236395,0.5492761698907986,0,prime
2026-06-11,1.325193582023184,0.09232701018404826,0,prime
2026-06-11,0.5074016134722621,0.2695637405732151,0,subprime
2026-06-11,0.3221375569236877,0.7210977076953362,0,prime
2026-06-11,-0.7975517610833237,0.33662854777391943,1,prime
2026-06-11,-0.5465682091198275,0.04730479329852871,0,prime
2026-06-11,1.3949749829325757,0.1662405328231954,1,prime
2026-06-11,0.1511022957095003,0.4599383229557019,1,subprime
2026-06-11,0.3049310982667334,0.0,0,prime
2026-06-11,1.370368429814531,0.41625501673069554,0,subprime
2026-06-11,1.6446112419794403,0.43690071813635756,1,prime
2026-06-11,0.7700652898852788,0.5517915585813528,0,prime
2026-06-11,1.4768785933743098,0.8828879612331667,1,prime
2026-06-11,-1.3445845335232316,0.16156607851641272,0,prime
2026-06-11,0.025452189957720583,1.0,1,prime
2026-06-11,2.089760670260347,0.43894772282751143,1,subprime
2026-06-11,0.850655252677659,0.0,1,prime
2026-06-11,-0.4484290649161352,0.334433886911847,1,subprime
2026-06-11,0.9245917609293748,0.0,0,prime
2026-06-11,0.3217886933566426,0.47147113001668184,1,subprime
2026-06-11,1.3426830896151638,0.0,0,prime
2026-06-11,0.9449092436846698,0.5102755410434507,0,subprime
2026-06-11,1.9605770369551676,0.7628328169420817,0,subprime
2026-06-11,-1.9367786094015949,0.2556795019682386,0,prime
2026-06-11,0.6015692579179923,0.23209173412214257,0,prime
2026-06-11,0.01685571017382273,0.895536569890747,1,prime
2026-06-11,0.12609657486530065,1.0,1,prime
2026-06-11,0.3915788470573175,0.6897183287069963,1,prime
2026-06-11,-0.8571946647553533,1.0,1,prime
2026-06-11,-1.396172032693729,1.0,1,prime
2026-06-11,0.15554882992774466,0.7113864217687836,0,prime
2026-06-11,1.800101106003401,0.8174898865873864,1,prime
2026-06-11,0.9308174995041059,0.34989162202939644,1,prime
2026-06-11,-0.42603684561901756,0.9046474204020915,1,prime
2026-06-11,0.8312203104005815,0.5050815974739061,1,prime
2026-06-11,-0.4921297650238592,0.5643312303415797,1,prime
2026-06-11,-0.30063223712829856,0.4379709924307028,0,prime
2026-06-11,-0.4006546991654363,0.4506788776632342,0,subprime
2026-06-11,0.5834877787387687,0.19849596503477682,0,prime
2026-06-11,-1.1575776559326698,0.1115987714875038,0,prime
2026-06-11,-1.022645746869947,0.21197711037927502,1,prime
2026-06-11,0.8009103627985547,0.0,0,prime
2026-06-11,1.207190673677862,0.02826901348558286,1,prime
2026-06-11,-0.3997038827237719,0.7501865770267283,1,subprime
2026-06-11,-1.2116173774304535,0.4341225001152501,0,prime
2026-06-11,-1.1296949104742144,0.770286132018809,1,prime
2026-06-11,0.7453633962919823,1.0,1,prime
2026-06-11,0.7261980520123796,0.22028137895178412,0,prime
2026-06-11,-1.6795618185427874,0.5662151977034633,0,prime
2026-06-11,1.1889699106784812,0.4994077641984891,0,prime
2026-06-11,-0.014955099109602854,0.5074994770019507,1,prime
2026-06-11,-0.040448775787492286,0.14753345236993504,0,subprime
2026-06-11,-0.7119393813351219,0.7242176655123423,1,subprime
2026-06-11,2.1460115410876597,0.7636469076788686,1,subprime
2026-06-11,-0.6803302841424345,0.0,0,prime
2026-06-11,-0.01015495338711303,0.5581393428692657,0,subprime
2026-06-11,0.5801141910432893,0.04990416114565577,1,prime
2026-06-11,0.82340089497475,0.8444905844185994,1,prime
2026-06-11,0.8880256228775117,0.42210242047455626,1,prime
2026-06-11,-2.3416090855836003,0.4148369273221975,1,subprime
2026-06-11,0.4214947205434708,0.5605306229535993,0,subprime
2026-06-11,0.6505758649206953,0.5919709100813983,1,prime
2026-06-11,-1.802016503510763,0.6123653528193675,0,prime
2026-06-11,0.5940840563905765,0.6976462768336754,1,prime
2026-06-11,-1.0124016323730833,0.15679088185732049,1,prime
2026-06-11,0.8091218850542482,0.2200180729452228,1,prime
2026-06-11,0.6484558137455226,0.0,0,prime
2026-06-11,-0.06382300099228416,0.32772416176880764,1,subprime
2026-06-11,0.8032339231441514,0.4223227427634016,1,prime
2026-06-11,-0.7584664887108706,0.831351222389413,0,prime
2026-06-11,0.32436789118248016,0.1862461982686133,0,prime
2026-06-11,0.3197021125450661,0.0,0,prime
2026-06-11,1.0844889237704338,0.5705543375056136,0,subprime
2026-06-11,-1.3279686763784406,0.17392538788655515,0,prime
2026-06-11,1.2034929537816037,0.5184620226246801,1,subprime
2026-06-11,0.6603110957681809,0.1451695842132793,1,prime
2026-06-11,0.1343684630847113,0.6250670583410884,0,subprime
2026-06-11,0.46276733334559056,1.0,0,prime
2026-06-11,-1.29604350026829,0.771045563701009,1,prime
2026-06-11,-0.21463477050134017,0.684226070098604,0,prime
2026-06-11,-0.002652441659717203,0.977821850745564,1,prime
2026-06-11,-1.387928294575207,0.5853011026211391,1,prime
2026-06-11,-0.9988729142174219,0.2689316433034034,1,prime
2026-06-11,-0.5657890514877146,0.7966991391751658,1,prime
2026-06-11,-1.0865462144880063,0.662098745542036,1,prime
2026-06-11,0.8942554287539105,0.4798649026802636,0,prime
2026-06-11,-0.09938957957899008,0.5554170559716722,1,prime
2026-06-11,-0.7741872760627305,0.0,0,prime
2026-06-11,0.4490645302178901,0.31907314749864063,0,subprime
2026-06-11,0.6140172583268979,0.0,0,prime
2026-06-11,0.34279694837480595,0.571598577466446,0,subprime
2026-06-11,0.1866136905942826,0.4311842483741906,0,prime
2026-06-11,0.8061343918297118,1.0,1,prime
2026-06-11,0.8702802733928984,0.7440514161424938,0,prime
2026-06-11,-1.0304820471067497,0.2880509987432422,0,prime
2026-06-11,0.40476067449834296,0.8462912652944152,0,prime
2026-06-11,0.006407753216815276,1.0,1,prime
2026-06-11,-0.8618457144112727,0.49732483363477975,1,prime
2026-06-11,-0.835471503703411,0.5881390460898355,0,prime
2026-06-11,0.7728656646374045,0.07797855425972902,0,prime
2026-06-11,-0.2536805801362482,0.09485400647618264,0,prime
2026-06-11,0.8441850791446313,0.207730450730092,0,subprime
2026-06-11,1.1667763130786848,0.09631821963792,0,prime
2026-06-11,-1.3074125727597572,0.42521847810215957,0,prime
2026-06-11,-0.09150635005722701,0.7736697548245735,1,prime
2026-06-11,-0.13688085921105958,0.0,0,prime
2026-06-11,-0.2795687695786718,0.8005084889408869,1,prime
2026-06-11,-0.38650572208663514,0.5718788202217775,0,prime
2026-06-11,-0.035957944016985655,0.08977181196919032,0,prime
2026-06-11,-0.4083094979068703,0.3411093229865495,0,prime
2026-06-11,0.4599986303047794,0.5354619483774226,1,subprime
2026-06-11,0.454386048763015,1.0,1,prime
2026-06-11,-0.1184860329824815,0.05334220053149902,0,subprime
2026-06-11,1.3503285422586209,0.3848015597250926,1,prime
2026-06-11,-0.7660411618034366,0.0,1,subprime
2026-06-11,3.0806278899100894,0.743410914992552,1,subprime
2026-06-11,0.48382221339313614,0.7264380706867599,1,subprime
2026-06-11,0.9793032467607077,0.43400882108199895,0,subprime
2026-06-11,1.9715883793143645,0.8128545910657311,1,prime
2026-06-11,0.7705363161093713,0.6243784457554884,1,prime
2026-06-11,-2.8833153557578073,0.1723890896757742,0,prime
2026-06-11,0.2463245577156426,1.0,1,subprime
2026-06-11,-1.900958456055064,0.4835163873057786,1,subprime
2026-06-11,1.5475182537002725,0.8728977469071169,1,prime
2026-06-11,0.32253861707969184,0.5971043193614786,0,prime
2026-06-11,-0.7860262358921749,0.2783542697396321,0,subprime
2026-06-11,0.6578975848012292,0.8585790065345122,1,prime
2026-06-11,-0.902962619226411,0.9492719417818567,1,prime
2026-06-11,-0.9154400627562148,0.0,0,subprime
2026-06-11,1.4272561018769365,0.41635477222743095,1,prime
2026-06-11,-0.3964711607201149,0.0,0,prime
2026-06-11,-1.3700311420462206,0.0,0,prime
2026-06-11,2.3831520900552987,0.7284077584209938,0,prime
2026-06-11,-0.6002171015816942,0.976881276689104,1,subprime
2026-06-11,-0.44114106987084356,0.17505317617171218,0,subprime
2026-06-11,0.3341317974023742,0.24970919588400026,0,prime
2026-06-11,-0.40518684805927896,0.5084213840630869,0,prime
2026-06-11,-0.36196949142421475,0.2764382557343087,0,prime
2026-06-11,0.8542535050705926,0.15050979206641477,0,prime
2026-06-11,0.138844305517845,0.9706946739383173,1,prime
2026-06-11,-1.6743122302246682,0.15872906722422322,0,prime
2026-06-11,1.4875683315288257,0.0,0,subprime
2026-06-11,-0.8922370090760005,0.8244165793212755,1,subprime
2026-06-11,0.05330365580124771,0.7576124694203181,0,prime
2026-06-11,-0.1649597607305171,0.36164322217378503,0,subprime
2026-06-11,-1.044503295988239,1.0,0,prime
2026-06-11,-0.8766076029142241,0.6478251642295227,1,subprime
2026-06-11,0.39838817227083595,0.14816469264458226,0,subprime
2026-06-11,0.23335646434078142,0.6499584691766588,1,prime
2026-06-11,-1.463658642507339,1.0,1,prime
2026-06-11,0.7148434959410569,0.8849766565796364,1,prime
2026-06-11,1.2972896214794365,0.16909393567756573,0,prime
2026-06-11,-0.6883927570055853,0.6898491080955953,1,subprime
2026-06-11,-1.6081793069814005,0.3849220306336453,0,prime
2026-06-11,2.1428527442262393,0.36464054672078183,0,prime
2026-06-11,0.010620513407843257,0.0,0,prime
2026-06-11,0.31163742748978746,0.5954637134153028,0,prime
2026-06-11,0.22785701625142693,0.6785288174360472,1,prime
2026-06-11,-1.2120185368368785,0.747993656081282,1,prime
2026-06-11,0.9851028872805587,1.0,1,prime
2026-06-11,-0.6512235351705312,0.0,0,prime
2026-06-11,0.8974373644091485,1.0,1,subprime
2026-06-11,1.337695235683288,1.0,1,prime
2026-06-11,1.068470209599457,0.6428824185040364,1,prime
2026-06-11,0.8659719688535822,0.30858864835921884,1,subprime
2026-06-11,0.46397528080894707,0.4430216718797329,0,subprime
2026-06-11,-0.32924680435042397,0.4519623425185024,0,prime
2026-06-11,0.35460470939648747,0.9014000660540558,1,prime
2026-06-11,-0.47815838986446857,0.0,0,prime
2026-06-11,0.2398362080939052,0.3602858030079327,0,subprime
2026-06-11,-1.200930813013057,0.6381749526414251,1,prime
2026-06-11,1.276359298318937,0.25470367967255236,0,prime
2026-06-11,-0.3303419423741524,1.0,1,prime
2026-06-11,0.752098219541347,0.7269659377572321,1,subprime
2026-06-11,1.3893788266779192,0.6842584240319034,0,subprime
2026-06-11,-0.23619030556838677,0.8747020725631848,1,prime
2026-06-11,-0.043903027105485715,0.10756799536731129,0,prime
2026-06-11,0.3432231606622699,0.8044689088217627,0,subprime
2026-06-11,0.03066104525738067,0.371935989308378,1,prime
2026-06-11,0.636667583045706,0.0,0,prime
2026-06-11,0.0828553285907957,0.1673714801226353,0,prime
2026-06-11,1.5494066794064336,1.0,1,prime
2026-06-11,0.4184360376569698,0.5605869549381803,0,prime
2026-06-11,0.4533333163714698,0.9508533998963431,1,subprime
2026-06-11,-0.44044820876260715,0.41935544549386006,0,prime
2026-06-11,0.5879202692444637,0.3023048107033868,0,prime
2026-06-11,1.1706104321573048,0.7992276651002482,1,subprime
2026-06-11,-0.9682601939575787,0.37237168457503406,0,prime
2026-06-11,0.9152461840895164,0.20645562244100574,0,prime
2026-06-11,0.971190861164973,1.0,1,subprime
2026-06-11,1.2516160310961006,0.3649740203373062,1,subprime
2026-06-11,1.9923577716985355,0.17609537472216508,1,prime
2026-06-11,0.3183466642485185,0.31969403463377455,1,prime
2026-06-11,1.290255613632329,1.0,1,subprime
2026-06-11,3.575070753505105,0.2782778022543532,1,prime
2026-06-11,0.3150651252075103,0.4962535562792339,1,subprime
2026-06-11,1.7165683936800642,0.6581339999062983,0,prime
2026-06-11,-0.7599513453659289,0.24578383000570514,1,prime
2026-06-11,1.6873420299545212,0.45772443324292134,0,prime
2026-06-11,-0.36827157481422046,0.12739495812496626,0,subprime
2026-06-11,1.7146643467607392,0.399454937215982,0,subprime
2026-06-11,0.05194870566989912,0.0,0,prime
2026-06-11,0.3849779996100642,0.6533788073142563,1,prime
2026-06-11,-1.4749515437435021,0.19959539521801634,0,subprime
2026-06-11,0.3109058684183389,0.2790064832718819,0,subprime
2026-06-11,0.24164109895709096,0.6335559790901351,0,subprime
2026-06-11,0.2060300506844308,0.6684627573108572,1,subprime
2026-06-11,-0.0072933430667198595,0.8697591114512538,1,prime
2026-06-11,0.7187768751839625,1.0,1,subprime
2026-06-11,0.3742838358099809,0.577274890663617,0,prime
2026-06-11,-0.9442693979700542,0.19363228320385095,0,prime
2026-06-11,0.42855537958561557,0.3854022438555206,1,prime
2026-06-11,-0.14142012581341484,0.0,0,prime
2026-06-11,2.2842929088174344,0.5950794130337507,0,subprime
2026-06-11,2.1438013598826418,0.6918356588461572,0,prime
2026-06-11,0.3636922572752012,0.5413509536984483,0,prime
2026-06-11,-0.293811003229247,0.5177644509713466,0,prime
2026-06-11,0.9660251812032016,0.6480883680826408,0,subprime
2026-06-11,-0.9121086815980185,1.0,1,prime
2026-06-11,-1.8998217921625224,0.9982806360503165,1,prime
2026-06-11,-0.5315615382370783,0.2675376161862615,0,subprime
2026-06-11,-0.6524108578417176,0.6033343975291661,0,prime
2026-06-11,0.9968269812017618,0.6276029044120897,1,prime
2026-06-11,0.7676032071809804,0.9693450170185465,1,prime
2026-06-11,1.3469569753519206,0.17771910302326271,0,prime
2026-06-11,-0.7259912221646797,0.16466660407367162,0,prime
2026-06-11,-3.3882861795856956,0.5925758534818085,0,subprime
2026-06-11,0.906750159841999,0.44773975581723247,0,subprime
2026-06-11,-0.0536920886874212,0.797088758670841,1,prime
2026-06-11,0.5401993065840829,0.6712060521767144,1,prime
2026-06-11,0.1226974714842851,0.8226016455285045,1,prime
2026-06-11,2.055721687021508,0.2440055754948312,1,prime
2026-06-11,0.8709624742244279,0.0,0,subprime
2026-06-11,-1.3057916037463686,0.9409248871565941,1,subprime
2026-06-11,0.7776585881032395,0.8020703884646462,0,subprime
2026-06-11,-1.5745067518120885,0.19960026081287818,1,prime
2026-06-11,0.13326639751497743,0.15571187897426275,1,prime
2026-06-11,0.4392782884904094,0.8352156293851254,0,prime
2026-06-11,0.4110710328326762,1.0,1,prime
2026-06-11,-0.6764899222252327,0.27588138445951327,1,prime
2026-06-11,-0.8434540115973365,0.1826275908361479,0,subprime
2026-06-11,0.3706922426261443,0.05064207971635992,0,subprime
2026-06-11,0.5704855743380688,0.6030987292623455,1,prime
2026-06-11,-0.6804104836076116,0.6513186430786053,1,prime
2026-06-11,-0.6775471125180564,0.8046908938405567,1,prime
2026-06-11,0.07716695991632636,0.0,0,prime
2026-06-11,-0.4157573854856521,0.18996913548701458,0,prime
2026-06-11,-1.0249935681871518,0.3874900550545696,0,subprime
2026-06-11,-0.17895473231313885,0.6559783251586013,0,prime
2026-06-11,1.0962132812235592,0.35500237319344696,0,prime
2026-06-11,-1.2228355250239646,0.2822353321594606,0,prime
2026-06-11,-1.9348705795291616,0.24994965036301514,0,prime
2026-06-11,-0.5062242142635586,0.6793730813831963,1,subprime
2026-06-11,-0.5096539444345691,0.5841450169246144,1,subprime
2026-06-11,-0.6031288029300643,0.0,0,prime
2026-06-11,-0.7862777503087964,0.4035570547122186,0,prime
2026-06-11,-1.072117808871237,0.10742328270399501,0,subprime
2026-06-11,-1.4751565614433604,0.3008128428914718,0,subprime
2026-06-11,2.0919199447440695,0.049343393895475374,0,prime
2026-06-11,-1.2898941763713485,0.2757497961878237,0,subprime
2026-06-11,-0.23296219787294492,0.6727107724198367,0,subprime
2026-06-11,0.9715617286526942,0.7706099586851664,1,prime
2026-06-11,-1.1248068414579748,0.5236493463478598,1,prime
2026-06-11,1.288403031927416,0.31850373964945794,1,subprime
2026-06-11,0.7534487052399694,0.27317610808809595,0,prime
2026-06-11,-1.375982570728957,0.3621381124250473,0,prime
2026-06-11,-1.0359203724822925,0.632968162242479,1,prime
2026-06-11,0.5228346017160796,1.0,1,prime
2026-06-11,-0.7416451931515694,0.7162851160494969,1,subprime
2026-06-11,1.6156459813250987,0.20991936311378215,0,prime
2026-06-11,-0.11464763451314225,0.7786771745414972,1,prime
2026-06-11,0.4799345555164285,0.6098028713749566,0,prime
2026-06-11,-0.25076140115492346,0.4515083122842912,0,prime
2026-06-11,0.3823780010060962,0.15040847922660688,0,prime
2026-06-11,-0.3557170003988972,0.7398254028241595,1,subprime
2026-06-11,1.1393023914875418,0.6512966845370665,0,prime
2026-06-11,0.18266394969759756,0.9137974155581444,1,subprime
2026-06-11,-0.7665481367683726,0.9587701851140724,1,prime
2026-06-11,1.0891579124882305,0.8958801947337411,1,prime
2026-06-11,0.9954912419246736,0.0,0,prime
2026-06-11,1.2793348202259232,0.7159103168771641,1,subprime
2026-06-11,-0.17809352443420207,0.4182184888621894,1,prime
2026-06-11,0.9667913421596017,0.7391616495204267,1,prime
2026-06-11,0.1773687167006967,0.0,0,prime
2026-06-11,-0.014019249772902642,0.06675558140084414,0,prime
2026-06-11,-0.37963550803841617,0.6585300552988437,1,subprime
2026-06-11,0.345414968024548,0.4577609910618806,1,prime
2026-06-11,0.19897500448552838,0.37969601048188234,1,prime
2026-06-11,1.1498555058673627,0.08504088264313947,0,prime
2026-06-11,0.39941005829855836,1.0,1,subprime
2026-06-11,-0.7726489414420102,0.01880369164957968,0,prime
2026-06-11,1.2385654498852867,0.14435575263570133,1,prime
2026-06-11,-0.6841292188037605,0.10364717443843943,0,prime
2026-06-11,1.1685279995994082,0.4684052481426888,1,prime
2026-06-11,0.21095434285966355,0.22843269773851488,0,prime
2026-06-11,-0.8127292957220696,0.2630097294134059,1,prime
2026-06-11,0.038696154247954695,0.4861249073462241,1,subprime
2026-06-11,0.5547236293230924,0.011267157833174724,0,subprime
2026-06-11,-0.6904135385477055,0.32601909201800655,0,prime
2026-06-11,-0.5938301937761226,0.658097850971102,1,prime
2026-06-11,2.739236337241715,0.4866031240008273,0,prime
2026-06-11,0.5017405447740484,0.587758544230814,1,prime
2026-06-11,0.4104418775207139,0.8921668549710297,1,subprime
2026-06-11,0.8720646051602086,0.3949680908900959,0,prime
2026-06-11,-0.8468578275890607,0.7870518990912129,1,prime
2026-06-11,0.847052844980156,0.5283608886291978,1,prime
2026-06-11,0.6404136399825687,1.0,1,subprime
2026-06-11,-0.6126700619109854,0.0,0,subprime
2026-06-11,1.2222688368409331,0.7067080872258551,1,prime
2026-06-11,-0.10622440058860355,0.43202230584751156,1,prime
2026-06-11,-0.9990920736201688,0.48151645557614764,0,prime
2026-06-11,-0.33552728416320365,0.10002523454684345,0,subprime
2026-06-11,1.395049085260771,0.0,0,subprime
2026-06-11,0.6080487430489607,0.04480156191201551,0,prime
2026-06-11,1.4099699158161765,0.17197174924221093,0,subprime
2026-06-11,0.3251787225962345,0.8558512082471819,1,subprime
2026-06-11,0.09478198494153,1.0,0,prime
2026-06-11,0.3928736726047132,0.5303081717882188,1,subprime
2026-06-11,0.8918306160310675,0.5333811903157665,1,prime
2026-06-11,-1.0173671459868383,0.11332594854590161,0,prime
2026-06-11,1.8842749915917412,0.3777679099370194,0,prime
2026-06-11,0.22067626039152757,0.0,1,prime
2026-06-11,0.5995152749881967,0.5418554440039888,0,prime
2026-06-11,-0.9269252998409537,0.15383715596935782,0,prime
2026-06-11,1.775642829831665,0.4584420081418621,1,prime
2026-06-11,-0.09669266925364356,0.5060700959638083,0,subprime
2026-06-11,-0.5934143704971578,0.662841373766122,1,subprime
2026-06-11,-0.14561686714680888,0.9027211726195968,1,prime
2026-06-11,-1.894080117612568,0.7967060337415616,1,subprime
2026-06-11,-0.7235722076131801,0.0,0,prime
2026-06-11,0.02852123683705554,0.6439840751742147,1,prime
2026-06-11,0.558685095467442,0.0,0,subprime
2026-06-11,1.877585446614387,0.20872206409906946,1,prime
2026-06-11,-0.04584458774508393,0.9987415045292516,1,prime
2026-06-11,-0.03590985882300468,0.5355596897960522,0,prime
2026-06-11,0.360378165456019,0.624365601534882,1,prime
2026-06-11,0.4952129747060575,0.08477242277832359,0,subprime
2026-06-11,2.1168103150338715,0.09980776481257245,0,prime
2026-06-11,1.0525148766358035,0.3828533374636656,1,prime
2026-06-11,-0.22038751249490807,0.7072341616295393,0,prime
2026-06-11,-1.592062618779405,0.2878543370304866,1,subprime
2026-06-12,0.7145262574903609,0.5451905548717934,0,prime
2026-06-12,-1.1432207315719416,0.6075109589782096,1,prime
2026-06-12,-0.8712097365603723,0.0,0,prime
2026-06-12,0.5421480746970775,0.35193554832629376,0,subprime
2026-06-12,1.6022836269078868,0.2708943148582582,0,prime
2026-06-12,0.13986979634855795,0.0,0,prime
2026-06-12,0.47095658769470106,0.39825306819756895,0,subprime
2026-06-12,0.37926271602866213,0.7940598902849023,1,subprime
2026-06-12,0.9139913204919562,0.15832168691175685,0,subprime
2026-06-12,-1.0823331938296166,0.12212603325192767,0,subprime
2026-06-12,0.6518831240205858,0.0,0,prime
2026-06-12,0.7536671845593278,0.3595979356700285,0,prime
2026-06-12,1.4047161368701468,0.37152076100907205,0,prime
2026-06-12,-1.3356641698465959,0.0,0,prime
2026-06-12,-1.072558942077949,0.4620088875142598,0,subprime
2026-06-12,-0.18656941301695454,0.7000026946106502,1,subprime
2026-06-12,0.15823311731597345,0.8922143652059611,0,prime
2026-06-12,0.6773747728320092,0.899357997301096,1,subprime
2026-06-12,1.2063815350828175,0.8930319397850562,1,prime
2026-06-12,1.668667585879657,0.8692828204025879,1,prime
2026-06-12,0.7579180330205979,0.692210874451386,0,prime
2026-06-12,1.5067609869036254,0.39944032385757877,0,prime
2026-06-12,-0.5979060169922276,0.8253592698559301,1,prime
2026-06-12,-0.6594079094790481,0.2846926868874209,0,prime
2026-06-12,-0.6877057451670912,0.15074741427709673,0,subprime
2026-06-12,1.685082037858009,0.15577527565576266,1,prime
2026-06-12,-0.10433805139207883,0.3280656678957828,1,subprime
2026-06-12,-0.18764747693027348,0.5273388617175897,0,prime
2026-06-12,1.0973757464385738,0.4947837713324854,1,prime
2026-06-12,-0.09240765720148533,0.478881225309996,0,prime
2026-06-12,1.1398518445167187,0.7771824883426028,0,subprime
2026-06-12,0.011414433907753013,1.0,1,prime
2026-06-12,0.7275888264924113,0.1745924050214046,1,prime
2026-06-12,-1.1171832164627682,0.39551203080977915,0,prime
2026-06-12,0.4603848612827437,0.9808288439060915,1,prime
2026-06-12,-0.7665538939154223,0.0,0,prime
2026-06-12,-0.18022907622743892,0.1300738888649282,1,prime
2026-06-12,0.26505555615382853,0.8044243711497364,1,prime
2026-06-12,1.0896056041502098,0.22114249042947157,0,subprime
2026-06-12,-0.23837572183834047,0.38660281400509816,0,prime
2026-06-12,0.7686042452107368,0.32920910795532493,0,prime
2026-06-12,1.5824562962719964,0.7296209510258165,1,prime
2026-06-12,0.4526327059576253,1.0,1,prime
2026-06-12,0.43096445554613294,0.5188532373354097,0,prime
2026-06-12,1.0296232791293394,0.22860865392083374,1,subprime
2026-06-12,1.3852520370438928,0.03698459621030048,0,prime
2026-06-12,-0.8097815837377241,0.7311272051756199,0,prime
2026-06-12,2.348504946298528,0.17931622341904196,0,prime
2026-06-12,0.14260160414999998,0.0,0,prime
2026-06-12,-0.8382717340927993,0.9790076751678776,1,subprime
2026-06-12,1.0945797365915475,0.435742822521018,1,prime
2026-06-12,2.5869058043072677,0.45668668513276034,1,prime
2026-06-12,-1.753899896764628,0.369173503054011,0,prime
2026-06-12,-1.3448198232126838,0.12308665561834045,0,subprime
2026-06-12,-0.09309088153405845,0.17043125884414673,0,subprime
2026-06-12,0.7599453979764134,0.7268986256258139,0,subprime
2026-06-12,0.557477152497999,0.620782584821746,1,prime
2026-06-12,0.09491611176229264,0.5833557752422792,1,prime
2026-06-12,0.44622353304771556,0.331478750148846,1,prime
2026-06-12,-1.1288072732921093,0.358893988929284,1,prime
2026-06-12,-0.1749975219552267,0.0,0,prime
2026-06-12,0.05643608939168404,0.6818205664138791,1,prime
2026-06-12,-0.004250086289727256,0.37377250245935717,0,prime
2026-06-12,1.646267093833059,0.4412203534747785,0,prime
2026-06-12,1.0946222710958013,0.8608749030928082,1,prime
2026-06-12,1.1819850781089212,0.6062215622352699,0,prime
2026-06-12,-0.35726010920029294,0.0662807606303783,0,prime
2026-06-12,0.6312774254675829,0.625074785001961,1,prime
2026-06-12,1.3156120104656748,0.030786296298813243,0,prime
2026-06-12,-1.4439960582245694,0.08458687448048013,0,prime
2026-06-12,1.9491353286814321,0.08663522723013856,0,subprime
2026-06-12,0.8300174659302438,0.0,0,prime
2026-06-12,-0.8273091719737607,0.2568123550240519,1,prime
2026-06-12,0.6116837957762565,0.22174793761533473,0,subprime
2026-06-12,2.226751555176515,0.0,0,subprime
2026-06-12,1.57588979293486,0.7254773266443417,1,prime
2026-06-12,0.6785746538370998,0.38954420270564594,0,prime
2026-06-12,0.08915816468548052,0.5398189509909606,0,prime
2026-06-12,1.756424154107555,0.40657864738894955,1,subprime
2026-06-12,0.6102201347706878,0.6699115867907822,0,prime
2026-06-12,1.588337933881404,0.0,0,prime
2026-06-12,0.0024123788758177722,1.0,1,prime
2026-06-12,0.34549568621384297,0.9847335111814044,1,prime
2026-06-12,-0.7681018658305866,0.5148581476007792,1,prime
2026-06-12,-1.1929609587687415,0.29080845325656485,1,subprime
2026-06-12,-0.9823410160102887,0.6825945880291672,1,prime
2026-06-12,0.4467239194057716,0.5002281520308738,0,prime
2026-06-12,-1.2762530817557682,0.2885406686974366,0,prime
2026-06-12,2.6785806716184246,0.05693863440237684,0,subprime
2026-06-12,-0.10295657660337956,0.7467343463051681,0,prime
2026-06-12,1.5214672004485403,0.6774443276595334,1,prime
2026-06-12,-0.16995463591578516,0.440058056161149,0,prime
2026-06-12,1.042941179299893,0.4700453011061957,1,prime
2026-06-12,1.4167789010875511,0.19614029613098885,0,prime
2026-06-12,-1.0809263157570985,0.9551499373367065,1,subprime
2026-06-12,-1.853394137747042,0.7981444548722104,0,subprime
2026-06-12,1.0337331920187012,0.7223561542130321,1,prime
2026-06-12,0.6520789480032495,0.43934860761753947,0,subprime
2026-06-12,0.5869299857502481,0.30729908610522766,0,subprime
2026-06-12,-0.7713818014134258,0.12388920126743933,0,subprime
2026-06-12,0.7801155083323389,0.41090988297079706,0,prime
2026-06-12,-0.8636850265761234,0.8045460110381829,1,subprime
2026-06-12,0.23156730346044202,0.6790310035511448,1,prime
2026-06-12,0.934489463385858,0.2567914482183842,0,prime
2026-06-12,-0.8978322925816445,0.7201789209822123,1,prime
2026-06-12,0.4775817177944581,0.5334896425553776,1,subprime
2026-06-12,0.21629628129247214,0.0,0,prime
2026-06-12,-0.8648695235498162,0.0,0,subprime
2026-06-12,1.0123530040381334,0.6151019498164231,1,subprime
2026-06-12,0.9879223413241718,0.2520759781873812,0,prime
2026-06-12,0.6918636549768519,0.1955900568103804,0,subprime
2026-06-12,0.2415821457825479,0.5597363947991916,1,prime
2026-06-12,0.5762082674511102,0.42683726448950504,1,prime
2026-06-12,0.3278892484569557,0.6801694605230619,1,prime
2026-06-12,-0.07272398875714756,0.5609358773664893,1,prime
2026-06-12,0.6096306947023181,0.7064714427782799,1,subprime
2026-06-12,0.34610152269035804,0.031550387362743904,0,subprime
2026-06-12,-0.7621149912520125,0.8554365294549949,1,subprime
2026-06-12,1.3009558400175807,0.0,0,prime
2026-06-12,1.1916638796721557,0.0,0,prime
2026-06-12,-2.23883001897108,0.0,0,subprime
2026-06-12,0.8363029866887214,0.0,0,prime
2026-06-12,0.9873140888870072,0.29039294640078334,1,subprime
2026-06-12,1.6242941396210908,0.7771458409197979,0,prime
2026-06-12,0.3671673135286794,0.0,0,prime
2026-06-12,1.2652592392311663,0.2086959807036433,0,prime
2026-06-12,0.8340974284008252,0.33188393227830926,0,prime
2026-06-12,-0.35339478328345053,0.4183450817045139,1,prime
2026-06-12,-0.746037800540464,0.3415258031986344,0,subprime
2026-06-12,-0.0898066445385364,0.20697465723036468,1,prime
2026-06-12,-1.410856626956933,0.530995843530112,0,prime
2026-06-12,-0.24872648657838106,0.149418406323428,0,prime
2026-06-12,0.47196887858937564,0.43449614116579915,0,subprime
2026-06-12,-0.38363631817478683,0.0,0,prime
2026-06-12,-0.2067996213089969,0.5076853907454986,1,subprime
2026-06-12,-0.5714360529534978,0.2970828331117222,0,prime
2026-06-12,0.7294841626962477,0.3790897163057071,0,subprime
2026-06-12,0.5449477509740961,0.4808396790794136,0,prime
2026-06-12,-1.62767975955592,0.9234554557597316,0,prime
2026-06-12,0.6938093500436016,0.308158118845705,1,prime
2026-06-12,-0.8599892325560244,0.22623287882796556,0,prime
2026-06-12,0.7475203380847618,0.0,0,subprime
2026-06-12,1.4367631888501637,0.2342917788546146,0,subprime
2026-06-12,-0.02290597827942506,0.5941491648664821,1,prime
2026-06-12,0.8580697603750387,0.7593230081843244,1,subprime
2026-06-12,-0.37055726998783267,1.0,1,prime
2026-06-12,0.3453050907345555,0.987032538123167,0,prime
2026-06-12,1.8470702574611733,0.3087146006279768,1,prime
2026-06-12,-0.601459763512346,0.2476415981650401,0,prime
2026-06-12,-0.27226422229729264,0.44561514376757305,1,subprime
2026-06-12,0.17780103693630014,0.004853470334250876,0,subprime
2026-06-12,-0.4827692281864914,0.6377193193403513,0,prime
2026-06-12,0.36667149996595705,0.15732002149298963,0,subprime
2026-06-12,1.438622903151,0.5411155120264513,0,prime
2026-06-12,-1.1290514831510465,0.42904970944724363,0,prime
2026-06-12,-0.4623429549382171,1.0,1,subprime
2026-06-12,0.057100235792086146,0.6326604548886375,0,prime
2026-06-12,1.0461648059039315,0.618370863967637,1,subprime
2026-06-12,-0.10662595385529108,0.561608877790841,1,subprime
2026-06-12,0.8282801172076234,0.34006340782355454,1,prime
2026-06-12,2.0314070813280494,0.602206477018746,1,prime
2026-06-12,0.8306789248360974,0.592621034145502,1,subprime
2026-06-12,0.13242174173517557,0.12159443606414116,0,prime
2026-06-12,0.1591908971339323,0.8443267327606928,1,prime
2026-06-12,-0.6223491905983022,1.0,1,prime
2026-06-12,-0.8713774172810519,0.3320425791019793,0,prime
2026-06-12,-1.0573457713022276,0.5571043934964499,1,prime
2026-06-12,0.7877980064055616,0.7218483233636983,1,prime
2026-06-12,-0.7360596944583555,1.0,1,prime
2026-06-12,1.6505132064121353,0.5015373808876967,0,subprime
2026-06-12,-0.288842785388842,0.6086141637540402,1,prime
2026-06-12,-0.38051399786496853,0.8702848985293664,1,prime
2026-06-12,-1.1850566725539253,0.6711908063671584,1,subprime
2026-06-12,-0.40261839809879596,0.45510011266323014,0,prime
2026-06-12,2.1390450866833,0.12089777472533761,0,prime
2026-06-12,-0.4073480398877717,0.3798917133526682,0,subprime
2026-06-12,0.7083488103904937,0.9856306355108756,1,subprime
2026-06-12,-1.9082200752124767,0.6407143032783387,0,prime
2026-06-12,-0.26579302181754216,0.6256534982219459,1,prime
2026-06-12,0.3160738896786567,0.8994541461892632,1,subprime
2026-06-12,0.22525823258098546,0.3458557617862385,0,prime
2026-06-12,-0.3902606579114961,0.602259331612526,0,prime
2026-06-12,1.3670769637876816,0.5013488148420618,1,prime
2026-06-12,-0.3629883726245863,1.0,1,subprime
2026-06-12,1.2005955989475319,0.37743680451933737,1,subprime
2026-06-12,1.1874858375965238,0.0,0,subprime
2026-06-12,0.662437168921489,0.0853046547454136,0,prime
2026-06-12,0.6700536827282486,0.7911905964068012,1,prime
2026-06-12,-0.9196372951026722,0.36677344743975143,1,prime
2026-06-12,-0.9562874176370068,1.0,1,prime
2026-06-12,-0.052876952594761245,0.6290954021010038,0,prime
2026-06-12,1.0661798410247956,0.19397184436302917,1,prime
2026-06-12,0.09091439547159594,0.17288246920583372,0,prime
2026-06-12,0.2945860890121678,0.7970254774162528,1,prime
2026-06-12,0.11126937066266279,0.9703520537179948,1,prime
2026-06-12,1.2158755439744684,1.0,1,prime
2026-06-12,0.4516811150588936,0.30637604485396375,1,subprime
2026-06-12,0.1803105235909937,0.0,1,prime
2026-06-12,0.2938209660874425,1.0,1,prime
2026-06-12,1.5776705714920385,0.27931070595330054,0,subprime
2026-06-12,-0.3223229631148632,0.9234698848322229,1,prime
2026-06-12,-0.3068505868335256,1.0,1,prime
2026-06-12,0.969407787558994,0.8924740568402445,1,prime
2026-06-12,0.7932574365618204,0.0,0,prime
2026-06-12,-0.3819636333684967,0.6940322501592697,1,prime
2026-06-12,0.5731587567758907,0.3819559505812353,1,prime
2026-06-12,-0.8646907580913713,0.4667856305604128,0,prime
2026-06-12,-0.0513128615878192,1.0,1,prime
2026-06-12,0.7251322609045102,0.2084917652653122,0,prime
2026-06-12,-0.23024613806444252,0.3032413694493628,0,subprime
2026-06-12,0.7195563299632072,0.35663984128344894,0,subprime
2026-06-12,-0.36913421981275074,0.09322043452315909,0,subprime
2026-06-12,0.3081036463335113,0.7788284268335034,1,subprime
2026-06-12,0.15545232480583204,0.0,0,prime
2026-06-12,-0.40198087676367555,0.0,0,prime
2026-06-12,0.3087188727304136,0.28623023175747986,1,prime
2026-06-12,-0.26607140182339517,0.6199076377653195,0,prime
2026-06-12,0.021139051504392686,1.0,1,prime
2026-06-12,1.0306276303187163,0.6188459604444891,1,subprime
2026-06-12,0.8938482891957339,0.479459144714393,1,prime
2026-06-12,-1.9940524050217436,0.24497361720328237,0,subprime
2026-06-12,-0.0911140960832594,0.1739206821381699,1,prime
2026-06-12,0.431669402937219,1.0,1,prime
2026-06-12,1.0425058045135707,0.52451693150984,0,subprime
2026-06-12,0.1089270535093938,0.5525702068162203,1,subprime
2026-06-12,-0.39256494111401474,0.7113443986932738,1,subprime
2026-06-12,0.8325750208031916,0.5663782192806537,1,prime
2026-06-12,-0.3220502293328945,0.48321299337985224,0,subprime
2026-06-12,0.29816130103672406,0.664899326796623,1,subprime
2026-06-12,0.6425697783966321,0.574352368877874,0,prime
2026-06-12,-0.08488664843549518,0.0,0,prime
2026-06-12,-0.3395302722466579,0.536792014477531,0,prime
2026-06-12,0.20623987952639314,0.16562008497567496,0,prime
2026-06-12,0.5894562959135237,0.13495125647684839,0,subprime
2026-06-12,0.8076856736475021,0.4231617387521761,0,prime
2026-06-12,0.8294995950932442,0.12068885058484399,0,prime
2026-06-12,0.3928502746378755,0.298616525441943,0,prime
2026-06-12,-0.05682500895407924,0.8046458685885306,1,prime
2026-06-12,-1.4315716571238772,0.0,0,subprime
2026-06-12,-0.998887046116926,0.3201763816708631,1,prime
2026-06-12,1.4383745394678267,0.14859674540685142,0,prime
2026-06-12,1.269989442261186,0.8253064845141654,1,prime
2026-06-12,-0.1510813099746565,0.027308946183416505,0,prime
2026-06-12,-0.9045212244489772,0.24097226308344813,0,prime
2026-06-12,1.7071178710665196,0.377243545879384,0,subprime
2026-06-12,-1.2803174303065623,0.26505895420354875,0,prime
2026-06-12,-0.5020880809502125,0.5240200672664372,0,subprime
2026-06-12,1.2705023793691141,0.6935603993334092,1,prime
2026-06-12,-1.0753811273339429,0.29722994150685705,0,prime
2026-06-12,-1.5055907527393908,0.0,0,subprime
2026-06-12,0.02278207295930143,0.7569923176132735,1,subprime
2026-06-12,1.8203752186079116,0.0,0,prime
2026-06-12,1.217037437775882,0.5911159466998733,1,subprime
2026-06-12,1.457662284989713,0.2836175724561991,0,subprime
2026-06-12,-1.3224438256678441,0.45342704767767894,0,subprime
2026-06-12,-1.6416587218545546,0.08297420041361514,0,prime
2026-06-12,0.7636537296040075,0.9347889525664232,1,subprime
2026-06-12,0.44489207288688637,0.11021496401615091,0,prime
2026-06-12,2.254082244423277,1.0,1,prime
2026-06-12,-0.8246885878080129,0.6440895360460102,1,prime
2026-06-12,1.2384253230866726,0.5091919399266077,0,subprime
2026-06-12,-1.1200462437092698,0.6697893990552483,0,prime
2026-06-12,-0.18116034351812751,0.6504215866009857,0,prime
2026-06-12,0.10296944225472979,0.0,0,prime
2026-06-12,-0.32199501051881696,0.9745189927330222,1,prime
2026-06-12,0.3943003709564493,0.6875961133873086,1,prime
2026-06-12,0.2677367853960891,0.9647519519819647,0,subprime
2026-06-12,-1.2780947684608444,0.5885941733053728,0,prime
2026-06-12,0.6822592848835769,0.038051362563583546,1,prime
2026-06-12,-0.6060612747320826,0.7248489935716464,1,prime
2026-06-12,0.24565886065501188,0.5846788523839018,0,subprime
2026-06-12,-0.833801804499337,0.6342877113055541,0,prime
2026-06-12,-0.5142235614924499,0.4438037328434207,0,prime
2026-06-12,0.10667140809047468,0.043193034197929525,0,subprime
2026-06-12,1.1918164208890927,0.662657981597265,0,prime
2026-06-12,-0.013294256852419167,0.7184701923276061,0,prime
2026-06-12,0.07111543863806907,0.5461269196505074,1,subprime
2026-06-12,0.6121953028287486,0.3845692686717787,0,prime
2026-06-12,0.8741209308332439,0.6765547436424202,1,subprime
2026-06-12,0.33695923795652505,0.14116053645537874,1,prime
2026-06-12,-0.585061591953277,0.6154640398163017,1,prime
2026-06-12,2.347906990949032,0.04363261686854153,0,prime
2026-06-12,-0.021612110592127337,0.3672708014079558,0,prime
2026-06-12,-1.0670871435058935,1.0,0,subprime
2026-06-12,-0.6161305083776691,0.2241567387696961,0,subprime
2026-06-12,0.5530712729598665,0.3641497300690591,0,prime
2026-06-12,0.11644553148695874,0.8240021451312314,1,prime
2026-06-12,-0.024711681484351794,0.07047322436672643,0,prime
2026-06-12,0.3322225581638233,0.05452617288601713,0,prime
2026-06-12,0.3315236890139322,0.8611146447999886,1,prime
2026-06-12,0.005657964483409217,0.48744130561937565,0,subprime
2026-06-12,1.2192517975265722,0.5483565685652847,1,prime
2026-06-12,0.5360161227802311,0.8620962163228518,1,subprime
2026-06-12,-0.838508510737065,0.7061476434030957,0,subprime
2026-06-12,-0.34431253499132264,0.5805984107029685,1,subprime
2026-06-12,1.4649192096591368,0.5262426327093707,0,prime
2026-06-12,-0.7498924303542872,0.1760303689164192,0,prime
2026-06-12,1.0263998988143481,0.5720197907233838,1,prime
2026-06-12,0.3240234599338806,0.07050716456400619,1,prime
2026-06-12,0.4336396221388854,0.910120773758148,0,prime
2026-06-12,0.6541898995797404,1.0,1,prime
2026-06-12,-0.6133254732492194,0.7603877005449824,1,prime
2026-06-12,-0.6575986725887529,1.0,1,prime
2026-06-12,1.6446644579109733,0.27716302391706515,0,subprime
2026-06-12,2.0665783565573115,0.20484386441612493,0,prime
2026-06-12,1.5948074443468125,0.08876025302068102,0,subprime
2026-06-12,1.1142698673919886,0.21254599328312784,0,prime
2026-06-12,-1.779355847677544,0.2124623343960595,0,prime
2026-06-12,-0.399074397692491,0.7940674894353137,0,prime
2026-06-12,1.6251336998452248,0.2247128514352793,0,prime
2026-06-12,0.07446543828570251,0.3957827382693324,0,subprime
2026-06-12,0.8527840947611668,0.7208235528528851,1,prime
2026-06-12,-0.1707869189694571,0.35411760899858574,0,prime
2026-06-12,-2.1155189132545065,0.5405273879747989,0,prime
2026-06-12,-0.5761683123565939,0.8151499018405077,1,prime
2026-06-12,0.71746431404291,0.06305748147414647,0,prime
2026-06-12,0.6370946576328198,0.3419451233530195,0,prime
2026-06-12,0.5373541249806281,0.0,0,prime
2026-06-12,-0.07549972091850579,0.18503867810398789,0,prime
2026-06-12,0.16095113795997196,0.8438299169084197,1,prime
2026-06-12,2.2936689052924657,0.059455530849734484,0,prime
2026-06-12,0.3096647183488372,0.43641619871140314,0,prime
2026-06-12,0.2873782537618975,0.6469216556153563,1,subprime
2026-06-12,0.5633899218916412,0.6127274586356876,0,prime
2026-06-12,-1.4498163372973778,0.8195656559303619,1,prime
2026-06-12,-0.5722852887835355,0.6542632543046808,0,prime
2026-06-12,-0.3135878234816296,0.16223143948007712,1,prime
2026-06-12,-1.7504521094419483,0.41434742286302867,1,prime
2026-06-12,-1.0427646533568506,0.41332979277674997,0,prime
2026-06-12,0.03730184922928423,0.3799027757172333,1,subprime
2026-06-12,-0.8997716067488487,0.0,0,prime
2026-06-12,-0.8692632675855961,0.17772226269300592,0,prime
2026-06-12,0.20319216693657344,0.38563622765759387,0,subprime
2026-06-12,-0.3483527760591222,0.6540888910860072,0,prime
2026-06-12,-0.7503682364831612,0.5281187225641545,1,prime
2026-06-12,0.83099194238073,0.3094981098764855,0,subprime
2026-06-12,0.5603058259725466,0.586193941658679,0,prime
2026-06-12,-1.1517443926093964,1.0,1,prime
2026-06-12,-0.15327831492862762,0.22648842333565938,1,prime
2026-06-12,0.6495560512387583,0.8647461284601013,1,prime
2026-06-12,1.268644819852884,0.6520493335751519,1,subprime
2026-06-12,1.101231899328585,0.2625528918124627,0,subprime
2026-06-12,0.1398718039194095,0.0,0,subprime
2026-06-12,1.5706958127272008,0.29781631270230274,0,prime
2026-06-12,-1.5229026895328364,0.871437952492842,1,prime
2026-06-12,-0.8370439634176715,0.7344451124518789,0,prime
2026-06-12,-0.3917081493271818,0.6569483387281473,1,subprime
2026-06-12,-0.3865496160924067,0.7858362181941373,1,prime
2026-06-12,2.0051876805706126,0.5249421901567608,1,subprime
2026-06-12,-0.5816233612712839,1.0,1,subprime
2026-06-12,-0.2804990566371667,0.0,0,prime
2026-06-12,1.4181453343445811,0.38930985180198774,0,prime
2026-06-12,-0.4975861080344005,0.0,0,subprime
2026-06-12,0.19247024851937908,0.0,1,subprime
2026-06-12,-2.6776204267001513,0.25670523995786665,0,prime
2026-06-12,0.12739001869751906,0.5057517446952556,1,prime
2026-06-12,-0.2367160509292562,0.7384683499143371,1,prime
2026-06-12,0.24445224557162978,0.4212361562279543,0,prime
2026-06-12,-0.9167179680815548,0.48718703139046415,0,prime
2026-06-12,-0.9433145880034407,0.46483315515176615,1,prime
2026-06-12,0.2910833313201407,0.680570305967657,0,prime
2026-06-12,0.4301704957170033,1.0,1,prime
2026-06-12,0.11840444312854509,1.0,1,subprime
2026-06-12,0.12478953440473313,0.3552982081332699,1,subprime
2026-06-12,-1.0101096860871899,0.4136703917904823,0,subprime
2026-06-12,0.2748892303849074,0.9186085009139213,1,prime
2026-06-12,0.4318341721978288,0.13293941300391174,0,prime
2026-06-12,0.975205813432781,0.6015478879167085,0,subprime
2026-06-12,0.3603822522430866,0.47978501921241046,1,prime
2026-06-12,1.1283829391455253,0.5171544433911608,1,prime
2026-06-12,1.1880262665485979,0.14447371141255175,0,prime
2026-06-12,0.37482248651186456,0.5269153362848202,1,prime
2026-06-12,-0.8447846607779225,0.011959698848544531,0,prime
2026-06-12,0.48239894590886045,0.20496086383621118,0,prime
2026-06-12,1.5314612248810409,0.9775632170463411,1,prime
2026-06-12,-0.7013678415768347,0.4880799272997449,0,prime
2026-06-12,-1.0032254944159844,0.8995124184499926,1,prime
2026-06-12,0.8363575584175906,0.20303813106107538,0,prime
2026-06-12,1.6736591893808819,0.641345440691977,0,prime
2026-06-12,1.411924649366412,0.0,0,prime
2026-06-12,-0.10154118766865247,0.12428917240072135,0,prime
2026-06-12,-2.043599104655155,0.36045415126343155,0,subprime
2026-06-12,0.7082280488431624,0.46903013521007486,0,prime
2026-06-12,-2.3368825300213087,0.8806556538908072,0,prime
2026-06-12,0.8479985646328575,0.05573511364145883,0,subprime
2026-06-12,-0.7672453538914531,0.2894549289613293,0,prime
2026-06-12,-2.001197214698673,0.5710866111788973,0,subprime
2026-06-12,0.009920070437057699,0.13738068916243976,0,prime
2026-06-12,-1.0142618422061969,0.6216819666535429,0,prime
2026-06-12,-0.40871043889285463,1.0,0,prime
2026-06-12,-0.9276201721923193,0.0,0,subprime
2026-06-12,0.18138183536869842,0.3128861218919065,0,subprime
2026-06-12,0.9469837713643834,0.8101636554742849,1,prime
2026-06-12,-0.837577735024111,0.0,0,subprime
2026-06-12,-0.1338556279831589,0.4887258949297937,1,subprime
2026-06-12,0.9695656641377429,0.3559928215815308,0,prime
2026-06-12,0.013361657167353741,0.6555501338932768,1,prime
2026-06-12,2.5536414719510487,0.7851701287814931,1,subprime
2026-06-12,-0.4577869423948061,1.0,1,prime
2026-06-12,0.6579732615672204,0.14757187487887224,0,prime
2026-06-13,-0.25141622378887335,0.10207512314089814,0,subprime
2026-06-13,1.013190033797587,0.0014814647756934973,0,subprime
2026-06-13,1.302179135155711,0.0007775934124113482,0,prime
2026-06-13,0.9516434157524047,0.516871136497641,1,subprime
2026-06-13,0.31254439225266156,0.7791725101691024,1,subprime
2026-06-13,-0.28326272524651414,1.0,1,prime
2026-06-13,-0.7014526965404804,0.1372479586984426,0,prime
2026-06-13,0.4744987150385797,0.11852550609346454,0,subprime
2026-06-13,2.5465613611148106,0.9654554290618971,0,subprime
2026-06-13,1.1493106762259533,1.0,0,subprime
2026-06-13,-0.8715464756011613,0.22971713587512577,1,prime
2026-06-13,-0.1461080310962315,1.0,1,prime
2026-06-13,1.1158050386041898,0.2287167785096859,0,prime
2026-06-13,0.5383536759492175,0.44302717291593097,0,subprime
2026-06-13,-0.7541553060638715,0.4099453673167288,0,prime
2026-06-13,1.0919138339741519,0.7419249041834077,0,prime
2026-06-13,0.858596970526301,0.053172969522701286,0,prime
2026-06-13,-1.0437277936930511,0.666213694844534,1,subprime
2026-06-13,0.6358266806259529,0.8592597157377019,1,prime
2026-06-13,0.356318622596348,0.6507322422183377,0,prime
2026-06-13,0.24268378097954005,0.08187201649906778,0,subprime
2026-06-13,-0.8265322550786904,1.0,1,subprime
2026-06-13,0.2829828788449969,0.6244133848965997,1,prime
2026-06-13,1.4296225995775875,0.3854050743623383,0,prime
2026-06-13,-1.908067627377066,0.6408839837827836,0,subprime
2026-06-13,0.5050211781256853,0.27995475234147055,0,prime
2026-06-13,1.0098124951854095,0.44562148990984235,0,prime
2026-06-13,0.6552090827297187,0.9910490931192525,0,prime
2026-06-13,1.4021991495456363,0.7919335921352328,1,prime
2026-06-13,1.9409234121076164,0.0,0,prime
2026-06-13,1.9112673953809538,0.11960561704851433,0,subprime
2026-06-13,-0.3106383066121399,0.25136898463267576,0,prime
2026-06-13,0.3387465177672869,0.056066543117952894,0,prime
2026-06-13,0.7318868232112887,0.22632276804280152,0,prime
2026-06-13,2.4685615762250794,0.6736542044692562,0,prime
2026-06-13,-0.24648306217547383,0.22907873788496458,0,subprime
2026-06-13,0.56283120565337,0.2383871210380906,0,prime
2026-06-13,-0.16184217440761006,0.48629568956782954,0,prime
2026-06-13,-0.695248970306672,0.9685709269101398,1,subprime
2026-06-13,1.4635726833699039,0.1929002007664656,0,prime
2026-06-13,0.5633197766801045,0.5053609815928186,1,prime
2026-06-13,-0.5781749623121466,0.7257595061843509,0,prime
2026-06-13,1.3114759273169903,0.2969876881698025,0,subprime
2026-06-13,-0.591670099080432,0.8195137766901731,1,prime
2026-06-13,-0.2917081734736669,0.7575010287681567,0,prime
2026-06-13,2.3130092478375124,0.36284821890006974,0,prime
2026-06-13,-0.9600391902914627,0.8222635389986659,1,subprime
2026-06-13,1.7161305798893638,0.09602669925414364,0,prime
2026-06-13,0.3063985441415607,0.5383478845558939,1,prime
2026-06-13,-1.7714492060603415,0.04240802073223726,0,prime
2026-06-13,-0.6512707214929301,0.6599914148217526,1,prime
2026-06-13,0.8545465616999037,0.6335503844711703,0,subprime
2026-06-13,0.534685846720411,0.23193325419094674,0,subprime
2026-06-13,-0.11183263922019493,0.0,0,prime
2026-06-13,0.05668888687141929,1.0,1,subprime
2026-06-13,-1.4154488938910934,0.572860235003568,1,prime
2026-06-13,1.7302689582512583,0.11960735297521372,0,prime
2026-06-13,-0.4076642674351036,0.6580453453457308,1,subprime
2026-06-13,0.17652209521958295,0.20547753742581631,1,prime
2026-06-13,1.2553790683925425,0.4979987244569659,1,subprime
2026-06-13,-0.9138314490766126,0.4614780356720527,0,prime
2026-06-13,-0.4724683208364128,1.0,0,prime
2026-06-13,0.06105043382855918,0.9311067718494461,0,subprime
2026-06-13,-0.22201259802687606,0.3541796127624252,0,prime
2026-06-13,0.6142304436822573,0.0,0,subprime
2026-06-13,0.7722045677866345,0.8501337208716246,1,prime
2026-06-13,-0.19811681490653427,0.4601719324028838,0,subprime
2026-06-13,-1.362845960750511,0.6012097636454924,1,subprime
2026-06-13,1.0613137487757345,0.25697931514666295,0,subprime
2026-06-13,0.6111612950315333,0.47492886119885025,1,subprime
2026-06-13,0.09753705173392604,0.7466658410866158,1,prime
2026-06-13,0.35063667510068997,0.6405076150546856,1,subprime
2026-06-13,0.13592880449098393,0.13951265665324938,0,subprime
2026-06-13,0.01942233929286666,0.7624087462470466,1,prime
2026-06-13,1.1797195521560626,0.7279790511926325,0,subprime
2026-06-13,-1.0102176253253512,0.8061405740741616,0,prime
2026-06-13,0.41141788050818384,0.5937530583878186,1,prime
2026-06-13,0.313602282206099,0.2960279343642078,0,prime
2026-06-13,-1.0418903526788816,0.20599844634744047,1,prime
2026-06-13,-0.8987340920621505,0.023707570121059507,1,prime
2026-06-13,-0.31050957497258896,0.5515784017928524,0,prime
2026-06-13,1.9060728725916611,0.56320253461633,1,subprime
2026-06-13,0.6913440165406775,0.9371487539751205,1,subprime
2026-06-13,-0.9042429856719363,0.45836428912704363,1,prime
2026-06-13,-1.487989898268009,0.0,0,subprime
2026-06-13,0.9363903979760442,0.0,0,prime
2026-06-13,1.1694019102487883,0.014690759471295334,0,prime
2026-06-13,-0.3038299731540231,0.051492208715572085,0,prime
2026-06-13,2.2248912497114666,1.0,1,subprime
2026-06-13,-1.2318175595398986,0.6250403759583526,1,prime
2026-06-13,1.4730799926662392,1.0,1,prime
2026-06-13,-1.3715148954337502,0.7194951579887106,1,subprime
2026-06-13,0.982116942463896,0.39941206462076445,1,subprime
2026-06-13,1.8704182556964486,0.4441103785948287,1,subprime
2026-06-13,1.7604030111938662,0.6061894364713254,0,prime
2026-06-13,0.2646555377697708,0.0,0,prime
2026-06-13,0.4872877436823068,0.7447623572943848,1,prime
2026-06-13,0.6385390080826663,0.20299833432767567,0,prime
2026-06-13,-0.902966567009551,0.5897588939949888,1,prime
2026-06-13,1.6857174068825926,0.0,0,subprime
2026-06-13,1.0275624733188187,0.8305121992926411,0,prime
2026-06-13,0.006058067425040392,1.0,1,prime
2026-06-13,-0.817151404390229,0.6190165940693385,1,prime
2026-06-13,0.3148087089928001,0.6185889815512702,1,prime
2026-06-13,1.560352822365556,0.0,1,prime
2026-06-13,-0.09979858966612876,0.6462723185961816,0,prime
2026-06-13,1.1796003830006412,0.9177130900026085,1,prime
2026-06-13,0.16932679624982538,0.8364581511025326,1,subprime
2026-06-13,1.1054818058882785,0.45451211609712316,0,subprime
2026-06-13,0.6011705739902288,0.6226027279060337,1,subprime
2026-06-13,1.4784535962679282,0.0,0,subprime
2026-06-13,-0.4510277000690585,0.5523714406516192,1,prime
2026-06-13,1.164697953602326,0.0,0,prime
2026-06-13,-1.7394014957251713,0.3103304018930611,0,prime
2026-06-13,0.18048796157042732,0.6826761951913524,1,subprime
2026-06-13,1.611152892050398,0.4541786552285381,0,prime
2026-06-13,-1.1791259085482217,0.36738704013641155,1,prime
2026-06-13,0.2802062593122476,0.0,0,prime
2026-06-13,1.5228196604332342,0.37198186895013347,1,subprime
2026-06-13,-0.9524094074659657,0.9192119154371003,1,prime
2026-06-13,0.14583742593071322,0.8366936109726733,1,prime
2026-06-13,-0.2753225043759852,1.0,1,prime
2026-06-13,-0.42369038471381787,0.2928784044119929,1,prime
2026-06-13,2.361431264717318,0.5179325667011171,1,prime
2026-06-13,0.15211025996752095,0.4690184216048551,0,subprime
2026-06-13,0.8779244353169458,0.4765052427157164,0,prime
2026-06-13,0.31839055745526174,0.49038388493653573,1,prime
2026-06-13,-0.40384112554281953,0.6934069573634133,1,subprime
2026-06-13,1.8137409157319284,0.32526567574010845,0,prime
2026-06-13,0.06986372095233409,0.6667618833733304,1,prime
2026-06-13,-0.6380792247809897,0.16029919489722405,0,prime
2026-06-13,0.2718010265214806,0.24426761386151324,1,prime
2026-06-13,1.5504276000955863,0.3532939112554539,0,subprime
2026-06-13,0.20448010049924314,0.4417337126782707,1,prime
2026-06-13,1.2903206622181107,0.17830734948616478,0,prime
2026-06-13,-0.18779598403916598,0.06191581617112207,0,prime
2026-06-13,0.6672401650925679,0.7716431487417669,1,prime
2026-06-13,0.34997172215337874,0.31209957499055935,1,prime
2026-06-13,0.9797054666209264,0.6260659204321616,1,subprime
2026-06-13,1.0923856632295705,0.3181904846138404,0,prime
2026-06-13,1.310245226711905,0.7814177215823854,1,prime
2026-06-13,-0.3880286071859023,0.724419674217633,1,prime
2026-06-13,0.025198933777994814,0.0,0,subprime
2026-06-13,0.9102343627947185,0.5881547547143666,0,prime
2026-06-13,0.2929437068039745,0.8043726557660628,1,subprime
2026-06-13,-1.1893075353034928,0.28507016454334627,0,subprime
2026-06-13,-0.25977938435164877,0.0,0,prime
2026-06-13,-0.09911176953617046,0.21681544617955698,0,prime
2026-06-13,0.42469792603818196,0.7439370412055046,0,prime
2026-06-13,0.5435383917172552,1.0,1,subprime
2026-06-13,-0.07784952374995086,0.3755117555812789,0,prime
2026-06-13,-0.9883067080614956,0.08118395032414594,0,subprime
2026-06-13,0.11038720147996664,0.5925358613796866,1,prime
2026-06-13,-1.6489492874278397,0.04857735605711644,0,prime
2026-06-13,0.12294542060002403,0.273093077804295,0,prime
2026-06-13,0.5107848177784757,0.6867882228851331,1,prime
2026-06-13,-1.0811864646836742,0.6247348599752891,1,prime
2026-06-13,0.1007777762819993,1.0,1,prime
2026-06-13,-0.7137961620143383,0.5970867962546389,0,subprime
2026-06-13,-0.3600923702346686,0.43074565508334384,0,prime
2026-06-13,-0.17208930666380268,1.0,1,prime
2026-06-13,0.3383225207958724,1.0,1,prime
2026-06-13,0.4837479120483167,0.7580853503985017,1,subprime
2026-06-13,0.9831081277298508,0.5439863481491389,0,prime
2026-06-13,0.7225745542834154,0.23342345655484592,0,prime
2026-06-13,1.401535125869737,0.9442627305694292,0,subprime
2026-06-13,0.5586700018321247,0.0028209685391069605,0,prime
2026-06-13,0.46357262230827667,0.17339987461672668,0,prime
2026-06-13,1.948346591261903,0.41960883681288735,0,subprime
2026-06-13,1.2591624699115993,0.47678369576071733,1,prime
2026-06-13,0.2277364113956782,0.0,0,prime
2026-06-13,-0.9806442217510865,1.0,1,subprime
2026-06-13,-0.04309834533837331,0.7521931190959876,1,prime
2026-06-13,-1.2313492483753394,0.6497012420539774,0,subprime
2026-06-13,0.35426672042394947,0.0,0,prime
2026-06-13,1.1236415174281758,0.07658592231477096,0,prime
2026-06-13,0.23657934136487352,0.5991530477031797,1,subprime
2026-06-13,-0.4807077945039369,0.0,0,subprime
2026-06-13,-0.15178366209280048,0.7810859138839145,1,prime
2026-06-13,2.0823181467789222,0.7511962425939289,1,prime
2026-06-13,1.3969370604686653,0.7295720314887795,0,subprime
2026-06-13,0.5777421540030279,0.09964498422817344,0,prime
2026-06-13,0.038482058591324364,0.9156737007283144,1,subprime
2026-06-13,-0.1512094047581578,0.4723197635860533,0,prime
2026-06-13,0.420550595347736,0.6456708157378321,1,subprime
2026-06-13,1.573717387034124,0.0,0,prime
2026-06-13,-0.38788481629846633,0.7249174836811397,1,subprime
2026-06-13,0.584872195021475,0.761039429991625,1,prime
2026-06-13,-0.9662784822154726,0.0,0,subprime
2026-06-13,-0.4615834316919211,0.023057865888993667,0,prime
2026-06-13,1.0617207864448004,0.0,0,prime
2026-06-13,0.1426872674261049,0.04653483061542829,0,prime
2026-06-13,0.2504264151891981,0.6256545161893978,0,subprime
2026-06-13,1.1352694510991128,0.657460336507004,1,prime
2026-06-13,0.008173087502545417,0.0,0,prime
2026-06-13,0.08023430992307834,0.5742295690126533,1,prime
2026-06-13,-1.2961129914651859,0.8273681157867383,1,prime
2026-06-13,-0.5674451687398767,0.9725331283418646,1,subprime
2026-06-13,1.2165492355573775,0.4567323633871959,1,prime
2026-06-13,-2.5406858790055957,0.6133187196179073,1,prime
2026-06-13,0.07905806914806165,0.31413671876765487,0,prime
2026-06-13,0.9131254161979949,1.0,0,prime
2026-06-13,0.5532379860379946,0.12982236596885546,0,prime
2026-06-13,1.0281288484917117,0.389811762772176,0,prime
2026-06-13,0.134746473624405,0.7880933348429089,1,subprime
2026-06-13,-0.5203321527733853,0.22030183944004647,0,prime
2026-06-13,-0.6760910994948353,0.3203025995102525,1,prime
2026-06-13,0.676171500603334,0.34712705586448356,0,subprime
2026-06-13,0.316884942895166,0.5736561387802849,1,prime
2026-06-13,-0.7322620646165972,0.3620448262496936,1,subprime
2026-06-13,-1.4124860826040895,0.478420244390496,1,prime
2026-06-13,-0.9589586088923263,0.7203175147577657,1,subprime
2026-06-13,-0.615826602077219,1.0,1,subprime
2026-06-13,0.8752338710344456,0.6043969030500704,1,subprime
2026-06-13,-0.06166741165993761,0.17283951259419625,0,subprime
2026-06-13,0.8427375405917104,0.4963309260918287,1,subprime
2026-06-13,1.1031707310611498,0.4975157855389027,1,prime
2026-06-13,1.1945327611226564,0.6055473064001315,0,subprime
2026-06-13,-2.419251558188203,0.2249957050511486,0,prime
2026-06-13,0.29968386564935623,0.0,0,prime
2026-06-13,1.3739006949131332,0.18337413781491768,0,prime
2026-06-13,0.8865782412249461,0.4157170278151973,1,prime
2026-06-13,0.35951241742147294,0.426885720233693,1,prime
2026-06-13,1.497441286753965,1.0,1,subprime
2026-06-13,-0.6941868948996102,0.34481676633050323,1,prime
2026-06-13,-0.9732419699785302,0.1985278663819206,1,subprime
2026-06-13,-1.9817984643910276,0.8036800900395408,1,subprime
2026-06-13,1.518384883511611,0.3819986081446027,0,prime
2026-06-13,1.3209943848069194,0.6272725859619707,1,prime
2026-06-13,0.13721106855248447,0.6716558083352575,0,prime
2026-06-13,1.545844338801021,0.9323970033834297,1,prime
2026-06-13,2.7053570836993757,0.39114069722324984,0,prime
2026-06-13,-0.11815241927357661,0.7034512037653149,0,prime
2026-06-13,2.420821451539267,0.4135316348979182,1,prime
2026-06-13,0.2590627872436318,0.5166122135366937,1,subprime
2026-06-13,-0.2214896909548233,0.12011337654743773,0,prime
2026-06-13,2.4530479753633494,0.6462306264789169,1,prime
2026-06-13,1.397759597773305,0.3340342367653763,1,subprime
2026-06-13,-0.0509452367564302,0.2401253293738314,1,prime
2026-06-13,1.182691449893941,0.451021943491172,0,prime
2026-06-13,0.312919472350886,0.6131162499376475,1,prime
2026-06-13,-0.10367274590115994,0.6947650317439278,0,prime
2026-06-13,0.26272266116954623,0.3577499717077762,1,prime
2026-06-13,0.3616171951951879,0.16458944313862597,0,subprime
2026-06-13,-0.771847960146465,0.6521111553881244,1,prime
2026-06-13,0.06256955235643369,0.0798210487393439,0,prime
2026-06-13,0.2462905805866189,1.0,1,prime
2026-06-13,-0.3307838166911747,0.4415616330904749,1,prime
2026-06-13,0.8002020417037474,0.31646679786872384,0,subprime
2026-06-13,-0.21671185462060127,0.4205331297887587,0,prime
2026-06-13,2.0271792399065016,0.593927241154129,1,subprime
2026-06-13,0.25859468696943255,0.0,0,prime
2026-06-13,1.9928811415670438,0.14332860130804656,0,prime
2026-06-13,0.13288003145454277,0.6674858488477992,1,prime
2026-06-13,0.3916053520789277,0.0,0,prime
2026-06-13,0.02179561949127054,0.25893801846467335,0,subprime
2026-06-13,-0.05964427342049239,0.35337557829467026,0,prime
2026-06-13,2.292038598081488,0.09079762594917862,0,prime
2026-06-13,1.2942360689035244,0.8123907334720801,1,prime
2026-06-13,-0.8993402119764102,0.266803280448995,0,prime
2026-06-13,0.9542391915614721,0.9669562635293031,1,subprime
2026-06-13,1.3457144036674051,0.36120001086258063,0,prime
2026-06-13,2.2142993098937267,0.6120855203608021,1,prime
2026-06-13,-0.6240823728359033,0.0,0,prime
2026-06-13,-0.1808271869185018,0.6125275648472868,1,subprime
2026-06-13,0.42649771517350765,0.5891190458840819,1,subprime
2026-06-13,-1.1893588886990982,0.27420487348615463,0,prime
2026-06-13,1.4373525260612177,0.7495743415869104,0,prime
2026-06-13,1.7152650401327776,0.34904342207658773,1,subprime
2026-06-13,1.1743819323258584,0.02724162837576427,0,prime
2026-06-13,1.9790418886535872,0.7908387262589613,1,prime
2026-06-13,1.518489786899393,0.37775320954055663,0,prime
2026-06-13,0.13277081242796185,0.6533617016427106,1,prime
2026-06-13,1.2765012291992963,0.0,0,subprime
2026-06-13,1.8356494880006735,0.8406991602236076,1,prime
2026-06-13,0.46049328484774443,0.8597160581148984,1,prime
2026-06-13,-0.15953470291786032,0.7762254042298037,1,prime
2026-06-13,-0.17615983521541184,0.29681274814877706,1,prime
2026-06-13,0.7125112248271447,1.0,1,prime
2026-06-13,0.29679346355632796,0.6625733054489072,1,prime
2026-06-13,0.3442193523503496,0.3795962810696326,1,prime
2026-06-13,-0.35662020600094774,0.13778973963196198,0,subprime
2026-06-13,-0.28229836864240804,0.5654514527782404,1,prime
2026-06-13,0.43720146204535004,0.2668765998744658,0,subprime
2026-06-13,0.5569847293771637,0.1529243767755063,1,prime
2026-06-13,1.0104691049617267,0.24096459304815426,1,prime
2026-06-13,0.7599584306362683,0.5600336257947939,1,prime
2026-06-13,1.048622068991407,0.39455134441621004,1,prime
2026-06-13,-0.5469940664603192,0.5887383242426764,1,prime
2026-06-13,2.6208288741045176,0.21323616438674536,0,prime
2026-06-13,-1.8926466329285876,0.9711151003855796,1,prime
2026-06-13,-1.965417736250805,0.6096979757053524,0,subprime
2026-06-13,-0.9245833984116498,0.9384015504764553,0,prime
2026-06-13,0.8568803387027539,0.5913363085888685,0,prime
2026-06-13,-0.0484472041898425,0.5567777956693942,1,prime
2026-06-13,-0.8791568294752881,0.06008255195354234,0,subprime
2026-06-13,-0.8209946688340484,0.5024741969726947,1,prime
2026-06-13,0.37145383608087956,0.0,0,subprime
2026-06-13,0.6635624127864455,0.0,0,prime
2026-06-13,-0.4843447814288469,0.9852807555430245,1,prime
2026-06-13,0.49248288679580093,0.7652521205034942,1,prime
2026-06-13,1.0511162327752739,0.42138247932940287,1,subprime
2026-06-13,1.2900405376161193,0.7220097120862632,1,subprime
2026-06-13,2.229931461394782,0.968873171772801,1,prime
2026-06-13,0.6902701744492468,1.0,1,prime
2026-06-13,-0.8322545207243492,0.44528289202460314,1,prime
2026-06-13,0.024812590612521862,0.46164318130221854,1,prime
2026-06-13,0.621789203320741,0.5299674790264877,0,prime
2026-06-13,0.7694590682554066,0.28711384114098576,0,prime
2026-06-13,0.9882154421130451,0.3892077145939322,0,prime
2026-06-13,-0.5314549917819138,0.15917749058922337,0,subprime
2026-06-13,0.11822978262183703,0.5345653318146305,0,prime
2026-06-13,-0.07037888006229842,0.6089654741611747,1,prime
2026-06-13,-1.5049100825749544,0.4725778484759897,0,prime
2026-06-13,-0.7312381495843561,1.0,1,subprime
2026-06-13,-1.6567048348393187,0.33727094102323024,0,subprime
2026-06-13,-0.17204343857595733,0.5273712046003204,0,subprime
2026-06-13,0.42651105356032293,0.6668449111284017,1,prime
2026-06-13,-0.5681795568760222,0.7985738099266176,1,prime
2026-06-13,-0.2749895602528693,0.5284215622964694,0,prime
2026-06-13,0.08899042667001336,0.19011692850131093,0,subprime
2026-06-13,0.592758848922191,0.724487447437468,1,subprime
2026-06-13,0.9601808633717683,0.0629680251814792,0,prime
2026-06-13,0.14823376235020766,1.0,1,prime
2026-06-13,0.41638133581729464,0.46701717926832476,0,subprime
2026-06-13,-0.7122251772741637,0.0,0,prime
2026-06-13,-0.951116076091725,0.7626233714257988,1,prime
2026-06-13,-0.2867976896690721,0.27883798408718163,0,subprime
2026-06-13,0.6951794333885468,0.3982238969777137,0,subprime
2026-06-13,0.3158937190816413,0.10023929931190537,0,prime
2026-06-13,0.3767774576905289,0.7139077572994854,1,prime
2026-06-13,0.3972274503166399,0.8221215180943524,0,subprime
2026-06-13,-0.00862432663424445,0.916321348266415,1,prime
2026-06-13,0.8635764593481325,0.8214647035391582,1,prime
2026-06-13,-0.4408238295373664,0.2790519710561649,0,prime
2026-06-13,1.795488995213303,0.6328499324593488,0,prime
2026-06-13,2.754873658024439,0.28350172026029463,0,prime
2026-06-13,1.591127262773224,0.4285507351734269,1,prime
2026-06-13,0.7870561183241243,0.39539387025336276,1,prime
2026-06-13,-0.6597698376686365,0.22295474776137947,0,subprime
2026-06-13,-0.7700232301232603,0.37296925333137415,0,prime
2026-06-13,0.7041899054233902,0.821838856743313,0,prime
2026-06-13,1.2157288274504525,0.43833752734121256,1,subprime
2026-06-13,1.3103060314325383,0.5259640340043217,1,prime
2026-06-13,2.2889739695053866,0.5088634046314349,0,prime
2026-06-13,-1.1123097913038942,0.5392474412936841,1,subprime
2026-06-13,-0.387987611600816,0.8060559754571359,0,subprime
2026-06-13,-0.671150251946464,0.490626918382009,0,prime
2026-06-13,1.6411583048302965,0.2794918048336222,0,subprime
2026-06-13,0.5488529131619049,1.0,1,prime
2026-06-13,-2.8752574433007907,0.9205072855860048,0,prime
2026-06-13,0.8727569436525204,0.18882672867464517,0,prime
2026-06-13,-1.4859156719030124,0.6886387109257306,0,prime
2026-06-13,-0.5933527547824964,1.0,1,subprime
2026-06-13,-1.716832498728217,0.8845273253344648,1,prime
2026-06-13,1.7683097285989215,1.0,1,subprime
2026-06-13,-0.2614888651677261,0.6813639446044308,1,prime
2026-06-13,-1.6256471746731447,0.24853664564240224,0,subprime
2026-06-13,0.41380555524916524,0.7214523138801789,0,prime
2026-06-13,-2.0268010199460758,1.0,1,subprime
2026-06-13,2.2229317788685976,0.522009877951524,1,prime
2026-06-13,2.2408946448018034,0.0,0,prime
2026-06-13,-0.23563812963394676,0.4641173903293922,1,subprime
2026-06-13,1.3631176571677583,0.7195018380186452,0,subprime
2026-06-13,-0.21267762134983198,1.0,1,prime
2026-06-13,0.3130612404216962,0.5226573416714557,1,prime
2026-06-13,-0.38823760819328684,0.8220230007457113,1,prime
2026-06-13,-1.0781336223586193,0.3693993424811516,0,prime
2026-06-13,0.8029645032600152,0.29071084459066715,0,subprime
2026-06-13,-0.6393229209840237,0.7530594658561379,1,prime
2026-06-13,0.7761487350478684,0.3889882758452499,1,prime
2026-06-13,0.12702971581607445,0.5434468452630268,1,prime
2026-06-13,-1.1610448112615532,0.7431893367156376,1,subprime
2026-06-13,1.5330620646620643,0.797503139976268,1,prime
2026-06-13,1.2044475307382234,0.6558102265640515,0,prime
2026-06-13,-0.5132814238328312,0.3674141721118867,0,subprime
2026-06-13,-2.1488599565314166,0.8839327934950583,1,prime
2026-06-13,-0.30392861607414806,0.8010452020049145,1,prime
2026-06-13,-0.22153632228386266,0.563846978622252,0,prime
2026-06-13,-1.9728295488314613,0.925228782264313,1,subprime
2026-06-13,-1.4246002878617376,0.44604003421943506,1,prime
2026-06-13,1.9357888277543995,1.0,1,subprime
2026-06-13,0.24312019564287485,0.48357657091150485,0,prime
2026-06-13,2.337078592674007,0.7953513936211563,1,prime
2026-06-13,1.0425418383457954,0.9289153760196548,1,prime
2026-06-13,0.6284478639755056,0.7733785215718366,1,prime
2026-06-13,0.9784874321002641,0.41674194344537974,1,subprime
2026-06-13,-1.766348411691664,0.6770486378208858,1,subprime
2026-06-13,-0.0043281174424179,0.45493960894533203,0,prime
2026-06-13,0.6469033622744536,1.0,1,subprime
2026-06-13,1.252594223332814,0.6734351871082234,0,prime
2026-06-13,0.592626412038445,0.5261705297779934,0,subprime
2026-06-13,1.3314096987927142,0.8309463867219742,1,prime
2026-06-13,-1.8461992720020584,0.130424487844828,0,prime
2026-06-13,-0.5386917766084127,0.20660292499742644,1,subprime
2026-06-13,-1.005116275816812,1.0,1,prime
2026-06-13,-0.05536160036514165,0.4561538731307637,1,prime
2026-06-13,0.8094268002697234,0.4643790937059044,0,prime
2026-06-13,0.7132936812847301,0.3277512030164536,1,prime
2026-06-13,0.28547719132746424,0.8095397719063226,1,prime
2026-06-14,-0.7895581372997555,0.23405827412525881,0,subprime
2026-06-14,0.6096295990598788,0.0,1,subprime
2026-06-14,1.4797784679168515,0.12521736422022142,0,subprime
2026-06-14,-2.0351125736538918,0.3504891842711239,0,subprime
2026-06-14,-1.6224598221367534,0.5327470555079954,0,subprime
2026-06-14,1.2503430932746782,0.5398973053956946,1,subprime
2026-06-14,0.9115081026158569,0.20135946494790555,0,prime
2026-06-14,0.47068228165723847,0.2916420515493963,0,prime
2026-06-14,-0.1278788387576108,0.6223623143907768,1,subprime
2026-06-14,-0.6112551094603054,0.39210996928868785,0,subprime
2026-06-14,-2.065376756795617,0.08665593221466983,0,prime
2026-06-14,0.9518905658516115,0.3161876906447943,0,prime
2026-06-14,1.1893648927776872,0.9054421528704817,1,prime
2026-06-14,1.3941708091292333,0.31412415419979006,1,prime
2026-06-14,2.439089694642134,0.3220112718844491,1,subprime
2026-06-14,0.03321057985631076,0.6986960706259843,1,prime
2026-06-14,-0.08096224301323329,0.6834632097408921,0,prime
2026-06-14,0.6643831941798802,0.4180607857435772,0,prime
2026-06-14,0.3761078706282399,0.7510577900775517,1,prime
2026-06-14,0.819947990047867,0.5794007832431696,1,subprime
2026-06-14,-0.1266885165636515,0.409101406092676,0,prime
2026-06-14,0.3689413259016189,1.0,1,prime
2026-06-14,1.1392823042138853,0.6059207295473633,1,subprime
2026-06-14,0.4287106566149721,1.0,1,subprime
2026-06-14,-0.5818907213041535,0.7334461451860443,1,subprime
2026-06-14,-0.45145208667878595,0.20896404302709676,0,prime
2026-06-14,-1.072139340218376,0.0,0,prime
2026-06-14,-0.913881321146893,0.3672404978921652,0,subprime
2026-06-14,-0.9882685117209735,0.7117909618089039,1,prime
2026-06-14,0.11255121350995745,0.2564193569923597,1,subprime
2026-06-14,0.6284681855827983,0.9303821491135249,1,prime
2026-06-14,-2.1948868002198685,0.35870565457821213,0,subprime
2026-06-14,-0.8510959627152508,0.8125447140480828,1,prime
2026-06-14,-0.88576771059799,0.3754443629335815,0,prime
2026-06-14,-1.0450380504889816,0.9441864388314849,1,prime
2026-06-14,0.033629287986874035,1.0,1,subprime
2026-06-14,1.3369345885650994,0.0,0,prime
2026-06-14,0.9133216095437036,0.13067588708322092,0,prime
2026-06-14,0.35470383586367554,0.48598092209467825,1,prime
2026-06-14,-0.9139072420778269,0.743301253194876,1,prime
2026-06-14,-0.36573753329405717,0.1993392910258736,0,prime
2026-06-14,-0.1558489563049677,0.0,0,subprime
2026-06-14,0.919189917811235,0.35554549329219887,1,subprime
2026-06-14,0.0731118154370273,0.2683186589426035,0,prime
2026-06-14,-0.3378225239060569,0.15674429997728062,0,prime
2026-06-14,1.290302144853614,0.6942822477928692,1,prime
2026-06-14,-0.08025674849032449,0.30075862470848563,0,prime
2026-06-14,1.6287169119281644,0.7542058222354698,1,subprime
2026-06-14,1.5150709131713056,0.5633222110753523,0,subprime
2026-06-14,-0.07661966629300293,0.4135146719354844,0,subprime
2026-06-14,0.046567094128568326,0.07644345298972077,0,prime
2026-06-14,-0.29991175003411635,0.6741427983827378,1,subprime
2026-06-14,-0.9327565240834088,0.0,0,subprime
2026-06-14,0.9867901718066949,0.10335814832001178,1,prime
2026-06-14,2.14630493845857,0.30393556704791913,0,subprime
2026-06-14,1.6270891196027506,0.19548689479823975,0,prime
2026-06-14,-0.7833510490354503,0.268319736026456,0,prime
2026-06-14,-0.6453651610485771,0.48456136927029775,0,prime
2026-06-14,2.4781757610452164,1.0,1,prime
2026-06-14,-0.22279640711579513,0.220711514749782,0,subprime
2026-06-14,-1.4137842609537508,0.3795764921597711,0,prime
2026-06-14,0.3866338899203428,0.9745263757880405,1,subprime
2026-06-14,1.2115450512279773,0.16463154066746577,1,prime
2026-06-14,-0.31389835908179736,0.09182458876347904,0,prime
2026-06-14,-2.0779160312164717,0.5203807911461762,0,subprime
2026-06-14,-0.12697966395564148,0.8200388010553307,1,prime
2026-06-14,-0.44571883291154196,0.48103873215018267,1,prime
2026-06-14,-0.47349815356830377,0.8285375004865954,0,subprime
2026-06-14,1.1866652091905605,0.2903313731609057,0,subprime
2026-06-14,-0.6413655169452857,0.9513910590900658,1,prime
2026-06-14,-0.6039497377485941,0.7931103015564168,0,subprime
2026-06-14,1.379188747483307,1.0,1,prime
2026-06-14,-1.4088011487390635,0.552171267685221,1,subprime
2026-06-14,0.7461660584166925,0.9549593703125423,1,subprime
2026-06-14,-0.9830215530312081,1.0,1,prime
2026-06-14,-0.24437674891009226,0.6191176562051616,1,prime
2026-06-14,0.5548244350817798,0.48162372421480737,1,subprime
2026-06-14,1.489042170487836,0.4758333063505147,0,subprime
2026-06-14,0.7445344658803552,0.06830579847769375,0,prime
2026-06-14,-0.07231053848426722,0.6883463093654427,1,prime
2026-06-14,-1.505045465976399,0.7012421116054808,1,prime
2026-06-14,-0.8751874568468736,0.11425143210567551,0,prime
2026-06-14,-0.16801165116403832,1.0,1,prime
2026-06-14,0.8065383860887332,0.5058165710494295,1,prime
2026-06-14,1.0289311581050764,1.0,1,prime
2026-06-14,0.34044242043520906,0.6498808157501431,1,prime
2026-06-14,0.7548023330570177,0.791234331339985,1,prime
2026-06-14,1.4765316635412167,0.48598163825586216,1,prime
2026-06-14,0.44966431308357063,0.6028777197295323,1,prime
2026-06-14,1.0060866336245,0.9661992536999608,1,prime
2026-06-14,-0.05411805873161879,0.4929919883775479,0,prime
2026-06-14,0.02689511549517759,0.2920693539420247,0,prime
2026-06-14,1.135765107776437,0.7347413384049906,0,prime
2026-06-14,-0.8169506212757522,0.9741395958103678,1,subprime
2026-06-14,0.9695455166923643,0.3109010887507289,0,subprime
2026-06-14,-0.1336144902866075,0.7524811585653346,1,prime
2026-06-14,0.6428160178041007,0.6938694072808134,0,subprime
2026-06-14,-0.1623208082373802,0.00346026866813981,0,subprime
2026-06-14,-0.5218758345070633,0.4187880695247934,0,prime
2026-06-14,1.0090874483871823,0.9749041951316211,1,subprime
2026-06-14,-0.45182331728062247,0.9862477893520509,1,subprime
2026-06-14,-0.40549836571880554,0.5976145318182586,1,subprime
2026-06-14,0.6115965946560789,0.0,0,subprime
2026-06-14,0.15286244181608877,0.5720724458783313,0,prime
2026-06-14,-0.6509682992980435,0.0,0,subprime
2026-06-14,0.515428009912729,0.26369066740014746,1,prime
2026-06-14,1.4724733834160724,0.2215463747967238,1,prime
2026-06-14,0.6518050981456541,0.07818313957779333,0,prime
2026-06-14,0.05386987249023753,0.205889248481441,0,prime
2026-06-14,-1.1447360960593926,0.8304863883014465,1,prime
2026-06-14,1.0306106994981248,0.3768963779243805,0,subprime
2026-06-14,0.07176773104846801,0.20473892133797375,0,subprime
2026-06-14,0.6793352171715705,0.19452731976703605,0,subprime
2026-06-14,0.5522378908807355,0.0,0,prime
2026-06-14,1.1925768671578783,0.5837845175412355,1,prime
2026-06-14,0.6416173345974219,0.0,0,prime
2026-06-14,2.412352394266732,0.7960571689785394,1,prime
2026-06-14,-1.8249695095758893,0.2249895750314732,1,prime
2026-06-14,0.4263961674562051,0.4580795016837337,1,prime
2026-06-14,0.7352161223500071,0.6132883441053437,1,subprime
2026-06-14,-0.8211440715990499,0.1922925787844453,0,prime
2026-06-14,-1.1708793580104768,0.32173400585747586,0,prime
2026-06-14,0.8544897385653845,0.7746852734484015,1,prime
2026-06-14,0.8517835075025393,0.736729143824186,0,prime
2026-06-14,-1.0407269797602958,0.603752715721152,1,subprime
2026-06-14,-1.084581161788795,0.28722895126007786,0,subprime
2026-06-14,-0.19822240900965438,0.0,0,prime
2026-06-14,-0.46284442234774276,0.48744423522605806,1,prime
2026-06-14,0.9653798028532556,0.840362183451284,0,subprime
2026-06-14,1.0990013845261282,0.8075066162464011,1,prime
2026-06-14,1.6112628931411381,0.39062503966403883,0,prime
2026-06-14,0.14156643429077137,1.0,1,prime
2026-06-14,0.03693609188190744,0.7460564937380635,1,prime
2026-06-14,0.4998929025277663,0.40410242851490313,0,prime
2026-06-14,-0.7262440756288437,0.5816138601171275,0,prime
2026-06-14,0.9353098382924026,0.3048256286016644,0,prime
2026-06-14,-0.44409742951896986,0.34561856824052145,1,prime
2026-06-14,0.9915361214090985,0.9199759485050011,1,subprime
2026-06-14,-0.4781837569969179,0.7630045554997488,0,subprime
2026-06-14,0.6339133629501063,0.8475550381235119,0,subprime
2026-06-14,0.7062124581480669,0.25769988847218317,0,subprime
2026-06-14,0.39381345904938225,0.43852085192389934,1,prime
2026-06-14,0.23338302088922624,0.38881322347178027,0,prime
2026-06-14,-0.9367839347741891,0.9019212645105352,1,prime
2026-06-14,0.38727533438889217,0.40367512423400415,0,prime
2026-06-14,-1.2193051683907312,0.0,0,prime
2026-06-14,0.022592029679614045,0.4282412708471208,1,prime
2026-06-14,0.16012723313049287,0.3383685505299775,0,subprime
2026-06-14,1.42362778842344,0.3364240614984979,0,prime
2026-06-14,1.1168508414972118,0.5752386896948654,0,prime
2026-06-14,0.8997937382868972,0.05015718658249718,0,subprime
2026-06-14,1.8237403404464354,0.1803464267908873,0,prime
2026-06-14,-1.646822612999097,0.38492241715713427,0,prime
2026-06-14,0.27976559677325347,0.6447387849968411,1,prime
2026-06-14,-0.9282286235898021,0.7435320726986935,1,prime
2026-06-14,3.2602857342304987,0.42519922181254866,1,subprime
2026-06-14,1.5500394546894138,0.0,0,prime
2026-06-14,-0.41151602013851524,0.33343979919245875,1,prime
2026-06-14,1.9501242780737456,0.9196437085077045,1,prime
2026-06-14,1.6450846122487366,0.7164882894869078,1,subprime
2026-06-14,1.30028078362868,0.7940041917939497,1,prime
2026-06-14,0.13050291808441042,1.0,1,prime
2026-06-14,1.5561919287537296,1.0,1,subprime
2026-06-14,-0.1712161917962069,0.2706415602366917,1,subprime
2026-06-14,-0.23581142522161075,0.8976517733083772,0,prime
2026-06-14,-0.5130840714977067,0.42009410705346356,0,subprime
2026-06-14,0.39199882277985865,0.23108098752185968,0,prime
2026-06-14,2.277972898234421,0.7079918613767994,1,prime
2026-06-14,1.2067450818918863,0.2904844293309175,0,prime
2026-06-14,-2.1751217213034653,0.6785243469273414,1,subprime
2026-06-14,0.6463262695569687,0.155660908102487,1,prime
2026-06-14,-0.49178697392695475,0.6406792733832366,1,subprime
2026-06-14,0.6158754406851128,0.7820744432985864,1,subprime
2026-06-14,-1.2415908420228536,0.0,0,prime
2026-06-14,-0.16343762830698244,0.45614231217697415,1,prime
2026-06-14,0.5801522205609593,0.0,0,prime
2026-06-14,-0.21835660266055495,0.6126371610776482,0,prime
2026-06-14,0.08004240001523738,0.9759367034417343,1,prime
2026-06-14,-0.21006674543620435,0.7097395513615057,0,prime
2026-06-14,-1.3507048961345804,1.0,1,prime
2026-06-14,1.500978616918176,0.5205426306785833,0,prime
2026-06-14,-1.335329465835536,0.3962508419837105,1,prime
2026-06-14,0.6246003679888243,0.1720233944075649,0,subprime
2026-06-14,0.24934249374167797,0.9045667519940923,0,prime
2026-06-14,0.4202884215442422,0.6499230597288407,1,prime
2026-06-14,1.8139856918816297,0.6150391735404677,1,prime
2026-06-14,1.7513386381109108,1.0,0,prime
2026-06-14,-0.19524310699794672,0.0,0,prime
2026-06-14,-0.2508295579899826,0.7821740908730258,0,prime
2026-06-14,0.6954628242898525,0.7462882689433263,1,prime
2026-06-14,1.0576118429190091,0.30742176966233703,0,prime
2026-06-14,0.2804292251791665,1.0,1,subprime
2026-06-14,1.823171853807947,0.42733168372342956,1,prime
2026-06-14,-0.3412014138915321,0.27732802579017557,0,prime
2026-06-14,-0.2806839389226298,0.3865153511621852,1,prime
2026-06-14,0.949402116063726,0.0,0,prime
2026-06-14,0.6404598431746156,0.6336812966913534,0,prime
2026-06-14,1.7804765002263445,0.16865505458915028,0,prime
2026-06-14,-0.05404839071537487,0.09737355867725622,0,subprime
2026-06-14,1.7049166273210363,0.8767893887522065,1,prime
2026-06-14,1.1305527089324632,0.9155666814488143,1,prime
2026-06-14,1.0563122134884926,0.7866556257367522,0,prime
2026-06-14,0.9332788521680024,0.3078068237094253,0,prime
2026-06-14,0.6223249505632695,0.5284948720668734,0,prime
2026-06-14,-0.730586720983758,1.0,1,prime
2026-06-14,-0.3595956305860118,0.2708103695386994,0,prime
2026-06-14,0.4563542892802888,0.0,0,prime
2026-06-14,0.60316451147334,0.5500386384293936,1,prime
2026-06-14,-1.1459835871825887,0.7263501730441578,1,prime
2026-06-14,-0.09307622071921956,0.4436627889798578,0,prime
2026-06-14,-0.40779997339946045,0.5349402038806875,0,prime
2026-06-14,0.5520355673328081,0.06148814461988972,0,prime
2026-06-14,-0.4994938874191189,0.6340543022990532,0,prime
2026-06-14,0.6467663911047377,0.6722586603799426,1,prime
2026-06-14,0.10769988975959549,0.033061738652926,0,prime
2026-06-14,0.21790118473822495,0.6635530213366422,0,prime
2026-06-14,-0.5742153533793404,0.8152413158422869,1,prime
2026-06-14,1.348997795773722,0.15101099514730473,0,prime
2026-06-14,0.8823312035830058,0.0,0,prime
2026-06-14,0.21197608090473039,0.6050907645990741,1,subprime
2026-06-14,0.9040138662600428,0.7058030886940008,1,prime
2026-06-14,0.5943019140118668,0.5098493083996444,0,subprime
2026-06-14,-0.4182000299743998,0.37212088712038793,1,prime
2026-06-14,-0.506965123605496,0.14675104930267693,0,prime
2026-06-14,-0.8234348112899867,0.0,0,prime
2026-06-14,1.3882066410499019,0.8029963971816764,0,subprime
2026-06-14,1.3510687622281876,0.5232525433897857,1,subprime
2026-06-14,-0.64042189311983,0.5903962714100646,1,prime
2026-06-14,0.5762744489511265,0.4887021882809936,1,subprime
2026-06-14,-0.6239080221735338,0.1791385482982959,1,prime
2026-06-14,-0.9309081922647515,0.31752697426472315,0,prime
2026-06-14,1.5191359555759483,0.3189244800425643,0,prime
2026-06-14,1.0357627169966037,0.49745636764269874,1,subprime
2026-06-14,-0.6088541317520346,0.13458876418421406,1,prime
2026-06-14,-1.481787990501667,0.6595162321878625,0,subprime
2026-06-14,0.8325577955435226,0.0,0,prime
2026-06-14,-0.1520226239054437,0.5513062117442271,0,prime
2026-06-14,1.4721252884190208,0.7828794313506083,1,prime
2026-06-14,-1.0888592070255798,0.6570681008369523,1,subprime
2026-06-14,-0.3882755529627078,0.09729043106333496,0,prime
2026-06-14,-1.5767587258361055,0.6910939426207074,1,subprime
2026-06-14,1.588826925672563,0.3829009820661163,0,prime
2026-06-14,0.9133157239741958,0.0,0,prime
2026-06-14,1.7818624376017995,0.7465897621917994,1,prime
2026-06-14,-0.9444906787634328,0.08012922408102086,0,prime
2026-06-14,-2.287375295437441,0.26243429654717765,0,prime
2026-06-14,1.2732069570002433,0.1774168456617051,0,prime
2026-06-14,0.43349158935042365,0.0,0,subprime
2026-06-14,1.3815202149705161,0.35490474510110404,1,subprime
2026-06-14,-1.1192739838205468,0.5856431918582317,0,prime
2026-06-14,-1.8504810856068743,0.49082513904142433,1,prime
2026-06-14,-0.49945204713021335,0.48392136518037465,1,prime
2026-06-14,0.7310037972146629,0.2186407376175578,0,subprime
2026-06-14,0.26465027705812816,0.664324026193959,0,prime
2026-06-14,-1.1437121453851589,0.2963732082076419,0,subprime
2026-06-14,0.9661273722644605,0.9402966178328256,1,prime
2026-06-14,-0.5482207536248944,0.22390886749365518,1,prime
2026-06-14,0.35094634360560983,0.6312852565944529,0,prime
2026-06-14,0.7822840257248758,0.5259684573819585,0,prime
2026-06-14,1.337835613576112,0.40905107927419154,1,prime
2026-06-14,-0.9655435337173359,0.9431036028870243,1,prime
2026-06-14,0.45733576676950394,0.0,0,prime
2026-06-14,0.852184782065561,0.7087232734911469,1,prime
2026-06-14,-0.352543549625943,0.48958813024702336,0,prime
2026-06-14,0.455566584221757,0.3977055240284749,1,prime
2026-06-14,1.4964806454178086,0.6815292248206182,0,prime
2026-06-14,-0.14460823854256738,0.35487119653294846,0,prime
2026-06-14,1.2613672735492296,0.20378343374504967,0,prime
2026-06-14,-1.1977380787405874,0.23696253000573414,0,prime
2026-06-14,-0.7022843494390631,1.0,1,subprime
2026-06-14,0.26035600561562183,0.46611363178685405,1,subprime
2026-06-14,0.294074270987458,0.6288944277375637,0,subprime
2026-06-14,0.6756637482375154,0.7928311568107669,1,subprime
2026-06-14,0.9049553907257759,0.619642546018779,1,prime
2026-06-14,0.03521727167076166,0.3167535145985557,0,prime
2026-06-14,0.6692095891014971,1.0,1,prime
2026-06-14,-0.10660295206653464,0.8975555352569351,1,subprime
2026-06-14,-0.2883103056764305,0.407229340013702,0,subprime
2026-06-14,-2.117625785219439,0.7376534898418028,1,prime
2026-06-14,0.6472213951048915,0.3054507469444693,0,prime
2026-06-14,-1.0269882780717234,0.1936284321667427,0,prime
2026-06-14,-0.43773702250399477,0.49124141659771603,0,prime
2026-06-14,1.0908392210932099,0.5834418762223268,1,prime
2026-06-14,2.1262279324216435,0.5053113858535417,0,prime
2026-06-14,0.32493728813615874,0.0,0,prime
2026-06-14,0.5889607525589731,0.8226450934346462,1,subprime
2026-06-14,0.09696954410681344,0.7107431630647192,0,prime
2026-06-14,1.0015525725082841,0.7995473824883895,0,subprime
2026-06-14,0.6687956394413064,0.7246181406892402,1,subprime
2026-06-14,0.49757262715590594,0.0,0,prime
2026-06-14,-0.44558083386898134,0.9145282135155951,1,prime
2026-06-14,0.9603069173408669,0.1809585230228591,0,prime
2026-06-14,2.0575621920106326,0.984083768729739,1,prime
2026-06-14,3.117647748601461,0.37609924175267395,1,prime
2026-06-14,0.8385811796997851,0.7014718145376505,1,prime
2026-06-14,0.6874406396986222,0.0,0,prime
2026-06-14,0.32734424714683025,0.9420193344296928,1,prime
2026-06-14,2.3838051817521677,0.843396263298639,1,prime
2026-06-14,-1.7520402397506238,0.8398358373282793,0,prime
2026-06-14,-0.49349511193772516,0.5236076381850411,0,prime
2026-06-14,0.8810701735113327,0.23388694823899236,0,subprime
2026-06-14,-0.6627716389386273,1.0,1,subprime
2026-06-14,0.8409133447933006,1.0,1,prime
2026-06-14,0.33583247530370675,0.0,0,prime
2026-06-14,-1.7082476629693155,0.6215809090567388,0,prime
2026-06-14,2.2394432929170964,0.3769011271597671,0,prime
2026-06-14,1.3696517941434314,0.5660358470481456,1,prime
2026-06-14,0.18188499268348612,0.7742021550358522,1,prime
2026-06-14,3.0573680333727964,0.7631805546939527,1,subprime
2026-06-14,1.2151705702495343,0.43096294266077495,1,prime
2026-06-14,0.3425188274464028,0.1803588092702794,0,prime
2026-06-14,1.0543383866028706,0.8159334187100302,0,prime
2026-06-14,-1.3833137496747125,0.0,0,prime
2026-06-14,1.4795712708871211,0.2127149110711234,0,subprime
2026-06-14,0.7694987575048553,1.0,1,prime
2026-06-14,1.1690785639393477,0.7415536336699929,1,prime
2026-06-14,0.9280322733291155,0.0,0,prime
2026-06-14,-0.3226959114768118,0.6673957011258652,1,subprime
2026-06-14,0.2730913287275528,0.8783825914112899,1,prime
2026-06-14,-1.415007197610963,0.4195784084387766,0,prime
2026-06-14,3.6564465778893775,0.71208332402108,1,prime
2026-06-14,0.20806362058767355,0.5239384471993817,1,prime
2026-06-14,1.0960618800550808,0.6099148174444321,1,prime
2026-06-14,1.3406049700201796,1.0,0,prime
2026-06-14,-1.589565820560565,0.2837192262134393,0,prime
2026-06-14,-0.04439235744548764,0.7488592668688614,1,subprime
2026-06-14,-0.9795435812181061,0.22031051614433805,1,prime
2026-06-14,-0.5093665741836326,0.48180863692312215,1,prime
2026-06-14,-1.0706320757086623,0.0,0,prime
2026-06-14,0.983270125490056,0.6609314648115419,1,prime
2026-06-14,0.2737886389830512,0.6077108970672047,0,prime
2026-06-14,0.5716719660611296,0.7394516642582569,1,prime
2026-06-14,-0.37582715811897255,0.6133795029246263,1,subprime
2026-06-14,0.1435366684154088,0.2001692302146274,0,prime
2026-06-14,1.0050816971274963,0.10516728454867452,0,prime
2026-06-14,-0.5529454897314672,0.0,0,subprime
2026-06-14,-1.9515543845068617,0.49855348759218776,1,prime
2026-06-14,-0.8851759857463262,0.5775797327722741,1,subprime
2026-06-14,0.7584142900409874,1.0,1,subprime
2026-06-14,0.6588833998268012,0.41466438294123614,1,prime
2026-06-14,1.7833845076035946,0.9121235810182884,1,subprime
2026-06-14,0.12981016840931753,0.0,1,prime
2026-06-14,0.6009751598327335,0.9555290327021995,1,prime
2026-06-14,0.17387565659899834,0.5516866403915879,1,prime
2026-06-14,-0.842027027341721,0.1598284275793225,0,prime
2026-06-14,-0.1834328243215358,0.05677380837768409,0,prime
2026-06-14,-0.4852355428399729,0.3702468630761882,0,prime
2026-06-14,-0.17501036066715692,0.2835101946801459,0,prime
2026-06-14,2.277101957491451,0.3991113697076125,0,prime
2026-06-14,0.22286292887192583,0.5201006338611087,0,prime
2026-06-14,2.514418063752574,1.0,1,subprime
2026-06-14,-0.16808871571170964,0.4542424787783559,1,subprime
2026-06-14,0.9826070471753057,0.8275646482163315,1,prime
2026-06-14,-0.5870495260390443,0.5926909853016712,1,prime
2026-06-14,0.2672129214120464,0.5063471913304449,0,prime
2026-06-14,0.9324268857925602,0.27650700927756244,0,prime
2026-06-14,-0.9607965542686936,0.7168901208485525,1,prime
2026-06-14,0.7803313008331492,0.41977968226765255,1,prime
2026-06-14,1.03149014231395,0.815862525286556,1,prime
2026-06-14,1.9177924580214027,0.45232067038359947,1,prime
2026-06-14,0.08168943298484332,0.022735455755079126,0,prime
2026-06-14,-0.12268207041184453,1.0,1,subprime
2026-06-14,0.3463215094139811,0.6543424720215577,1,prime
2026-06-14,1.459331037544749,0.7905221321950612,1,subprime
2026-06-14,-0.20954634802412525,0.7450037151647746,1,subprime
2026-06-14,0.5996219232110986,0.0,0,prime
2026-06-14,1.0045909940079807,0.054779138462923926,0,prime
2026-06-14,1.3270490937884987,0.4131094184290668,0,prime
2026-06-14,1.4593889343284614,0.6759254034709605,1,subprime
2026-06-14,0.9291233971466404,0.24630703196153936,1,subprime
2026-06-14,-0.38226622914546743,0.36495241961887914,0,prime
2026-06-14,1.5092683970453251,0.9950774117158292,1,prime
2026-06-14,0.5511513933776893,0.3993373713366163,1,prime
2026-06-14,0.5645727832706522,0.5417952704680057,1,subprime
2026-06-14,1.5967229600611659,0.6921609105660848,1,prime
2026-06-14,1.2501981585158581,0.4600556806845397,0,subprime
2026-06-14,1.095281773083894,1.0,1,prime
2026-06-14,-0.5670180621885719,0.30411557695020336,0,prime
2026-06-14,1.187283084493497,0.40305407371116997,0,prime
2026-06-14,1.5054925955473641,0.22262473714194364,0,prime
2026-06-14,-0.24482433318496238,0.2710449577798165,1,prime
2026-06-14,-0.6184943151031219,0.6041213753009302,0,prime
2026-06-14,-1.3423259718722096,0.37356317512635195,0,subprime
2026-06-14,0.6148544772462909,0.17332978622794448,0,prime
2026-06-14,-1.2299104492260102,0.5008705830594187,0,prime
2026-06-14,0.5835431091630372,0.2088112324704292,0,subprime
2026-06-14,0.4454183682573838,0.7302061112198763,1,prime
2026-06-14,-1.670362504761298,1.0,1,subprime
2026-06-14,1.1207509687408137,0.8200335773185825,1,subprime
2026-06-14,1.153429587083602,0.4983151267526027,1,prime
2026-06-14,0.04933409601499511,0.02526712795699404,0,prime
2026-06-14,0.19035830753498528,0.6839782657482159,0,prime
2026-06-14,0.6926066039203367,0.2276809406551661,0,subprime
2026-06-14,0.4443466286674411,0.7759619723489719,1,subprime
2026-06-14,0.0213286203556039,0.9122920911212085,1,prime
2026-06-14,-0.6723466453412974,0.7652970631091366,1,subprime
2026-06-14,-1.4762073803940616,0.21384196096110303,0,prime
2026-06-14,3.044550688462815,1.0,1,subprime
2026-06-14,-1.4101783520775424,0.3452589462533124,1,subprime
2026-06-14,-0.929529852830262,0.22180166164726778,0,prime
2026-06-15,-0.30292760484805303,0.08583429462978048,0,prime
2026-06-15,1.1386056633368975,0.15442034892530082,0,subprime
2026-06-15,-0.06957568221359745,0.06644374449396051,0,prime
2026-06-15,-1.1997678131548684,0.8100284210901607,1,prime
2026-06-15,-0.13914637258299523,0.5209733189344159,1,subprime
2026-06-15,0.5936626910018046,0.6128321779499625,0,prime
2026-06-15,1.1687930597421547,0.4896954722314154,0,subprime
2026-06-15,2.034950355410136,0.8780743072451674,1,subprime
2026-06-15,-1.133001233161378,0.3964906428720341,1,prime
2026-06-15,1.5894850591490575,0.599968792204706,1,prime
2026-06-15,0.5739742809738673,0.0,0,subprime
2026-06-15,-0.6644098381250167,1.0,1,prime
2026-06-15,1.7355248992927277,0.018251461899008947,0,prime
2026-06-15,-0.6772669444587915,0.12886002402959829,1,prime
2026-06-15,0.6838531183096579,0.0,0,prime
2026-06-15,0.8735395462348039,0.20063628682867143,0,prime
2026-06-15,-0.3247220763264458,0.9536875026651817,1,prime
2026-06-15,1.744823259099003,0.2630797296171673,1,prime
2026-06-15,2.9051597859742215,0.7281675981990151,1,prime
2026-06-15,-1.1337975846228274,0.056008062743650666,0,subprime
2026-06-15,1.7936862177342285,0.3358495313868354,0,prime
2026-06-15,0.3354314004968232,0.3652765873573346,0,prime
2026-06-15,0.7745519439012147,0.8304117449469421,1,subprime
2026-06-15,0.17125135309216738,0.7587073406080055,1,prime
2026-06-15,-0.802542342337022,0.4419748199274581,0,prime
2026-06-15,0.4310895953451441,0.8031458617862295,1,prime
2026-06-15,1.6444116122500185,1.0,1,subprime
2026-06-15,-0.08551935459574639,0.8359548961057968,1,prime
2026-06-15,1.5545568719151,0.0,0,prime
2026-06-15,-0.1216854182570471,0.5411691199824561,0,prime
2026-06-15,1.4007324532009053,0.46717133121452753,0,prime
2026-06-15,0.26242382089242317,0.1487678954017954,0,prime
2026-06-15,0.12126950177501042,0.7579384038982674,1,prime
2026-06-15,0.9961356711632512,0.5506159576821508,0,prime
2026-06-15,0.7129654129248522,1.0,1,prime
2026-06-15,-0.19997532309465615,0.3471706815088352,0,prime
2026-06-15,-1.611737940208572,0.0,0,prime
2026-06-15,-1.1482851615472,0.3112435245235518,1,prime
2026-06-15,-1.5258760581256752,0.6363053181656538,0,prime
2026-06-15,-0.5235480207416277,1.0,1,subprime
2026-06-15,-0.051096441986503705,0.4236738774879357,0,prime
2026-06-15,-1.00003078796912,0.8976589615898056,1,prime
2026-06-15,0.6198949384771459,0.15058981794104265,1,prime
2026-06-15,0.7125304141710108,0.5330955261039924,1,prime
2026-06-15,0.8967785385567254,0.0,0,prime
2026-06-15,0.130939083303615,0.5267775550229922,0,prime
2026-06-15,-0.4976413231949742,0.38930063392958536,0,prime
2026-06-15,-0.9939258462019823,0.0,0,prime
2026-06-15,1.132114555639849,0.8268178851765784,0,prime
2026-06-15,1.4210353822708757,0.5667767869350735,1,prime
2026-06-15,-0.426236089113612,0.8307116609246437,1,prime
2026-06-15,1.206946076045896,0.9819992003390993,1,prime
2026-06-15,-0.12557137206849883,0.386664364883217,1,subprime
2026-06-15,0.4062155285993506,0.8319961311386075,1,prime
2026-06-15,0.5663963992659219,0.4947330880847266,0,prime
2026-06-15,0.8074696071115225,0.4756719320335814,0,prime
2026-06-15,1.3464156466919972,0.4538757417328671,1,subprime
2026-06-15,-0.9422122147972715,0.38353252219094036,1,prime
2026-06-15,1.2880711097773951,0.7777699880302951,1,subprime
2026-06-15,0.8816118295304267,0.0436712473885178,1,subprime
2026-06-15,1.0488999356871127,0.0,0,subprime
2026-06-15,0.4910436000191343,0.8813384307030071,1,subprime
2026-06-15,0.9040461974750332,0.3866282647172869,1,subprime
2026-06-15,-0.09424046788602441,0.5582288240743128,0,subprime
2026-06-15,1.021720505833699,0.009188366534759462,0,prime
2026-06-15,1.230917309236816,0.0,0,prime
2026-06-15,0.11249936852157519,0.0,0,prime
2026-06-15,-0.8784829336979089,0.18631449529049676,1,prime
2026-06-15,-0.5210024405782557,0.0,0,subprime
2026-06-15,0.45759359031784497,0.0898597049029923,0,prime
2026-06-15,-0.40625860421216264,0.7130319322702361,0,prime
2026-06-15,0.5577557144546572,0.22686256419352077,0,prime
2026-06-15,-1.1664315601237192,0.18529359635078516,0,prime
2026-06-15,-0.46738741904595393,0.26058914494388025,0,subprime
2026-06-15,0.35371459924228804,0.13515032912715297,0,prime
2026-06-15,0.09866808784140352,0.0,1,subprime
2026-06-15,-0.6579740210144891,0.42269944989557884,1,subprime
2026-06-15,-0.7413970631864547,0.5392755887961603,0,prime
2026-06-15,1.0221233054047514,0.7487389095523553,1,subprime
2026-06-15,-1.1461178818740998,0.41809379880885467,0,prime
2026-06-15,-0.24615564025422698,0.8887807900363391,1,subprime
2026-06-15,0.5228933270913236,0.7856944348894814,1,prime
2026-06-15,-1.4442447851417626,0.3679280197494487,0,prime
2026-06-15,1.1923381908265749,0.5942566282916465,1,prime
2026-06-15,0.079303314767945,0.5680153925153633,0,subprime
2026-06-15,0.8632191466392872,0.8471820546549773,1,prime
2026-06-15,0.6508281802434381,0.13079618856351907,0,subprime
2026-06-15,0.2876737043720954,0.8437946018541669,1,prime
2026-06-15,1.0780562117057229,1.0,1,prime
2026-06-15,-0.09112910370498678,0.0,0,subprime
2026-06-15,-0.3909913659498896,0.7355321355730293,1,subprime
2026-06-15,-0.4700544045065075,0.3573173390925638,0,subprime
2026-06-15,-0.32464669329103635,0.7166863301842744,1,prime
2026-06-15,1.1284470483322182,0.8768402857119507,1,prime
2026-06-15,-0.26102045819280484,0.880604194866976,0,subprime
2026-06-15,0.4879625393115078,0.4473802051543767,0,prime
2026-06-15,0.5149855100445749,0.5140087542495202,1,prime
2026-06-15,-0.14522131089902768,0.8140940317458507,1,prime
2026-06-15,0.6097571948568334,0.946891028812886,1,prime
2026-06-15,-0.7804511028409534,0.19499330757709504,0,prime
2026-06-15,0.14730283964793103,0.7241705344795216,0,prime
2026-06-15,0.4116326902980666,0.9176286818783954,1,prime
2026-06-15,0.13326942861338048,0.4049862037926586,1,subprime
2026-06-15,-0.08885458903099691,0.55631509197519,0,prime
2026-06-15,-1.1103956856322106,0.7564268133828237,1,prime
2026-06-15,-0.7881055648717162,0.595502351486517,1,prime
2026-06-15,0.04628796174809974,0.4135443604432957,0,prime
2026-06-15,-0.13553337120710257,0.38461202989202264,0,subprime
2026-06-15,0.6447587096114193,0.4267861705232112,0,prime
2026-06-15,0.63541140365144,0.11069269976326845,1,subprime
2026-06-15,-1.0070795842731148,0.17914388111642077,0,prime
2026-06-15,0.5488293434943379,0.4456468371282925,1,prime
2026-06-15,0.8131298995452343,0.004570211948738745,0,prime
2026-06-15,-0.43175070206342003,0.091844490167451,0,prime
2026-06-15,0.8329992724900387,0.32253664859875264,0,prime
2026-06-15,0.5596656715463331,0.6907495431454059,1,prime
2026-06-15,-1.0695752696673755,0.20657324810476207,0,prime
2026-06-15,-1.623860712602975,0.30102275109882454,1,prime
2026-06-15,-1.354666121603632,0.0,0,prime
2026-06-15,1.3492338338652492,1.0,1,subprime
2026-06-15,1.0807234069175076,0.5632744503772822,0,prime
2026-06-15,-0.881248678204157,0.6916318680626344,1,subprime
2026-06-15,-1.1979177991884593,0.5259185576276046,1,subprime
2026-06-15,0.4588985074527999,0.5060692063676842,1,prime
2026-06-15,1.283544230411621,0.0,1,prime
2026-06-15,-0.8904577051232568,0.9675216476330915,1,prime
2026-06-15,0.94851291054745,0.22941054054146282,0,prime
2026-06-15,1.0962027763205144,0.4176083561813713,0,prime
2026-06-15,-0.7973523577645508,0.58842484442003,0,subprime
2026-06-15,-1.252715726543188,0.9245300005887723,1,subprime
2026-06-15,-0.7285615675789298,0.7751142739916342,1,prime
2026-06-15,-0.6014899376060723,0.03299944780324926,0,prime
2026-06-15,0.8278259473894501,0.9269896801531264,1,prime
2026-06-15,1.5510192405240741,0.2848624608170876,1,prime
2026-06-15,1.3360237699442816,0.32232480075622505,0,prime
2026-06-15,2.4849181628890906,0.09190815549078041,0,subprime
2026-06-15,0.1446035763151427,0.7356435851653955,1,subprime
2026-06-15,0.7774178090693937,0.034510733747715294,0,subprime
2026-06-15,0.4315938993625023,0.23264675963758474,0,prime
2026-06-15,1.916404714525378,0.7657237679209755,1,prime
2026-06-15,0.3383361108919372,0.39927583845045095,0,subprime
2026-06-15,1.3697555089660982,0.7922598195589006,1,prime
2026-06-15,1.5415957809804954,0.9433871250356451,1,prime
2026-06-15,0.5063699033947486,0.740476913592929,1,subprime
2026-06-15,-0.08298658549395077,0.6280397836469227,1,prime
2026-06-15,-0.5090351337319089,0.7113142035947732,1,prime
2026-06-15,0.2180119188504959,0.44559076263387437,0,prime
2026-06-15,1.2673456845397157,0.0,0,prime
2026-06-15,0.5927913863543804,0.4002142810347331,0,prime
2026-06-15,-0.1273601940423476,0.30329978699123156,0,prime
2026-06-15,0.056559662295362134,0.5596070235600232,1,prime
2026-06-15,1.6185244224081656,0.7780530943501813,1,prime
2026-06-15,1.1514797711800333,0.9364840293693393,1,prime
2026-06-15,0.2295283821233149,0.3822209209399648,1,subprime
2026-06-15,0.11022354405001078,0.9824810931811612,0,subprime
2026-06-15,-0.7354784513756659,0.4483413904729674,0,prime
2026-06-15,1.1085212908658382,0.06321655625276557,0,prime
2026-06-15,-1.82673558233035,0.5574780201369965,0,prime
2026-06-15,0.35344887889209875,0.486376035544532,1,subprime
2026-06-15,-1.1695440640408084,0.4090990981810558,0,prime
2026-06-15,-1.1080389178153007,0.6636603908057266,1,prime
2026-06-15,0.9691877454101063,0.36459295933455615,0,subprime
2026-06-15,0.8966030588827032,0.13758489222998171,0,subprime
2026-06-15,0.8806460971815082,0.2889527890356427,0,subprime
2026-06-15,0.8429664341237328,0.4935733358614487,0,prime
2026-06-15,1.9569786606893964,0.5935394933012283,0,subprime
2026-06-15,1.567272889452914,0.0,0,prime
2026-06-15,-1.8758179987276016,0.8997704916086838,1,prime
2026-06-15,-2.0601216073038735,0.3254614573370829,0,prime
2026-06-15,1.5586320510825233,0.6472300833083406,1,prime
2026-06-15,1.830956501768199,0.07048872295098324,0,subprime
2026-06-15,0.8411942234199544,0.006259150261909596,0,subprime
2026-06-15,1.744028288045588,0.22558317319638915,1,subprime
2026-06-15,-0.03736837198975851,0.22804932638301256,0,prime
2026-06-15,0.6944162031300298,0.9287943150145457,1,subprime
2026-06-15,0.6694925057658738,0.7591148271602589,1,prime
2026-06-15,0.20069448068110607,0.32917057507818237,0,prime
2026-06-15,2.055551528257483,0.9694699665793607,1,subprime
2026-06-15,1.735482110444968,0.7654523764998392,0,prime
2026-06-15,-0.8926706431241137,0.0,0,prime
2026-06-15,-0.8353997378052526,0.21107035904208243,1,prime
2026-06-15,1.2971656288609588,0.69046339776585,1,prime
2026-06-15,-1.1223652989222828,0.05350848259419527,0,prime
2026-06-15,0.34907340513591767,0.5100932338481712,1,prime
2026-06-15,-0.9036531592942704,0.3155005268781213,0,prime
2026-06-15,1.2473754343902212,0.45665641220502606,1,prime
2026-06-15,-0.07741355800238381,0.4835599210803092,1,prime
2026-06-15,-0.7612238985645948,0.2348795726714567,1,prime
2026-06-15,-0.04536060620327809,0.5713425445827298,1,subprime
2026-06-15,1.253091430001617,0.9759250420968889,1,prime
2026-06-15,-0.6117142201029729,1.0,1,prime
2026-06-15,0.457499001418606,0.2826892634298005,1,prime
2026-06-15,0.25001254871313616,0.23875474970783467,0,subprime
2026-06-15,0.3891552926821277,0.8088445572035519,1,prime
2026-06-15,1.2398015880709654,0.8586631103370715,1,subprime
2026-06-15,2.32432685888171,0.5513560216629767,0,prime
2026-06-15,1.0452448512525478,1.0,1,prime
2026-06-15,-0.43569404080413887,0.5669518883099485,0,prime
2026-06-15,2.6184258241408496,0.4466315754587564,1,prime
2026-06-15,0.9429021602321086,0.7863690490143114,1,prime
2026-06-15,-0.6593903317819367,0.8087557469781204,0,prime
2026-06-15,2.070556893217568,0.31545105873970525,0,prime
2026-06-15,0.8529983063620576,0.4400697474358207,1,subprime
2026-06-15,0.9124090358451616,0.3273734459088686,1,subprime
2026-06-15,-1.1780801172446371,0.6920514157507488,1,subprime
2026-06-15,-0.9100168545570663,0.0,0,subprime
2026-06-15,0.6823911731032986,0.5500893356832925,0,prime
2026-06-15,-1.71369342002974,1.0,1,prime
2026-06-15,0.611648048093591,0.19407371774495477,0,prime
2026-06-15,1.5493517179767746,1.0,1,subprime
2026-06-15,-1.0317446851298842,0.4251742164785824,0,prime
2026-06-15,0.38550156466127006,0.9033914164943475,1,prime
2026-06-15,0.742682242346548,0.505802533332397,0,prime
2026-06-15,1.5480572807786834,0.804829673262635,1,prime
2026-06-15,-0.30504119595234247,0.412129290012531,0,prime
2026-06-15,0.950436414946263,0.5799094867977683,0,prime
2026-06-15,0.3294267773565964,1.0,1,prime
2026-06-15,-0.8886587141000094,0.7337258857038497,1,prime
2026-06-15,0.49669090264364796,0.6011514097633217,0,subprime
2026-06-15,-1.3320075796738267,0.66995565680238,1,subprime
2026-06-15,-0.35281515432824284,0.29516929856289,1,subprime
2026-06-15,0.28632408624464883,0.0,0,subprime
2026-06-15,0.8478652000153913,0.478969196905105,1,prime
2026-06-15,0.4740039785205035,0.6275843411366125,1,prime
2026-06-15,-0.5128459214467621,0.8462338225207104,1,subprime
2026-06-15,-0.006165776628778263,0.4609495728171144,0,prime
2026-06-15,0.14511216551366057,0.30769953580402615,0,prime
2026-06-15,1.0083253203750817,0.6001802889760685,1,prime
2026-06-15,2.3739794704839516,0.31263190598193563,0,prime
2026-06-15,1.3085111838837147,0.0,0,subprime
2026-06-15,0.2302028645556335,0.7644664034460623,1,prime
2026-06-15,0.08586163151355394,0.18720789218922418,0,prime
2026-06-15,0.28524617659745505,0.5815330582687207,1,prime
2026-06-15,-0.21951577509353337,0.7304754572095946,1,prime
2026-06-15,0.5184606214832728,0.4247906125872629,1,prime
2026-06-15,-0.07402327014391319,0.11267654127735874,0,subprime
2026-06-15,0.10360003891545583,0.2438241303384629,1,prime
2026-06-15,0.25260122554019915,0.0,0,subprime
2026-06-15,0.1415332614045769,0.1806989536595654,0,prime
2026-06-15,1.103281163364735,0.9616682731244447,1,prime
2026-06-15,0.6699769645758369,0.19432878868197184,0,prime
2026-06-15,-0.6775958557146645,0.6194250522903766,0,subprime
2026-06-15,2.05028937973954,0.0,1,prime
2026-06-15,0.9021434084693971,1.0,1,subprime
2026-06-15,-1.1164359069963794,0.0,0,subprime
2026-06-15,-0.9461382148933138,0.0,0,prime
2026-06-15,1.846773089132883,0.5264147435883231,1,prime
2026-06-15,-0.43261219872061163,0.4475064146793305,0,prime
2026-06-15,0.5232739855483193,0.41937753243589426,1,prime
2026-06-15,0.8186950920974398,0.18931670276351403,0,prime
2026-06-15,1.9062752932919786,0.01492577645207177,0,prime
2026-06-15,-0.27105899282976786,0.18812678938434876,0,prime
2026-06-15,0.7963862671438837,0.377191932151935,0,prime
2026-06-15,0.08163525116371675,0.846487551466788,0,prime
2026-06-15,2.288255324510064,0.7723832419162653,1,subprime
2026-06-15,0.4844497718134258,0.7071998618599235,1,prime
2026-06-15,0.5512359865495915,0.8096881161578406,1,prime
2026-06-15,1.001451940451087,0.6935323239210992,1,subprime
2026-06-15,0.9244831476899081,0.9884783208380328,1,subprime
2026-06-15,1.8364737765747536,1.0,1,prime
2026-06-15,0.9810643037266701,0.3507057745509526,1,prime
2026-06-15,0.09463740689881564,0.47504849976645896,0,subprime
2026-06-15,0.0015836721211193727,0.4389851153517156,0,prime
2026-06-15,-0.7772225310136939,0.934913451699722,1,subprime
2026-06-15,0.8233260550272745,0.0,0,prime
2026-06-15,0.30992526113432245,0.6417107475942427,1,prime
2026-06-15,-0.15549309135275047,0.2584551777152563,0,prime
2026-06-15,0.36659435053579253,0.6646618310512463,1,prime
2026-06-15,-0.9355479992768815,0.1989486436561622,0,prime
2026-06-15,1.0577480916576927,0.2070571137008625,0,prime
2026-06-15,1.8376411474464902,0.6328074391135285,1,prime
2026-06-15,1.4288374474689718,0.9549090439621826,1,prime
2026-06-15,0.5672252929954066,0.09267902735954384,0,prime
2026-06-15,0.7784774065941069,0.6082045904155532,1,subprime
2026-06-15,-0.10785103499670484,0.5444944634979405,0,subprime
2026-06-15,-1.556924092671101,0.6648095570798598,0,prime
2026-06-15,1.1451244046229974,0.3779415091790336,0,prime
2026-06-15,1.2264558001815415,0.3387709592870793,1,subprime
2026-06-15,1.0573421998654953,0.4227594808792878,1,prime
2026-06-15,-2.1074325529443136,0.5797201174056387,0,prime
2026-06-15,1.0523967328220178,0.3663851853514946,0,subprime
2026-06-15,1.1530106856202273,0.918966411809345,1,subprime
2026-06-15,2.551202687239005,0.998099666573588,1,prime
2026-06-15,0.787443643906669,0.07886974370459687,1,prime
2026-06-15,-1.4088384161814118,0.3300018258086014,0,prime
2026-06-15,-0.19649757225421527,0.9787643276459739,0,prime
2026-06-15,-0.15329314183666076,0.6722405220538175,1,prime
2026-06-15,-0.3412603737284938,0.40198924056203716,1,subprime
2026-06-15,-1.0255876980139251,0.5047366686780399,0,prime
2026-06-15,0.7498420886225545,0.9046261622326022,1,prime
2026-06-15,0.5381308285325005,0.5373633025039986,1,prime
2026-06-15,-0.007457404286928759,0.4010845172858063,1,prime
2026-06-15,-0.12673546013660458,0.0,0,prime
2026-06-15,-0.5638155810210936,0.10268732641292488,1,subprime
2026-06-15,0.8085920810018643,1.0,1,subprime
2026-06-15,0.2820788552200971,0.39801100805392076,0,prime
2026-06-15,0.1031211302158988,0.8049961353486534,0,subprime
2026-06-15,-0.26731673125742494,0.7810246356271564,0,prime
2026-06-15,-0.42742832248458273,0.3499676915093567,0,prime
2026-06-15,0.4536362114638337,0.29045873019024004,0,prime
2026-06-15,1.887267327257267,0.44946139127293383,0,prime
2026-06-15,-0.2847658300669321,0.32620172038971906,0,prime
2026-06-15,0.15225035380335358,0.6272390484004728,1,subprime
2026-06-15,0.0026222522724694275,0.7188288841983915,1,prime
2026-06-15,1.4001443232292998,1.0,1,subprime
2026-06-15,-0.1233608641698043,0.534430353113921,0,prime
2026-06-15,0.17866625941303976,0.715029629453566,0,subprime
2026-06-15,-0.15752477768502954,0.7377942708892324,0,prime
2026-06-15,0.10030465494130705,0.5067968689253398,1,subprime
2026-06-15,0.22130528170763014,0.044130422130582436,0,prime
2026-06-15,1.1933322974313945,0.5989137275480451,0,prime
2026-06-15,-0.6266859104002095,0.8216662419643037,0,subprime
2026-06-15,0.0773327857146173,0.7792286763515691,1,prime
2026-06-15,-0.28360422977003286,0.24898156947035824,0,prime
2026-06-15,0.7484759254155715,0.2949389343137997,1,subprime
2026-06-15,0.507757566149972,0.7804324422962627,1,subprime
2026-06-15,3.1486476786505317,0.0420893617436191,0,prime
2026-06-15,1.4490393243882145,0.6364039638743257,0,prime
2026-06-15,0.24487582909714767,0.35813005307547335,1,prime
2026-06-15,1.9027931452107048,0.7020851481837844,1,prime
2026-06-15,1.6824988419976106,0.20882600706183707,0,subprime
2026-06-15,0.5995638942803655,0.0,0,prime
2026-06-15,-2.5916685466941756,0.641164650069236,0,subprime
2026-06-15,0.030059982647466676,0.5574609334505489,0,prime
2026-06-15,-0.1424200610981845,0.5728758268276765,1,prime
2026-06-15,0.31235449253184266,0.41308753738239934,1,subprime
2026-06-15,0.4942259960731845,0.9774881946171827,1,subprime
2026-06-15,-0.3268624519413229,0.5687607845298536,0,subprime
2026-06-15,-2.1094698586826985,0.5040114412344756,0,prime
2026-06-15,0.7984891184439644,0.9262488051832051,1,prime
2026-06-15,0.37373306955547375,1.0,1,prime
2026-06-15,0.36357169068602857,0.49611438844815253,0,subprime
2026-06-15,-1.3764009101328196,0.29124659982591505,0,prime
2026-06-15,1.1250923090951268,0.353093946515322,0,prime
2026-06-15,0.16335142609332343,0.6972242626023927,0,subprime
2026-06-15,-0.03262071898055069,0.31070293260226783,0,prime
2026-06-15,0.8016153848841885,0.7761290246951296,1,subprime
2026-06-15,-0.2666450279131154,0.23538612719876112,0,prime
2026-06-15,0.8210654085879296,0.9759355549324651,1,prime
2026-06-15,1.02571493776649,0.3286212096541317,0,prime
2026-06-15,0.31545676052670174,0.5866833574982231,0,subprime
2026-06-15,2.185746025218264,0.010348987905404283,0,prime
2026-06-15,0.6703342885435448,0.17892740148658978,0,prime
2026-06-15,-1.2133653320861852,0.6744739879285231,0,prime
2026-06-15,0.5106290996442644,0.5874876154469534,0,prime
2026-06-15,0.9779440159233594,0.8839451198659695,1,subprime
2026-06-15,1.4770309256774405,0.41515478452743265,0,prime
2026-06-15,-1.6022523428200324,0.5079204738025369,0,prime
2026-06-15,0.4392416387643465,0.154176708445649,0,subprime
2026-06-15,-0.34892195312442076,0.32919221371212787,0,prime
2026-06-15,0.1830504380815048,0.0,0,prime
2026-06-15,1.1032870361069662,0.6685300343477798,1,prime
2026-06-15,0.4983024879138064,0.2819388487537229,0,prime
2026-06-15,0.9235806438114785,0.5320106635877526,0,prime
2026-06-15,1.6365508700485383,1.0,1,prime
2026-06-15,3.237077981248015,0.0,0,prime
2026-06-15,-0.6144864348120828,0.3731344816692065,0,prime
2026-06-15,-1.433737482692628,0.5599994324675184,0,subprime
2026-06-15,-1.2940048157721855,0.9213205799879727,0,prime
2026-06-15,0.06972574937657222,0.10486598946765127,0,prime
2026-06-15,2.4292787580239112,0.454937355456177,0,prime
2026-06-15,1.002654561009119,0.6904397401712208,1,prime
2026-06-15,-0.16545183498259242,0.17606165167261945,1,prime
2026-06-15,-0.03008597405093677,1.0,1,subprime
2026-06-15,0.4693750265121581,0.7883716137886982,0,prime
2026-06-15,-0.9145476939824316,0.5248672324041049,0,prime
2026-06-15,0.27496480359799214,0.6208156999256356,1,prime
2026-06-15,0.4575155897243065,0.522500043698731,0,prime
2026-06-15,-0.2457519163350469,1.0,1,prime
2026-06-15,1.008514199771796,0.06578258438749385,1,subprime
2026-06-15,0.7069641260858637,0.12213519603852582,0,subprime
2026-06-15,0.5108482376037591,0.28660578329583974,0,prime
2026-06-15,-0.10705641703551544,0.0,0,prime
2026-06-15,1.5489507871784878,0.620452482859281,1,prime
2026-06-15,0.5403468808331933,0.0,1,subprime
2026-06-15,-0.9093640265631963,0.6931155190723535,1,subprime
2026-06-15,0.4387832281107822,0.44737263158014257,0,prime
2026-06-15,-1.1451880055796626,0.550875891134344,1,subprime
2026-06-15,-1.1476357103790882,0.6285465321917691,0,prime
2026-06-15,0.9584589184858974,0.21196182036994687,1,subprime
2026-06-15,1.2418096776836305,0.3102055306008499,0,subprime
2026-06-15,0.6785713456534306,0.49880344694232337,1,subprime
2026-06-15,-1.389231490327568,0.6970665635733944,1,prime
2026-06-15,0.17962506449647236,0.7453086224616812,0,subprime
2026-06-15,-0.34631790359277104,0.25518273497222455,1,prime
2026-06-15,0.31121468909429956,0.6393599558701241,1,prime
2026-06-15,0.8584944670875408,0.18584109463139148,1,prime
2026-06-15,1.7247399168370423,0.5887585437192597,1,prime
2026-06-15,0.6915593643634321,0.32410704588243877,0,prime
2026-06-15,-0.8222686796300586,0.4578799938287721,0,prime
2026-06-15,0.5553219456764769,0.8244958992530412,1,prime
2026-06-15,-1.12199404016485,0.0,0,subprime
2026-06-15,-0.6030675428967818,0.2202274006900044,1,prime
2026-06-15,-0.9562900498479124,0.5678542652990332,0,prime
2026-06-15,0.5193052080979516,0.8012838875575132,1,prime
2026-06-15,0.18493540420656238,0.5196102268057495,1,prime
2026-06-15,1.473162676189066,0.4172166458061759,0,subprime
2026-06-15,0.04482767525686121,0.40861325898399214,0,subprime
2026-06-15,-0.08923169612165421,0.6694368221889326,0,prime
2026-06-15,0.2789280152227065,0.8109916306511011,1,prime
2026-06-16,-0.7295906233348541,0.16645077667374347,0,prime
2026-06-16,0.9481469678876246,0.8087107620429949,0,subprime
2026-06-16,0.733822063113428,0.5585032961645329,0,subprime
2026-06-16,1.0553471534915473,0.535648702434374,1,prime
2026-06-16,-0.7356807868478821,0.45629275380547185,1,prime
2026-06-16,-0.619966387850764,0.876416900583805,1,prime
2026-06-16,-0.27086257101444383,0.4614290730737941,1,subprime
2026-06-16,-0.6315280354406887,0.11812782257621335,1,prime
2026-06-16,-0.04504760678262937,0.697049817831525,0,prime
2026-06-16,-0.5171221240476576,0.4383660829748731,0,subprime
2026-06-16,-0.03178006039377301,0.0,0,prime
2026-06-16,0.7922576207319636,0.5700715718420855,0,subprime
2026-06-16,0.9379413500932021,0.7821098942079782,1,subprime
2026-06-16,-0.24913453667652224,0.5106965555835619,1,prime
2026-06-16,-0.6070967005568257,0.5318553589313988,0,prime
2026-06-16,1.3537318112568055,0.8050863777330918,1,prime
2026-06-16,1.5469507039555952,0.9120926506227335,1,prime
2026-06-16,0.4209114892965672,0.9941965531728889,1,prime
2026-06-16,-0.09646923331004242,0.7749648084551382,0,prime
2026-06-16,0.9748715048057173,0.9344435005629914,1,prime
2026-06-16,0.12246338590162079,0.4767177877040758,1,prime
2026-06-16,-0.19678567014884502,0.11834555889797968,0,subprime
2026-06-16,-1.5604548724891383,0.30105068868985974,1,subprime
2026-06-16,-0.8261878209380404,0.29955965522988237,1,prime
2026-06-16,-0.11752233360305903,1.0,1,prime
2026-06-16,1.4153307762857212,0.6299748900946223,1,prime
2026-06-16,-1.8066496063919932,0.3560405952236645,1,prime
2026-06-16,-0.5904288811208387,0.6352389360262414,0,prime
2026-06-16,0.5557802807770076,0.8638185203548525,0,prime
2026-06-16,0.49786923782675885,0.8254946447388897,1,prime
2026-06-16,-0.18395171864104914,0.5155627593914119,0,subprime
2026-06-16,-0.8373716976484258,0.9997644431156316,1,subprime
2026-06-16,0.22415225708892805,0.3872444484264667,1,subprime
2026-06-16,-1.4594053393241784,0.8863058353855652,1,subprime
2026-06-16,0.7043227266347483,0.535008640897557,1,prime
2026-06-16,0.5515751733948803,0.7632220858279432,1,subprime
2026-06-16,1.3945616197449584,0.41776728426282295,0,prime
2026-06-16,1.3522736177158936,0.9309906573140634,0,prime
2026-06-16,0.01450177814680681,1.0,1,prime
2026-06-16,0.7610447414656019,0.7528351382530671,1,subprime
2026-06-16,0.8056643252287008,1.0,1,subprime
2026-06-16,1.8342017920198592,0.09342892624618529,0,prime
2026-06-16,-0.6022659427829209,0.3024763774603738,1,prime
2026-06-16,0.31589379584042515,1.0,1,subprime
2026-06-16,-0.1748979168346399,0.7589584637499442,1,subprime
2026-06-16,0.7822566096258691,0.593076223983652,0,prime
2026-06-16,1.526635939445616,0.5442933800435723,0,prime
2026-06-16,-0.13010815641308454,0.1868122889324681,0,subprime
2026-06-16,-0.0947933712668888,0.49283469979037775,1,subprime
2026-06-16,-0.6600284343476746,0.9877464367109547,1,prime
2026-06-16,-1.494307224105036,0.12139669191866442,0,subprime
2026-06-16,1.2682117982890764,0.3370120396653141,0,subprime
2026-06-16,0.394429341204765,0.10638641179447217,0,prime
2026-06-16,0.11654704637886124,0.035761180582957575,0,prime
2026-06-16,1.7167689409903906,0.9052798627763277,1,prime
2026-06-16,0.6189408503832332,0.6544207323447597,1,subprime
2026-06-16,-0.40774572945131055,0.5370486296203898,0,prime
2026-06-16,0.8757770476394595,0.7971743532307324,1,prime
2026-06-16,0.46799559327668994,0.9117878640494167,1,prime
2026-06-16,-0.9974577712690833,0.36816076531390224,0,prime
2026-06-16,-2.1832434073647646,0.4971234935097345,1,prime
2026-06-16,-2.1988596513855194,0.2919168238658568,0,subprime
2026-06-16,0.9670438382016577,0.6399493080206341,1,prime
2026-06-16,1.607681377155969,0.010002016523831647,0,prime
2026-06-16,0.6490085960518517,0.21064946059130063,1,prime
2026-06-16,0.2207583796281138,0.0,0,subprime
2026-06-16,-2.604541212122733,0.0,0,prime
2026-06-16,-1.7965474851127796,0.20430268353668118,0,prime
2026-06-16,0.9598021202142968,0.5011131297857538,1,prime
2026-06-16,1.0684764716350563,0.7647798318276438,0,prime
2026-06-16,0.9206680072669882,0.0,0,prime
2026-06-16,1.049083063679611,1.0,1,prime
2026-06-16,-0.24051894706470706,0.15635787015863525,0,subprime
2026-06-16,1.2392629544901608,0.38993126758650226,1,prime
2026-06-16,0.5947883142097867,0.6586039526864075,1,subprime
2026-06-16,1.8149915505108696,0.34426666220282914,0,prime
2026-06-16,0.42671798836416996,0.4289891379505986,0,prime
2026-06-16,2.64818100467244,0.0,0,prime
2026-06-16,-0.04684020095397817,0.12896159734631885,1,prime
2026-06-16,0.8222628133474661,0.8335328398934236,0,subprime
2026-06-16,0.6718066665743079,0.4902267845632764,1,prime
2026-06-16,-1.101575629186842,0.446998940116749,1,prime
2026-06-16,2.2550366070189125,0.7465014007449735,1,subprime
2026-06-16,0.6989994327895248,0.7549695978162286,1,prime
2026-06-16,1.0353146142854117,0.33718928720045116,1,subprime
2026-06-16,-0.6844726458922807,0.0,0,subprime
2026-06-16,-0.13475117135929515,0.3779085057955245,1,prime
2026-06-16,2.4546101747081095,0.0869488026035029,0,subprime
2026-06-16,-0.7546932191261284,0.1277693587442817,0,prime
2026-06-16,-0.6200577014007116,0.5756491921711004,1,prime
2026-06-16,-0.704595743282721,0.7392348783615345,1,prime
2026-06-16,0.03098754846802443,0.6979398822392189,0,subprime
2026-06-16,-0.6549674386059499,0.4195377630932248,0,prime
2026-06-16,2.2239204292722206,0.25869872824983353,0,prime
2026-06-16,-0.013572376733693992,1.0,1,subprime
2026-06-16,-0.9562656475950924,0.24837217423059926,1,prime
2026-06-16,-0.1538877703186396,0.2362902008188283,1,subprime
2026-06-16,-0.9165891139885036,0.11290784282243324,0,prime
2026-06-16,-0.9053666806832086,0.33257725329313115,0,prime
2026-06-16,-0.025838607567020278,0.37735251284956645,0,subprime
2026-06-16,1.6498597513286333,0.05749615723776946,0,prime
2026-06-16,-0.8126321077968404,0.7256743588977566,1,subprime
2026-06-16,0.03625834300373487,0.7095829537656694,1,prime
2026-06-16,1.012106169010631,0.2840064942908907,1,subprime
2026-06-16,0.9706454848506465,0.5706059098836683,1,prime
2026-06-16,-2.5467351765371253,0.5837520245966488,1,subprime
2026-06-16,1.3650934750170252,0.9599104673284785,0,prime
2026-06-16,-0.5730652749505114,0.4885806365881743,1,subprime
2026-06-16,0.6529709227614802,0.702344333741099,1,subprime
2026-06-16,-0.5242138376137462,0.23119098330025595,0,prime
2026-06-16,0.5566381042764459,0.45552549227506167,1,prime
2026-06-16,0.8242803634855667,0.4252540961476671,0,subprime
2026-06-16,1.547737716979616,0.18658470934425742,0,prime
2026-06-16,-0.5421006826536527,0.6825825033692019,0,prime
2026-06-16,0.7715478412830403,0.7083312453198953,0,subprime
2026-06-16,0.7429002765231851,0.4533674339160276,1,prime
2026-06-16,0.3061144949966417,0.025539068230318873,0,prime
2026-06-16,1.504490440210695,0.4627196361285428,0,subprime
2026-06-16,0.5132356000747799,0.5898931685380657,1,subprime
2026-06-16,-0.4761377928522385,0.66405906870753,1,prime
2026-06-16,1.7413194783116137,0.343725842715709,0,subprime
2026-06-16,1.4418267638510796,1.0,1,prime
2026-06-16,2.2450644917262905,0.836196534718245,0,subprime
2026-06-16,1.5484514519215782,0.49914692296269836,1,subprime
2026-06-16,1.7358371910178956,0.20294994016840254,0,prime
2026-06-16,2.51032143003128,0.6456379831741281,1,subprime
2026-06-16,-0.2616042754885602,0.27417781996019436,0,subprime
2026-06-16,0.09082207248728857,0.9783640407225582,1,prime
2026-06-16,-0.44118826128329863,0.598147388799479,0,subprime
2026-06-16,2.2208051749104127,0.6310510915558079,0,prime
2026-06-16,0.8860335815718516,0.595007337519493,1,prime
2026-06-16,0.8631291676510569,0.32214362499892907,1,prime
2026-06-16,-0.6583893472885425,1.0,1,prime
2026-06-16,0.5151942603193718,0.5214825875807625,1,prime
2026-06-16,1.0105636216617626,0.3604381120888233,1,subprime
2026-06-16,0.8477460400521577,0.23645337581665224,0,subprime
2026-06-16,-0.6399157436431557,0.6986166730564096,0,prime
2026-06-16,-0.06763340535532131,0.18841744204605262,0,prime
2026-06-16,-0.09553232806531065,0.5006723147260667,1,prime
2026-06-16,0.5449695510227032,0.6801642609979088,0,subprime
2026-06-16,1.1060380886379035,0.824197204952962,0,prime
2026-06-16,0.7399828320085557,1.0,1,prime
2026-06-16,1.943427110846032,0.7309193810953385,0,subprime
2026-06-16,-0.6320728890609817,0.0,0,prime
2026-06-16,1.7541547110006335,0.42049828137369033,1,prime
2026-06-16,0.36896579064080376,1.0,1,subprime
2026-06-16,1.7679891791676547,1.0,1,prime
2026-06-16,1.9984916104522592,0.4832288680490966,0,subprime
2026-06-16,0.26860311710473816,0.5919368475909125,0,prime
2026-06-16,0.39215958732024975,0.6649477360909952,1,prime
2026-06-16,-0.949431357837881,0.5570304019847974,0,subprime
2026-06-16,1.0995221462451297,0.6178651276209112,1,subprime
2026-06-16,-0.7913473148769878,0.16766685959578367,0,prime
2026-06-16,-0.6544937840493303,0.2507515517845934,0,prime
2026-06-16,0.763172789770286,0.3368699525749124,1,subprime
2026-06-16,-0.4083714207260201,0.0,0,subprime
2026-06-16,0.8001378481005378,0.026168091221960454,0,prime
2026-06-16,1.4870385506591084,0.6838001403471146,1,prime
2026-06-16,1.3787658680363255,0.7081472755912808,0,subprime
2026-06-16,0.16735339700459353,0.6160788519527431,1,prime
2026-06-16,-1.1065713001479456,0.7428983123439983,0,prime
2026-06-16,-0.4850837868342203,0.7744898689082387,0,prime
2026-06-16,-0.515874878567463,0.21528557702187734,0,prime
2026-06-16,-0.04313820207971486,0.32069119513651256,0,prime
2026-06-16,2.740699330675451,0.7732761313850468,1,prime
2026-06-16,-0.5188921041479682,0.15625816279822197,0,prime
2026-06-16,2.6137088530734798,0.4203026526091409,0,subprime
2026-06-16,0.23556128585180294,0.9702340313182196,1,subprime
2026-06-16,-0.6238168524313878,0.43835222701380977,1,prime
2026-06-16,1.56974399524267,0.3759941164743963,1,prime
2026-06-16,1.2037669973466743,0.6212601696169331,1,prime
2026-06-16,-1.042896806272101,0.010130274185348231,0,prime
2026-06-16,1.9970845438078297,0.4334030383040991,0,prime
2026-06-16,-0.6172349357129294,0.0,0,prime
2026-06-16,1.4277205330627547,0.19180522092561655,0,prime
2026-06-16,0.5793229101269423,0.03616416892383706,0,prime
2026-06-16,0.715561309810123,0.2959528823989749,0,prime
2026-06-16,0.5206111156341334,0.6758952812412135,1,subprime
2026-06-16,0.6852671240057393,1.0,1,prime
2026-06-16,0.05505117880032667,0.29602058402537046,0,subprime
2026-06-16,-0.5307309040833215,0.7584187039661203,0,subprime
2026-06-16,-0.5867578248467562,0.5267532185133534,1,prime
2026-06-16,1.7484343189163036,0.34179587321117383,1,prime
2026-06-16,-0.8302731359504012,0.15444042561062624,0,prime
2026-06-16,1.741232586890102,0.7302534711027764,1,prime
2026-06-16,-0.09281266207411581,1.0,1,subprime
2026-06-16,2.3803185229592625,0.915469856723958,1,prime
2026-06-16,1.556476792108328,1.0,1,subprime
2026-06-16,-1.2114227403918358,0.3979828202823374,1,prime
2026-06-16,-0.07890790145247445,0.1728557169732249,0,subprime
2026-06-16,-0.4194548814137296,0.0,1,prime
2026-06-16,-1.3752627175153478,0.845304388254679,1,subprime
2026-06-16,0.2300030860003479,0.4603026525896907,1,prime
2026-06-16,-0.41684386402523915,0.7050787051447616,0,subprime
2026-06-16,0.34211134798277454,0.0,0,subprime
2026-06-16,0.6745338996469601,0.6793876491341483,1,prime
2026-06-16,1.5464971062972155,0.38099622215860124,0,subprime
2026-06-16,1.3119390283973957,1.0,1,prime
2026-06-16,0.41268459151149806,0.46302937463114224,0,subprime
2026-06-16,-1.3783056543933379,0.382488538905841,1,subprime
2026-06-16,-1.0756545764646837,0.7332909830080472,0,prime
2026-06-16,-0.2215395134715757,0.2161549215413681,0,prime
2026-06-16,-0.012429482868346164,0.02236514659627875,0,prime
2026-06-16,1.6376852813644822,0.7118740794581417,1,subprime
2026-06-16,-0.31957433522549455,0.8447199995639671,0,subprime
2026-06-16,0.5372183330763598,0.3794396417447494,0,subprime
2026-06-16,1.8883559386945363,1.0,1,prime
2026-06-16,0.8098371573508487,0.0038903194793117324,0,subprime
2026-06-16,-0.3340724716013033,0.0,1,prime
2026-06-16,0.29315178254879454,0.23403857665329214,1,prime
2026-06-16,1.5124341536447636,0.0,0,prime
2026-06-16,-0.9817342311321564,0.0,0,subprime
2026-06-16,0.3631567169933525,0.007344919894521129,0,prime
2026-06-16,1.3877677489087128,0.059288840814996524,0,prime
2026-06-16,1.2700832501253876,0.0,0,prime
2026-06-16,0.6525475242569867,0.21224037213803326,1,prime
2026-06-16,1.1967653913677503,0.7523724757489789,1,prime
2026-06-16,0.37561634977913605,0.6609495611614243,0,subprime
2026-06-16,1.6646812363382266,0.0,0,subprime
2026-06-16,0.5111962054406206,0.459595136626338,0,prime
2026-06-16,0.6841007932566925,0.8154982326575229,1,prime
2026-06-16,-0.18861742784603847,0.3625549530879348,1,subprime
2026-06-16,0.7195067300745985,0.7854684426427033,1,prime
2026-06-16,1.6914923179658166,0.6265065701233824,1,prime
2026-06-16,2.105214532060341,0.4236086706404213,1,prime
2026-06-16,0.26716212156756475,0.5245476327474032,1,prime
2026-06-16,0.2590760318096541,0.7687152966934098,1,prime
2026-06-16,-0.8934157703966294,0.0,0,subprime
2026-06-16,0.4374841487107085,0.2738352714980143,0,prime
2026-06-16,1.005531117253138,0.0,0,prime
2026-06-16,0.2466456730715208,1.0,1,subprime
2026-06-16,0.5009231323287228,1.0,1,prime
2026-06-16,-0.07876125963195008,0.6006380681629693,1,subprime
2026-06-16,0.006482205830032339,0.788405568338032,1,prime
2026-06-16,-0.2879921787753739,0.9527976007781617,0,prime
2026-06-16,1.502887567840561,0.5111871471948766,1,prime
2026-06-16,-0.4333020635670159,0.8084027290253192,1,subprime
2026-06-16,0.6979258117409437,0.21274301735761242,0,prime
2026-06-16,1.247082547764046,0.7081813830326915,0,prime
2026-06-16,0.19158506421665347,0.7966277294021962,0,prime
2026-06-16,0.49412412409402046,0.36276384703757814,1,prime
2026-06-16,1.6523574333648738,0.4821544852448935,0,subprime
2026-06-16,-0.9628515224373426,0.3777186379626253,1,prime
2026-06-16,-0.2263947791338719,0.08362238713856354,0,prime
2026-06-16,1.8626870621071914,0.5740085233927059,1,prime
2026-06-16,0.7836048713421285,0.2145976291624669,0,subprime
2026-06-16,0.3090887220260838,0.47585623184747017,1,prime
2026-06-16,1.5181933516087298,0.25824272908710255,0,prime
2026-06-16,2.1936104718288827,0.4525395874628528,0,prime
2026-06-16,0.5469078529243158,0.5366358518185527,1,prime
2026-06-16,0.912753276388202,0.3472053407998225,1,subprime
2026-06-16,1.0595862807305565,0.3158160783086703,0,prime
2026-06-16,0.9003337931268858,0.8748031897245481,1,prime
2026-06-16,1.6774727780493874,0.09997652115930733,0,prime
2026-06-16,-0.5435727217074358,1.0,1,prime
2026-06-16,1.4028087722194698,0.0,0,subprime
2026-06-16,0.4329366187565302,0.5638974626792803,1,prime
2026-06-16,-1.3133484596562197,0.7168786960877677,1,prime
2026-06-16,1.1922542366764683,0.5749681948081999,1,prime
2026-06-16,0.9857420126338439,0.5278595611228244,0,prime
2026-06-16,-0.18661383549940752,0.46032709550982154,0,prime
2026-06-16,0.5215234946246965,0.2845894025268725,0,prime
2026-06-16,-1.3252303189540746,0.9034757601453045,0,prime
2026-06-16,1.866497827882207,0.8092668273035125,0,prime
2026-06-16,1.8832132552469834,0.27324017271730733,0,prime
2026-06-16,0.568303928922965,0.11040746232065551,0,subprime
2026-06-16,-0.5494716956711752,0.38576577466511597,0,prime
2026-06-16,1.462679596035478,0.48978521528003155,1,prime
2026-06-16,-1.647490414333941,0.7471901068987901,0,prime
2026-06-16,0.8174100160187465,0.735441701989473,1,prime
2026-06-16,0.9488642542974912,1.0,1,subprime
2026-06-16,-0.06332884061895955,0.11505949965647472,0,subprime
2026-06-16,-1.0549072495844098,0.0,0,prime
2026-06-16,0.7193696155785976,0.17207057189811348,0,subprime
2026-06-16,1.949009964863345,0.3047123926101553,1,subprime
2026-06-16,1.5390704266828172,0.39649812078313706,0,prime
2026-06-16,-0.75174499735292,0.019940587670934984,0,prime
2026-06-16,1.5149208788126938,0.5556272301528989,1,prime
2026-06-16,0.6085070634789711,0.2957137927356536,1,prime
2026-06-16,0.6875704321618733,0.01181945187884198,0,subprime
2026-06-16,0.12153057608351597,0.6981362320010985,1,prime
2026-06-16,-0.7843762722809444,0.0,0,prime
2026-06-16,-0.3042851183686622,0.6412210105874283,1,prime
2026-06-16,1.4417031059758159,1.0,1,prime
2026-06-16,0.7331546520976973,0.3722885905809911,1,prime
2026-06-16,0.35128665558147376,0.0383477773157333,0,prime
2026-06-16,1.7406042301367828,0.15890895599576416,0,prime
2026-06-16,0.3155406304366508,0.4132207731390343,1,prime
2026-06-16,-0.9817197746940234,0.20836732708320566,0,prime
2026-06-16,0.7862895932559367,0.40101396498145386,1,prime
2026-06-16,0.33388254256066563,0.6169420193451861,1,prime
2026-06-16,0.47964844456476413,0.6319345750235973,1,prime
2026-06-16,1.1806364876823947,0.0,0,prime
2026-06-16,-0.9973582295012597,0.6917226957478383,1,subprime
2026-06-16,-1.6414070970465904,0.8375139797026522,1,prime
2026-06-16,2.393259203805374,0.7818678801943661,1,prime
2026-06-16,0.19694831132993706,0.4616342494593184,1,prime
2026-06-16,0.5664355109471604,0.46529428066673606,1,subprime
2026-06-16,-0.42242104733368185,0.8978150571307364,1,prime
2026-06-16,2.148236323852353,0.809218554738989,1,prime
2026-06-16,0.8017028940601516,0.2835633107813755,1,prime
2026-06-16,0.23313536182911881,0.7348471689027196,1,subprime
2026-06-16,0.6198777678733995,0.3966533547994863,0,subprime
2026-06-16,0.9440936184390436,0.0,0,subprime
2026-06-16,1.2611217093668765,0.5510993069344212,1,prime
2026-06-16,-0.8778960656817651,0.0,0,prime
2026-06-16,-0.019180138832612825,0.1327419625203586,0,prime
2026-06-16,0.9451252361247555,0.5764956669957979,1,prime
2026-06-16,1.2243335139351983,0.0,0,subprime
2026-06-16,-1.4300255637385155,0.6432943042438422,1,prime
2026-06-16,0.8272444031492994,0.4257702144776705,0,prime
2026-06-16,-0.6409592099698578,0.7470514066273111,0,prime
2026-06-16,-0.7352655528719696,0.8198728903897684,1,subprime
2026-06-16,2.1642260801190965,0.5837286476696399,0,subprime
2026-06-16,-0.8833093486872783,0.31149095381774344,0,prime
2026-06-16,0.1140563228727283,0.03059709936328575,0,prime
2026-06-16,-0.2703299236080224,0.31352565237363245,1,subprime
2026-06-16,-1.2523519830102416,1.0,1,prime
2026-06-16,-0.2574101357557728,0.2236813611864938,0,subprime
2026-06-16,0.9663774941309518,0.5604927679360472,1,prime
2026-06-16,-2.044430697807001,0.701307817386465,1,subprime
2026-06-16,2.1683379968863856,0.15672638742525993,0,subprime
2026-06-16,1.108763023227337,1.0,1,prime
2026-06-16,1.489374459458739,0.5674824715624862,0,prime
2026-06-16,0.4623179317394896,0.0,0,prime
2026-06-16,0.24521042155295847,1.0,1,subprime
2026-06-16,1.5893551982195253,0.3474833416570662,0,subprime
2026-06-16,-0.1571594726119106,0.04963065617310475,0,subprime
2026-06-16,-0.8111540317363892,0.7984329256941317,1,prime
2026-06-16,-2.005893759904752,0.4095268043250592,0,prime
2026-06-16,-0.9719758403077596,0.2590995317768416,1,prime
2026-06-16,0.3682716953769004,0.0,0,prime
2026-06-16,2.272304328132606,1.0,1,prime
2026-06-16,-0.04587818332842064,0.0,0,prime
2026-06-16,-0.2780134582591018,0.2346730888982705,1,subprime
2026-06-16,1.0996233687112311,0.08707110362265341,0,prime
2026-06-16,-0.43413172052379007,0.4049544471818365,1,prime
2026-06-16,0.40495080162538777,0.16161169635570585,0,prime
2026-06-16,0.04902136141956215,0.5882066439856727,1,prime
2026-06-16,1.1786440955656594,0.0,0,subprime
2026-06-16,0.3170398517157986,0.35356340090154,0,subprime
2026-06-16,0.23762563373215817,0.5882841988719243,0,prime
2026-06-16,0.6169873682291938,0.8498946061517247,1,prime
2026-06-16,-0.2315834314486464,0.5168979048904675,1,prime
2026-06-16,-1.7177477841558866,0.41672566472849043,1,prime
2026-06-16,-0.9645678552845127,0.4241875331180354,0,subprime
2026-06-16,1.2479457077484837,1.0,1,prime
2026-06-16,0.5764631870569145,0.2745654979044362,0,prime
2026-06-16,-0.4603851702468283,0.0,0,subprime
2026-06-16,1.3137131707933822,0.5335095572440208,1,prime
2026-06-16,-0.8505598669697039,0.444946900718488,0,prime
2026-06-16,-0.08113296261907255,1.0,1,prime
2026-06-16,-0.8105791828217495,0.8143467050341792,1,prime
2026-06-16,0.09771976918252023,0.0,0,prime
2026-06-16,-0.28102091708238347,0.0,0,subprime
2026-06-16,2.0774932211042723,0.0,0,prime
2026-06-16,0.16072671015588733,0.5702340051526367,0,prime
2026-06-16,-0.25297098643689425,0.6354677001150253,1,prime
2026-06-16,0.7379085926771539,0.0682012637202053,0,prime
2026-06-16,1.6051520594317659,0.8606762852276548,1,prime
2026-06-16,0.8974274218230842,0.8131874233653493,1,prime
2026-06-16,0.5766811009374326,0.0,0,prime
2026-06-16,0.49987555174804965,0.4573806993729368,1,prime
2026-06-16,1.311581140910267,0.18560314594118046,0,subprime
2026-06-16,0.3417953793184226,0.1264147771807111,0,prime
2026-06-16,-0.050439739838171516,0.6246972602775113,1,subprime
2026-06-16,0.2936692413043374,0.08769717321937917,0,prime
2026-06-16,-0.3732153079105864,0.613055259975437,0,prime
2026-06-16,-0.3023973630635009,0.9200935296795496,0,prime
2026-06-16,1.675105247565406,0.6840924151122378,1,subprime
2026-06-16,-0.009642826549031813,1.0,1,subprime
2026-06-16,0.7425856566230425,0.021960461097877082,0,prime
2026-06-16,-1.8655337965532226,0.8275219563257848,1,subprime
2026-06-16,1.414014491506909,0.09397417698843749,0,subprime
2026-06-16,-0.1140665392661741,0.4825150864121429,0,prime
2026-06-16,2.8540915016885204,0.3422172418727799,1,prime
2026-06-16,0.6998481551424727,0.36187437444611126,0,subprime
2026-06-16,-1.5428156689372186,0.18907342959523366,1,prime
2026-06-16,-1.5686332304615946,0.8787883901376721,1,prime
2026-06-16,0.8709519885830503,0.3849087563789951,0,prime
2026-06-16,1.6192761347902158,0.6190554782814972,1,subprime
2026-06-16,0.1480927866972995,0.9706739268058433,1,prime
2026-06-16,1.2346485133221843,0.0,1,prime
2026-06-16,1.1221327777646692,0.7991545322765484,1,prime
2026-06-16,-0.7311882513298391,1.0,1,subprime
2026-06-16,0.2437004425939259,0.22793236836388214,1,prime
2026-06-16,0.4679620321705892,0.3803229940460564,1,prime
2026-06-16,1.2421861323459817,0.775794161252531,1,prime
2026-06-16,1.0527778237997885,0.6189588234556611,0,subprime
2026-06-16,2.7413200067737367,1.0,1,prime
2026-06-16,0.33697059150180614,0.5363146873446804,1,subprime
2026-06-16,0.013081133908765752,0.2337993892006776,0,prime
2026-06-16,0.608084905155784,0.4936722256866859,1,prime
2026-06-16,1.4069810358369306,0.9826103110930084,1,prime
2026-06-16,-0.658997708861158,0.5708808710848687,1,subprime
2026-06-16,-0.33758401009085387,0.4977262175343027,0,subprime
2026-06-16,0.4900146513545003,0.7038710214968333,0,prime
2026-06-16,0.41993437607701584,0.7060265855754415,1,prime
2026-06-16,-0.18212046673925003,0.13570940394422887,0,prime
2026-06-16,-1.5500517370385427,0.7934578786709884,1,subprime
2026-06-17,1.0097208268688267,0.0,0,prime
2026-06-17,1.094250855085173,1.0,1,subprime
2026-06-17,0.4359541059847099,0.9699220829837164,1,prime
2026-06-17,-0.27922550071153757,0.7083961082894584,1,prime
2026-06-17,0.9277782591378243,0.0,0,prime
2026-06-17,0.09245845377945328,0.26627293960644394,0,prime
2026-06-17,0.3255404171362455,0.3579070729720949,1,subprime
2026-06-17,-1.6709006161377473,0.16591172661256143,0,prime
2026-06-17,2.385897361394965,0.901884618625183,1,prime
2026-06-17,0.5901520991745411,0.5723411883586597,1,prime
2026-06-17,0.0026251993800806006,1.0,1,prime
2026-06-17,0.09918445085594663,0.8793016672850847,1,prime
2026-06-17,-1.9278137495396195,1.0,1,subprime
2026-06-17,-0.3229146446993783,0.2828097760270353,1,subprime
2026-06-17,-0.5562693079665082,0.2759659069992317,1,prime
2026-06-17,0.0834957823839988,0.20903402372097044,0,prime
2026-06-17,0.3930576911624355,0.47141887548754835,1,prime
2026-06-17,-0.37710130199602404,0.7600920535312948,1,prime
2026-06-17,0.35236816296278184,0.6314429335283307,0,prime
2026-06-17,-0.12538733173703764,0.028678500442834376,0,prime
2026-06-17,0.639369319204974,0.49283641654958654,1,subprime
2026-06-17,-0.8207567825888393,0.477541618279386,1,subprime
2026-06-17,0.5789158478557256,0.2955776860731024,0,prime
2026-06-17,0.7594119515002016,0.7166328240515617,1,prime
2026-06-17,0.05313766702329953,0.5330583630011775,1,prime
2026-06-17,-1.3670488963542613,0.8729301747235751,1,prime
2026-06-17,-0.6059923613889933,0.3458516618501365,0,prime
2026-06-17,3.617973856447574,0.8593221891355178,1,prime
2026-06-17,-0.11772531510065698,0.25022908216469214,0,prime
2026-06-17,-0.9601595452068785,0.5608430707136912,0,subprime
2026-06-17,-0.35298848081684436,0.2629977626277489,0,prime
2026-06-17,0.46978457000170093,0.5776689165490142,0,subprime
2026-06-17,2.5736852909740127,0.42679161514549,0,prime
2026-06-17,2.3017412863487388,0.2818554850709734,0,prime
2026-06-17,0.9305958615780254,0.49350259209623026,1,prime
2026-06-17,-0.60461828751685,0.6795230835779849,0,prime
2026-06-17,-0.09612080938628598,0.8190431093983329,1,subprime
2026-06-17,-0.4078439702626138,0.1810977714205689,0,prime
2026-06-17,0.5742332111691846,0.1183393073921119,0,prime
2026-06-17,0.1981763794774029,0.7521653212934359,1,prime
2026-06-17,0.9932526258052543,0.11768090441204815,1,prime
2026-06-17,-0.006325252117099389,0.5712137477607946,1,subprime
2026-06-17,0.05401650039885697,0.49965962716516227,0,prime
2026-06-17,2.2530000616789505,0.15951885390482062,0,subprime
2026-06-17,0.37978611000025475,0.2616437134886227,0,prime
2026-06-17,0.8047115913294047,0.17423175067821578,0,subprime
2026-06-17,1.363226941597953,0.0,0,subprime
2026-06-17,1.4003662934870569,0.6966434298992644,1,prime
2026-06-17,1.5209246762748845,0.0,0,prime
2026-06-17,0.03145807371857079,0.12215985590337766,0,subprime
2026-06-17,1.9264259491516478,0.8518444904700777,0,prime
2026-06-17,0.6619150292306337,0.19446033461959547,0,subprime
2026-06-17,0.956011401012999,0.6471100452138242,1,prime
2026-06-17,0.9730959608184904,0.8435826020626497,0,prime
2026-06-17,1.3513335458168725,0.18963837680064538,0,prime
2026-06-17,-0.22879799580332177,0.6572744500194168,1,subprime
2026-06-17,-0.8182473609892493,0.5401527115856327,1,prime
2026-06-17,0.7763681817618333,0.49061136942704553,1,prime
2026-06-17,-0.17328345861842037,0.7662767058319477,1,prime
2026-06-17,1.5128028625083658,0.41376118283187396,1,prime
2026-06-17,-0.7795596708829555,0.15282228932694447,0,subprime
2026-06-17,1.3676563717588333,0.5578266343826902,0,prime
2026-06-17,0.7358661381047811,0.7674093803612515,1,prime
2026-06-17,-0.21744335614082616,0.0,0,prime
2026-06-17,1.3263744539019386,0.17076025732215858,0,prime
2026-06-17,0.9132206876362048,0.8232304894368674,1,subprime
2026-06-17,0.8863341394331703,0.5124556691797911,1,subprime
2026-06-17,0.21206562628609882,0.6733425174944144,1,prime
2026-06-17,-1.0835144791687839,0.5824891308414373,1,subprime
2026-06-17,1.427228456988929,0.2542225999368279,1,subprime
2026-06-17,-0.0486909174165186,0.2260652569084854,0,prime
2026-06-17,1.4312418897709875,0.0,0,subprime
2026-06-17,-1.229542728255413,0.04367679663504698,0,prime
2026-06-17,-1.3421740886320164,0.7023568731286558,1,subprime
2026-06-17,2.0705608814629035,0.484205772737194,1,prime
2026-06-17,0.5046471768222983,0.5879230279235372,0,subprime
2026-06-17,-0.06345843173059235,0.7092293899064462,0,prime
2026-06-17,-1.4913420226235183,0.6627857971831382,1,prime
2026-06-17,0.013802125252266595,0.6074806629903006,1,prime
2026-06-17,2.30129189498386,0.33192692814700925,0,prime
2026-06-17,0.19647682889933668,0.4573296903512366,1,prime
2026-06-17,0.35160669846148,0.054527146477542365,0,prime
2026-06-17,1.228826000570518,0.7173245949883458,0,prime
2026-06-17,0.9294648274643005,0.0,0,prime
2026-06-17,1.8395890250888571,1.0,1,prime
2026-06-17,-0.38866988629556226,0.42964109944149276,0,subprime
2026-06-17,0.0917483218566224,0.0571524156411074,1,prime
2026-06-17,0.0245106886058597,0.735277898413824,1,prime
2026-06-17,-1.0749874299796731,0.6118397267801244,1,prime
2026-06-17,-0.39531822459770555,0.0255543232333178,0,subprime
2026-06-17,-0.1385322403552628,0.02835714087381369,0,prime
2026-06-17,2.3071873799303377,0.16030604991487282,0,subprime
2026-06-17,1.4896219747899189,0.15534491125766503,1,prime
2026-06-17,0.13161171011871092,0.729621724308453,0,prime
2026-06-17,0.5758157572478461,0.27375153098435356,0,prime
2026-06-17,1.7136018735521472,0.576293314412855,1,prime
2026-06-17,0.5550045598170916,0.7971614353310026,0,prime
2026-06-17,1.0477278566200892,0.13507796327657093,0,prime
2026-06-17,-0.05533143193114559,0.0,0,prime
2026-06-17,-0.0974353193052992,0.199915660732211,0,prime
2026-06-17,0.6435135464065995,0.7680738710762866,1,prime
2026-06-17,0.12210207696937023,0.5376978434428448,0,prime
2026-06-17,1.0810074608622346,0.18086309213625096,1,prime
2026-06-17,0.8189447951128812,0.30319359867396434,1,subprime
2026-06-17,-1.6440915289995945,1.0,1,prime
2026-06-17,1.5545169167703066,0.628916869504466,0,subprime
2026-06-17,-0.7157771339835111,0.43918098585325527,0,prime
2026-06-17,1.0609399561917359,0.35222705365762746,1,prime
2026-06-17,1.968799653139002,0.8779320508679771,1,prime
2026-06-17,-0.15009819310297973,0.5921725990824211,1,prime
2026-06-17,0.2607037236412278,0.6935134186039302,1,prime
2026-06-17,1.3082075480741941,0.32846937047370006,0,subprime
2026-06-17,0.8456134668906823,0.18350876550263825,0,prime
2026-06-17,1.3274610764560097,0.07210991336853417,0,prime
2026-06-17,-0.11091642313240685,0.9842274277200767,1,prime
2026-06-17,0.8799303604626703,0.4432431004284091,0,prime
2026-06-17,0.9399224736720382,1.0,1,prime
2026-06-17,1.0321855994795381,0.18602161294937464,1,prime
2026-06-17,-1.0082345846723673,0.7136913940254174,1,subprime
2026-06-17,0.4691987046316323,0.5958388992028447,1,prime
2026-06-17,0.2625726749927819,0.6524766636730289,0,prime
2026-06-17,-0.5999575320698851,0.5408288813643847,1,prime
2026-06-17,-0.48455423537979075,0.3167128050563037,1,prime
2026-06-17,0.20942545325406828,0.6831804696890624,1,subprime
2026-06-17,0.9640756267334705,0.4778401853267267,0,prime
2026-06-17,-0.455497464070354,0.0,0,prime
2026-06-17,0.029967165292376086,1.0,0,subprime
2026-06-17,0.6238248320959865,0.10599811598292169,0,prime
2026-06-17,0.23005933061881992,0.5001843291829092,0,subprime
2026-06-17,-0.959528697401345,0.4158223101311034,0,prime
2026-06-17,-0.8971324450456966,0.4599011388554332,0,prime
2026-06-17,-0.13558404380782169,0.49811605253541,0,prime
2026-06-17,1.897344103580349,1.0,1,subprime
2026-06-17,-0.8404660245637605,0.30026933816359785,1,prime
2026-06-17,-1.0132757846630203,0.5993119548805991,1,prime
2026-06-17,0.8005613092318851,0.37248390378061275,1,prime
2026-06-17,-0.004423860104645794,0.564067459475466,0,prime
2026-06-17,0.19494288262316858,0.4660963299495179,0,prime
2026-06-17,1.1789385891091226,0.627192097469751,1,prime
2026-06-17,1.793390884755965,0.9049068543383897,0,subprime
2026-06-17,0.0172102230683982,1.0,1,prime
2026-06-17,0.9697959956340194,0.0,0,prime
2026-06-17,-0.39747552463746066,0.3776337192744612,1,prime
2026-06-17,-1.219011995306375,0.40776987357157046,1,prime
2026-06-17,1.5526866026236115,0.0,0,prime
2026-06-17,0.3034688263536276,0.4898627362385376,0,prime
2026-06-17,1.0244539636339896,0.76087283195798,1,subprime
2026-06-17,-0.3857538922712768,0.10363600600840325,0,prime
2026-06-17,-0.3684461239075832,0.5602459281843293,1,prime
2026-06-17,1.2190805973100238,0.6002985556620396,1,prime
2026-06-17,0.9344875594696123,0.4359221452709923,1,prime
2026-06-17,1.4861664730577553,0.2071359978424549,1,prime
2026-06-17,1.0598739639603012,0.3596531739827313,1,prime
2026-06-17,1.4634066798616168,1.0,1,prime
2026-06-17,1.713983467943042,0.0,0,prime
2026-06-17,-0.8270682488943701,0.8504322373672812,1,prime
2026-06-17,0.001395744932795151,0.2826333915092516,0,prime
2026-06-17,0.36963386429204165,0.5955355130470725,0,subprime
2026-06-17,1.143010030846807,0.30539592707073115,0,prime
2026-06-17,0.813998438051931,0.6441483945622297,1,prime
2026-06-17,1.3509797976618285,0.43935168340791164,0,prime
2026-06-17,1.1031307009669495,0.5521133157262147,0,prime
2026-06-17,3.2464932409333453,0.3444296847800996,0,prime
2026-06-17,0.41239813391320834,0.10665436836196895,1,prime
2026-06-17,0.8363763546703806,0.5007155249676818,0,prime
2026-06-17,-0.09739376541766714,0.0,0,prime
2026-06-17,0.92324069885826,0.2583027728847588,0,prime
2026-06-17,1.4686923547785178,0.0,0,subprime
2026-06-17,-1.0692726238643178,0.5084523597055096,0,subprime
2026-06-17,-0.299466000068294,0.46892621968379733,0,prime
2026-06-17,0.6057636642127646,1.0,1,prime
2026-06-17,0.3959133032655056,0.39764509764962847,1,subprime
2026-06-17,0.9141259008772347,0.6745697027486642,1,prime
2026-06-17,1.0625896738841614,0.7415002427022306,0,prime
2026-06-17,0.8555851402948191,0.8690048964118536,1,prime
2026-06-17,-1.244131030278411,0.20328806121448173,0,subprime
2026-06-17,1.3469172969287337,0.40505323592887366,0,prime
2026-06-17,-0.5123367910335386,0.03205243639666011,0,prime
2026-06-17,-0.3352466847658044,0.5238709192749027,0,subprime
2026-06-17,-0.4646457969282996,0.4638387840994476,0,prime
2026-06-17,-1.0752759112760595,0.1762297802206615,1,subprime
2026-06-17,0.5819455682812225,0.17430450067832412,0,prime
2026-06-17,-0.07216228706637257,0.0,0,prime
2026-06-17,0.3688909490456438,0.4738685639100972,0,subprime
2026-06-17,0.2205473663702059,0.14724266951689807,0,subprime
2026-06-17,0.7500656978001305,0.4435598792054448,1,subprime
2026-06-17,-1.6822616005126416,0.685334148650854,0,prime
2026-06-17,-0.24204302926451288,0.6786369714867331,1,subprime
2026-06-17,0.800896892084953,0.0,0,prime
2026-06-17,1.9710010430526952,0.3662496447145175,0,prime
2026-06-17,-0.14141648224878062,0.532906009972619,0,prime
2026-06-17,0.268251750205497,0.0,0,prime
2026-06-17,0.2674397912802828,0.9505917078025945,1,subprime
2026-06-17,0.4346546079250673,0.08809503527912932,0,prime
2026-06-17,0.23821945388710067,0.9155609476888559,0,prime
2026-06-17,0.27908413452439657,0.17072929983056637,0,prime
2026-06-17,1.638178749015947,0.0,0,prime
2026-06-17,-0.7495271066379006,0.36696911923810654,0,subprime
2026-06-17,-0.42600700637577144,0.00917315766092619,1,prime
2026-06-17,0.6918724936390968,0.11819723606527952,0,prime
2026-06-17,0.2008959718536949,0.28707565179299144,0,prime
2026-06-17,-0.5118051353196151,0.4872238625208761,1,prime
2026-06-17,0.6362489858363773,0.13982930988092823,1,subprime
2026-06-17,-1.4443042016936263,0.6991857539565837,1,prime
2026-06-17,1.1168504875064875,0.375694825276641,0,subprime
2026-06-17,1.6381049364661748,0.49902839160505874,0,subprime
2026-06-17,0.16098274482742958,0.43527625931547637,1,prime
2026-06-17,-0.14392800177604875,0.9134806958537911,1,prime
2026-06-17,0.4304149273977528,0.6320814263252834,0,subprime
2026-06-17,0.05115955667798955,1.0,1,prime
2026-06-17,0.9281837258607433,0.39034175648201597,0,subprime
2026-06-17,1.6847610570257592,0.0,0,prime
2026-06-17,-0.045234169218127174,0.5477800560113177,1,prime
2026-06-17,-1.4063299702407734,0.9602484545499541,1,subprime
2026-06-17,-1.2988566995247197,0.2516189673835515,0,subprime
2026-06-17,0.35091140469729976,1.0,1,prime
2026-06-17,0.07401025408603501,0.8588465907471659,0,prime
2026-06-17,1.4126290379001418,0.3742789549683539,0,prime
2026-06-17,-0.3351382761062594,0.34978378707447527,1,prime
2026-06-17,0.23016505202091495,0.8051368291032681,1,prime
2026-06-17,-0.15385202922010605,0.7387488023636257,0,prime
2026-06-17,-0.09784887530523761,0.6334692894508693,1,prime
2026-06-17,-0.10012931034262151,0.5785717198298036,0,prime
2026-06-17,0.9268190539046046,0.35547453114367167,0,subprime
2026-06-17,-0.28786475285030505,0.0925982072848954,0,prime
2026-06-17,0.12702983802528386,0.08682538671912945,0,subprime
2026-06-17,-1.618204074276951,1.0,1,subprime
2026-06-17,-0.15447259131268126,0.6125229595925246,0,prime
2026-06-17,0.05849691227029408,0.0,0,prime
2026-06-17,-0.9443793184784228,0.16510517618284448,0,prime
2026-06-17,0.9083480834900441,1.0,1,prime
2026-06-17,-1.596176502255869,0.0,0,subprime
2026-06-17,-0.0006493299373243611,0.9489794885079506,1,prime
2026-06-17,-0.2713230457769848,0.5643999502713238,1,prime
2026-06-17,-0.10717418110663152,0.1791433451308432,0,subprime
2026-06-17,0.8133309453596129,0.6259445651985579,1,subprime
2026-06-17,-0.8359963374582948,0.768939855645148,1,subprime
2026-06-17,-0.2782193683339064,0.7039275626903417,0,subprime
2026-06-17,-0.2747194853033594,0.5118655165614181,0,subprime
2026-06-17,-0.32793025172761053,1.0,0,prime
2026-06-17,1.0701092471153373,0.4238976713204382,1,prime
2026-06-17,1.79992844562682,0.16975530101691141,0,prime
2026-06-17,-1.112060666380878,0.941806069065827,1,prime
2026-06-17,0.7103695061765292,0.6171926291162816,1,prime
2026-06-17,0.7544510516018439,0.9494130809834866,1,prime
2026-06-17,1.1300072581705405,0.0,0,prime
2026-06-17,-0.7861625306993636,0.5077501696220136,1,subprime
2026-06-17,0.6462697406520441,0.4251983668491006,0,prime
2026-06-17,-1.1015559268522384,0.5288065087369104,1,subprime
2026-06-17,0.380859693273232,0.5875818743598186,1,subprime
2026-06-17,0.4952775109366965,0.6040448480457604,1,subprime
2026-06-17,0.2624613822205346,0.495214762308281,1,prime
2026-06-17,0.3601243126738465,0.8694347487957949,1,prime
2026-06-17,0.9761525624429574,0.09207750269765291,1,subprime
2026-06-17,0.7171661548234831,1.0,1,prime
2026-06-17,2.4354730315261657,0.4207628177210855,0,prime
2026-06-17,0.5183160381542238,0.7592112968348252,1,subprime
2026-06-17,0.4072479285316314,1.0,1,prime
2026-06-17,0.24269497539408585,0.436507066273621,0,subprime
2026-06-17,0.4139360070524042,0.99461869796282,1,prime
2026-06-17,0.9690894578328577,0.08864008126201231,0,subprime
2026-06-17,0.8286665577655559,0.3416287270332017,0,prime
2026-06-17,0.08946007223136354,0.4124729891519845,0,prime
2026-06-17,-2.4151923798430075,0.4836878660974445,1,subprime
2026-06-17,0.7686976886473125,0.13388946173665311,0,prime
2026-06-17,0.2588692527699916,0.9392920600004286,0,prime
2026-06-17,1.3520239475754023,0.5962629109830496,1,subprime
2026-06-17,0.9277252251520691,0.09239983133782426,0,prime
2026-06-17,0.5939642000681485,0.4908312467268451,0,subprime
2026-06-17,-0.2054610302500111,0.5815156774316466,1,subprime
2026-06-17,-0.9610622571383975,0.5251578608441028,0,subprime
2026-06-17,-0.8771830653226773,0.9720015926298691,1,prime
2026-06-17,3.102761006991605,0.8745874418106558,1,prime
2026-06-17,1.7853433362358855,0.20169572878659858,0,prime
2026-06-17,0.34659450406260295,0.7378044717937683,1,subprime
2026-06-17,0.10267579565275348,1.0,0,subprime
2026-06-17,-1.1125228088602521,0.2932433721801841,1,prime
2026-06-17,1.1814008425137528,0.0,0,subprime
2026-06-17,2.2657286819888025,0.6945441141732954,1,prime
2026-06-17,0.17016141688318226,0.6536051266478418,0,prime
2026-06-17,1.0359981253353696,0.4372906962225562,0,prime
2026-06-17,-0.7354690464562017,0.7733231900802875,1,prime
2026-06-17,0.42392957107306467,0.0,0,prime
2026-06-17,0.9747815597467699,0.32973686383740397,1,prime
2026-06-17,0.8392301530185666,0.05351197855108969,0,prime
2026-06-17,-0.08466720443969633,0.6701700833284508,1,prime
2026-06-17,-0.7779176085616295,0.31914246604185614,0,prime
2026-06-17,1.3217122621886297,0.44566957351770975,1,subprime
2026-06-17,-0.4125956337253271,0.6940522450245745,1,subprime
2026-06-17,-0.7844414725026101,0.5979865365060695,1,prime
2026-06-17,0.23334999771614023,0.4051263558224156,0,prime
2026-06-17,1.4926303634723308,1.0,0,subprime
2026-06-17,2.0203799213137024,0.29694473511098196,0,subprime
2026-06-17,0.25204303711006115,0.7215475611252051,0,prime
2026-06-17,0.46778992970984135,1.0,1,prime
2026-06-17,1.221288745344706,0.4773439934120114,1,prime
2026-06-17,0.6732529600871417,0.5548651892048239,1,prime
2026-06-17,-0.6672379941996878,0.0,0,prime
2026-06-17,0.3823142813904734,0.0,0,subprime
2026-06-17,0.5927037469964573,0.09514306594308317,0,prime
2026-06-17,1.3209590133736209,0.5450588932205898,0,prime
2026-06-17,1.2670500980814385,0.35330706007688767,0,prime
2026-06-17,-0.05326025062556583,0.1439825765497247,0,prime
2026-06-17,-1.5917170229116075,0.37105016411950414,1,prime
2026-06-17,0.5848419409630712,0.4671625170684721,0,prime
2026-06-17,0.2262669873963732,0.0,0,prime
2026-06-17,0.13386883436125402,0.37846917831843413,0,prime
2026-06-17,1.0817003866574018,0.7887922257155434,1,subprime
2026-06-17,0.9545271181760226,0.1303579073908336,0,prime
2026-06-17,0.05617660372833394,0.8937383428175656,1,prime
2026-06-17,0.9382024201970383,0.8441081780766118,0,prime
2026-06-17,0.286936371849125,0.7297647889109804,1,prime
2026-06-17,-0.7468084011300524,0.2896302113266498,0,prime
2026-06-17,0.28491460343155817,0.2585316338018372,1,subprime
2026-06-17,1.4154627537488165,0.4785221765541076,1,prime
2026-06-17,0.0525452497177073,0.5498222906086785,1,prime
2026-06-17,-0.43358162443973863,0.8541246160347661,1,prime
2026-06-17,0.24597022783404748,0.0,0,prime
2026-06-17,0.8871879183302751,0.5873341450354969,0,prime
2026-06-17,-0.6101108099008095,0.8646438992655405,1,prime
2026-06-17,-0.1798017310452032,0.928734705277064,1,subprime
2026-06-17,-0.3336225283158492,0.5259463739258519,1,subprime
2026-06-17,1.040693399921333,0.01244870476948895,0,prime
2026-06-17,-1.8067582442216816,0.27346613848193707,0,prime
2026-06-17,0.6629929898234389,0.6607600612829789,0,prime
2026-06-17,-0.1892870643444982,0.1854399967884347,0,prime
2026-06-17,1.5755081573577834,0.41003279921272606,0,subprime
2026-06-17,-1.8678125569387232,0.05406513021891374,0,prime
2026-06-17,0.8501098891776955,0.4262771665167359,0,prime
2026-06-17,0.09477116503688426,0.29390731777823914,1,prime
2026-06-17,-1.1363066878957786,0.9510031192709739,0,prime
2026-06-17,1.8415144488939532,0.9138984877227896,1,subprime
2026-06-17,0.7355326065930539,0.029574430160125675,0,prime
2026-06-17,-0.42629523160682065,0.25610539626072354,0,subprime
2026-06-17,-1.3794387283598264,0.47373532810086844,1,prime
2026-06-17,2.5481724638821603,0.5079950037030739,0,prime
2026-06-17,0.7070086176414457,0.1644124182862714,0,prime
2026-06-17,-0.1976458130359336,0.788103582835999,1,prime
2026-06-17,-0.6715503127246287,0.0,0,prime
2026-06-17,0.14534980742259404,0.7541275795594274,1,prime
2026-06-17,0.49912623009490154,0.4814786321342156,1,prime
2026-06-17,-0.4568004375326922,1.0,1,prime
2026-06-17,-0.02370258685852661,0.7020429622260618,1,prime
2026-06-17,0.32323318957830566,0.8964235413639756,1,subprime
2026-06-17,2.1157045993054555,0.43650444850162684,0,prime
2026-06-17,0.3636994100747042,0.3140908573151224,0,prime
2026-06-17,0.19246712352251424,0.4926205596553178,0,prime
2026-06-17,0.9072440316008548,0.08115977552856296,0,prime
2026-06-17,0.4533558607978505,0.6763513235673245,0,prime
2026-06-17,1.2522252158962435,0.6016491287048202,1,prime
2026-06-17,0.9270540848981097,0.2246032269527411,1,subprime
2026-06-17,1.2309474609447835,0.7569653091072046,1,prime
2026-06-17,-0.09400865262817282,0.7481594459134685,1,prime
2026-06-17,-1.074672632126687,0.1483217240895255,0,prime
2026-06-17,-0.16042978300118987,0.4255805175179731,0,prime
2026-06-17,-2.1574504046269296,0.503907049602328,1,prime
2026-06-17,-0.6612420045698821,0.42775378300605954,1,prime
2026-06-17,0.521823834797009,0.38818003618028174,0,prime
2026-06-17,-0.40260530433069247,0.18463310087004792,1,subprime
2026-06-17,-0.2014841935594301,0.0,0,prime
2026-06-17,1.6883881808750367,0.32950565551030087,0,subprime
2026-06-17,-0.7824361932016981,0.5056028609306567,0,prime
2026-06-17,0.6345935040435782,0.7850374537734477,0,prime
2026-06-17,0.5414321305428278,0.8448581210742888,1,prime
2026-06-17,1.270954934275223,0.16957914054932308,0,subprime
2026-06-17,-0.5874502461918645,0.5556229284492699,1,prime
2026-06-17,1.7964324085157417,0.0,0,subprime
2026-06-17,0.08969034730737313,1.0,1,prime
2026-06-17,-0.41590350223343525,0.14172107355059507,0,prime
2026-06-17,0.11293831314604866,1.0,1,prime
2026-06-17,-0.44252294472563675,0.3978345711064618,0,prime
2026-06-17,1.6937541601827715,0.309068304012846,0,prime
2026-06-17,1.2974362437047269,0.9717718830692059,1,prime
2026-06-17,-0.5669385418527046,0.5740761020884041,1,prime
2026-06-17,0.20800289778531325,0.3486026860057274,0,prime
2026-06-17,0.18416539348467276,0.3704855318976729,1,prime
2026-06-17,1.1005866186783724,0.3901644513171726,0,subprime
2026-06-17,0.8384695873381524,0.8692857775221281,1,prime
2026-06-17,0.22399094921862003,0.656947941025431,0,prime
2026-06-17,0.9266795908042449,0.41096095576336683,0,prime
2026-06-17,0.9048961438821261,0.4010353068668969,0,subprime
2026-06-17,-0.6863446172244339,0.6267985268314127,1,subprime
2026-06-17,1.834409253513502,0.3582017453763944,0,subprime
2026-06-17,-0.5112436279967922,0.4502261588754942,0,subprime
2026-06-17,0.23830439750555663,0.19674928740149597,0,prime
2026-06-17,2.26726299708637,0.6805108235025638,1,prime
2026-06-17,0.17312175451270587,0.2238525435287933,0,prime
2026-06-17,1.062628557324216,0.9205308782649053,1,prime
2026-06-17,-0.13137945645712418,1.0,1,prime
2026-06-17,-1.0339281987000004,0.8828385921717993,1,prime
2026-06-17,-0.8480757146504407,0.4986291657950185,1,prime
2026-06-17,0.013212190674944446,0.6253418470641613,0,prime
2026-06-17,0.14926719023193924,0.6946375129785524,1,prime
2026-06-17,0.5902858787020518,0.2553819359099735,0,prime
2026-06-17,0.18342259858360696,1.0,1,prime
2026-06-17,-0.9722659993905747,0.7128366762051969,1,prime
2026-06-17,1.1447405884949182,0.26883486809708457,0,prime
2026-06-17,0.47939339966229055,0.44303315037247404,1,prime
2026-06-17,1.1331984814590332,0.9696373743486132,1,subprime
2026-06-17,1.3142214471167497,0.2074420092143436,0,prime
2026-06-18,-0.744916965201452,0.6314445433654302,1,prime
2026-06-18,0.5949179140600168,0.5022166652133678,1,prime
2026-06-18,0.46107878152470294,0.36877329953012833,0,prime
2026-06-18,1.6334378043478845,0.6409358839246065,1,subprime
2026-06-18,-0.2218546793146795,0.8382796736801977,1,prime
2026-06-18,-0.38733256930143534,0.34006676087528664,1,prime
2026-06-18,0.8080808061661129,0.9750360011585673,0,prime
2026-06-18,0.02395877793532153,0.4947600706008026,0,prime
2026-06-18,0.39987484081258023,0.4822797278694194,0,subprime
2026-06-18,0.90002098900007,0.6855701113569088,1,prime
2026-06-18,2.4748727491579126,0.0,0,prime
2026-06-18,1.3438514805831323,0.2542537104631354,1,subprime
2026-06-18,0.44088408454313566,1.0,1,subprime
2026-06-18,1.4178050458767133,1.0,1,prime
2026-06-18,-0.4040123721353046,0.7539234453166278,0,prime
2026-06-18,1.9321310633342457,0.9087688060694284,1,prime
2026-06-18,1.3543925576853466,0.09133611916958867,0,prime
2026-06-18,1.0653826825600252,0.3551447940458935,1,prime
2026-06-18,2.642848938142575,0.7997735481746641,1,prime
2026-06-18,0.2247173525853249,0.14459569734883007,0,prime
2026-06-18,-0.6495706405506207,0.0,0,prime
2026-06-18,-0.1303817961445144,0.1711712278069514,0,prime
2026-06-18,0.4896524455939635,0.8079320929729857,1,subprime
2026-06-18,0.27833329374853155,0.7050677190243302,1,prime
2026-06-18,-0.7289137449550831,0.11220006105284197,1,prime
2026-06-18,-1.0519332894454119,1.0,1,prime
2026-06-18,-0.6073429455103904,0.6705056419406266,0,subprime
2026-06-18,-1.624115786948535,0.2355067243967981,1,prime
2026-06-18,0.6906406286877882,0.28649972125275186,1,prime
2026-06-18,0.42248872047306196,0.6755724749449165,1,prime
2026-06-18,1.5434783227381217,0.3470384728030479,1,prime
2026-06-18,-0.6892769443997944,0.8432091070634395,0,prime
2026-06-18,0.8562677511017941,0.34342412431711217,1,subprime
2026-06-18,-0.6656069513987979,0.5713360759374145,0,prime
2026-06-18,1.1561302430430291,0.4749011776549461,1,prime
2026-06-18,0.45318762870838536,1.0,1,prime
2026-06-18,-0.3736347177150803,0.8406372844963491,1,prime
2026-06-18,-0.4883135769714443,0.5458852324036294,1,prime
2026-06-18,-2.102948378520196,0.2212564203487339,0,prime
2026-06-18,-1.3870327964095046,0.9940375042642735,1,prime
2026-06-18,0.48254877650946754,0.5330205431249373,0,prime
2026-06-18,3.038182486325682,0.4151851792150124,1,prime
2026-06-18,-0.2935323094607002,0.8005073175899736,1,prime
2026-06-18,-0.3869308627129626,0.5983501513008905,1,prime
2026-06-18,-1.124845607811075,0.00447208668246829,0,prime
2026-06-18,0.005068264398467137,0.48740208824328196,1,prime
2026-06-18,0.8317297319375392,0.03561004724797223,0,prime
2026-06-18,2.930582769719592,0.026426975664672947,0,prime
2026-06-18,1.658281275341662,0.7572333072308277,1,prime
2026-06-18,0.2989220958146647,0.423639754722022,1,prime
2026-06-18,-0.5745667585475062,0.3838550989559083,1,prime
2026-06-18,2.882910004804016,0.12921995001566183,0,prime
2026-06-18,-0.5088056174400599,0.6291053399829969,1,prime
2026-06-18,0.8178416079405821,0.03488283380283064,0,subprime
2026-06-18,-0.7104300760096509,0.08470175599113539,1,prime
2026-06-18,2.171651745748668,0.22063599710701265,1,subprime
2026-06-18,-0.939760097921426,0.8466184881574974,1,subprime
2026-06-18,-1.2200612382566278,0.34430923811649455,1,prime
2026-06-18,1.8685553160699093,0.7090871074243721,1,prime
2026-06-18,0.08558468610667369,0.7453069861643343,1,subprime
2026-06-18,0.928229926533021,0.4430238224975149,0,prime
2026-06-18,0.01365721599463543,0.3522012609334304,0,prime
2026-06-18,-0.04843986861519034,0.2288248097105932,0,prime
2026-06-18,-1.116878439966641,1.0,1,prime
2026-06-18,-0.4661297170299614,0.7739906966631179,1,prime
2026-06-18,1.1314941528187203,0.7997571187861069,1,prime
2026-06-18,-0.14637916982864518,0.6175582066717085,1,subprime
2026-06-18,0.8404630852461872,0.6783451824862464,1,prime
2026-06-18,0.15692289516265104,0.43229739030322606,0,prime
2026-06-18,1.2187508740657145,0.7231111533074104,1,prime
2026-06-18,0.5949352271652695,0.5086809215143179,1,subprime
2026-06-18,0.5215023303989369,0.5557031099974218,1,prime
2026-06-18,0.5549758023999016,0.6637424729817949,1,prime
2026-06-18,3.40838228055369,0.7880059159445951,1,prime
2026-06-18,0.927543640005235,0.5663657132692312,1,subprime
2026-06-18,1.083318363385303,0.016929924925865203,0,prime
2026-06-18,0.886866783432872,0.3303100096848857,1,prime
2026-06-18,-0.2285470612368804,0.3959265247839294,0,subprime
2026-06-18,-0.13495697273876062,0.0,0,prime
2026-06-18,0.7353938711790808,0.8955572694151531,1,prime
2026-06-18,1.5028764780759563,0.19550487978125872,0,subprime
2026-06-18,1.3417636922294187,0.3527766285413842,1,prime
2026-06-18,1.3289426807175384,1.0,1,prime
2026-06-18,-0.25118402816020347,0.0,0,prime
2026-06-18,0.008176996075530796,0.3320928703641069,0,subprime
2026-06-18,0.26694925278322734,0.8995269080950299,0,prime
2026-06-18,-1.0652116000838938,0.22250658431834974,0,subprime
2026-06-18,-0.22935060788239203,0.7244694680516689,1,subprime
2026-06-18,-0.670580170821637,0.25437896215230354,1,subprime
2026-06-18,-1.2821544026114418,0.5814788957299382,0,subprime
2026-06-18,0.3358328551530099,0.2499820084054825,0,subprime
2026-06-18,-0.18966720632609058,0.0,1,subprime
2026-06-18,1.646833817728603,0.0,0,prime
2026-06-18,-0.9213724308727254,0.6323100365128131,1,subprime
2026-06-18,0.5540592805281029,0.1120071705893661,0,prime
2026-06-18,1.0939851050971914,0.2506495241457126,0,prime
2026-06-18,1.4553600655784087,0.08877700969571894,0,prime
2026-06-18,1.6229792029480425,0.7213211105852559,0,prime
2026-06-18,1.1293433016195522,0.5102609314139052,0,prime
2026-06-18,1.150086191231499,0.49376166490173684,0,prime
2026-06-18,0.8683952490551006,0.42039233036619483,0,prime
2026-06-18,-0.30976805060452384,1.0,1,subprime
2026-06-18,1.0329181438694466,0.0,1,prime
2026-06-18,0.5785059827475162,0.8885151260053606,1,prime
2026-06-18,-0.39679839437730813,0.9195650885894864,1,subprime
2026-06-18,-0.3429101384511378,0.5999082254257776,0,prime
2026-06-18,-0.6548827216590158,0.20763151407170394,1,prime
2026-06-18,-0.5039810740244145,0.4862703403765244,0,subprime
2026-06-18,-0.21435410561129242,0.5278967131138994,0,prime
2026-06-18,-1.3578151460972712,0.1013893645040238,0,subprime
2026-06-18,0.531390224768681,0.3204146293346794,1,subprime
2026-06-18,-0.7172671572261233,0.8151257194472437,1,prime
2026-06-18,-0.49913406564539053,0.7170822903973769,0,subprime
2026-06-18,2.0052649711901394,0.5839573845075375,0,prime
2026-06-18,1.6769308697161065,0.6625729303889797,1,prime
2026-06-18,-0.5128242489511804,0.9666129114281319,1,prime
2026-06-18,-2.454581302626126,0.8811610340749892,1,subprime
2026-06-18,2.4723441162179105,0.723564502174586,0,prime
2026-06-18,-0.1901929031619949,0.7258985274696306,0,prime
2026-06-18,0.9552064894427994,1.0,1,prime
2026-06-18,0.5447029163179697,0.25130729328650353,1,prime
2026-06-18,0.2501618938537922,0.24828629939132668,1,subprime
2026-06-18,-0.3293430073681518,0.45597316718938424,0,prime
2026-06-18,1.6983937324926277,0.16456497715861604,0,prime
2026-06-18,0.9368211817744827,0.7338274732624916,1,prime
2026-06-18,-0.38888996373909956,0.16326696690544906,1,subprime
2026-06-18,1.7343036675901249,0.5189110411373093,0,subprime
2026-06-18,0.9330128525414656,0.5761905611295342,1,prime
2026-06-18,-0.37725736090825956,0.6445269951709955,0,prime
2026-06-18,-0.09742944560685968,0.8728951997258796,0,subprime
2026-06-18,2.012186552082086,0.8759191692498807,1,prime
2026-06-18,-0.5853318129383352,0.35610606495025077,0,prime
2026-06-18,1.7472990341213603,0.4501032840801116,1,prime
2026-06-18,-0.1224440351977718,0.31183182003770676,1,prime
2026-06-18,0.21639689515512617,0.43101334333602387,1,prime
2026-06-18,0.3972390653530332,0.7274580569766255,1,subprime
2026-06-18,0.5518974601540934,0.6552677104699285,1,subprime
2026-06-18,-0.80531597407521,0.17105057267097246,0,prime
2026-06-18,0.4356505241455032,0.14856517491308274,0,prime
2026-06-18,0.7455570067915934,0.8465274942262012,1,prime
2026-06-18,0.6730101127414246,0.7581309692619697,1,subprime
2026-06-18,0.7383123060157967,0.6399072192623398,1,subprime
2026-06-18,1.0657873468628232,0.45676723234717426,0,subprime
2026-06-18,1.5630012175628563,1.0,1,subprime
2026-06-18,0.1456851686614702,0.0,0,prime
2026-06-18,1.4013088907129994,0.3787449714819415,1,subprime
2026-06-18,1.029662579247427,0.32857317191187685,0,subprime
2026-06-18,-0.3030471537691808,0.22167478388988,0,prime
2026-06-18,0.5424676009903298,0.20685071278987727,1,subprime
2026-06-18,0.42864285689116277,0.32992312237578264,1,prime
2026-06-18,-1.3302907884640984,0.5387630576374852,0,prime
2026-06-18,0.3922367140772998,1.0,1,prime
2026-06-18,0.7449278016186289,1.0,0,subprime
2026-06-18,0.08878491766491775,0.7142919458802478,1,subprime
2026-06-18,-1.0588272832532946,0.0,0,prime
2026-06-18,0.4626731501807448,0.8547403542747611,1,prime
2026-06-18,-0.031406587416129506,0.5623393481942305,1,prime
2026-06-18,-0.851767453542791,0.5189210876533925,1,prime
2026-06-18,-0.3681814852802877,1.0,1,prime
2026-06-18,1.001221244542866,0.2025961448131615,0,prime
2026-06-18,-0.30520550284569214,0.055590752471445626,0,prime
2026-06-18,-0.984639283054638,0.8153578191355617,0,prime
2026-06-18,-0.5509881148179167,1.0,1,prime
2026-06-18,1.4025627889006296,0.3942813020106031,0,prime
2026-06-18,1.3869518922533408,0.0904777261407036,1,subprime
2026-06-18,-0.5077526161229129,0.47112890883756275,0,prime
2026-06-18,1.6146378894734987,0.17941728252636288,0,subprime
2026-06-18,0.8983400587130342,0.19230261973883042,0,prime
2026-06-18,0.5409750789322916,0.39746296020883515,1,subprime
2026-06-18,-0.5219589239928625,1.0,1,prime
2026-06-18,1.3479854080212497,0.38418451852524793,1,prime
2026-06-18,1.377463572385534,0.7727786392659887,0,subprime
2026-06-18,0.30294933362581433,0.5044593790150101,0,prime
2026-06-18,-0.9992234994365559,0.12850866419844675,1,prime
2026-06-18,0.2930690317633787,0.34802960622114504,0,subprime
2026-06-18,1.859190963180711,0.6573799883330581,1,prime
2026-06-18,0.5949967330244232,0.495012049855124,0,subprime
2026-06-18,0.7886266841122412,0.3093827011463053,0,prime
2026-06-18,-0.32513122372292913,0.0,1,prime
2026-06-18,2.5037796047678937,0.5994736682123931,1,prime
2026-06-18,1.2502781713693225,0.31245223185453236,0,prime
2026-06-18,1.703347881073745,0.1591195750625599,0,prime
2026-06-18,1.3816596127025134,1.0,1,subprime
2026-06-18,0.475971315236446,0.0,0,subprime
2026-06-18,0.33624871709750837,0.5824801009698912,0,prime
2026-06-18,-0.695371224901792,0.2443223872183879,1,prime
2026-06-18,0.4573154258537715,0.2505026388645594,0,subprime
2026-06-18,0.4956933391167342,0.43247961072532615,1,prime
2026-06-18,-0.11319290989123165,0.5556367171672001,0,prime
2026-06-18,1.0984630507106743,0.5157561284755392,1,prime
2026-06-18,-0.6909255682891291,0.2919906346472767,0,subprime
2026-06-18,-1.324139367944361,0.6386117270182596,0,prime
2026-06-18,0.9934547300093001,0.012387061386329223,0,subprime
2026-06-18,-0.4409467672531303,0.0,0,prime
2026-06-18,1.4146235910788498,0.9434530786265696,1,prime
2026-06-18,2.7241661686259064,0.22684760808958926,0,subprime
2026-06-18,-0.8918292350948274,1.0,1,prime
2026-06-18,-1.4214825648759277,0.22079524944524473,0,prime
2026-06-18,0.21868391363771147,0.883972781836476,0,prime
2026-06-18,-0.8162820643888682,0.9309184765947573,0,prime
2026-06-18,-0.09247886245008291,0.17733440799751835,0,subprime
2026-06-18,2.2798754865094826,0.5626493443668429,1,prime
2026-06-18,-1.2069856375829406,0.47871669580722753,0,prime
2026-06-18,0.9483630270273224,0.5030865218275847,0,subprime
2026-06-18,0.006314708564540694,0.4314486369178811,0,prime
2026-06-18,0.5587633484100798,0.0,0,prime
2026-06-18,1.3127253581670797,0.6176795351282025,1,prime
2026-06-18,1.9993990405151771,0.027201372836949955,0,prime
2026-06-18,0.7491845413461604,0.0,0,prime
2026-06-18,-0.4269346762952826,0.54492682637569,0,subprime
2026-06-18,0.3540680162533405,0.41387007788336583,0,prime
2026-06-18,0.5700478508658426,0.4963024531572753,1,subprime
2026-06-18,1.1215002729773054,0.06816206092785804,1,prime
2026-06-18,-0.3153053556159009,0.9387776822861849,1,prime
2026-06-18,1.1563322883124032,0.8705078293566716,1,subprime
2026-06-18,1.7928623340432566,0.4600562060472704,1,subprime
2026-06-18,0.9731392707036975,0.2823456122606872,0,prime
2026-06-18,2.251418551956409,0.5898829515613713,1,prime
2026-06-18,0.611235125828099,0.3600748239023621,0,prime
2026-06-18,0.19768085999537757,0.6034065264282685,1,prime
2026-06-18,-0.6930357398825309,0.455919575118666,1,prime
2026-06-18,0.08123780097375805,0.08952483415791668,0,prime
2026-06-18,2.438968662612589,0.8424138454829275,1,prime
2026-06-18,0.14859406615211632,0.46194225595430766,1,prime
2026-06-18,0.6686291429336508,0.32070470418364555,1,prime
2026-06-18,-1.18162177851875,0.32362268651877896,1,prime
2026-06-18,1.2110901797195668,0.0,0,subprime
2026-06-18,0.6226320102490541,1.0,1,prime
2026-06-18,0.11600361026898415,0.7869451995340357,1,prime
2026-06-18,-0.09659616312168318,1.0,1,prime
2026-06-18,1.2452187483664319,0.635282195351461,0,subprime
2026-06-18,-0.523189422661796,1.0,1,prime
2026-06-18,0.3734069972568806,0.7784047553630403,1,prime
2026-06-18,-0.9660260528703468,0.7463535046444426,1,subprime
2026-06-18,0.11606429816608776,0.10730677588102441,0,subprime
2026-06-18,3.3888643500861035,0.35499822196001873,1,subprime
2026-06-18,0.23262450466815632,0.31026021700900025,0,prime
2026-06-18,-0.0912040378868273,0.731696833368781,0,prime
2026-06-18,-0.16703477809771894,0.3150147091901912,0,prime
2026-06-18,0.31112511939136855,0.0,0,subprime
2026-06-18,0.8983636817105276,0.34798842640452005,1,prime
2026-06-18,0.6822616360505097,0.715336947003405,1,prime
2026-06-18,-0.817187984951367,0.7850007160873166,1,prime
2026-06-18,-0.1909323029497475,0.12193614412608259,0,prime
2026-06-18,0.9871533841043975,0.04373943951027115,0,prime
2026-06-18,1.826643118979195,0.40999544845193747,1,prime
2026-06-18,0.0954436799353488,0.80494791873314,0,prime
2026-06-18,1.392994773847919,0.5828004055168677,0,subprime
2026-06-18,0.2204213271470353,1.0,1,prime
2026-06-18,-0.11127841713761288,0.18349317023731945,0,prime
2026-06-18,1.9588080266335453,0.9001559803491552,1,prime
2026-06-18,-0.4992388200883071,0.7169423616877701,1,prime
2026-06-18,0.6289555703199305,0.5951071336003858,1,prime
2026-06-18,-0.35500077295990806,0.8870550716697321,1,prime
2026-06-18,1.212078952787035,0.8867833429271279,1,prime
2026-06-18,1.1742685460213298,1.0,1,prime
2026-06-18,-0.6104834344437877,0.38195941242836356,0,subprime
2026-06-18,0.7107142397384868,0.49721937933808713,0,prime
2026-06-18,0.919817903651784,0.41009026880145666,1,prime
2026-06-18,-0.247919913244797,0.9395170384465852,1,prime
2026-06-18,2.158167604446697,0.33736409381261373,0,prime
2026-06-18,-0.13305469401360437,0.42221562812538027,0,subprime
2026-06-18,-0.6557609392809094,0.8120875804634838,1,prime
2026-06-18,0.5805876980855704,0.4054877738620371,0,subprime
2026-06-18,2.194945366622422,0.5538023326980711,0,prime
2026-06-18,-0.31353970667973863,0.3840147287009748,0,subprime
2026-06-18,1.5271174986199394,1.0,1,prime
2026-06-18,0.1071814431622593,0.4865814012479609,0,subprime
2026-06-18,1.5577944310675427,0.9185256689383501,0,prime
2026-06-18,-1.233184006280663,0.07755904497308014,0,subprime
2026-06-18,0.040594981011177755,0.35282993192957435,1,subprime
2026-06-18,-0.16721856098644483,0.7369007480377989,1,prime
2026-06-18,0.5706156872225474,1.0,1,prime
2026-06-18,0.41375852808664837,0.3476761307211192,0,prime
2026-06-18,-1.9918400399089085,0.11796401770825068,0,subprime
2026-06-18,-1.1480556050836905,0.36301922885918,0,prime
2026-06-18,-0.0896181377337319,0.5534681914681853,0,prime
2026-06-18,-1.4568855081034684,0.5134306461281463,0,prime
2026-06-18,1.670347186420669,0.9597277034526983,1,prime
2026-06-18,0.0017884094925680327,0.842123501311752,1,prime
2026-06-18,1.690056250616199,0.2301260143640961,0,prime
2026-06-18,1.147023813993802,0.29441912653459273,0,subprime
2026-06-18,1.4056732872103048,0.6285077082644751,1,prime
2026-06-18,1.8984505040902404,0.0,0,prime
2026-06-18,1.1431124683394505,0.4378283794949195,1,prime
2026-06-18,-0.5275747856685908,0.44870556456679134,1,prime
2026-06-18,0.12933531622715666,0.16296632636545896,0,prime
2026-06-18,-0.5687385981916144,0.783055683917629,1,subprime
2026-06-18,0.20754503960666135,0.5784692529724269,0,subprime
2026-06-18,-0.7214716005142223,0.7308965011117032,1,subprime
2026-06-18,0.42325937200378183,0.44876060158448816,1,prime
2026-06-18,0.039392273651097154,0.3895924095811148,1,subprime
2026-06-18,1.1615171183915876,0.6778764614831126,1,prime
2026-06-18,0.3970924431504669,0.6299246799777061,1,prime
2026-06-18,-0.5959165896347165,0.5239617831987305,1,prime
2026-06-18,1.7898094232443418,0.8190182336572681,1,subprime
2026-06-18,-0.8033233231345749,0.6533134846672933,1,prime
2026-06-18,-0.026634757398541986,0.7163162499887981,0,subprime
2026-06-18,-1.419867208342427,0.02292916360033831,0,subprime
2026-06-18,-0.8266805296679471,0.0,0,subprime
2026-06-18,2.179286363335949,0.4965159519765949,1,prime
2026-06-18,-1.6446343698134758,0.4155903437652682,0,subprime
2026-06-18,1.0540053885934544,0.6277979944129812,0,prime
2026-06-18,0.16899048806531053,0.06352216602528693,0,subprime
2026-06-18,0.8350199463079401,0.9809980674224466,1,prime
2026-06-18,0.24311704195962547,0.5485772382583076,0,subprime
2026-06-18,0.04280400436522663,0.6383876367077943,1,prime
2026-06-18,-0.5150402525588136,0.1608364292210352,0,prime
2026-06-18,0.2164755966984012,0.8761328652159813,1,subprime
2026-06-18,-0.9350837335195252,0.6037517520279132,1,prime
2026-06-18,-0.46316814885910684,0.8183518253148929,1,prime
2026-06-18,2.3370782585394076,0.3127383090548967,0,prime
2026-06-18,0.3816740710163237,0.20157501533790084,1,prime
2026-06-18,0.4100885888449284,0.17510974904864385,1,prime
2026-06-18,-0.4327121692563781,0.925902003980129,1,prime
2026-06-18,2.6253652303996304,0.0,0,prime
2026-06-18,-1.9784032292112257,0.4480633904575256,0,subprime
2026-06-18,-0.6973847233987331,0.7570616364724018,1,prime
2026-06-18,-0.07897514934553995,0.791526966277191,1,prime
2026-06-18,0.602943757435713,0.8843295763352754,1,prime
2026-06-18,1.7694823345699844,0.7885251682653585,1,prime
2026-06-18,0.1872992737003312,0.7029440600504637,1,subprime
2026-06-18,-0.4679296499744753,1.0,0,prime
2026-06-18,-1.1826445362913232,0.39044961883279417,0,prime
2026-06-18,-0.3053710192059391,0.6432075056942345,1,subprime
2026-06-18,-0.6626242642082523,1.0,1,prime
2026-06-18,0.5306939049471621,0.24150122504164356,1,prime
2026-06-18,1.6113191945122303,0.43517242474453977,0,prime
2026-06-18,-0.8298642837185461,0.48642538701656013,0,prime
2026-06-18,0.2620819172427873,0.05875393998822542,1,prime
2026-06-18,-0.5514658757178703,0.46232902189176617,0,prime
2026-06-18,0.5902880050091553,0.35031237030166157,0,prime
2026-06-18,0.4740175335830514,0.46944048585181575,1,prime
2026-06-18,0.6902302799681873,1.0,0,subprime
2026-06-18,-1.0566110324462963,1.0,1,prime
2026-06-18,1.0087796967538498,0.5959668387631581,1,subprime
2026-06-18,0.14221144487957654,0.569770253202227,0,prime
2026-06-18,-0.9063279881546993,0.557342697323109,0,prime
2026-06-18,0.5846135950616642,0.0,0,prime
2026-06-18,0.734909944208391,0.35819273090209147,0,prime
2026-06-18,-1.3150984276978575,1.0,1,subprime
2026-06-18,0.49470198051789044,0.20079889356848846,0,prime
2026-06-18,0.888132061121731,0.0,0,prime
2026-06-18,-0.7633821371208307,0.0,0,subprime
2026-06-18,1.6029192448778904,0.420112971173107,0,prime
2026-06-18,-1.417473464771176,0.5984193859037111,1,prime
2026-06-18,0.471404307334632,0.0,0,prime
2026-06-18,0.022443630689452376,0.8631853745977078,0,subprime
2026-06-18,0.9146650564626616,1.0,0,prime
2026-06-18,-0.38038214198943,0.6745405730862032,1,prime
2026-06-18,1.205830877184428,0.2752127746485964,0,prime
2026-06-18,0.4166418633215551,0.7583289895509309,1,subprime
2026-06-18,0.6844379302622179,0.5175941769727147,0,subprime
2026-06-18,-0.3335630105638,0.6577450101776938,1,prime
2026-06-18,1.063111121584489,0.5256613364787482,0,prime
2026-06-18,1.4393418684589574,0.43276728202706927,1,prime
2026-06-18,0.6376644398777656,1.0,1,prime
2026-06-18,-0.6226230004274096,0.020681683496048375,0,prime
2026-06-18,1.4002299765825386,0.5023937533981435,0,prime
2026-06-18,0.3022306551856838,0.44015264522003705,1,prime
2026-06-18,0.4177273160253598,0.18861246060221618,0,subprime
2026-06-18,1.2073828962133053,0.8378063583786999,1,subprime
2026-06-18,1.424855599932799,0.43270482049968584,0,prime
2026-06-18,-0.3351107239999668,0.508900513424586,1,subprime
2026-06-18,-0.5058218570482859,0.4884681094167,1,prime
2026-06-18,1.1707422650477968,0.40272013554909053,1,prime
2026-06-18,1.5290285227177,0.6779051819750127,1,prime
2026-06-18,1.9727937182656343,0.6282431690155214,1,prime
2026-06-18,-1.195582244188132,0.7976769526083893,1,prime
2026-06-18,-0.50773591381148,1.0,1,prime
2026-06-18,-0.21546435216146764,0.6312434106071513,1,prime
2026-06-18,1.5544990755142345,0.1616342315588506,1,prime
2026-06-18,-0.4556024655894638,0.0,1,prime
2026-06-18,0.9418456766473553,0.6340535426879739,0,prime
2026-06-18,1.853780535166573,0.6491029435372012,1,subprime
2026-06-18,0.6738686495575634,0.16239725306702268,1,prime
2026-06-18,-0.43274435896684527,0.7081959214242712,1,subprime
2026-06-18,0.316814959799698,0.6082774432958907,0,subprime
2026-06-18,0.10938423018876908,0.5878336411545799,1,prime
2026-06-18,-0.9027772847332418,0.9693531590290794,1,prime
2026-06-18,1.4601753435231308,0.6576871966607638,0,prime
2026-06-18,1.5932035682389125,0.19608221170683252,0,prime
2026-06-18,-0.7012428244792157,0.7708135590347258,1,prime
2026-06-18,-0.06521845091783829,0.5926034127667383,0,prime
2026-06-18,-0.26108919513363793,0.3823516792587291,0,prime
2026-06-18,-0.15664385285004567,0.0,0,prime
2026-06-18,-0.6680706336708688,0.8057654982230151,0,subprime
2026-06-18,1.5473089896163217,0.7445572783510768,1,subprime
2026-06-18,-1.707848755693111,0.2905651640698854,0,prime
2026-06-18,1.1810497929825248,0.0,0,prime
2026-06-18,0.05706618853432588,0.0,0,subprime
2026-06-18,-0.8064222300424215,0.8947668975823531,1,subprime
2026-06-18,1.598051105882384,0.0,0,prime
2026-06-18,1.7836772032542034,0.4414823096234626,1,prime
2026-06-18,-1.1103152341181604,0.2113398755475207,0,subprime
2026-06-18,0.7101008006468634,0.057965598071526236,0,prime
2026-06-18,0.7127289789721509,0.3184834116261241,0,prime
2026-06-18,0.9557618625787578,0.590259371949206,0,prime
2026-06-18,0.12599326743313538,0.0,0,subprime
2026-06-18,-0.8885094288573636,0.5654112002497635,0,prime
2026-06-19,-0.14086496400165682,0.09594776934650759,0,prime
2026-06-19,-0.56685849817585,0.5507246061451976,1,prime
2026-06-19,2.2420136962001767,0.1333164991159031,0,prime
2026-06-19,1.070566760069224,0.9074869695933637,0,prime
2026-06-19,-0.0945203600780552,0.7007349845494917,0,prime
2026-06-19,-0.3839071821644816,0.4788446926233991,0,subprime
2026-06-19,0.641216409191706,0.9540843474520131,0,subprime
2026-06-19,1.1075193519920563,0.9019524529310835,1,subprime
2026-06-19,1.3705439800194612,0.6536050316048314,1,prime
2026-06-19,0.7341888274276691,0.6439429661971438,0,prime
2026-06-19,1.266565899395856,0.5583592139126946,0,prime
2026-06-19,-0.011129845673787608,1.0,1,prime
2026-06-19,0.8351859843285165,0.37659276370333555,1,subprime
2026-06-19,0.8049145344654923,0.6132976900537973,1,subprime
2026-06-19,1.2025025008596741,0.280583181411648,0,prime
2026-06-19,1.0183781578854658,0.351706604010841,0,prime
2026-06-19,0.19013553090902413,0.5160752110020226,1,prime
2026-06-19,0.3840511330205419,0.3046091477705823,1,prime
2026-06-19,1.248712059733637,0.28519779079874286,0,prime
2026-06-19,0.16297312043478177,0.9003004785786017,1,prime
2026-06-19,-0.08195111428655039,0.6561835854283606,0,subprime
2026-06-19,0.9857912533187556,0.2268477481309336,0,prime
2026-06-19,0.7145400392848973,0.7246088653085239,1,subprime
2026-06-19,-1.303794239887382,1.0,1,prime
2026-06-19,-0.18457517258540934,0.04161828352834884,1,prime
2026-06-19,1.1637383398645362,0.616946813660284,0,subprime
2026-06-19,1.6432055818646802,0.5127599499360815,0,subprime
2026-06-19,-0.9086283756669549,0.10092366674264436,0,subprime
2026-06-19,0.21920132691158023,0.9961553140398259,0,prime
2026-06-19,0.2902761601687767,0.7326815844849439,1,subprime
2026-06-19,-0.36806563370891643,0.06486769499754691,0,prime
2026-06-19,2.174186562210695,0.4686079094323802,1,subprime
2026-06-19,-0.5619472501033923,0.6078955936611762,1,prime
2026-06-19,-1.7931024839645489,0.7132877335498911,0,prime
2026-06-19,-0.46442037064531416,0.0,0,subprime
2026-06-19,0.27934301558416497,0.17273105544639725,0,subprime
2026-06-19,-1.1679619734545856,1.0,1,prime
2026-06-19,-0.5017093497773032,0.6444965605977083,1,prime
2026-06-19,0.3469177990096385,0.07888798099181071,1,prime
2026-06-19,0.7618708780708983,0.22663831697769582,0,prime
2026-06-19,0.1365219239155891,0.9890600494188424,1,prime
2026-06-19,0.9719376149795006,0.22666544449127396,0,prime
2026-06-19,-0.5811888372041111,1.0,1,subprime
2026-06-19,1.0242305795514195,0.6505749232545074,0,subprime
2026-06-19,0.548949736783167,0.4476210021647653,1,subprime
2026-06-19,1.5135923550472656,0.9437907249667101,1,subprime
2026-06-19,1.44147524456818,0.2696443419173253,0,prime
2026-06-19,0.013590055784903965,0.44646202600106466,0,prime
2026-06-19,1.545141099397477,0.4705553989829472,1,prime
2026-06-19,1.3957136254498343,1.0,1,subprime
2026-06-19,2.6392693796557545,0.16046552316527607,0,prime
2026-06-19,-1.098913636828366,0.8925131404819459,1,prime
2026-06-19,1.2430589202625313,0.23691681398954872,0,subprime
2026-06-19,-0.2456921772633046,0.14598016537950573,0,subprime
2026-06-19,2.9264318047495728,0.20132058400636327,1,prime
2026-06-19,1.2308302863478573,0.0,0,prime
2026-06-19,2.136363154604169,0.0,0,prime
2026-06-19,-0.028198967239875805,0.20533942845485148,0,prime
2026-06-19,-0.030960838392017964,0.3723671647819483,0,prime
2026-06-19,1.6241677870069942,0.8860272830494484,1,prime
2026-06-19,-1.4688199210655852,0.6492936489624936,0,subprime
2026-06-19,0.2889690152011922,0.03290127028767009,0,subprime
2026-06-19,1.6832150232471477,0.7494260948602327,1,subprime
2026-06-19,-1.1818848713373868,0.394850011437965,0,subprime
2026-06-19,1.2959598205752632,0.0,0,subprime
2026-06-19,0.7657558548963409,0.7921564964674906,1,subprime
2026-06-19,0.8207587128511519,0.3744557445039991,0,prime
2026-06-19,0.7613202324331467,0.6135492850652617,1,subprime
2026-06-19,0.9885397383862655,0.6961207110092412,1,prime
2026-06-19,-0.7344965069893508,1.0,1,prime
2026-06-19,-1.2091985061979522,0.48075303922923596,1,prime
2026-06-19,1.8942436757431886,0.042981747397721315,0,prime
2026-06-19,1.2187729409004333,0.4454149760644688,1,prime
2026-06-19,-0.3322793855834819,1.0,1,subprime
2026-06-19,0.11957391786520155,0.31106376285502035,0,subprime
2026-06-19,0.8857727071517482,0.7223922257252985,1,prime
2026-06-19,-0.2789123580601375,0.9536004338979666,1,prime
2026-06-19,0.6815080445193831,0.4031848723318753,1,prime
2026-06-19,-1.114809876687199,0.1700376094358306,0,prime
2026-06-19,0.2989934908598904,0.0,0,subprime
2026-06-19,1.227257652895676,0.0,0,subprime
2026-06-19,1.6600917174428083,0.518107212429073,0,prime
2026-06-19,2.785117464642445,0.0,0,subprime
2026-06-19,-0.5757654897915423,0.7313033482908227,1,prime
2026-06-19,0.15085498263554276,0.5070961070032368,0,subprime
2026-06-19,1.0269445433081512,0.8476590081790782,1,prime
2026-06-19,-1.0065598088457655,0.39285048418085533,0,subprime
2026-06-19,0.9183863985715405,0.0,0,prime
2026-06-19,0.9622654863135034,0.539481040261649,1,prime
2026-06-19,1.5678831719326312,0.4288943872520547,0,prime
2026-06-19,-0.4136953843053177,0.6202445647921189,0,subprime
2026-06-19,0.23870168572063982,0.0,0,subprime
2026-06-19,-0.09524102283389746,0.09287298032278424,1,prime
2026-06-19,0.3411072423378423,0.10290713945281621,0,prime
2026-06-19,0.14599730122207738,0.9565298132071438,1,subprime
2026-06-19,0.9832261160783026,0.6561283239076936,0,subprime
2026-06-19,0.6986794763616877,0.08562729232034505,0,prime
2026-06-19,-1.269282721680051,0.3893270204522724,0,prime
2026-06-19,0.06401661489654942,0.5761665210917808,1,prime
2026-06-19,-0.4512255119868528,0.8404728064629007,0,subprime
2026-06-19,-1.259265001836609,0.4070123506296753,0,prime
2026-06-19,0.13246602529996665,0.026623089728603666,0,prime
2026-06-19,0.4178071467854649,0.7232035177759454,1,prime
2026-06-19,-0.14109264034885804,0.7258898204409632,1,subprime
2026-06-19,-0.20489581114906186,0.18511847331667233,0,subprime
2026-06-19,2.2029959057120023,0.0,0,subprime
2026-06-19,-0.29188081202467864,0.8000288865272869,1,prime
2026-06-19,-0.29817887109762964,0.46565603296489533,0,prime
2026-06-19,0.10810457864663842,0.0,0,prime
2026-06-19,1.4172183590266905,0.02332552776534469,0,prime
2026-06-19,0.93197839250834,0.0,0,subprime
2026-06-19,-0.18518776624325994,0.0,0,prime
2026-06-19,1.463015773603293,0.0,0,prime
2026-06-19,-0.018762149355925295,0.0,0,subprime
2026-06-19,0.5401167965417224,0.0,1,prime
2026-06-19,-1.0520222166053046,0.22756035842839972,1,prime
2026-06-19,1.0291864811799418,0.45673048181320397,0,prime
2026-06-19,0.6600038594786128,0.21013683209465545,1,subprime
2026-06-19,0.46605455422551567,0.7830639143072975,1,prime
2026-06-19,1.8161567286052511,0.6243150836077065,0,subprime
2026-06-19,1.748335106814523,0.45228834970251774,1,prime
2026-06-19,-0.8086220857397659,0.4317609027723001,0,prime
2026-06-19,-2.3445080671757674,0.4794495575672217,1,prime
2026-06-19,-0.5264820411352183,0.0,0,prime
2026-06-19,-1.0763782870828544,0.7120290574182324,0,subprime
2026-06-19,0.730774010816146,0.7445454661739015,1,subprime
2026-06-19,0.561439345770879,0.6143195630439635,0,prime
2026-06-19,1.5925335330262547,0.0,0,prime
2026-06-19,0.47181298626102763,0.6082355719229373,0,prime
2026-06-19,-0.9306376332280828,0.4119978564497781,1,prime
2026-06-19,-2.3862216863646326,0.813167943307503,0,prime
2026-06-19,0.9998456753282119,0.4131996614523436,0,prime
2026-06-19,1.4161623519774846,0.7908982066546875,0,prime
2026-06-19,0.7654378185267159,0.08245673382339797,0,subprime
2026-06-19,-0.21578906455386093,0.6513904022462539,1,prime
2026-06-19,-0.33549899184700305,0.8829901316270663,1,prime
2026-06-19,-0.9309148451397287,0.35873352202417674,1,subprime
2026-06-19,0.47244746474443905,0.572297036621862,0,prime
2026-06-19,1.7129945157905417,0.5703294535510389,0,prime
2026-06-19,-0.012489467942227828,0.0,0,prime
2026-06-19,0.21494438804148783,0.0,0,prime
2026-06-19,0.09222887974085198,0.7206991896586067,1,subprime
2026-06-19,-0.6405416893553797,0.14962947620864775,1,prime
2026-06-19,1.4706664172654147,1.0,1,prime
2026-06-19,1.8703881522655674,0.889050979743292,1,prime
2026-06-19,-1.0240247421516993,0.7253213747339613,1,prime
2026-06-19,-0.6812859107354994,0.4523356358751529,1,prime
2026-06-19,0.2035796961398818,0.31864448805412243,0,prime
2026-06-19,-0.20020026666316304,0.7856042694318328,1,prime
2026-06-19,0.48710725458345844,0.44776977616839997,1,subprime
2026-06-19,1.6332165899003188,0.0,0,prime
2026-06-19,0.831356947462692,0.6498123215463528,1,prime
2026-06-19,-0.2525127804150996,0.27329001067718633,0,prime
2026-06-19,0.331712110916302,0.4837963463393063,0,subprime
2026-06-19,1.4432912931393491,0.3561037712909001,0,subprime
2026-06-19,-0.06513216907859959,0.0,0,prime
2026-06-19,-0.9491303376970839,0.6663810487488118,1,prime
2026-06-19,0.8863190352173701,0.32805945457472413,1,prime
2026-06-19,3.047692278935963,0.0,0,prime
2026-06-19,-1.005559115495797,0.7469438286981955,0,prime
2026-06-19,0.1784654267448367,0.4031099337027245,0,prime
2026-06-19,1.177607283222045,0.07763743204261164,0,prime
2026-06-19,0.2950354723836958,0.08326980288476338,0,prime
2026-06-19,-0.28371112705772383,0.0,0,subprime
2026-06-19,-0.17046081289900727,0.6990851524493225,0,prime
2026-06-19,0.2884432716442633,0.38483426532064047,1,subprime
2026-06-19,-1.6711844398780389,0.4907971132821584,0,subprime
2026-06-19,0.521587408731131,1.0,1,prime
2026-06-19,-0.3997287008657371,0.43856480123882835,1,subprime
2026-06-19,2.0193779218280086,0.5013261555410866,0,prime
2026-06-19,0.4611708188242868,0.7304948031522303,1,subprime
2026-06-19,-0.08696414763721799,0.8594649930310851,1,prime
2026-06-19,1.21959988774658,0.577263889415799,0,prime
2026-06-19,0.948173638915335,0.5142131841031643,1,prime
2026-06-19,-0.890043461626032,0.8673683199262842,1,subprime
2026-06-19,1.4920135534392152,1.0,1,prime
2026-06-19,-0.6567728895940588,0.0,1,subprime
2026-06-19,1.6681679536993084,0.378147943525454,1,prime
2026-06-19,1.7745626577227347,0.4151043708520785,0,prime
2026-06-19,0.4192688273670286,0.6017258451606097,1,prime
2026-06-19,-0.38429576498877227,1.0,1,prime
2026-06-19,-0.4463185954226718,0.39587101887821635,0,subprime
2026-06-19,0.8341767590393064,0.3122800194741268,0,subprime
2026-06-19,-1.182625263341874,0.0,0,prime
2026-06-19,1.9281620907729646,0.006137064653525426,0,subprime
2026-06-19,1.6096199633356398,0.552090848592529,0,prime
2026-06-19,1.139100559936289,1.0,1,prime
2026-06-19,-0.24596870477530342,0.19749223042234232,1,prime
2026-06-19,1.7911875269185078,0.7736159477160637,1,prime
2026-06-19,0.35624202987369713,0.4882218957112838,0,prime
2026-06-19,-0.07205223210349099,0.07923387996828785,0,prime
2026-06-19,-0.2814085367222712,0.22610298788923766,0,prime
2026-06-19,0.23717195648096495,0.8597333485538831,1,prime
2026-06-19,1.8256809341705422,0.724876912980813,1,prime
2026-06-19,-0.734540005561853,0.6914746963105879,1,subprime
2026-06-19,1.1535493857795394,0.4111214755926751,0,prime
2026-06-19,2.6212574363948606,0.0,0,prime
2026-06-19,0.3741888845877943,0.42656972767219425,1,prime
2026-06-19,-0.6629413765988195,0.23470953148186197,0,prime
2026-06-19,1.3331195088047165,0.4929281236892042,1,prime
2026-06-19,1.1303313865312243,0.291996729108187,0,prime
2026-06-19,1.3468906909621277,1.0,1,prime
2026-06-19,-1.673393607213636,0.19715418302424628,0,subprime
2026-06-19,-0.1913152098192995,0.354884116024684,1,subprime
2026-06-19,-1.0639685575677444,0.7229868161492414,0,subprime
2026-06-19,0.30677735529247485,0.3124155642791009,0,prime
2026-06-19,-0.08536835680862159,0.9850899050125583,1,subprime
2026-06-19,0.0506847102246924,0.7785220605652196,0,prime
2026-06-19,-0.2186898603582329,0.2579490908043508,0,subprime
2026-06-19,1.0268029590664454,0.19601122708981863,0,prime
2026-06-19,-0.01580172777488792,0.21656100448444815,1,prime
2026-06-19,1.0215416564127902,0.19832294007705684,0,prime
2026-06-19,2.1002810838484556,1.0,1,prime
2026-06-19,-0.13949389214372399,0.8646934494343818,1,subprime
2026-06-19,0.20081058040298333,0.42228711104467676,1,prime
2026-06-19,0.25972281597521246,0.5856342580984188,0,subprime
2026-06-19,0.5061441872435012,0.21865183236980257,0,prime
2026-06-19,0.8969686616040249,0.17716691449309685,0,prime
2026-06-19,0.826171076222612,1.0,1,prime
2026-06-19,-0.9558117666402461,0.12171410342346642,0,prime
2026-06-19,1.5189102336744447,0.906849354598925,1,prime
2026-06-19,0.7120244860219009,0.4992263354737206,0,prime
2026-06-19,0.9143893597839493,0.7654001343467529,1,subprime
2026-06-19,2.0777552020803887,0.4648859365140505,1,prime
2026-06-19,1.1533280611969188,0.0,0,prime
2026-06-19,0.03752672841640853,0.7201337293488488,1,subprime
2026-06-19,1.7382688260529184,0.19967971849285615,1,prime
2026-06-19,2.0096289647046968,0.9320228785349195,0,subprime
2026-06-19,2.1140618591746385,0.33009093941974865,0,subprime
2026-06-19,-0.11881267079784752,0.4305744815981595,0,subprime
2026-06-19,-0.9446234302131689,0.0,0,prime
2026-06-19,0.8223529023650555,0.6153905840910727,1,subprime
2026-06-19,-0.10903169909428301,0.5240795219944452,0,subprime
2026-06-19,0.930818193164267,0.8041412680441101,1,prime
2026-06-19,0.3829606646308112,0.5898909713306506,0,prime
2026-06-19,-1.1901272701836076,0.818937742555665,1,prime
2026-06-19,-0.04069503472929514,0.3359653011683353,0,subprime
2026-06-19,0.696977058981431,1.0,1,prime
2026-06-19,-1.672865763220203,0.38570922655921547,0,subprime
2026-06-19,-0.039801445438473915,0.7935452268386111,1,prime
2026-06-19,1.1503193169054406,0.27546914677620826,0,prime
2026-06-19,0.7925470625297706,0.5027025802691164,1,subprime
2026-06-19,0.33188085910599335,0.9535162290884323,1,prime
2026-06-19,0.6804426688831644,0.6513373775902485,0,prime
2026-06-19,-0.2791202119320535,0.33958280739662866,0,prime
2026-06-19,0.003389675711190865,0.6928866303219601,0,prime
2026-06-19,0.35090922272933545,0.32972872627265365,0,prime
2026-06-19,-0.8541319308286681,0.40660868213062945,1,prime
2026-06-19,0.7429853619879176,0.4189085262563803,0,prime
2026-06-19,-1.5258164015129172,0.0750774775056397,0,prime
2026-06-19,2.5367296901603114,1.0,1,prime
2026-06-19,0.6374342576106216,0.18192666179352499,0,prime
2026-06-19,1.8887791310753208,0.7217781804308954,0,subprime
2026-06-19,-0.09428126282936827,0.5438968107782424,0,prime
2026-06-19,2.741274576556167,0.8451812153023819,1,prime
2026-06-19,-0.9723585853135328,0.0,0,prime
2026-06-19,3.114090305170043,0.4457469148195866,0,prime
2026-06-19,-0.8852208642637993,0.7938576172998314,1,prime
2026-06-19,-1.2206065266838189,0.4328517940230664,1,prime
2026-06-19,1.067659144816946,0.0,0,prime
2026-06-19,0.044080807513722675,0.10296875523006807,0,prime
2026-06-19,1.1180424404625104,0.7661480166645488,1,prime
2026-06-19,1.2123445618970803,0.5216266063515467,0,subprime
2026-06-19,-1.202239018099037,0.5581913782748817,0,subprime
2026-06-19,0.686973846943405,0.1402849724885941,0,subprime
2026-06-19,0.48496921231056156,0.5230323886478723,0,prime
2026-06-19,0.3852106819765297,1.0,1,prime
2026-06-19,-0.8802983693498456,0.08799444046620175,1,prime
2026-06-19,1.7355513956688597,0.5448610894071089,0,subprime
2026-06-19,2.1724126807084367,0.20349281328759777,0,subprime
2026-06-19,-0.48225183534504423,1.0,1,subprime
2026-06-19,0.30592022424126036,0.44084869583306674,0,subprime
2026-06-19,1.156406221991546,0.8777414333708039,1,prime
2026-06-19,1.9292982273335,0.7188819204735922,1,prime
2026-06-19,0.44486974793015477,1.0,0,prime
2026-06-19,1.3771195085316652,0.3284079727862023,0,prime
2026-06-19,0.4752382699469285,0.031881209329692184,0,prime
2026-06-19,-0.03128010996949537,1.0,1,prime
2026-06-19,0.3063170699025699,0.3117152347607924,1,prime
2026-06-19,0.5253883538542858,0.6253066408041674,0,prime
2026-06-19,-1.1298154359038006,0.3696621723561659,1,subprime
2026-06-19,0.9513916761110425,0.13517098593808635,0,prime
2026-06-19,0.7660959281339396,0.13842513585096644,0,prime
2026-06-19,-0.14688819698355116,0.7073533183313432,1,subprime
2026-06-19,1.4401022278687503,0.6896028381430509,1,prime
2026-06-19,2.1909522010124887,0.0,0,prime
2026-06-19,0.6035240196477422,0.3045240878069431,0,prime
2026-06-19,1.4726427627890437,0.0,0,subprime
2026-06-19,0.23112685773615443,0.8614518349740934,0,prime
2026-06-19,-0.1902175488172818,1.0,1,prime
2026-06-19,1.310418628669327,0.34754023351627994,1,prime
2026-06-19,0.045736020477047834,0.3783243144067748,0,subprime
2026-06-19,0.8794542589073151,0.3698318009336175,0,prime
2026-06-19,-0.37352507853695904,0.0,0,prime
2026-06-19,-0.051980923213939934,0.9750873241215114,0,subprime
2026-06-19,2.2222578410213245,0.8646199100486467,1,subprime
2026-06-19,0.8788059262587478,0.7504115154352451,0,subprime
2026-06-19,-0.4756980533381229,0.9252791752682218,1,subprime
2026-06-19,-0.8390656881417662,0.0,0,prime
2026-06-19,1.262606485897681,0.6597979974456969,0,prime
2026-06-19,0.19533985524637426,0.14594185389874734,0,prime
2026-06-19,0.9738547381495297,0.4603429890412674,0,subprime
2026-06-19,-0.6224125402918659,0.0,0,prime
2026-06-19,2.3985609324498482,0.768623192225858,1,prime
2026-06-19,1.3376532095986629,0.6144333882531566,1,prime
2026-06-19,-0.7975296060045909,0.4443701895437845,0,prime
2026-06-19,0.673329109276271,0.7472475592097523,1,prime
2026-06-19,0.2557266416443183,0.6642978525963734,1,prime
2026-06-19,-0.18867328416861429,0.9462487891972644,1,prime
2026-06-19,-0.4691332112838773,0.8146873150789951,1,subprime
2026-06-19,0.899566707041001,0.3961993597971684,1,subprime
2026-06-19,-1.073368987240302,0.0,0,subprime
2026-06-19,-0.7919096075734156,0.5134123885399444,0,subprime
2026-06-19,1.5293723378034667,0.5495404938081615,1,prime
2026-06-19,-0.43323294990207384,0.4111683198512728,0,subprime
2026-06-19,1.2986679525198155,0.9383511782762994,1,prime
2026-06-19,0.11381218556444972,0.6063480741032378,1,prime
2026-06-19,1.0117393874141376,0.015601676684465882,0,prime
2026-06-19,0.8769429217302449,0.26658885656524506,0,subprime
2026-06-19,1.5294977642655008,0.8380591570706096,1,prime
2026-06-19,1.4424630632357862,0.3900607937064923,1,subprime
2026-06-19,0.611376672106624,0.509162962407609,0,prime
2026-06-19,0.7607094455597951,0.48339195910114463,0,prime
2026-06-19,1.1843250748412917,0.7839626397373983,1,prime
2026-06-19,-0.22612064305404744,0.5197463789915213,1,prime
2026-06-19,0.3670059226196632,0.03335656782043844,0,prime
2026-06-19,0.5331671639478391,0.8072038128149972,1,prime
2026-06-19,-0.04833912532447515,0.5527980164252688,0,prime
2026-06-19,0.952855421275309,0.496487518664943,1,prime
2026-06-19,-0.1236555251687842,0.28851045736431236,1,subprime
2026-06-19,0.1717902421261233,0.0,1,prime
2026-06-19,0.21511700180494814,0.5745122235589257,1,subprime
2026-06-19,1.8994613363594215,0.5494630573432051,1,prime
2026-06-19,0.45193424691119416,0.5693549239528382,0,prime
2026-06-19,-0.007800740569515741,0.8787012177841254,1,prime
2026-06-19,1.1628267755019166,0.6550549593830725,0,prime
2026-06-19,1.3758573415792943,0.5527184354657304,1,prime
2026-06-19,1.1326732826739743,0.8448397609635707,0,subprime
2026-06-19,2.830457375104279,0.5088998565393155,0,prime
2026-06-19,1.540682148087787,0.6730114871574943,0,prime
2026-06-19,-0.4725271875721063,0.6919726095431649,0,subprime
2026-06-19,0.8585522038896218,1.0,1,prime
2026-06-19,-0.5727981293228346,0.3841494604227474,0,subprime
2026-06-19,-0.3445924661740485,0.939888516958904,1,subprime
2026-06-19,0.43318706600859175,0.7918746768357787,1,subprime
2026-06-19,0.5532196760574726,0.3861425243011792,1,prime
2026-06-19,0.8808265934216242,0.2746235003024536,1,subprime
2026-06-19,-0.25457482156999367,0.1424404662633556,0,subprime
2026-06-19,-0.5042270603795813,0.8998844644125122,1,prime
2026-06-19,-0.9898292384720917,0.9490270802901316,1,prime
2026-06-19,-0.10543314752785526,0.5270243777660498,0,prime
2026-06-19,0.3404651829964659,0.47130294378957593,1,subprime
2026-06-19,-0.10337900058476068,0.2586458808950432,1,subprime
2026-06-19,0.35514775005399435,0.798264131245224,1,prime
2026-06-19,-1.278817373641489,0.07186059174273418,1,prime
2026-06-19,-0.5332111278622034,0.6680746673400919,0,prime
2026-06-19,0.502156045941619,0.01478929151772268,1,prime
2026-06-19,-1.2243117741246798,0.0008006383170362508,0,subprime
2026-06-19,0.32480556916665926,0.5531171124715994,0,prime
2026-06-19,0.6341590730963955,0.24339114725465283,0,prime
2026-06-19,-0.6914050721505594,0.4274428604233235,1,prime
2026-06-19,2.0484237276443396,0.47977468974164994,0,prime
2026-06-19,0.07070218090859348,0.0,0,prime
2026-06-19,-0.5773962789843577,0.6161775000526314,0,prime
2026-06-19,2.8157242148881307,1.0,1,prime
2026-06-19,-1.1851282901568607,1.0,1,prime
2026-06-19,1.2859276178742158,0.5965658497534733,1,prime
2026-06-19,-1.3828106474355255,0.9633137690796814,1,subprime
2026-06-19,1.1836268040091982,0.831558345379362,1,subprime
2026-06-19,0.7527111568033014,0.6619017924874779,1,prime
2026-06-19,1.4955675136920858,0.3106354969288388,0,prime
2026-06-19,1.2345957895762492,0.5205884052139923,0,subprime
2026-06-19,-0.4086350295583441,0.6362230081914484,0,prime
2026-06-19,-0.3226608065415131,0.16213227769989058,1,subprime
2026-06-19,1.8066167116219027,0.8340358434099542,0,prime
2026-06-19,0.24590038809402273,0.9654930840164706,1,prime
2026-06-19,-0.5638137842583043,0.7709480651078886,1,prime
2026-06-19,0.7324033865114481,0.926168941123894,1,prime
2026-06-19,-1.2492628633375142,0.6004807806040052,0,prime
2026-06-19,0.07188146396236367,1.0,1,prime
2026-06-19,-0.24883662549875574,1.0,1,prime
2026-06-19,0.03988265670614155,0.5687235063974092,0,subprime
2026-06-19,1.7433771187744225,0.8770827555434411,0,prime
2026-06-19,-0.6455024596098169,0.6140365968724507,0,prime
2026-06-19,-0.6834439030933388,0.3476891236027858,1,subprime
2026-06-19,1.129168899123953,0.26063217560934027,0,prime
2026-06-19,-1.5346247093159444,0.7581358881444612,0,prime
2026-06-19,-1.3324154382336917,0.6660620835888339,1,subprime
2026-06-19,1.7140179922320449,0.9833510155008262,1,prime
2026-06-19,1.3008208490543782,0.5516949722773505,1,prime
2026-06-19,-0.1927229749228454,0.6257737088923048,0,prime
2026-06-19,2.0452030818658784,0.33257998129310495,1,subprime
2026-06-19,0.4926156599366191,0.0,0,subprime
2026-06-19,1.3392382895395285,0.6183883560509923,1,prime
2026-06-19,1.8322663063834936,0.47233547325570946,1,prime
2026-06-19,0.8507579620549999,0.22705221265171727,1,prime
2026-06-19,0.9456134235734709,0.5150973703866024,1,prime
2026-06-19,0.667168096609426,0.7882075853876966,1,prime
2026-06-19,0.688306219307933,0.34368253470675786,1,prime
2026-06-19,1.4136022466368545,0.8790159214665512,1,prime
2026-06-20,0.22648839824064895,1.0,1,prime
2026-06-20,-0.4075779728269265,0.6372836976842166,1,subprime
2026-06-20,0.22834966175668991,0.0,0,prime
2026-06-20,0.8022875026058068,0.3954568008333583,1,subprime
2026-06-20,-0.40678338617843074,0.3075845025988065,0,prime
2026-06-20,1.757460058431241,1.0,1,subprime
2026-06-20,-0.0201419443491474,0.378400022402065,0,prime
2026-06-20,0.6810279819260225,0.4080613025440013,1,prime
2026-06-20,-0.6367488466080198,0.9965241905225177,1,prime
2026-06-20,-1.0620624855813094,0.9281184771521206,1,subprime
2026-06-20,0.9358220882190575,0.7002789573699973,1,subprime
2026-06-20,0.3297141697200032,0.45621864552615543,0,subprime
2026-06-20,-0.17712094475248846,1.0,1,subprime
2026-06-20,0.017557461341183744,0.34261943319931504,0,prime
2026-06-20,0.8411569992936361,0.5358890828454348,0,prime
2026-06-20,1.3879936089910525,1.0,1,prime
2026-06-20,1.9059462925758666,0.4600025938313803,0,prime
2026-06-20,-0.6531900114851232,0.21552667360313044,0,prime
2026-06-20,-0.0007326365349677455,0.8523953979596353,1,prime
2026-06-20,1.6001080083591814,0.5997216889368809,1,prime
2026-06-20,-0.2940683072500821,0.49877887519377767,0,prime
2026-06-20,-0.6218831144371562,0.7087176173805037,1,subprime
2026-06-20,2.7717011324536602,0.5936528317729928,1,prime
2026-06-20,1.364341046279899,0.33943806894981743,1,subprime
2026-06-20,0.03870117576741455,0.9291249156415444,1,subprime
2026-06-20,-0.004904100426866398,0.46008702653082945,1,prime
2026-06-20,-0.3997284723672962,0.3300233358605953,0,prime
2026-06-20,0.49359983263175666,0.3091077389049989,0,prime
2026-06-20,0.1779081430748802,0.08755102296376471,0,prime
2026-06-20,-0.39441250033351777,0.32313161083920133,0,prime
2026-06-20,0.658948047561147,0.45327760213173124,1,prime
2026-06-20,-1.2151754962487624,0.1281496398589017,1,prime
2026-06-20,0.15554927345353176,0.36834397435127925,0,prime
2026-06-20,-0.8052069367151404,0.6724325887852689,1,subprime
2026-06-20,1.3288410945197096,0.2430506940790247,0,prime
2026-06-20,-0.17241376994966534,0.6694860294755127,1,prime
2026-06-20,-2.6757989888687623,0.31354196898152986,0,subprime
2026-06-20,0.7254841108107137,0.8170446988876401,1,prime
2026-06-20,-0.1929337058081791,0.5045137612939857,1,prime
2026-06-20,-0.8805676927587949,1.0,0,prime
2026-06-20,-0.9614423196498034,0.6425791006221926,1,prime
2026-06-20,-1.0870434443230248,0.894172489561371,1,prime
2026-06-20,0.07424969148855232,0.0,0,subprime
2026-06-20,1.7138237344659943,0.6264239090711167,1,prime
2026-06-20,-0.0066916785567294745,0.2075967178896343,1,prime
2026-06-20,0.07993753263971143,0.3340872508509473,1,subprime
2026-06-20,1.819773007270421,0.5007536699419621,1,prime
2026-06-20,-0.9433848560308193,0.17006175545285623,0,subprime
2026-06-20,2.6051084421959705,0.09138660790235373,0,prime
2026-06-20,1.207604887172568,0.9536442237671274,1,prime
2026-06-20,0.3757338784637261,0.6958204434896085,1,prime
2026-06-20,-0.05233531062553648,0.08489357808766118,0,prime
2026-06-20,1.308137421026304,0.7291581737323833,0,subprime
2026-06-20,-0.12364997242536485,0.6289222490669396,1,prime
2026-06-20,0.3338473109247242,0.12763911996421376,0,prime
2026-06-20,1.090373369776049,0.6912461300453853,1,subprime
2026-06-20,-0.07882950968342045,0.10679593657766406,0,prime
2026-06-20,0.5431074123176116,0.5558946070668118,1,subprime
2026-06-20,-0.17998018456271497,0.4014938828393111,1,prime
2026-06-20,0.5679727040429803,1.0,1,prime
2026-06-20,-0.40800570745753656,0.18568300186006623,0,prime
2026-06-20,0.4427221739299231,0.989233244353598,0,subprime
2026-06-20,-0.5999474676852943,0.34551350157375615,0,prime
2026-06-20,-0.5321737439076237,1.0,1,subprime
2026-06-20,0.632109596891268,0.906634811612107,1,prime
2026-06-20,-0.5120999846961776,0.3888765227850928,0,prime
2026-06-20,-1.7240870044213024,0.08149148984921206,0,prime
2026-06-20,-0.9216935895815594,0.0,0,subprime
2026-06-20,1.2109608607210065,0.0,0,prime
2026-06-20,2.216298586519648,0.0,0,prime
2026-06-20,0.2681873058306078,0.3186174037730074,0,subprime
2026-06-20,0.4416955008538555,0.8441136353764104,1,prime
2026-06-20,1.5546033096356886,0.4679388684201432,0,prime
2026-06-20,0.9443337747253349,0.5326115889713106,0,prime
2026-06-20,0.9609362526037346,0.655314726320847,0,prime
2026-06-20,0.6231901800526822,0.6339635951457923,0,prime
2026-06-20,-1.2202019573195568,0.5212350094145738,0,prime
2026-06-20,0.254606678602808,0.8208513541987874,1,prime
2026-06-20,-0.6732429341237596,0.5102571006086185,0,prime
2026-06-20,-0.36893468484484543,0.6266221427770351,1,prime
2026-06-20,-0.015470821690179604,0.8126902071186791,0,subprime
2026-06-20,1.2022618408057164,0.7147360581964615,1,subprime
2026-06-20,0.08573736532367277,0.8618943324300868,1,subprime
2026-06-20,1.0451133309031544,0.590056906745057,0,prime
2026-06-20,0.353874548547506,0.9078353221911103,1,prime
2026-06-20,0.6922944590940094,0.0,0,prime
2026-06-20,0.8378626021273394,0.0,1,prime
2026-06-20,2.1204331138632346,0.0,0,subprime
2026-06-20,1.9522290444389523,0.4809058915018263,0,subprime
2026-06-20,0.14538385473390908,0.06943800649205306,0,prime
2026-06-20,1.2661094012945078,0.042546048784854074,0,prime
2026-06-20,0.10256761608471104,0.8625808642456592,0,prime
2026-06-20,1.067747180755126,0.9157732429725438,0,subprime
2026-06-20,0.28491770022866414,0.5468285866408975,0,prime
2026-06-20,0.5878534649066567,0.4641165593297385,0,subprime
2026-06-20,0.9966367483743728,0.6790525408479271,0,subprime
2026-06-20,0.9919629865107908,0.9474754512012202,1,prime
2026-06-20,1.2560358123097142,0.20214176731433672,0,prime
2026-06-20,-0.44303264804817083,0.299209698475347,0,prime
2026-06-20,0.7994222582871353,0.9172627427077922,1,prime
2026-06-20,0.992447369854695,0.6454069052065462,0,prime
2026-06-20,-2.003233268806084,0.6797058801830813,0,prime
2026-06-20,1.0024194304521428,0.9290691601410543,1,prime
2026-06-20,-0.07966306487451275,0.3308710452695644,0,subprime
2026-06-20,0.629599851472442,0.624450666601854,1,prime
2026-06-20,-0.38217100468340987,0.3781959772239102,0,subprime
2026-06-20,-1.6494463897940346,0.41959197851724983,0,prime
2026-06-20,-0.6600262516451652,0.27755051590357077,0,prime
2026-06-20,0.8641025304373292,0.019653672838588876,0,prime
2026-06-20,0.525931945661936,0.28833015071179147,0,prime
2026-06-20,0.4074805571833434,0.623093513879938,1,subprime
2026-06-20,0.794199027048629,0.8168802313907786,1,prime
2026-06-20,0.10741401135206124,0.7188773349056423,1,prime
2026-06-20,0.655256296840503,0.5633011138451862,1,prime
2026-06-20,0.25712232314145433,1.0,1,subprime
2026-06-20,0.1919893883786293,0.6616726172979841,0,prime
2026-06-20,2.0483601828553506,0.6663694737737085,0,prime
2026-06-20,0.03586262811924151,0.3788255049295732,1,subprime
2026-06-20,0.36471048967974734,0.6382952017572219,0,prime
2026-06-20,-0.8502214253931542,0.39643120969795076,0,prime
2026-06-20,0.23754750741792738,0.41760334579611813,1,subprime
2026-06-20,1.1421212680583113,0.08654231030270088,1,subprime
2026-06-20,0.18331978219166928,0.713989282168251,1,subprime
2026-06-20,0.6024876366478661,0.09643571344746485,0,prime
2026-06-20,-0.30687096720011003,0.8712569795184469,1,prime
2026-06-20,-0.3686104491599462,0.351783238989765,1,prime
2026-06-20,1.5858536603991202,0.6425104172910813,1,subprime
2026-06-20,0.21146767280427503,0.7122306053088475,1,prime
2026-06-20,0.6735645060564694,0.16813539087039026,0,prime
2026-06-20,0.3487554095475643,1.0,1,prime
2026-06-20,0.9157278371139247,0.6878510963407035,0,prime
2026-06-20,-0.6885542261115385,0.5413877346680227,0,prime
2026-06-20,-0.0006085196310614549,0.38856399192942576,1,prime
2026-06-20,1.383058896508472,0.6687972897813543,1,prime
2026-06-20,0.9187222967478772,0.8176828229958207,1,prime
2026-06-20,-2.0565583366356943,0.1618751508263434,1,prime
2026-06-20,-0.2246200804962038,0.21754810959220794,0,prime
2026-06-20,0.028099393704424214,0.5980024645265818,1,prime
2026-06-20,-0.040839312581827325,0.8418093936507087,1,prime
2026-06-20,0.2811060816313775,0.5430493473473288,0,prime
2026-06-20,0.2657992525382886,0.2424377337874894,0,prime
2026-06-20,1.589208362971533,0.43845625959812073,1,prime
2026-06-20,-0.366655754012622,0.8990894384360842,1,subprime
2026-06-20,1.2884516963861266,0.048332045893665576,1,prime
2026-06-20,-0.9191229539488381,1.0,1,prime
2026-06-20,1.9947061866444804,0.6602318854039327,0,prime
2026-06-20,-0.13692814777090706,0.5599387636690414,1,prime
2026-06-20,2.6505148197218036,0.9517063865298461,1,prime
2026-06-20,0.050987662221004926,0.908447174354249,1,prime
2026-06-20,0.8788710507162564,0.6919495737134223,1,prime
2026-06-20,-0.02181919972555385,0.8373633071901444,0,prime
2026-06-20,1.5796784552433647,0.6955558103931844,1,prime
2026-06-20,-0.5644201040990156,0.3168477559770553,0,prime
2026-06-20,-1.8605160323205996,0.0888708768113527,0,prime
2026-06-20,1.1690249201270015,0.2928147873895987,0,prime
2026-06-20,1.5487955944643481,0.10602325679751201,0,prime
2026-06-20,-0.722515431607718,0.12889746752359962,0,prime
2026-06-20,-0.491872292476418,0.6771429984322745,1,prime
2026-06-20,1.0104988412706473,0.42826081969918983,0,subprime
2026-06-20,-0.007284685923383272,0.8572464614227243,1,prime
2026-06-20,1.673376653643317,1.0,1,prime
2026-06-20,0.22942129430233388,0.31285955631766244,1,prime
2026-06-20,-1.2688771682271955,0.5728895519036403,1,prime
2026-06-20,-0.46429266309301714,0.6411863434439937,1,prime
2026-06-20,1.4057895864466232,0.8746282342110464,1,prime
2026-06-20,-0.621401092597283,1.0,0,subprime
2026-06-20,1.1558373396206718,1.0,1,prime
2026-06-20,0.16514753050437242,0.4807982876742604,0,subprime
2026-06-20,-0.4624209999274797,0.15979300764974594,0,prime
2026-06-20,-0.19883184410724758,0.7717630133919884,1,subprime
2026-06-20,0.5028910799606529,0.9156235024197663,1,prime
2026-06-20,2.154576993790317,0.5027238794892499,1,subprime
2026-06-20,1.7693537531971504,0.4983734501348721,1,prime
2026-06-20,1.4681287526252933,0.4253674808991147,0,prime
2026-06-20,0.07197498830038124,0.1879281937391262,0,prime
2026-06-20,1.400278564751491,0.6406559979961304,1,prime
2026-06-20,3.063733147147047,0.6824723826190535,0,prime
2026-06-20,1.1613820482406734,0.7980754712776648,1,prime
2026-06-20,0.7246492635845511,0.6415017045882705,1,subprime
2026-06-20,-0.9232220589867643,0.5844167280998971,1,subprime
2026-06-20,-0.08438218017314653,0.3167051830648308,0,subprime
2026-06-20,1.2675713575574952,0.4912331983655332,0,subprime
2026-06-20,1.5046345238217496,0.25436848219314745,0,prime
2026-06-20,0.34430048428927873,0.58492910830139,1,prime
2026-06-20,-1.612438232640597,0.6762044820110024,0,prime
2026-06-20,1.2579597160561924,0.9376766593311243,0,prime
2026-06-20,-0.3402072365524748,0.5219222254693213,1,prime
2026-06-20,0.9348157314994698,0.9198058527004923,1,subprime
2026-06-20,0.5804421446201116,0.7544418572775441,1,prime
2026-06-20,-0.04933923136381868,0.0,0,prime
2026-06-20,-0.7709958770442988,0.5537278463366128,1,subprime
2026-06-20,0.5963729564587134,0.5520464246534734,0,prime
2026-06-20,1.006072818388695,0.9052630480529398,1,prime
2026-06-20,1.3482553108897644,0.7268340540130835,0,prime
2026-06-20,1.7890455764541915,0.6033817777358241,1,prime
2026-06-20,0.38808931431543003,1.0,1,prime
2026-06-20,1.6100708050193153,0.7802745737508338,1,prime
2026-06-20,0.7792385835957193,0.970859457235081,1,subprime
2026-06-20,1.3421199812458233,0.4276047173797263,0,prime
2026-06-20,0.39044577064397995,0.3395170479277,0,prime
2026-06-20,0.9488790145046722,1.0,1,prime
2026-06-20,0.6064214322674701,0.6585921540004258,0,subprime
2026-06-20,0.7540401598054195,0.9625164991409727,0,prime
2026-06-20,1.2384180013163004,0.29482485824730575,0,prime
2026-06-20,-0.7730782911646039,0.6343279886425125,1,prime
2026-06-20,0.029517764545848257,0.006462263708295446,0,prime
2026-06-20,-1.3715151087605326,0.0,0,prime
2026-06-20,0.6611362199535479,0.07224743092523134,1,prime
2026-06-20,-0.09601679760558496,0.9513813534358393,1,prime
2026-06-20,0.40142284118861743,0.6187523568650598,1,subprime
2026-06-20,0.8796761146872522,0.6289852492519687,1,prime
2026-06-20,-0.6199243185552894,0.7507457276741238,1,prime
2026-06-20,0.11731930374282173,0.6884967229963829,1,subprime
2026-06-20,1.3691586029178324,0.36984739269192957,0,subprime
2026-06-20,0.9135826961755216,0.2599014852531448,0,prime
2026-06-20,0.3956699800537406,0.4437282614423661,0,prime
2026-06-20,0.059439598114342684,0.5500020044576284,0,subprime
2026-06-20,1.5538429128175035,0.6110466483396263,1,prime
2026-06-20,0.36130625489688395,0.31285881030628876,0,prime
2026-06-20,1.1349139957109051,0.47293919505565984,0,prime
2026-06-20,0.4156716443318417,0.3445259830737651,0,subprime
2026-06-20,1.1540305704730176,0.9797127396488412,0,subprime
2026-06-20,0.24197377480694238,0.33550365337867033,1,prime
2026-06-20,-0.2754835978654146,0.6516869100839827,1,prime
2026-06-20,1.9585411318723605,0.8672882555265338,0,prime
2026-06-20,0.999657812581707,0.3215203807306322,0,prime
2026-06-20,1.2188027745613927,0.46376405070357885,1,subprime
2026-06-20,-1.0840739419636314,0.801285898275477,1,prime
2026-06-20,0.6483552259616702,0.46750126772877726,0,prime
2026-06-20,0.2536465445030815,0.4748603761764695,1,prime
2026-06-20,0.6361790312424136,0.5618388565326063,1,subprime
2026-06-20,-0.6846632787187217,0.8759816545897149,1,prime
2026-06-20,-0.4825983478149483,0.21800339306678007,0,subprime
2026-06-20,1.2897872472066223,0.5452118747713349,0,prime
2026-06-20,0.9595473718825354,0.8061203799572338,1,prime
2026-06-20,-0.5331392102956354,1.0,1,prime
2026-06-20,0.1458968411016927,0.5675305257833242,1,subprime
2026-06-20,1.234155470252671,0.5666381265103525,1,prime
2026-06-20,0.15274474292071383,0.7506904015820899,1,prime
2026-06-20,-1.0405674103827935,0.8143429019466857,0,prime
2026-06-20,0.051462315448584595,0.21837319308684416,1,prime
2026-06-20,0.8160189417116599,0.6485601246835861,1,subprime
2026-06-20,0.688341997707566,0.2000580010985992,0,prime
2026-06-20,0.5309599515588342,1.0,1,prime
2026-06-20,-0.19793260877899682,0.7592171883978032,0,prime
2026-06-20,0.7352874463977572,0.9448274122671789,1,prime
2026-06-20,1.1965311055047574,0.16199635152903794,0,prime
2026-06-20,0.37798135942886374,0.0,0,prime
2026-06-20,-1.9208227879466557,0.3884768997271574,0,prime
2026-06-20,0.8388756280853981,0.38776414640733875,1,prime
2026-06-20,0.7260901097628325,0.32549426957183725,0,subprime
2026-06-20,-1.19176814213144,0.9054074325731263,1,prime
2026-06-20,2.871333358378685,0.6062859213455205,1,prime
2026-06-20,0.6343531417963372,0.6851187560866757,1,prime
2026-06-20,-1.5521269208266024,0.6907734869332391,1,subprime
2026-06-20,-1.1274814440806296,0.0,0,subprime
2026-06-20,1.434231251711807,0.0,0,prime
2026-06-20,2.1138086109781082,0.0,0,prime
2026-06-20,1.3150893245270803,0.2486752797298491,0,prime
2026-06-20,-0.7962947690364508,1.0,1,prime
2026-06-20,1.3124086626691966,0.4355262368304405,0,subprime
2026-06-20,0.541382862715599,0.34601405086545595,0,prime
2026-06-20,-0.253827260349952,0.671810072627065,1,prime
2026-06-20,0.814419881165753,0.5139226171465956,1,prime
2026-06-20,0.2316195518375141,0.7121754019722772,1,prime
2026-06-20,-0.363831887793254,0.0,0,prime
2026-06-20,0.18300303509232305,0.4655204603812212,1,prime
2026-06-20,-0.17939706321346666,0.39884598678530936,0,prime
2026-06-20,0.45761585429724255,1.0,1,prime
2026-06-20,0.66809845078426,0.26368118907311,0,prime
2026-06-20,-0.29362798025232967,0.588825794740426,1,subprime
2026-06-20,-1.6872000338548703,0.9244730629017206,1,subprime
2026-06-20,0.29513187382318523,0.975389847042331,1,subprime
2026-06-20,0.019893717652817278,0.344675037431448,0,prime
2026-06-20,2.1134475267155532,0.7019193908366733,1,subprime
2026-06-20,-0.5384893674526552,0.7415754314042351,1,prime
2026-06-20,0.21242586763599997,0.2742810765755374,0,prime
2026-06-20,-1.003049407590617,1.0,1,prime
2026-06-20,0.007607628384379339,0.9227367842653549,0,prime
2026-06-20,-0.6281292986477947,0.6517246569422437,1,subprime
2026-06-20,0.4339702137783311,0.7337792271162599,1,subprime
2026-06-20,0.8079697299464466,0.0,0,subprime
2026-06-20,0.5592433746155666,0.8272999155258269,0,prime
2026-06-20,1.3636510029155124,0.3677091992963781,1,prime
2026-06-20,1.3249328139048908,0.7170662164683175,1,prime
2026-06-20,2.132677297544629,0.18877886024075843,0,subprime
2026-06-20,0.03807758510392201,0.0,0,subprime
2026-06-20,-0.4403465543150809,1.0,1,subprime
2026-06-20,-0.22417517262286063,0.18849841732855524,0,prime
2026-06-20,-0.6387804726469035,0.05524458283352901,0,prime
2026-06-20,-0.3289241597862977,0.6147542379413713,1,prime
2026-06-20,-1.6052784358027083,0.2493546692999653,1,subprime
2026-06-20,0.3479696166814764,0.2741802481940991,0,prime
2026-06-20,0.38344425993808007,0.0,0,prime
2026-06-20,0.3897154543280856,0.5450777063918905,0,prime
2026-06-20,-1.0915248000433264,0.23495653039350284,0,prime
2026-06-20,-1.0762062836218882,0.7573689915436167,0,prime
2026-06-20,1.3409927949528977,0.892701419266662,1,subprime
2026-06-20,-1.3134539012770179,1.0,1,prime
2026-06-20,1.0315607946059293,0.0,0,prime
2026-06-20,0.2810849380675233,0.5052949810713823,1,prime
2026-06-20,-0.07701450447632335,0.15961643385929228,0,prime
2026-06-20,-0.9813469982345251,0.09974528610646868,0,prime
2026-06-20,0.5528768905305623,0.0,0,prime
2026-06-20,0.13494666089926843,0.6591624263390312,0,subprime
2026-06-20,0.28681808645105267,0.5708417392255003,1,prime
2026-06-20,-0.14636729731837944,0.5464696304833017,0,prime
2026-06-20,0.1968892814654365,0.9254174845627838,1,subprime
2026-06-20,1.6988242518393972,0.9906919140877055,0,prime
2026-06-20,-0.38754948520971105,0.09785938482114587,0,subprime
2026-06-20,0.6301112128625072,0.0,0,prime
2026-06-20,0.7350984120066129,0.6641709113213901,0,prime
2026-06-20,0.8238381800623534,0.07782129519841963,0,subprime
2026-06-20,-0.3150280654857776,0.0,1,prime
2026-06-20,2.219748730313208,0.15956640447859116,0,prime
2026-06-20,-0.4053936303543266,0.30524774214760064,1,prime
2026-06-20,-0.7201000597469753,0.06763891505085312,0,prime
2026-06-20,-1.0779754920821902,0.34165288077538725,0,prime
2026-06-20,-0.11880091285723243,0.21132521008804728,1,prime
2026-06-20,0.47748722601044874,0.2920521637698519,0,prime
2026-06-20,-2.0299265940497886,0.07938522634227818,0,subprime
2026-06-20,0.8193832765780542,0.4723670404338219,0,subprime
2026-06-20,0.01961545328765746,0.24662962867711097,0,prime
2026-06-20,0.8122622994484789,0.21308820964013692,1,subprime
2026-06-20,1.20890591841659,0.597578036449483,0,prime
2026-06-20,1.8303422575567838,0.18858970499835756,0,prime
2026-06-20,0.012656698933924349,0.40676016921820257,0,prime
2026-06-20,0.9826179123553256,0.06481402514092494,1,prime
2026-06-20,-1.4543396394557015,0.30594048998670414,1,prime
2026-06-20,0.01238782688631157,0.9902496507291487,1,prime
2026-06-20,0.3442061006213757,0.022590403328368425,0,prime
2026-06-20,0.59634433967042,0.2710184858280981,1,prime
2026-06-20,-0.7474839456347777,0.0,0,prime
2026-06-20,-1.6425425125484598,0.7459288072593279,1,subprime
2026-06-20,0.5423707715678685,0.4418518661683498,1,subprime
2026-06-20,0.06806302978136419,0.7031759333631674,1,prime
2026-06-20,2.3827566707375842,0.6335857304565851,0,prime
2026-06-20,-1.6641748276186399,0.7640946070603084,0,prime
2026-06-20,0.13114839386073118,0.8842392106669367,1,prime
2026-06-20,-1.3031530419647457,0.3070100630472837,1,prime
2026-06-20,-0.29109231326698143,1.0,1,prime
2026-06-20,2.4597713218831903,0.4691137863350793,0,subprime
2026-06-20,-0.9200337035303066,1.0,0,prime
2026-06-20,-0.6946366043058487,0.10690628871013974,0,prime
2026-06-20,0.6944700671230143,0.5947457310093693,0,prime
2026-06-20,0.5131657791930732,0.0,0,prime
2026-06-20,0.34916608207604327,0.7332868713653152,0,prime
2026-06-20,1.9180870893969049,0.5370094647547492,0,prime
2026-06-20,1.1399374644767022,0.6955523202421743,1,prime
2026-06-20,0.6051536703630618,1.0,1,prime
2026-06-20,0.39399617118702385,0.3321834868317586,1,prime
2026-06-20,0.5107082779110828,0.44085392110661537,0,subprime
2026-06-20,2.4528285788125284,0.03911631714108876,1,prime
2026-06-20,0.7139855935634143,0.39772239116096814,0,prime
2026-06-20,0.8779830823869885,0.5393770571534151,0,prime
2026-06-20,2.3404035541141965,0.9202460022273251,1,subprime
2026-06-20,1.3358341167463108,0.0720463315534644,0,subprime
2026-06-20,1.1383310239305535,0.23838668097230248,0,prime
2026-06-20,-1.4522873550943094,0.7136140093946188,1,prime
2026-06-20,1.1990298870555312,1.0,0,prime
2026-06-20,1.1045254419049173,0.251798723415523,0,prime
2026-06-20,0.20120956712733398,0.21947734177038475,0,prime
2026-06-20,0.09193818953688782,0.18648073015405311,0,subprime
2026-06-20,1.6525955578578602,0.7059796632654242,1,prime
2026-06-20,1.0550728845770456,0.5579722454728068,0,subprime
2026-06-20,0.9984971842493229,0.7772398894787059,1,subprime
2026-06-20,1.371935705746063,1.0,1,prime
2026-06-20,0.5470305011848248,0.25662996025014817,0,prime
2026-06-20,0.5111936599235017,0.7197027352887845,1,subprime
2026-06-20,-0.35951652834381514,0.931057185465258,1,prime
2026-06-20,0.8596185252687262,0.2722441727204537,0,prime
2026-06-20,2.6606413865147123,0.27916966821647415,1,prime
2026-06-20,0.6828374287477763,0.0,0,prime
2026-06-20,1.3665236638424496,0.5774980221275335,1,subprime
2026-06-20,1.3556732865574204,0.6998839293899901,0,prime
2026-06-20,-0.018218031230171683,0.15182191524786515,1,prime
2026-06-20,-0.41377189781082296,0.5912923394654138,1,subprime
2026-06-20,0.6095804605048707,0.9646047234337616,1,prime
2026-06-20,-0.5661897740280626,0.7924399317098977,1,prime
2026-06-20,1.4739023017104511,0.994136536805112,1,subprime
2026-06-20,0.8744185077594583,0.9989510085987467,1,prime
2026-06-20,-0.5354951962915879,0.3315310746429067,1,subprime
2026-06-20,-0.6370466867096249,0.6718195188961589,0,prime
2026-06-20,1.437424967997395,0.572408025803886,0,prime
2026-06-20,0.02828424656519757,0.530577302911041,1,prime
2026-06-20,2.267616010956276,0.42632460302601816,1,subprime
2026-06-20,-0.8213202961112016,0.5948472876296871,0,prime
2026-06-20,0.9245246992334433,0.6189085441128468,1,prime
2026-06-20,0.2648452918985197,0.4295766125989864,0,subprime
2026-06-20,2.492824853578272,0.939574694090924,0,prime
2026-06-20,0.16023854405733506,0.3161935184218209,0,subprime
2026-06-20,-0.41122969170839535,0.5947321615195589,0,prime
2026-06-20,0.17350045704450456,0.17647312795462433,0,subprime
2026-06-20,-0.4875439665926367,0.5134785097770441,0,subprime
2026-06-20,2.2432898982364775,0.20322025350119144,0,prime
2026-06-20,0.22682023325736123,0.6556298483445266,0,prime
2026-06-20,0.692923892898456,0.6008032876796541,0,prime
2026-06-20,1.416210519548997,0.8532230636391227,1,subprime
2026-06-20,0.9737835218717781,0.3779069372280656,0,prime
2026-06-20,-0.1741594719559199,0.34385341702329814,0,prime
2026-06-21,-0.08780179543297006,0.22202729011095806,1,prime
2026-06-21,-1.139965873127977,0.5173075136033544,0,prime
2026-06-21,1.4265518759490259,0.6809777821659239,1,prime
2026-06-21,0.42820631656597213,0.5220991254796996,0,prime
2026-06-21,-0.7699929932719076,0.9324950265335183,1,subprime
2026-06-21,0.32093289949918546,0.05724005992878567,1,subprime
2026-06-21,2.036709185821894,0.21215833038981996,1,subprime
2026-06-21,0.3736147821949254,0.40283693388341,1,prime
2026-06-21,-0.4470368953018836,0.9789015792916109,1,prime
2026-06-21,1.8891576725849795,0.5379507407869237,0,subprime
2026-06-21,-0.21035205292356296,0.7608468340636456,1,prime
2026-06-21,2.2010489642680673,0.23275025512526376,1,prime
2026-06-21,1.077904608784627,0.7765150700099722,1,prime
2026-06-21,2.1382072853475096,1.0,1,prime
2026-06-21,-0.15646072529616417,0.0,0,prime
2026-06-21,1.3912019305122274,0.18497430750631863,0,prime
2026-06-21,1.7734666155877163,0.27945181355996385,1,prime
2026-06-21,-0.15391932679585918,0.811945456697961,1,prime
2026-06-21,-2.274769986454741,0.0,0,prime
2026-06-21,0.5603139261901989,0.8520893749193454,1,prime
2026-06-21,1.0642497226419059,0.0,0,subprime
2026-06-21,0.6798867724229398,1.0,1,subprime
2026-06-21,0.5940130937596761,1.0,1,subprime
2026-06-21,-0.44450227424634026,0.4875908033591059,0,subprime
2026-06-21,1.6053291593178893,0.030335949093743098,0,subprime
2026-06-21,0.11877463115054071,0.7030928268574801,1,prime
2026-06-21,0.8498636522819285,0.7549780453841524,1,subprime
2026-06-21,1.459904785496956,0.15907219329738514,1,prime
2026-06-21,1.1968955280324391,0.39166279189476894,1,prime
2026-06-21,-0.15818649308547394,0.1216196718035717,0,prime
2026-06-21,1.3257423962273625,0.82998977886496,1,prime
2026-06-21,0.7924815482391621,0.5794080434455473,0,prime
2026-06-21,1.4330915031564002,1.0,1,prime
2026-06-21,-1.7695787996577688,0.0,0,subprime
2026-06-21,0.41866371191804824,0.3043177037927283,0,subprime
2026-06-21,0.5111579168005116,0.21824838014840997,0,prime
2026-06-21,1.3685012002200865,0.1730511482809281,0,prime
2026-06-21,0.261843246512263,0.8833200052495744,1,subprime
2026-06-21,1.8580794626217552,0.8363112343878697,0,prime
2026-06-21,-0.907436512550355,0.29840261573206145,0,prime
2026-06-21,0.21902473886436777,1.0,1,prime
2026-06-21,0.24040751019760792,0.9243046667858519,1,prime
2026-06-21,-0.2636879573184473,1.0,0,prime
2026-06-21,1.7389992560063445,0.6573970081426999,0,subprime
2026-06-21,-0.9691687070044588,1.0,1,prime
2026-06-21,0.4222507045665603,0.48195966743120416,1,prime
2026-06-21,-0.9959328577353217,0.9437897050613164,0,prime
2026-06-21,-0.8002548859167258,0.3853652784620151,1,prime
2026-06-21,1.4111349689710195,0.7976049541175645,0,subprime
2026-06-21,1.4604375890053318,0.5038376954861687,0,prime
2026-06-21,0.24411241502890066,0.41787909663600964,1,subprime
2026-06-21,0.7728467593418361,0.5492929678671719,0,subprime
2026-06-21,1.54734371887237,0.0,1,prime
2026-06-21,-0.25309237690957875,0.44914947740631583,0,prime
2026-06-21,0.7417201630894383,0.9535529489354115,1,prime
2026-06-21,0.3772104821119136,0.2995252944738377,0,prime
2026-06-21,0.08225982941963189,0.6792615434209779,0,prime
2026-06-21,0.24500619421067013,0.6756665054399374,1,prime
2026-06-21,2.173390739420163,0.6706108897903019,1,subprime
2026-06-21,0.976240505228308,0.5681459457453547,1,prime
2026-06-21,-0.760322206311004,0.7638031421014789,1,subprime
2026-06-21,0.3916411584879412,1.0,1,prime
2026-06-21,-1.5185711557212456,0.7932537639691637,1,subprime
2026-06-21,1.3094489075817513,1.0,1,prime
2026-06-21,0.286193841819916,0.4664215409963073,1,prime
2026-06-21,2.3981053378896213,0.606550473683093,1,prime
2026-06-21,1.4747156799869663,0.40273184752052704,0,prime
2026-06-21,-0.34035173783063233,0.6714814290744556,1,prime
2026-06-21,-0.5544366224414183,0.38051980801597507,0,prime
2026-06-21,-0.9635553520933315,0.307752144489177,0,prime
2026-06-21,0.22860136259497663,0.9698403959038668,1,prime
2026-06-21,1.7530884434538523,0.4388945483106805,0,prime
2026-06-21,-0.23294392284146503,0.6897865300613019,1,prime
2026-06-21,0.8904682802798747,0.6928647867985912,1,prime
2026-06-21,2.161377058992368,0.0,0,prime
2026-06-21,0.2502104171012167,1.0,1,subprime
2026-06-21,0.6729435595597053,0.1695164966351604,0,prime
2026-06-21,-0.07160538414908968,0.41019902039297296,1,prime
2026-06-21,-0.5000409893780199,0.05268981457879529,0,prime
2026-06-21,-0.2571414925015878,0.01999055908976055,0,subprime
2026-06-21,1.5268609008347094,0.5693472824091725,1,prime
2026-06-21,1.2066397274011513,0.8009251218590834,1,prime
2026-06-21,0.32742983483641386,0.9188968398551278,1,prime
2026-06-21,-0.00814231923159825,0.758277308006065,0,prime
2026-06-21,1.4653973669239653,0.04628392392748726,1,prime
2026-06-21,0.760455389905814,0.3343520195571755,1,prime
2026-06-21,-0.3588868293882894,0.5399471895959631,0,prime
2026-06-21,-0.6077564146338603,0.43644878018411776,1,prime
2026-06-21,-0.9032912864146445,0.46834825702708444,1,prime
2026-06-21,0.5028237424419701,0.35689418495497105,1,prime
2026-06-21,-1.0590892656800326,0.04007307044781766,0,prime
2026-06-21,2.590239090502946,0.9384287136024226,0,prime
2026-06-21,0.9262740663635731,0.09668488627737121,0,prime
2026-06-21,2.1165059542180504,0.053282045186245686,1,prime
2026-06-21,0.005108833333096308,1.0,0,subprime
2026-06-21,1.1124930027255333,1.0,1,subprime
2026-06-21,0.13465598527293948,0.5492083257093165,0,prime
2026-06-21,0.2851711377697148,0.31785636090242037,1,subprime
2026-06-21,-0.2474974730745445,0.0,0,prime
2026-06-21,2.038396681003716,0.3468358145077122,0,prime
2026-06-21,2.2737338079825538,1.0,1,prime
2026-06-21,1.552063167232408,0.2738922917219992,1,prime
2026-06-21,-0.2926223488297769,1.0,1,prime
2026-06-21,2.630191294663767,0.2849443116025543,1,subprime
2026-06-21,1.458575079103429,0.4452485377723153,1,subprime
2026-06-21,-1.9211914739239095,1.0,1,prime
2026-06-21,0.8711308803012096,0.21323692045647816,0,prime
2026-06-21,1.5198134752681471,0.6933436080970059,1,prime
2026-06-21,3.582949347428439,0.10346396807188496,1,prime
2026-06-21,1.6393844633608128,0.8984714890744809,1,prime
2026-06-21,0.4862333523661846,0.8101861951551353,1,prime
2026-06-21,-0.06664566735396393,0.06577058895431259,0,subprime
2026-06-21,0.5960954104617175,0.6829460615661277,1,prime
2026-06-21,1.1926526437607823,0.31800155936991725,1,prime
2026-06-21,-1.1998314277645337,0.5957119735267067,1,subprime
2026-06-21,-1.2635512641287503,0.3858660100117499,1,prime
2026-06-21,0.06959198169750935,0.22231052819282257,0,subprime
2026-06-21,1.799032048220768,0.0,0,prime
2026-06-21,-0.7247272537961358,0.4533077874562112,0,prime
2026-06-21,1.20258909524342,1.0,1,prime
2026-06-21,1.1371620012632322,0.7567872807130822,1,prime
2026-06-21,-1.030092620297135,0.2791303655692402,1,prime
2026-06-21,0.4472841740991581,0.4258064698744459,1,subprime
2026-06-21,-0.07991212759575872,0.0,0,subprime
2026-06-21,0.24943694934048316,0.2788180509823804,0,subprime
2026-06-21,0.8377423470039944,0.44849782066540256,0,prime
2026-06-21,0.40058828764932464,1.0,1,subprime
2026-06-21,1.7467772728025819,0.0915693008443097,1,prime
2026-06-21,1.1549977625629233,0.2284994631491154,0,prime
2026-06-21,-1.351853661699704,0.7135170896252764,0,subprime
2026-06-21,-0.6166337121759657,0.5368083032080947,1,prime
2026-06-21,1.177430245910279,0.5960098654100748,1,prime
2026-06-21,-0.52334822766283,1.0,1,prime
2026-06-21,1.0177113453126274,0.7436147228632809,1,prime
2026-06-21,1.3671537284890278,0.9187983070049146,0,prime
2026-06-21,0.1371436294556448,0.039964637224216615,0,prime
2026-06-21,1.0704710046602104,0.5672754233513145,0,prime
2026-06-21,1.421765507698634,0.4736248926665715,0,prime
2026-06-21,0.8899736368143193,0.34619379984031207,0,prime
2026-06-21,0.22313285739503194,0.47940863924903165,1,prime
2026-06-21,-1.6141988400644933,0.8026149349957749,1,subprime
2026-06-21,-0.1427127888891987,0.5506928581588953,1,prime
2026-06-21,1.3020723404563803,0.2726267069179442,0,prime
2026-06-21,-0.44931540260298664,0.13149399676808213,0,prime
2026-06-21,1.606098590927518,0.9447778554666353,1,subprime
2026-06-21,0.39515953670706744,0.922667392956621,1,prime
2026-06-21,1.0942336518759728,0.9435842396268117,1,prime
2026-06-21,2.0748010446329426,0.0,0,prime
2026-06-21,1.3166350027132703,0.6605146215420841,0,subprime
2026-06-21,-0.18686951020400677,0.21686304916230986,0,prime
2026-06-21,0.4505617002960334,0.4521772907931819,1,prime
2026-06-21,-0.5959366406734004,0.4813180527052988,0,prime
2026-06-21,1.6520584838374077,0.4739792584277067,1,prime
2026-06-21,0.38408560726046437,0.13012961041731735,0,subprime
2026-06-21,2.0064313510677376,0.5986921971647057,0,prime
2026-06-21,-0.9524109048546021,0.0,0,subprime
2026-06-21,1.6098632501726637,0.7909454505793977,1,prime
2026-06-21,0.08372909804168588,0.1263690109490064,0,prime
2026-06-21,-0.8318342471356177,0.8908896882349089,0,subprime
2026-06-21,0.642669392845767,0.7986485634510984,1,prime
2026-06-21,0.1852126954926422,0.8913507135205667,1,prime
2026-06-21,1.4182207879033262,0.5731177904830961,0,prime
2026-06-21,1.0222629940410255,0.527845710471798,1,prime
2026-06-21,0.6100452961577785,0.6284417199458042,1,prime
2026-06-21,-1.5626457205534903,0.12832906679031608,1,subprime
2026-06-21,1.6233179045657236,0.5481571324742822,1,prime
2026-06-21,0.21649444359696646,0.8102529718862179,1,prime
2026-06-21,1.1180576752849558,0.38852334293411617,0,prime
2026-06-21,1.8746321166472946,1.0,1,prime
2026-06-21,0.5502831495010974,0.5977147173705617,0,subprime
2026-06-21,0.7126272168539143,0.11952128053742164,0,prime
2026-06-21,0.6030785691066162,0.0,0,subprime
2026-06-21,-1.2385390255086313,1.0,1,prime
2026-06-21,0.10607302934136909,0.33070831875546675,0,prime
2026-06-21,0.3004249448414533,0.3228336789546179,0,prime
2026-06-21,-0.2543682030782325,0.6040262443108447,1,prime
2026-06-21,0.13530018748634293,0.3483227891444011,1,prime
2026-06-21,1.1907408185827202,0.0,0,subprime
2026-06-21,0.0921219260036994,1.0,1,subprime
2026-06-21,2.6255061376717643,0.27021343611790927,0,prime
2026-06-21,-0.8638108593685179,0.5365366032221613,1,subprime
2026-06-21,1.3442202462448987,0.6319790049209825,1,subprime
2026-06-21,2.1182891899904637,0.28927095665030367,0,subprime
2026-06-21,-0.5784006659765062,0.8630372009497438,1,prime
2026-06-21,-3.0745285817398056,0.2615972327018474,1,prime
2026-06-21,2.233732830341771,0.6156939744223111,1,prime
2026-06-21,0.26458584007690045,0.4072286281413614,0,prime
2026-06-21,0.2793735352826501,0.34900559549905946,0,subprime
2026-06-21,1.273889874302598,0.5244791251828399,0,subprime
2026-06-21,1.8891578854350126,0.9515094141057717,1,prime
2026-06-21,2.0988378212541354,0.4371010701413688,1,prime
2026-06-21,1.5856639604551959,0.9498694910801955,1,subprime
2026-06-21,-0.08917892695139595,0.8348140100250527,1,subprime
2026-06-21,0.013454732470851771,0.006157200916353245,0,prime
2026-06-21,0.07696792799245356,0.5537890445960105,1,prime
2026-06-21,0.2524808544603294,0.7508224018671525,1,subprime
2026-06-21,0.27876424206586903,0.6643623581324377,1,prime
2026-06-21,0.36531061168480505,0.7549905021288315,0,prime
2026-06-21,1.39589932601596,0.6081610643235542,0,prime
2026-06-21,0.2308590095780547,0.2585923831453722,0,subprime
2026-06-21,-0.50446025556262,0.17697488960162822,0,prime
2026-06-21,-0.25132416768699706,0.8679135028395626,1,subprime
2026-06-21,0.22105600094665437,0.7143222951439292,0,subprime
2026-06-21,-1.513188776614731,0.2753157267379317,0,subprime
2026-06-21,0.187887042115567,0.5030287644592811,1,subprime
2026-06-21,0.17321179233973766,1.0,1,subprime
2026-06-21,1.3758868314281596,0.4170137059817961,0,prime
2026-06-21,0.6779398017506654,0.6757610382420929,1,subprime
2026-06-21,1.9429200015947616,0.23603649917391437,0,subprime
2026-06-21,-0.5824715985985001,0.9588076795070468,1,subprime
2026-06-21,1.277711111935068,0.25190336718302164,0,prime
2026-06-21,1.1576340166021297,0.6937697009215179,1,subprime
2026-06-21,1.1160031875751149,0.7762546143015348,0,subprime
2026-06-21,1.1882187333008893,0.0,0,prime
2026-06-21,1.3635539170779736,0.7168046036266673,1,prime
2026-06-21,0.3370427578585643,0.014922887970229837,0,subprime
2026-06-21,2.5084825510357307,0.6392192030058319,0,prime
2026-06-21,1.8094476057779942,0.4815535440492147,1,prime
2026-06-21,1.370017541298185,0.3495744477639362,1,prime
2026-06-21,1.973672633232604,0.13867491317477665,0,subprime
2026-06-21,0.9989191771652375,0.2919923661344639,1,prime
2026-06-21,-0.28732491387211456,0.17062323924566336,1,prime
2026-06-21,0.26624459127273525,0.6175077786340558,0,prime
2026-06-21,-0.24077927016465928,0.7666563117139077,0,subprime
2026-06-21,1.288953616605788,0.0,1,prime
2026-06-21,2.7477830432922827,0.6270638016046435,1,prime
2026-06-21,-0.07338863280219754,0.7290939716473309,1,prime
2026-06-21,0.71877817453163,0.5017343596930811,1,prime
2026-06-21,1.6448916163430591,1.0,0,prime
2026-06-21,0.4807134255568671,0.22203376061224775,0,subprime
2026-06-21,-0.507054933248811,0.44260609924095573,1,prime
2026-06-21,-0.9141632975603211,1.0,1,prime
2026-06-21,0.40111734342568317,0.8844950302759964,1,prime
2026-06-21,0.9019768262211445,0.9541838949975046,1,prime
2026-06-21,1.1572585124101789,0.36535118961564533,1,prime
2026-06-21,2.2973708023594375,0.35230479388313174,1,prime
2026-06-21,1.3645957278462424,0.0,0,prime
2026-06-21,1.477930837692848,0.5163501617017492,0,subprime
2026-06-21,-1.6553944940055334,0.4805957619720056,0,prime
2026-06-21,-1.5433933352687899,0.5958728361496087,1,prime
2026-06-21,0.5017812398570535,0.7050175684610623,1,prime
2026-06-21,1.4625901468450677,0.24031832391731017,1,subprime
2026-06-21,0.1831083504473528,0.0,0,prime
2026-06-21,-0.8097771605643544,0.7493250541338627,1,prime
2026-06-21,-0.3500565833698196,1.0,1,prime
2026-06-21,-0.9811249834366296,0.6305016889516726,0,subprime
2026-06-21,0.17782442130259668,0.37201270989833995,1,prime
2026-06-21,0.3791787726220681,0.7843813648370569,1,prime
2026-06-21,0.08107416162422004,0.5887195879765111,0,subprime
2026-06-21,0.2799568204962456,0.0691121932385576,0,subprime
2026-06-21,0.44171149535904,0.558034698427008,0,prime
2026-06-21,0.8113481218523027,1.0,1,prime
2026-06-21,-0.12758959295341654,0.5724361293093769,1,subprime
2026-06-21,-1.1107470469461407,0.8276918413428734,0,prime
2026-06-21,1.6986303938462348,0.9179522313905191,1,prime
2026-06-21,-0.9163933717776871,0.9372156955006711,0,prime
2026-06-21,0.210073711765019,0.656291416674904,1,subprime
2026-06-21,-1.0934694763091752,0.8216039816069001,1,prime
2026-06-21,0.05721957966374325,0.16167574359290277,0,subprime
2026-06-21,0.4754166270848571,0.4492178689537225,1,subprime
2026-06-21,0.09744188438915463,0.4064614894054145,1,prime
2026-06-21,1.0391132455591037,0.2629816726650658,1,prime
2026-06-21,1.4045516911392881,0.2615196660652163,0,subprime
2026-06-21,-0.7057185851831351,0.7663930295736496,1,prime
2026-06-21,-1.016708453960843,1.0,1,prime
2026-06-21,1.0567530630673105,0.7606975237779364,0,prime
2026-06-21,1.2480542288107173,0.8087550951686149,1,prime
2026-06-21,1.4144940343304833,0.590233804927776,0,prime
2026-06-21,0.4258088348167324,0.22003281382216383,0,prime
2026-06-21,1.239663616242228,0.1119699076058944,0,prime
2026-06-21,0.593279242436127,0.14280542587799824,0,prime
2026-06-21,0.007663023572337835,0.7468139692394988,1,prime
2026-06-21,-1.1652158918831708,0.6932814244668046,0,subprime
2026-06-21,0.36060602689412696,0.7152891676471195,1,subprime
2026-06-21,-0.1507465138267462,0.4691148897587558,1,prime
2026-06-21,2.4236951492618095,1.0,1,prime
2026-06-21,0.1762646539697807,0.7677640460857393,1,subprime
2026-06-21,-0.11558255164038533,0.026942003240164714,0,subprime
2026-06-21,1.6583563368917802,0.9260655405257001,1,subprime
2026-06-21,1.0625707277328684,0.2860954147468592,1,prime
2026-06-21,-0.47030890451113705,0.108269054881865,1,subprime
2026-06-21,-0.8335585202626856,0.6007244810900465,1,subprime
2026-06-21,1.742682069655395,0.35775829328473313,0,prime
2026-06-21,1.894455556230485,0.7546290245099706,0,prime
2026-06-21,0.44302499244848537,0.5824917146848453,1,prime
2026-06-21,0.6250376533667242,0.04142936091150334,0,subprime
2026-06-21,1.0851116370392395,0.18921438368273652,1,subprime
2026-06-21,0.5228641195826864,0.6056985385322443,1,subprime
2026-06-21,0.515890027088239,0.867004200801013,1,prime
2026-06-21,0.5426120241089051,0.0,1,subprime
2026-06-21,1.7096396986088396,0.9122007048457063,1,subprime
2026-06-21,2.3121092847988947,0.3157886359996277,1,prime
2026-06-21,1.8426554918173395,0.4645414357920875,0,prime
2026-06-21,-1.3819043889475977,0.8181782710395835,0,prime
2026-06-21,-2.0097684220604046,1.0,1,prime
2026-06-21,1.4439536057169642,0.2518605093656408,1,prime
2026-06-21,2.4017794458742774,0.22528717092868833,1,prime
2026-06-21,-1.5831874882665165,0.6900045776768969,0,prime
2026-06-21,0.04336230814951869,0.381504029740028,0,subprime
2026-06-21,-0.8797565348884941,0.2414785345171221,0,subprime
2026-06-21,-0.07841062176277125,1.0,1,prime
2026-06-21,0.6248892792293814,0.12232470765591874,1,subprime
2026-06-21,-0.602091755698279,0.0,1,prime
2026-06-21,-1.5445449625665888,0.556767498290668,0,prime
2026-06-21,-0.7088616301587594,0.0,0,prime
2026-06-21,0.750353518344383,0.4470948905937051,0,prime
2026-06-21,0.19693557918483884,0.20248068408348457,0,prime
2026-06-21,-0.2987814808646525,0.8852321947669075,0,prime
2026-06-21,0.9462565067798482,0.8797486668863158,0,prime
2026-06-21,1.554962842004641,0.14771515179137296,1,prime
2026-06-21,0.8503638447982058,0.5922290277008486,0,prime
2026-06-21,-0.6428563721616414,0.6633491895537191,0,prime
2026-06-21,2.4712032959465136,0.20137795282979518,0,subprime
2026-06-21,-0.2702837583749955,0.3831884793589526,0,prime
2026-06-21,-0.17657584937161785,1.0,1,subprime
2026-06-21,1.7076845923088482,0.934219626772215,0,prime
2026-06-21,-4.007663935234884e-05,0.4732715147803732,1,prime
2026-06-21,0.3178788738309266,0.970939588554308,1,prime
2026-06-21,1.8563206809682953,0.23026448249052628,0,subprime
2026-06-21,1.7288585720410306,0.1962472040255698,0,prime
2026-06-21,-2.0448386104139136,0.4696915675687481,0,subprime
2026-06-21,0.9874264773970158,0.5021297889713241,0,subprime
2026-06-21,-0.7636703702995362,0.3914443893861388,1,subprime
2026-06-21,-1.2258326931948544,0.25846978001715143,1,prime
2026-06-21,1.9247834878400787,0.709207753824906,1,prime
2026-06-21,0.40334854581775714,0.6718432093344506,1,subprime
2026-06-21,0.04719947324872137,0.6575595419747383,1,prime
2026-06-21,0.638622121743383,0.42430751065507255,0,prime
2026-06-21,-0.08589361379964189,0.057201556580835256,1,prime
2026-06-21,1.3315353426322991,0.3966458051938914,0,prime
2026-06-21,0.29467296848409463,1.0,1,prime
2026-06-21,2.7833398702301544,0.7935716871714288,1,prime
2026-06-21,0.18434169596050903,0.44565287870919423,0,prime
2026-06-21,2.685424294858299,0.7644658080467632,0,prime
2026-06-21,-0.1687068207409259,1.0,1,subprime
2026-06-21,0.3254992371504826,1.0,1,subprime
2026-06-21,2.4115277906820194,0.0,0,prime
2026-06-21,-0.06678697392356248,0.22384229391258553,0,subprime
2026-06-21,1.6157355429959488,0.0,0,prime
2026-06-21,1.0359774115187457,0.5981914343192549,1,subprime
2026-06-21,-0.800147719521821,0.5173513720411582,1,prime
2026-06-21,-0.6899268870392266,0.3648724705503926,0,prime
2026-06-21,0.7462942066844116,0.9436550885900564,1,prime
2026-06-21,0.32339535561229793,0.617226385317831,0,subprime
2026-06-21,-0.29016387088711226,0.5840049537155086,0,subprime
2026-06-21,1.1206616426409426,0.3828664078920954,1,prime
2026-06-21,0.36586200857992557,0.0,0,prime
2026-06-21,0.964872725677134,0.5418138059239216,0,prime
2026-06-21,0.45955166954760185,0.7411345537104037,1,subprime
2026-06-21,1.013429255342005,1.0,1,subprime
2026-06-21,1.0490551706165392,0.21423556237345198,1,prime
2026-06-21,1.321249064015581,0.5206381152019645,0,subprime
2026-06-21,-0.16820129685453244,0.3459480520049101,0,prime
2026-06-21,0.6377720903004666,0.5371600868354334,0,prime
2026-06-21,-0.1347265703205457,0.5179421872756579,0,prime
2026-06-21,-1.0408281937870993,0.48262085524652776,1,prime
2026-06-21,-1.1378518719114759,0.036926817234755605,0,prime
2026-06-21,1.5000046222694314,0.5689388231401222,1,subprime
2026-06-21,0.996672616201101,0.5126334198800766,0,prime
2026-06-21,0.2352197844064359,0.590910046186631,1,prime
2026-06-21,0.19697046329687762,0.5763518437074029,0,subprime
2026-06-21,0.924688666632282,0.352175629585674,0,prime
2026-06-21,0.7586618111989163,0.2941541865900683,1,prime
2026-06-21,-0.2594959586544806,0.17450628750138664,1,prime
2026-06-21,-0.026691753135285656,0.9785297310381857,1,prime
2026-06-21,0.735323673310938,0.6161542358854979,0,prime
2026-06-21,0.6029545457076615,0.7420312894770492,1,prime
2026-06-21,-0.04944596038377208,0.0,0,subprime
2026-06-21,-0.17109723162895496,0.35305426477982726,0,subprime
2026-06-21,0.9884927377555632,0.6123168302010251,0,subprime
2026-06-21,2.430238405223078,0.548443371012371,1,subprime
2026-06-21,0.8551281455977268,0.613219381319281,1,subprime
2026-06-21,0.43011416924754614,0.8293162056236116,1,subprime
2026-06-21,-0.01483082841735478,0.7911761853348964,1,prime
2026-06-21,-1.4151584396331967,0.2297250227022698,0,subprime
2026-06-21,1.6815421616592565,0.5122267953453795,0,prime
2026-06-21,-0.8485399711237924,0.3519955606708404,0,subprime
2026-06-21,-0.7197244038849815,0.2759119641534485,1,prime
2026-06-21,-0.09012359354725497,0.4563952272238682,1,prime
2026-06-21,-0.9512359310273066,0.18105440293864397,0,prime
2026-06-21,0.3658314703126861,0.3025607230758983,0,prime
2026-06-21,-0.24821991770219098,0.7448887226814984,1,subprime
2026-06-21,0.8882148340599123,0.36479760434774516,1,prime
2026-06-21,1.9523024421173967,0.8943106259848279,1,prime
2026-06-21,0.6974476660445039,0.5855582996091475,1,subprime
2026-06-21,0.15974314383869787,0.33704601468070544,0,prime
2026-06-21,0.6443677676712999,0.6627410665757122,1,prime
2026-06-21,2.0738626488191025,0.23880016602838894,0,subprime
2026-06-21,0.9071971211434326,0.3560259103335038,1,prime
2026-06-21,1.3216099814130189,0.25960292228644305,0,prime
2026-06-21,-0.11725084160702082,0.33846231954589445,0,prime
2026-06-21,2.2044626906348324,0.8492656940105647,1,subprime
2026-06-21,-0.46877848541658074,0.7957749902743972,1,prime
2026-06-21,0.9525119562977333,0.46157658025105086,1,prime
2026-06-21,0.10998825609468471,0.5926582849628312,1,subprime
2026-06-21,1.7148805214225284,0.5087508016224596,1,prime
2026-06-21,1.5080817546340854,0.46995145985477105,0,prime
2026-06-21,-0.29959470024717216,1.0,1,subprime
2026-06-21,-0.47463676916666464,0.4101643856074445,0,prime
2026-06-21,2.851799762885215,0.7872870940697023,1,subprime
2026-06-22,0.35793402983252964,0.5156617270125445,0,subprime
2026-06-22,1.1659759705928707,0.9608912301989336,1,subprime
2026-06-22,1.2109406804471168,0.5870268104285759,1,prime
2026-06-22,1.5654149693656783,0.15744561970542845,0,subprime
2026-06-22,2.228621608322669,0.06180318045870503,0,prime
2026-06-22,1.4112565588661392,0.1803672410482359,0,prime
2026-06-22,0.8424431137311597,0.6640022634837914,1,prime
2026-06-22,1.447416309323782,0.47474438679540837,0,subprime
2026-06-22,0.9424943937746526,0.4171547784128049,0,prime
2026-06-22,-1.8076490860895644,0.43179767958898846,0,subprime
2026-06-22,0.5804961019522412,0.9484860055506843,1,prime
2026-06-22,-0.03296870404212204,1.0,1,subprime
2026-06-22,0.49201000475620776,0.7109960722305939,0,prime
2026-06-22,-2.220821295778899,0.10303006264965084,0,prime
2026-06-22,-0.6666859465151036,0.4765792011559018,1,prime
2026-06-22,2.0864597190110756,0.6440827364337287,1,prime
2026-06-22,-0.1734761137813986,0.3264110282240034,0,prime
2026-06-22,0.9764797238212128,0.687678593270187,0,prime
2026-06-22,0.1755117330035803,0.4586023008038717,0,prime
2026-06-22,1.8145809945522862,0.3116435720175024,1,prime
2026-06-22,0.4468396232463496,0.6353170315256962,1,prime
2026-06-22,1.2007213116432103,0.43461311480884957,1,subprime
2026-06-22,-0.2732129633944166,0.6816638421563314,1,prime
2026-06-22,-0.9574250612064839,0.49496005814851995,1,prime
2026-06-22,2.000478878018428,0.2953630975957818,1,prime
2026-06-22,0.6653092446242549,0.8877945391109824,1,prime
2026-06-22,1.1130291035144857,0.6578024862230752,1,prime
2026-06-22,1.2571538045015882,0.9770758785994071,1,subprime
2026-06-22,0.8843836512663438,0.5999896975918022,0,prime
2026-06-22,1.6091999119153098,0.13280299260180403,0,subprime
2026-06-22,1.396110027065407,0.2864188401115125,1,prime
2026-06-22,-0.17677243036241364,0.24505828109439393,1,prime
2026-06-22,1.0039503698306662,0.0012757524236217122,0,subprime
2026-06-22,0.7450130966473821,0.5787243323478666,1,prime
2026-06-22,0.4179591362130793,0.0,0,subprime
2026-06-22,-0.2158112511877338,0.7595945196511704,0,prime
2026-06-22,-0.14669980260825843,0.7625263097223964,1,prime
2026-06-22,0.5718093279361095,0.0,0,subprime
2026-06-22,0.7136605970738801,0.7790401137262388,1,prime
2026-06-22,-0.8466994202436127,0.3246729873221674,1,prime
2026-06-22,0.7837693914871374,0.5474809361012366,1,prime
2026-06-22,-0.5586678247925101,0.0,0,prime
2026-06-22,-0.09974894290283232,0.4522248176817121,0,subprime
2026-06-22,0.47965411489668275,0.27465569023137226,0,prime
2026-06-22,0.6629844813222405,0.5810996951678209,1,subprime
2026-06-22,0.5519904278486446,0.17111992301357323,0,subprime
2026-06-22,0.9745342461103252,0.7460694162787274,0,subprime
2026-06-22,-0.10232492597871123,0.02847367238426063,0,subprime
2026-06-22,0.6232809866352047,0.08847763563057304,0,prime
2026-06-22,0.3110088622915079,0.9603520722008938,1,prime
2026-06-22,-0.933228931801112,0.5821281937568192,1,prime
2026-06-22,1.1249401012147486,0.537143497378849,1,subprime
2026-06-22,0.272525295444638,1.0,1,subprime
2026-06-22,0.8320366251861605,0.0671071582457825,0,subprime
2026-06-22,-0.32110530361931433,0.6831416840386331,1,prime
2026-06-22,1.5582231771071606,0.32820644446979563,0,prime
2026-06-22,2.0938647960643326,0.2636460165454747,0,prime
2026-06-22,1.660730224615983,0.8191988691807999,1,prime
2026-06-22,1.3042079551788273,0.0,0,prime
2026-06-22,-0.5628716559776819,0.18714057263754905,0,prime
2026-06-22,0.7941114773707119,0.20598141448583257,0,prime
2026-06-22,-1.5474494385016202,0.1882015138336839,0,prime
2026-06-22,-0.036206191783689334,0.5944671523145733,0,subprime
2026-06-22,0.8980292400235862,0.044590337914936606,0,subprime
2026-06-22,1.3333929125879338,0.24214806243021836,1,prime
2026-06-22,0.43752468501568653,0.7882036736713769,1,prime
2026-06-22,1.217887673293573,0.9798266512450979,1,prime
2026-06-22,0.1281207682198191,1.0,1,subprime
2026-06-22,0.2853075241218613,0.6950287060261581,1,prime
2026-06-22,2.127081714193242,0.0,0,subprime
2026-06-22,0.800844438180608,0.3246653395923989,0,prime
2026-06-22,0.9920596499998606,0.7073349008985462,0,prime
2026-06-22,-0.2175802294829814,0.6625963200595275,1,prime
2026-06-22,0.21858394261886288,0.3719116156401458,0,subprime
2026-06-22,-0.049308879164217,0.46100309180891463,1,prime
2026-06-22,1.2145234284602726,0.0,0,prime
2026-06-22,-0.10420638569385388,0.2846282676257242,0,subprime
2026-06-22,0.15006080301955144,0.7662167128668416,0,subprime
2026-06-22,-0.09154087665376531,0.7737977807983603,1,prime
2026-06-22,-2.034705663527459,0.8205775121675027,1,subprime
2026-06-22,0.9609682680511675,0.9929862255712946,0,prime
2026-06-22,0.9268890053968537,0.5312254708214486,1,subprime
2026-06-22,0.13243673223732993,0.720629376277618,1,prime
2026-06-22,0.9512880409274782,0.7199100505040676,0,subprime
2026-06-22,1.0147954865059896,0.21373849218965257,0,prime
2026-06-22,-1.46538598765893,1.0,1,subprime
2026-06-22,-0.5199464123477576,0.040358210435722464,0,prime
2026-06-22,0.672453664162938,0.7594398460196983,1,prime
2026-06-22,-0.5946716539159806,0.6019218615076821,1,prime
2026-06-22,0.35421444953546244,0.606758577233808,0,prime
2026-06-22,1.538836614959662,0.42216534069136524,1,prime
2026-06-22,0.21792348351505814,0.21198633321155508,1,subprime
2026-06-22,-1.0761298088881497,0.36244802489938444,0,prime
2026-06-22,0.02049330743897937,0.27208971172897656,0,prime
2026-06-22,0.8314207644986584,1.0,1,prime
2026-06-22,0.45694325455352947,0.3730459321344087,0,prime
2026-06-22,-0.7312211254825618,0.757122493539357,1,prime
2026-06-22,1.4439065821754231,0.08846057186428402,0,prime
2026-06-22,0.637307045189825,0.5049675774533796,0,prime
2026-06-22,1.8113321731572172,0.887668991938388,0,prime
2026-06-22,1.8563549264166075,0.36322956661185746,1,prime
2026-06-22,0.5476231591477771,0.7241159135153902,1,subprime
2026-06-22,-0.4169867998777551,0.0,0,subprime
2026-06-22,-2.6426271257931293,0.0,0,prime
2026-06-22,-0.5224088003712707,0.8057265556057984,1,prime
2026-06-22,-0.11940379195666495,0.7666661020708105,0,prime
2026-06-22,1.3322419078168228,0.44113942991730765,0,prime
2026-06-22,0.1116622625742818,0.5697219954477111,0,prime
2026-06-22,0.8371187339908868,1.0,1,prime
2026-06-22,0.5307159627289321,0.6688126816651894,1,prime
2026-06-22,0.4230635930920671,0.6738375852450343,1,prime
2026-06-22,1.1275090872321814,0.6374384265715332,0,prime
2026-06-22,0.4395419411567697,0.22940862561870365,0,prime
2026-06-22,1.6823038303864786,0.144858554940461,0,prime
2026-06-22,1.9929270522724623,0.33838762853378107,1,prime
2026-06-22,-0.4392552850188388,0.23617405573923925,0,prime
2026-06-22,1.2253334984743163,0.3168492271009242,1,prime
2026-06-22,1.1001049964829206,0.6155076988607752,1,prime
2026-06-22,1.3149587591860805,0.8266187406746502,1,prime
2026-06-22,1.6006939900612287,1.0,1,prime
2026-06-22,0.18034598260262213,1.0,1,prime
2026-06-22,-0.10994412544409993,1.0,1,prime
2026-06-22,1.4418522658023654,0.09939960619111399,1,prime
2026-06-22,-0.47118012193435344,0.0,0,subprime
2026-06-22,0.5903456238938237,0.2961888283803945,0,prime
2026-06-22,-2.549056981656011,0.44893772437753354,0,prime
2026-06-22,1.0060792274129104,0.6723714296370749,1,subprime
2026-06-22,-0.7021817633402307,0.3788142529927951,1,prime
2026-06-22,1.0258022203686403,0.5210380623820954,0,subprime
2026-06-22,0.13385997576643116,0.7943482408597384,1,prime
2026-06-22,-0.5821536189191494,0.4558492914153961,0,prime
2026-06-22,0.4737316659575018,0.34707380182276776,1,prime
2026-06-22,0.02651716578776936,0.5616884041478916,1,subprime
2026-06-22,-0.573975220126355,0.9483290701184502,1,prime
2026-06-22,-0.423903108115416,1.0,1,prime
2026-06-22,0.11808888602874723,1.0,1,prime
2026-06-22,-0.7343349999116915,0.06050008062066836,0,subprime
2026-06-22,0.605929336854614,0.49662535856499757,1,prime
2026-06-22,1.6331844101398736,0.5762784883118163,1,subprime
2026-06-22,-1.0634364527613236,0.1963239480168522,1,prime
2026-06-22,1.1088109852037453,0.6224450482320164,1,subprime
2026-06-22,0.25707617720462705,0.355963560404578,0,prime
2026-06-22,-0.693649695719095,0.2946352576216699,0,prime
2026-06-22,1.593558370886659,0.10144745888832002,0,prime
2026-06-22,0.46872580589665397,0.4433964952471813,1,prime
2026-06-22,0.6118723976723716,0.8975048113525521,1,subprime
2026-06-22,1.2442807186324791,0.7479719286706235,1,prime
2026-06-22,-0.13547737651053382,0.14120532596817403,1,subprime
2026-06-22,1.5203660089209392,0.2832792908777506,0,subprime
2026-06-22,3.7240252019553397,0.7370710574895846,1,subprime
2026-06-22,0.33944365212337263,0.6548159725440545,1,prime
2026-06-22,0.9744339791525961,0.1344213832781981,0,prime
2026-06-22,0.9295407695353388,0.0,0,prime
2026-06-22,-0.6671047305394533,0.8628767015269712,1,prime
2026-06-22,-1.0150904942306453,0.10651673739532475,0,prime
2026-06-22,1.1139752922653134,0.9087761293410097,1,prime
2026-06-22,1.1017172729259694,0.3026891505438028,0,prime
2026-06-22,-2.96600109350502,1.0,1,subprime
2026-06-22,0.27512837911400645,0.15677033884807856,1,prime
2026-06-22,0.5093382896821045,0.47491247970976636,1,prime
2026-06-22,0.6108644067523255,0.2693542619963668,1,subprime
2026-06-22,-0.838977708430666,0.1552580154251833,0,prime
2026-06-22,0.38023946710192374,0.8364436925718611,0,prime
2026-06-22,0.16287869495962243,0.23613828912290652,0,prime
2026-06-22,-1.487900058234675,0.0,0,subprime
2026-06-22,0.6813272478203793,0.29095677418348476,0,prime
2026-06-22,2.5537316187525936,0.3047683142933009,0,prime
2026-06-22,0.11029592903087893,1.0,1,subprime
2026-06-22,0.03189014942990914,0.4040982847570611,0,prime
2026-06-22,-0.5546566744949564,0.27770621649950133,0,prime
2026-06-22,0.8861439171806686,0.6388752171393666,0,subprime
2026-06-22,0.26365413597269227,0.9668399705557986,1,subprime
2026-06-22,0.6253615102792676,0.6526251224411872,0,prime
2026-06-22,1.5589999903689844,0.2904306107889703,0,prime
2026-06-22,-0.07580775679408347,1.0,1,prime
2026-06-22,0.14078741027628305,1.0,0,subprime
2026-06-22,-0.7426221162810827,1.0,1,prime
2026-06-22,-0.9680026875217953,0.8315701735881522,1,prime
2026-06-22,1.2332730125369045,0.8426564163130466,1,subprime
2026-06-22,1.319172931929995,0.4282919193881209,1,subprime
2026-06-22,0.48495272485699553,0.8527494995399861,0,prime
2026-06-22,-0.942220395400754,0.22561418174165518,0,prime
2026-06-22,0.657652357498459,0.45572445103224735,0,prime
2026-06-22,1.4271849382653645,0.4034293249901529,0,subprime
2026-06-22,-1.0216632029489436,0.34257027615580793,1,prime
2026-06-22,2.0802563854406646,0.3579340801160912,0,subprime
2026-06-22,-0.8606013682297742,0.8804588287728011,1,prime
2026-06-22,0.534263067156055,1.0,1,prime
2026-06-22,-0.9478512650953614,0.7219672216536199,1,subprime
2026-06-22,1.1663478243600436,0.0,0,prime
2026-06-22,1.4503187384766556,0.0811324658580781,1,prime
2026-06-22,-0.1736608666546997,0.815737643368189,1,prime
2026-06-22,-1.4076097216454027,0.0,0,subprime
2026-06-22,-0.16603169612110125,0.2226352849331254,0,prime
2026-06-22,-0.8547248294243495,0.6042140518004351,1,prime
2026-06-22,-1.3929065521561446,1.0,1,subprime
2026-06-22,0.6104954088653551,0.28745571847674856,0,subprime
2026-06-22,2.1869789559779083,0.7588375138334753,0,prime
2026-06-22,1.479649787313672,0.8291101186658135,0,prime
2026-06-22,-1.910740248407683,0.4130221096819573,1,subprime
2026-06-22,0.5615877642873387,0.23996137687121083,1,subprime
2026-06-22,0.028041664240187447,0.11447765201188165,0,prime
2026-06-22,1.2483791883765294,0.04026800512480688,0,prime
2026-06-22,-0.08258364540567142,0.7933105335343142,1,subprime
2026-06-22,1.8638029530003857,0.2611048776894713,0,prime
2026-06-22,0.5822117468727948,0.4214034794442088,0,prime
2026-06-22,1.1023106312312185,0.09037477060095389,1,subprime
2026-06-22,0.4198411494727284,0.3972883431830144,0,prime
2026-06-22,0.12817089375191315,0.0,0,prime
2026-06-22,-0.6402025501076198,0.5137226155219314,1,prime
2026-06-22,0.26264521839272204,0.7847240147566866,1,prime
2026-06-22,0.4880177976911485,0.14318401870818465,1,prime
2026-06-22,1.3547221857667715,0.9113046223249438,0,prime
2026-06-22,0.527970101223059,0.4874488588813576,0,prime
2026-06-22,0.31387921323171863,0.5328164513075878,1,prime
2026-06-22,-0.5337910815235849,0.0,0,subprime
2026-06-22,1.727483373587582,0.5491433731035145,1,prime
2026-06-22,2.505635598672378,0.5320616049031305,1,prime
2026-06-22,-0.7319263864843564,0.30404279819520585,0,subprime
2026-06-22,-0.00932301597648666,0.45576703253070927,1,prime
2026-06-22,1.2936409050795699,0.6223575599390427,1,prime
2026-06-22,0.8892116577289699,0.14310802387510665,0,prime
2026-06-22,1.4642431915318381,0.0,0,prime
2026-06-22,1.7604260723777716,0.08829152989104688,0,prime
2026-06-22,-0.22831056145670303,1.0,1,prime
2026-06-22,0.01898132574494965,0.661191331001649,1,prime
2026-06-22,1.1709622116392753,0.9104965564573706,1,subprime
2026-06-22,-0.8835064544525706,0.8321397974452168,1,prime
2026-06-22,1.1213996392148435,0.627372582743968,1,prime
2026-06-22,1.2859334974829864,0.27960378213000436,1,prime
2026-06-22,-0.6104282957286782,0.3692174176533362,1,subprime
2026-06-22,0.670488871642446,0.27578302765230117,1,prime
2026-06-22,1.8792766138813384,0.5205229320024616,1,prime
2026-06-22,1.377794777821963,0.03196657562768296,0,prime
2026-06-22,-0.9761806808911857,0.6568031415958913,1,subprime
2026-06-22,0.1986187231156737,0.49461182917502966,0,prime
2026-06-22,0.2378438998163019,0.1698996244369178,0,prime
2026-06-22,1.1703893799636773,0.7952056460004964,1,prime
2026-06-22,-0.7026853026254891,0.40532985282334866,0,prime
2026-06-22,1.0228146615161342,1.0,1,subprime
2026-06-22,0.5511362957443375,0.0,0,prime
2026-06-22,0.3577696260602644,0.5948937502270867,1,subprime
2026-06-22,0.13976069337621816,0.7319415039113066,1,subprime
2026-06-22,1.9991469098875019,0.3386954198127378,0,subprime
2026-06-22,0.41411322930307637,1.0,1,prime
2026-06-22,0.1653703048295051,0.4524837981345352,0,prime
2026-06-22,-1.05329449302181,0.0740260251599229,0,prime
2026-06-22,-0.3756846791590859,0.45898743129596953,0,subprime
2026-06-22,2.475035248125726,0.34936493413257036,1,prime
2026-06-22,1.2839011808572844,0.2505584380882797,1,prime
2026-06-22,0.7956773674420718,0.7419635890196232,1,subprime
2026-06-22,0.17086731196601695,0.24352421290424978,0,prime
2026-06-22,1.1574020690782238,0.7864381635936273,1,prime
2026-06-22,-0.614016691682963,0.35311159869421294,0,prime
2026-06-22,0.04629771646178571,0.34181103585870176,0,prime
2026-06-22,1.2136083241436153,0.6803707343556631,1,prime
2026-06-22,2.238960114867968,1.0,1,prime
2026-06-22,-0.21356253405123515,0.35959287437860316,1,subprime
2026-06-22,1.2462121156259656,0.6612876568077183,1,prime
2026-06-22,-0.2348453073109723,0.7966097535585407,0,prime
2026-06-22,1.4004922100262853,0.4180568283094939,0,prime
2026-06-22,1.9939878302580802,0.8147118791702511,1,subprime
2026-06-22,-0.7626805786670381,1.0,1,subprime
2026-06-22,0.1382059755170688,1.0,1,subprime
2026-06-22,0.44830401406210596,0.2930547715620827,0,prime
2026-06-22,-0.14345252936818675,0.5206596101925092,1,prime
2026-06-22,-0.9794190057797547,0.2257430850361697,0,subprime
2026-06-22,0.5971945820345678,0.4807345030288379,0,prime
2026-06-22,0.506919441022929,0.4704010505924105,1,prime
2026-06-22,-0.2616440211442067,0.7359240573778353,0,prime
2026-06-22,2.6316311897767157,0.6592233738102227,1,prime
2026-06-22,-0.40541233810186905,0.6578977077517703,0,prime
2026-06-22,0.3227227608347435,0.7521375921944298,0,subprime
2026-06-22,0.39252754552293867,0.538947521530514,1,prime
2026-06-22,-0.09509402632272912,0.3615968874564423,1,prime
2026-06-22,1.5842136953020511,0.2691931200044989,0,subprime
2026-06-22,1.9138037827921988,0.46421339697997205,1,subprime
2026-06-22,3.3154767143092365,0.7396676977518403,1,prime
2026-06-22,0.45441827304991383,0.6755095263838314,1,prime
2026-06-22,0.4362271286529165,0.26113011473968256,0,prime
2026-06-22,0.254205943599503,0.21697210725712965,0,prime
2026-06-22,0.9013663145809552,1.0,1,prime
2026-06-22,-1.2014425677926055,0.7879480188574178,1,prime
2026-06-22,0.06079422297374981,0.8035741189455414,0,prime
2026-06-22,0.3048928225139196,0.2399653750735939,0,subprime
2026-06-22,-1.2872929580206653,0.6486402655656942,0,prime
2026-06-22,2.60424198549748,0.32575647021220144,0,prime
2026-06-22,-0.6354277963980897,0.8868349960523099,1,prime
2026-06-22,-0.9997590163327381,0.5225206387897054,0,prime
2026-06-22,0.5175201942366752,0.5145484144912575,0,prime
2026-06-22,0.9705678696639786,0.49551621468384127,1,subprime
2026-06-22,-0.1267322553293181,0.4604029120299244,0,prime
2026-06-22,-1.53082586836247,0.8582308977713926,0,subprime
2026-06-22,-0.2666933545772049,0.0,0,prime
2026-06-22,0.7494432633237043,0.0,0,prime
2026-06-22,-0.7833148472432814,0.0,0,prime
2026-06-22,0.0925339573201443,0.7701830888994465,0,prime
2026-06-22,-0.6454893826192496,0.2636291262994018,0,prime
2026-06-22,1.4506870512714205,0.5097765648399069,1,prime
2026-06-22,1.704572685396366,0.15893486798295572,0,subprime
2026-06-22,0.733904201292803,1.0,1,prime
2026-06-22,1.9667967486591202,0.5421060947623486,0,subprime
2026-06-22,-0.9172745258326485,0.3782736455709379,1,prime
2026-06-22,-0.6992965153785262,0.6503545898714795,0,prime
2026-06-22,2.4743738904591366,0.0013462539042754518,0,prime
2026-06-22,0.9556519665907645,0.48988157392488796,1,prime
2026-06-22,1.0436476630376152,0.20832560675152018,0,prime
2026-06-22,0.48980576664577463,0.9634020347310815,1,prime
2026-06-22,0.49269841644339496,0.6531009240797063,1,prime
2026-06-22,-0.266509784284918,0.0,0,prime
2026-06-22,-0.4627571930147917,0.33306895618030985,0,prime
2026-06-22,-0.514435039915143,0.0,0,subprime
2026-06-22,-0.7616957313713657,0.2601098569450036,1,subprime
2026-06-22,1.2268701316154844,0.61279954496688,0,subprime
2026-06-22,0.6940862392294023,0.30075634313701316,0,prime
2026-06-22,-0.3050103673244663,0.6066572916087433,1,prime
2026-06-22,1.1510314534490564,0.09712336317218384,0,subprime
2026-06-22,1.28722561611424,0.6284014499028637,0,prime
2026-06-22,0.9094899044329018,0.13192083897316287,1,prime
2026-06-22,1.2934644846257606,0.6784320013195126,0,prime
2026-06-22,0.6309430866180762,0.5725365079707389,0,prime
2026-06-22,-0.37484565554989835,0.3510223259471417,1,subprime
2026-06-22,0.9855365805390455,0.6155597803109617,1,prime
2026-06-22,-1.7738682323125143,0.43593341851058076,0,subprime
2026-06-22,0.276951757729999,0.33470548608521766,0,subprime
2026-06-22,0.49704957370026864,0.4279837653002062,0,subprime
2026-06-22,0.8637511966537466,0.8283297826668201,0,subprime
2026-06-22,2.691653247793697,0.4264112491729016,1,subprime
2026-06-22,2.8846014930034554,0.7004734944655491,0,prime
2026-06-22,0.5954545926001594,0.6129995171107184,1,subprime
2026-06-22,-0.9257272803809129,0.3977592167320245,0,subprime
2026-06-22,1.0906108102795051,0.3261952663706465,0,subprime
2026-06-22,0.08071696496487635,0.233664337095071,1,prime
2026-06-22,0.04058432025822323,0.2778629982778285,1,prime
2026-06-22,-0.4200383853415278,0.13448661514641036,1,prime
2026-06-22,-0.07775164153710046,0.5284162332367711,1,prime
2026-06-22,1.453649890146398,0.9590772047324498,1,prime
2026-06-22,1.2572221353087256,0.0,0,subprime
2026-06-22,-0.43648269622095437,1.0,1,subprime
2026-06-22,2.9784240759524785,0.9958020744693098,0,prime
2026-06-22,0.8517952334361811,0.49191500469809657,1,prime
2026-06-22,1.456021253156964,0.4465984278473542,1,prime
2026-06-22,0.7456850288129806,0.6035443927075872,0,prime
2026-06-22,1.2309775786008226,0.7657677541852943,1,prime
2026-06-22,-0.42347301175805885,0.22531268249439268,1,subprime
2026-06-22,1.5942374820505918,1.0,1,prime
2026-06-22,-0.0852306564637677,0.380958017909402,1,subprime
2026-06-22,-0.80751482772548,0.46386287307469587,0,prime
2026-06-22,1.5128300548207223,0.0,0,prime
2026-06-22,0.7542639517473414,0.0,1,prime
2026-06-22,0.4656288598023803,0.642548969583727,0,subprime
2026-06-22,0.2549139416228423,0.0,0,prime
2026-06-22,-0.07245425050714727,1.0,0,prime
2026-06-22,0.3624681902186826,0.38065238282801256,1,prime
2026-06-22,1.6638529780429465,0.2247818487217385,1,prime
2026-06-22,1.3288609540338885,0.4514271565236628,0,prime
2026-06-22,1.1101155438601744,0.05324867000287914,1,subprime
2026-06-22,0.5961816650205455,0.7093398726607447,0,subprime
2026-06-22,1.2589118145351432,0.47635546389001926,1,subprime
2026-06-22,-0.04094998570208308,0.22867276875108827,0,prime
2026-06-22,0.37422698842062424,0.5524424547613931,0,subprime
2026-06-22,2.629022471670408,0.9029943143641702,1,prime
2026-06-22,-0.9227761517568267,0.9143187731141768,1,prime
2026-06-22,-1.9222960171059893,0.17248968140642523,1,prime
2026-06-22,-0.7376369669690057,0.2524988379717367,0,subprime
2026-06-22,0.19902836585588068,0.9803544688858137,1,prime
2026-06-22,-1.2434662892101422,0.2870320002019979,0,prime
2026-06-22,1.2189416680917071,0.9452028789326989,1,subprime
2026-06-22,-0.7525163489713591,1.0,1,prime
2026-06-22,0.8308763735349685,0.26070987548908686,0,subprime
2026-06-22,1.3548988013517889,0.48598698804856966,1,prime
2026-06-22,-0.9292139531785486,0.0,0,prime
2026-06-22,0.7158707328882155,0.6523344729616154,1,prime
2026-06-22,1.6031029772854146,0.7119913113432449,1,subprime
2026-06-22,0.8859239456760926,0.6728333940240738,1,subprime
2026-06-22,0.6431736817669773,0.010857234740949517,0,subprime
2026-06-22,-0.22748522007395,1.0,1,subprime
2026-06-22,-0.5131070956438074,0.8307331422566493,1,prime
2026-06-22,0.34927675870018926,0.4219392832211981,0,prime
2026-06-22,-0.4907444731669308,0.2830184293272825,0,prime
2026-06-22,-0.14266068176461089,0.0,0,prime
2026-06-22,0.5975320204439136,0.833376726785478,1,subprime
2026-06-22,0.6616247290043795,0.27470071341243635,0,subprime
2026-06-22,-0.3420855017244472,0.3845597916310354,0,prime
2026-06-22,0.06605967963660686,0.20232803872580385,0,subprime
2026-06-22,1.570177272907222,0.0,0,subprime
2026-06-22,1.2488880659869368,0.0,0,prime
2026-06-22,0.5018950168490655,0.32576459019595444,0,prime
2026-06-22,1.2102622417411153,0.18108074829257348,1,subprime
2026-06-22,1.86286108992065,0.8918521226173182,1,subprime
2026-06-22,-0.22392913499762301,0.7382985210668367,1,prime
2026-06-22,0.38537744309439065,0.5010708974921084,1,prime
2026-06-22,0.17265279949504653,1.0,1,prime
2026-06-22,-1.6395320150053125,0.7813597058264207,1,subprime
2026-06-22,-0.5140079901605112,0.26865555685509723,0,subprime
2026-06-22,0.2210376434848903,0.7601126630079448,0,prime
2026-06-22,0.7330611400320384,0.5503188726410903,1,prime
2026-06-22,-0.17308025904483426,1.0,1,subprime
2026-06-22,1.7622322158175496,0.4887281343585726,1,prime
2026-06-22,0.9032550638823078,0.590197394808699,0,prime
2026-06-23,-0.4977084318472606,0.2186764435510967,0,prime
2026-06-23,-1.0290135250921832,0.36881100170891434,1,prime
2026-06-23,0.9716767186444071,1.0,1,prime
2026-06-23,1.8448597636043058,0.9732630305507652,1,prime
2026-06-23,-0.5666561077656138,0.41472972363934674,1,prime
2026-06-23,2.2056552891945147,0.8296373599531075,0,prime
2026-06-23,0.07042809939099282,1.0,1,prime
2026-06-23,0.43488568032906794,0.33559970565007236,0,prime
2026-06-23,3.924392642553978,0.4061329653568239,0,prime
2026-06-23,1.3475526571265866,0.5395697460157455,1,prime
2026-06-23,-0.19710823600520738,0.7044559020896483,1,subprime
2026-06-23,1.6332892082426245,0.27496369641923374,0,prime
2026-06-23,0.8804509298043106,0.6529250715321933,1,subprime
2026-06-23,0.5294031185379009,0.31257125938310115,0,prime
2026-06-23,1.1815889511778324,0.0,0,subprime
2026-06-23,-0.9919151213489454,0.1452400238477911,1,prime
2026-06-23,-1.4704335045973103,1.0,1,prime
2026-06-23,1.4224379891958199,0.2984995607992245,1,subprime
2026-06-23,1.0010524661809215,0.7380037931585592,1,prime
2026-06-23,1.817168398203374,0.6737459058647053,1,prime
2026-06-23,0.3363633186077821,0.4327594723020055,1,subprime
2026-06-23,0.6166862670209687,0.009543680933521093,0,prime
2026-06-23,0.21755693588077551,0.6406626613552695,0,subprime
2026-06-23,0.7324804376685249,0.31724068576821557,0,prime
2026-06-23,2.0948730241339,0.6288875479886473,1,prime
2026-06-23,-0.7482377790116628,0.35933814127935365,0,prime
2026-06-23,0.44553298347763226,0.6164352672781838,1,prime
2026-06-23,0.7937118787732682,0.6116263610776278,0,prime
2026-06-23,0.7317693130957458,0.44099514068838186,1,prime
2026-06-23,2.632520920839137,0.3357012541258588,0,prime
2026-06-23,0.5830356108992311,0.16748580456344297,0,prime
2026-06-23,0.3573963771189962,1.0,1,subprime
2026-06-23,0.22891950305258946,0.0,0,subprime
2026-06-23,-0.2296737474551856,0.40533467938702117,1,prime
2026-06-23,0.1872009426125918,0.3483805714964862,0,prime
2026-06-23,0.7626099416429024,0.8701853849676937,0,subprime
2026-06-23,-1.3625457543578918,0.8042826834528645,0,prime
2026-06-23,0.9181405794122228,0.26469100623268643,0,prime
2026-06-23,-0.478093284200058,0.8293829180575784,0,prime
2026-06-23,0.8453357941980613,0.0,0,prime
2026-06-23,1.5876882351636135,0.8714512449868744,1,prime
2026-06-23,0.40944685037924594,0.0,0,prime
2026-06-23,-0.40742991604918805,0.15274141099670885,0,prime
2026-06-23,-0.9134423985377085,0.21019364851507705,0,prime
2026-06-23,1.3153136519728093,0.1359891078061697,0,subprime
2026-06-23,0.8219768863778706,0.27898023432957736,1,prime
2026-06-23,1.2413788039892817,0.958649177546357,1,prime
2026-06-23,0.6499423303804359,0.45970109235928747,0,prime
2026-06-23,-1.0770347011325334,0.2189563344996708,0,prime
2026-06-23,-0.6970712909222319,0.0,0,prime
2026-06-23,1.3921786082618726,0.8569127309858968,1,prime
2026-06-23,1.1165767772349702,0.0,0,prime
2026-06-23,0.2857846225698798,0.8205125534967349,1,prime
2026-06-23,1.248369505204236,0.1842248580352115,1,prime
2026-06-23,0.9452693478453605,0.4644585727001064,0,prime
2026-06-23,1.6042430465291193,0.2945660133668748,0,prime
2026-06-23,-0.7900615146903498,0.9724184772634368,1,prime
2026-06-23,1.263639531052642,0.17851428772363734,0,prime
2026-06-23,1.762327456248173,0.19647067994678094,0,prime
2026-06-23,0.1107868183132169,0.2621960204062589,0,prime
2026-06-23,0.8258424786159159,1.0,1,prime
2026-06-23,2.240025994984751,1.0,0,prime
2026-06-23,1.32612330404145,0.1601836456784411,0,prime
2026-06-23,-0.8303476739706239,0.2598618605187689,0,subprime
2026-06-23,1.2582775208965253,0.9295078841048512,1,subprime
2026-06-23,-0.13980079550762597,0.9252830618652619,1,prime
2026-06-23,1.9292670993746777,0.4106273325036377,0,prime
2026-06-23,-1.7315641733828733,0.8469873916736662,1,subprime
2026-06-23,-0.5595053979211841,0.40875924122756985,0,prime
2026-06-23,-0.21749449914171087,0.3562528021144042,0,prime
2026-06-23,0.833511206952366,0.7006814044459515,1,prime
2026-06-23,0.9870932733802669,0.4591116449920024,0,subprime
2026-06-23,0.6937253417353686,0.12026569364109563,0,prime
2026-06-23,-0.786948863457841,0.0,0,prime
2026-06-23,0.9504532251842741,0.0,0,prime
2026-06-23,1.2951555916257564,0.6277093868077293,1,prime
2026-06-23,-0.6798965123080127,0.5274176429228845,1,prime
2026-06-23,-0.10878695419285395,0.6699175175408947,1,subprime
2026-06-23,-0.2875591109159737,0.6998536918226309,1,prime
2026-06-23,0.6788112111594456,0.6346761939865436,0,subprime
2026-06-23,1.9881206775603746,0.16877959875821144,0,subprime
2026-06-23,-0.8762980609205873,0.30484446402723925,1,prime
2026-06-23,1.030721857497892,0.27293472814965347,0,prime
2026-06-23,0.016823906201542727,0.0550118224507804,0,prime
2026-06-23,0.48681884193715413,1.0,1,prime
2026-06-23,0.18400005046926243,0.7270731813609933,1,subprime
2026-06-23,0.96982934357592,0.0,0,prime
2026-06-23,0.37650680052755353,0.504183510628357,1,prime
2026-06-23,1.9252109714891419,0.07118831042999879,0,prime
2026-06-23,0.5069544934999796,0.19878894208523634,1,prime
2026-06-23,0.542630264123774,0.2362905154442365,0,prime
2026-06-23,1.282947573105694,1.0,1,prime
2026-06-23,0.6302751859225455,0.8808652190484751,0,subprime
2026-06-23,-0.23512417059564,0.5146536936639561,1,prime
2026-06-23,1.4329575477892538,0.8125922176592697,1,prime
2026-06-23,0.7415177820179203,0.5765378655164284,0,subprime
2026-06-23,0.040872177956765066,0.14820872544845923,0,prime
2026-06-23,0.15767259177641835,0.2039780331754823,0,subprime
2026-06-23,-0.13316976398617336,0.0,0,prime
2026-06-23,0.5642015914345767,0.5907363512368305,1,prime
2026-06-23,0.24528013628857018,0.2923819443948811,1,subprime
2026-06-23,2.530634709502393,1.0,1,subprime
2026-06-23,1.8352322078329466,0.9053887117833929,1,prime
2026-06-23,1.0717268724975226,0.0,0,prime
2026-06-23,0.01833156290357374,0.3461109114181279,1,prime
2026-06-23,0.3472778689475239,0.12309936876788893,0,prime
2026-06-23,1.4233948427228251,0.0,0,subprime
2026-06-23,0.06995006601426806,1.0,1,subprime
2026-06-23,1.3719496749653772,0.0430749622589045,0,prime
2026-06-23,-0.42298368067606157,0.1472583331015392,0,prime
2026-06-23,0.515031167667021,0.7664263645158524,0,prime
2026-06-23,0.2778879017277492,0.6515542685056533,1,subprime
2026-06-23,0.8984878195485124,0.0,0,prime
2026-06-23,2.1601942135089134,0.7811129704861273,1,prime
2026-06-23,0.6185684107505497,0.7151429386043668,0,subprime
2026-06-23,1.0682007581136295,0.6292952195299137,0,subprime
2026-06-23,-0.2589399041977756,0.8598762560809682,1,subprime
2026-06-23,0.7342876663501439,0.7803325027887428,1,prime
2026-06-23,0.198296610953818,0.34722060534475274,0,subprime
2026-06-23,0.43172593258262953,1.0,1,prime
2026-06-23,-1.3401217861619414,0.6806743624282219,0,prime
2026-06-23,1.329294845514296,0.477770284005379,1,prime
2026-06-23,0.3512681097569258,0.5287050425144098,1,subprime
2026-06-23,0.40496691993765566,0.5074081769276604,0,subprime
2026-06-23,3.123667989681418,0.6951647444067718,0,prime
2026-06-23,1.459342512018458,0.5612253276010294,0,subprime
2026-06-23,1.2056019994604092,0.17795872299908574,0,prime
2026-06-23,1.2971624971818563,0.5855417853697504,0,prime
2026-06-23,-0.3254333539559811,0.34406617886134044,0,subprime
2026-06-23,0.31975133203832934,0.0,0,prime
2026-06-23,-0.063271746608419,0.907911014026956,1,prime
2026-06-23,2.7537893439979038,0.5704641474710515,1,prime
2026-06-23,0.14854811670378526,0.0,1,prime
2026-06-23,-0.8984995895549697,0.341088210997348,0,prime
2026-06-23,1.096603784122962,0.03083680127381777,0,prime
2026-06-23,-0.477608934374036,0.0,0,prime
2026-06-23,0.3410434530082701,0.10578197542581819,0,prime
2026-06-23,-0.8486105609865617,0.4712100131062037,0,subprime
2026-06-23,1.0154509002208152,0.7615717704685413,1,subprime
2026-06-23,1.3162500718900088,0.39855831432419064,1,subprime
2026-06-23,-0.8007708393149706,0.036438647730037466,0,prime
2026-06-23,-0.028481222473891676,0.20327136952623423,0,prime
2026-06-23,0.5306798654470248,0.13930627263685078,0,prime
2026-06-23,1.6621186190803843,0.35305093683206273,0,prime
2026-06-23,2.297050849029326,0.1718788467023738,1,prime
2026-06-23,1.1570925667745315,0.30151744834531097,1,prime
2026-06-23,0.43929299387647086,0.6618782037543858,1,prime
2026-06-23,1.122800873990041,0.4384948634036248,0,prime
2026-06-23,0.37044410085467067,0.9321100889049025,1,prime
2026-06-23,1.434117418666163,0.058420256668670956,0,prime
2026-06-23,-1.8375779075943515,0.4806817269369894,1,subprime
2026-06-23,2.7773226941518705,0.154058881682404,1,subprime
2026-06-23,1.232076693035546,0.6166057846188226,1,prime
2026-06-23,-0.01704960497175806,0.4718137790128085,0,prime
2026-06-23,0.926512569851043,0.39469397221522257,0,prime
2026-06-23,-0.0857710988167984,1.0,0,subprime
2026-06-23,0.2883167986093754,1.0,1,prime
2026-06-23,-0.7311840408984853,0.9662490874928776,1,prime
2026-06-23,0.4258288403301399,0.2520728436206502,0,prime
2026-06-23,0.3262191436622124,0.7139931261732428,1,prime
2026-06-23,1.0521280546187,0.893739248113594,0,subprime
2026-06-23,0.6273794016851748,0.5923378726398143,1,prime
2026-06-23,-1.1734787440626493,0.48042475338707685,0,prime
2026-06-23,1.2073700034188053,0.3256165297413462,0,prime
2026-06-23,-0.2346067104641189,0.4976697561331675,1,subprime
2026-06-23,-0.5935843803987306,0.4094558249752819,0,prime
2026-06-23,-0.4502940944114571,0.5620810919203068,0,prime
2026-06-23,-0.4482699970536372,0.27510286397518663,1,prime
2026-06-23,0.2616770130973376,0.8017532913861988,1,subprime
2026-06-23,0.6584082158912892,0.5153910482632662,1,subprime
2026-06-23,-0.0917572967973091,1.0,1,prime
2026-06-23,-1.5465209684425287,0.195689163691196,0,prime
2026-06-23,0.4594682921692587,0.03069532225410737,0,subprime
2026-06-23,0.615246353975708,0.19714573343717925,0,prime
2026-06-23,0.15924743388069845,0.2865736136430961,0,subprime
2026-06-23,-0.5107040782619614,0.14188952429735616,0,prime
2026-06-23,3.216080239445005,0.2623862857554664,0,subprime
2026-06-23,0.2643548403959113,0.6710755852680352,0,prime
2026-06-23,0.8387759145302376,0.27314357482763485,0,prime
2026-06-23,0.9070443148883633,0.8238970985800538,1,prime
2026-06-23,-0.3753515333833402,1.0,1,prime
2026-06-23,-0.5396029618490015,0.8495552668120183,1,prime
2026-06-23,-0.2823750874212199,0.0,0,prime
2026-06-23,-0.2072028576938864,0.42896175125099506,1,prime
2026-06-23,0.5733716108354264,0.9274059788081344,1,subprime
2026-06-23,0.5668451332831705,0.0,0,prime
2026-06-23,-0.848515185621808,0.9015728536446481,1,prime
2026-06-23,0.9895547038952233,1.0,1,prime
2026-06-23,2.653266958029241,0.0,0,subprime
2026-06-23,0.736748770134583,0.44748511126668966,0,prime
2026-06-23,1.244303512909661,0.15508667363546133,0,prime
2026-06-23,-2.3048918308514614,0.3785242616763206,1,subprime
2026-06-23,1.2635727142978495,0.4831612196830838,1,subprime
2026-06-23,1.7658336763301856,0.44805020344000096,0,prime
2026-06-23,0.4204491232254576,0.1896866122310506,1,subprime
2026-06-23,-0.04205152988206423,1.0,1,prime
2026-06-23,1.2806049887245572,1.0,1,subprime
2026-06-23,1.020772756138655,0.3771135040094793,1,prime
2026-06-23,-0.7263946449516048,0.5607176265701984,1,prime
2026-06-23,0.3042450320245184,0.0,0,subprime
2026-06-23,-0.833498824154767,0.7096816653326031,1,prime
2026-06-23,0.5307525729473002,0.719923490253795,0,subprime
2026-06-23,-1.4546566868546262,0.6799900786392564,0,prime
2026-06-23,0.5212538314662314,0.3575071682377609,1,prime
2026-06-23,2.0270316427285726,0.6070116689452747,1,prime
2026-06-23,0.660140777482805,0.0,0,prime
2026-06-23,2.4860280173704847,0.3329852496361193,1,prime
2026-06-23,-0.16995843627025992,0.0,0,prime
2026-06-23,1.6870293967043626,0.7676882438478518,1,subprime
2026-06-23,0.07611801936133261,0.020092155555843316,1,subprime
2026-06-23,-0.6163093551961858,0.3232057325403253,1,prime
2026-06-23,-0.9022859797397786,0.0265734784143426,0,prime
2026-06-23,0.41700570199071385,0.5430118410457087,0,prime
2026-06-23,0.6681511020218516,0.4702282604671439,1,prime
2026-06-23,0.5702261990697625,0.6032143772625016,0,prime
2026-06-23,1.8478486708606272,0.35270952180996784,1,subprime
2026-06-23,0.9047081018814798,0.8447519906311538,1,subprime
2026-06-23,-0.2857093613118619,0.22142273171651766,0,prime
2026-06-23,0.7700550480501742,0.7059212637329657,0,prime
2026-06-23,1.0702171881296518,0.560437881005531,1,subprime
2026-06-23,1.5949307558750212,0.743560673855785,0,subprime
2026-06-23,-0.3206582409311319,1.0,1,subprime
2026-06-23,-0.0012497054237420313,0.6820234543456071,1,prime
2026-06-23,0.1561858781874677,1.0,1,prime
2026-06-23,0.28602265563178747,1.0,1,prime
2026-06-23,0.5192423696645498,0.0,0,subprime
2026-06-23,0.7443814992221753,0.6125431402299433,1,prime
2026-06-23,0.8789738882130598,0.4820264541244931,1,prime
2026-06-23,-0.27485223144577603,0.8633366585629493,1,prime
2026-06-23,1.7519442305425592,0.45028379938365537,0,subprime
2026-06-23,1.439043707259753,0.6291064857496913,1,subprime
2026-06-23,-0.003795386772079412,1.0,1,subprime
2026-06-23,1.3752356646197628,0.04895002210797211,0,subprime
2026-06-23,-0.09647464511501597,0.5388364634738463,0,prime
2026-06-23,1.102996253298357,0.09561879993745576,0,prime
2026-06-23,0.740632207820977,0.1711894444405404,0,subprime
2026-06-23,1.3833662547146302,0.0,0,prime
2026-06-23,-0.0787289502215382,0.7703508736913497,1,prime
2026-06-23,0.005209385633862196,0.7649832574501705,1,subprime
2026-06-23,2.0265897200929888,0.6727514958567129,1,prime
2026-06-23,0.44172106963849966,0.10165225830963098,0,prime
2026-06-23,-0.9639337641085479,0.900347946845761,1,prime
2026-06-23,-1.001649615798711,0.5938672304666521,1,prime
2026-06-23,-0.07933814791355992,0.7588308691342076,1,prime
2026-06-23,0.3738341485708898,1.0,1,subprime
2026-06-23,-0.5943379706526817,0.9011169779550179,1,prime
2026-06-23,0.1557799975098268,0.8643213404702597,1,prime
2026-06-23,0.9126766880608731,0.41807869089069744,0,prime
2026-06-23,1.23614851376965,0.4041821795169568,0,subprime
2026-06-23,1.2233439689413006,0.14063189901369033,1,prime
2026-06-23,1.662389639049484,0.21654991146283578,0,prime
2026-06-23,-0.22647899908738028,0.37481977542585093,0,subprime
2026-06-23,1.070578534371978,0.8295833046308001,1,prime
2026-06-23,0.8815761481373738,0.221175773025516,1,prime
2026-06-23,0.37091507350833386,0.7141451341939511,1,prime
2026-06-23,0.7980546587088602,1.0,1,prime
2026-06-23,-1.5290487955545815,0.8086309329874939,0,prime
2026-06-23,-0.18186400070272596,1.0,1,prime
2026-06-23,-1.138829162699588,0.12788399992693827,0,prime
2026-06-23,1.469178925173379,0.8335203929880618,1,prime
2026-06-23,0.4661333082925585,0.32436465209997634,0,prime
2026-06-23,-2.147351599001944,1.0,1,prime
2026-06-23,-0.3353580922612293,0.4293243375069258,0,prime
2026-06-23,1.2795690986512334,0.4596689687038853,1,subprime
2026-06-23,1.3542988172342787,0.7579096049153468,1,subprime
2026-06-23,0.1307736433776645,0.5957331850710673,1,prime
2026-06-23,-0.9461761398281252,0.6014680403940458,0,subprime
2026-06-23,-1.7965998811138244,0.32830553890806574,0,prime
2026-06-23,-0.08940485102441625,0.5496658563676027,0,prime
2026-06-23,0.7162494052772556,0.6770326279426853,0,prime
2026-06-23,1.9162928924672074,0.8793861000532825,0,prime
2026-06-23,2.3825155763498134,0.6600232960231533,1,prime
2026-06-23,-1.4406123210606692,0.0,0,subprime
2026-06-23,0.1152041584324337,0.22735111860405782,0,subprime
2026-06-23,0.6822815058574648,0.0,0,prime
2026-06-23,0.12457984027417823,0.21772238009194092,0,subprime
2026-06-23,1.0046278952723369,0.0,0,subprime
2026-06-23,-0.1643266308895977,0.6179007462233286,0,subprime
2026-06-23,0.14000658533882898,0.16147719414703374,0,prime
2026-06-23,0.8427480981631363,0.5962851878295351,1,subprime
2026-06-23,-0.8990981307073349,0.23354898577957994,0,prime
2026-06-23,2.6697585117455542,0.6795248309363222,1,subprime
2026-06-23,1.3042468247919263,0.5716551368696282,0,subprime
2026-06-23,0.4798268138344213,0.34308819783971395,0,subprime
2026-06-23,-0.3647449682092155,1.0,1,prime
2026-06-23,0.3572333200706792,1.0,1,prime
2026-06-23,0.4398975577659998,0.4072241865569506,1,prime
2026-06-23,0.8322590543888337,0.04162052494767332,1,prime
2026-06-23,1.6072720704643193,0.3704057526736188,0,subprime
2026-06-23,-0.8711340564453571,0.6311395248702605,0,prime
2026-06-23,0.5826493304518986,0.403749432734185,1,prime
2026-06-23,-0.9169073003219792,0.4126620850786073,1,subprime
2026-06-23,1.5142918310062756,0.0,0,prime
2026-06-23,0.7191792042505589,0.6160069477287802,1,prime
2026-06-23,1.3351609868967202,1.0,1,prime
2026-06-23,3.6238911906983473,0.8537946004238708,0,subprime
2026-06-23,-0.26120225427948046,0.8585810897120162,1,prime
2026-06-23,0.6859955480326724,0.7082918166186342,1,prime
2026-06-23,-0.08644410639902417,0.5850890402309776,1,prime
2026-06-23,0.7287695561975207,0.3705465762525971,0,prime
2026-06-23,-0.2787873062052056,0.3179826437942973,0,prime
2026-06-23,1.7096270859002147,0.7420769605839729,1,subprime
2026-06-23,1.1677961851276915,0.7937460098618949,1,prime
2026-06-23,1.9085040518402032,0.11760715975581304,1,prime
2026-06-23,1.6764572676367997,0.23740670939612962,0,subprime
2026-06-23,1.4288307070007964,0.23895217704421162,0,prime
2026-06-23,0.981354991803059,0.46558625206425097,1,prime
2026-06-23,0.1718105766867144,0.6039080432112303,0,subprime
2026-06-23,-0.3684522013393932,0.7729420343584591,1,prime
2026-06-23,1.533571755703954,0.5860456975129817,1,prime
2026-06-23,-1.5830551559363297,0.9985129213889088,0,prime
2026-06-23,-0.284171148245786,0.46724523220607583,1,prime
2026-06-23,0.09162591010850857,0.7019115635321813,0,subprime
2026-06-23,0.6858225260132187,0.9892319267800617,1,prime
2026-06-23,-0.13595150030347442,0.17320328151005004,1,prime
2026-06-23,-0.4913256924669977,1.0,1,subprime
2026-06-23,0.7059169145817656,0.0,0,prime
2026-06-23,0.7532415445630924,0.019369105270769515,0,subprime
2026-06-23,0.5304548854624218,0.8961976864001412,1,prime
2026-06-23,0.2667543800040548,0.25406376419397053,1,prime
2026-06-23,-1.9225631235352967,0.7995008526007471,1,prime
2026-06-23,0.6904365206752405,0.06557223172511695,0,prime
2026-06-23,2.564983257685336,0.8013124031583925,0,subprime
2026-06-23,-0.5859221911528198,0.9453612617812643,1,prime
2026-06-23,2.0457969785843795,0.8076504421149342,0,subprime
2026-06-23,0.022356870498871306,0.32398127618508504,0,prime
2026-06-23,1.4446660825150182,0.5975902030049325,1,prime
2026-06-23,1.8753880897966166,0.01820670224101434,0,prime
2026-06-23,0.5460213803959733,0.7766278159833433,0,subprime
2026-06-23,0.2707434746553051,0.40026110961631706,1,prime
2026-06-23,-0.48053891032556223,0.6945658226903195,1,prime
2026-06-23,0.7926023314781022,0.2575415903924065,0,prime
2026-06-23,0.7877931671128193,0.35466199633267687,1,prime
2026-06-23,1.3771927944693287,0.4734950410540245,1,prime
2026-06-23,-1.2328078010018189,0.11853034690952863,0,subprime
2026-06-23,-0.3726654420986462,0.7705697556072255,1,prime
2026-06-23,-0.5464776086947742,0.3763838007468066,0,prime
2026-06-23,2.2768380635762244,0.07275055896054772,0,prime
2026-06-23,0.9994557710059051,0.402345444385605,1,prime
2026-06-23,0.5032342177458085,0.23469994706156855,1,prime
2026-06-23,0.3464078384846698,0.7702772312336974,1,subprime
2026-06-23,0.21870291974438555,0.5491871405272313,1,prime
2026-06-23,2.0089300420685374,0.38681142866969587,0,prime
2026-06-23,-1.336413846987182,0.4626255276504466,0,subprime
2026-06-23,1.0350493418674074,0.2598106323176674,1,subprime
2026-06-23,0.44537305250227543,0.5393328149607506,1,prime
2026-06-23,1.8812920636132862,0.472738625933686,1,prime
2026-06-23,0.7676531817718654,0.5518268568983205,0,prime
2026-06-23,0.8786312829117152,0.1416096902982705,0,prime
2026-06-23,0.1434423916368136,0.23173333833231807,1,prime
2026-06-23,-0.7199153559597053,0.2764999564150927,0,prime
2026-06-23,0.7161007041962231,0.41751641687820173,1,prime
2026-06-23,1.5597215354405645,0.5315342373885685,1,prime
2026-06-23,0.48377257651545763,0.2867771055673813,0,prime
2026-06-23,1.6476628525423387,0.3624679058396492,0,prime
2026-06-23,2.746514539440808,0.9175225823917559,1,prime
2026-06-23,1.1712970792720183,0.9373961244335782,0,subprime
2026-06-23,1.148084480818434,0.8799439822138175,0,prime
2026-06-23,1.4194893637361934,0.6194784329434382,1,prime
2026-06-23,0.3480711342138784,0.0,1,prime
2026-06-23,0.178780685936616,0.8184566311002075,1,prime
2026-06-23,0.08996907531128123,0.1413253438866943,0,prime
2026-06-23,0.23758796455198106,0.554441365449907,1,prime
2026-06-23,-0.12332525773038655,0.23616201717826152,0,prime
2026-06-23,0.7119461695594658,0.449438372735009,1,prime
2026-06-23,1.9918858446064114,0.6929284877589529,1,subprime
2026-06-23,-1.005419171437307,0.1981652570504324,0,prime
2026-06-23,-0.33191101521067085,0.7176739308206012,1,subprime
2026-06-23,-0.1586529178556682,0.5867914856509016,1,subprime
2026-06-23,2.3421597538269032,0.46796088620794857,0,prime
2026-06-23,-0.871671809402357,0.26875526592039506,1,prime
2026-06-23,1.232420078553184,0.4640580355574624,0,prime
2026-06-23,-2.9559067043173806,0.5416073832999524,0,prime
2026-06-23,0.060593770832502114,0.8191391966080881,0,subprime
2026-06-23,0.5595711101563825,1.0,1,prime
2026-06-23,0.7004973121589453,0.06928772442358255,0,subprime
2026-06-23,1.5996689000892774,0.9579434110819283,1,prime
2026-06-23,-0.06410764614984782,0.4507640981839798,0,subprime
2026-06-23,0.10163790926206667,0.9690715033751813,1,prime
2026-06-23,0.4109675777744031,0.3149251520442355,1,subprime
2026-06-23,1.1660316168508202,0.0969497696805599,1,subprime
2026-06-23,1.3264203552102982,0.24056406296255559,0,subprime
2026-06-23,0.8850682064809203,0.19814223693808358,0,prime
2026-06-23,0.21736840806286167,0.462553463753066,0,prime
2026-06-23,1.887728741437283,0.6012271502138978,1,prime
2026-06-23,-0.1463396853303291,0.2864436729363827,0,prime
2026-06-23,-1.2252976976204983,0.4468696891801302,0,prime
2026-06-23,-1.2902396543614065,0.7798096774265395,0,subprime
2026-06-23,0.14381523984606343,0.8977643501522016,1,prime
2026-06-23,-0.49247639364296586,0.4634718830182065,1,subprime
2026-06-23,-0.12594780041069747,0.641850133262351,1,prime
2026-06-23,0.680641750619096,0.29853614306443377,0,prime
2026-06-23,0.8666090123072963,0.9962822717943998,1,prime
2026-06-23,0.07470591528463644,0.9311925137046605,1,subprime
2026-06-23,1.7364192784482908,0.33320237658296875,0,prime
2026-06-23,3.1855097660479186,0.41633639695298785,0,prime
2026-06-23,0.9432721111592401,0.5026215697749064,1,prime
2026-06-23,1.044282858601605,0.32173781800206186,0,subprime
2026-06-23,1.0536218222303322,0.7678229635754514,0,prime
2026-06-23,1.1734257732015767,0.29719069711140034,0,subprime
2026-06-24,0.7693483491748114,0.9055772536941782,1,prime
2026-06-24,0.6491935685877446,0.7810780025306614,1,prime
2026-06-24,0.7007477358365997,0.7850152066551922,1,subprime
2026-06-24,-1.4012701493486572,0.5923732177370448,0,prime
2026-06-24,1.6143026379051264,0.45163357243444846,1,prime
2026-06-24,-0.10713329006454453,0.8603984379695891,1,subprime
2026-06-24,1.3827553645623796,0.7063795563011788,0,prime
2026-06-24,0.5612404159709016,0.45956678178901716,0,subprime
2026-06-24,1.7794669984643825,0.8104022381088588,1,prime
2026-06-24,-1.5475819610249277,0.022122563405448825,1,prime
2026-06-24,1.8357005911062934,0.4783124320016893,1,subprime
2026-06-24,-0.14751240653740227,0.7014228028065121,0,prime
2026-06-24,-0.07622143250394264,0.9309347611686456,1,prime
2026-06-24,-0.037973491995456854,0.6842780965657244,1,subprime
2026-06-24,-1.7819924941731222,0.5384047807253216,0,prime
2026-06-24,2.339062297285611,0.0,0,prime
2026-06-24,0.9766133134366672,0.4153761393063448,0,prime
2026-06-24,0.4270394596229053,0.4420191339692353,0,prime
2026-06-24,1.9757939751622429,0.9262527990386652,1,subprime
2026-06-24,0.9482389878621946,0.3103215465063267,1,prime
2026-06-24,0.2979714270023972,0.32127660388426293,0,prime
2026-06-24,1.0867138280583222,0.393725248012684,1,prime
2026-06-24,1.2031270139107815,0.18690020686691025,0,subprime
2026-06-24,1.1085930045948151,0.5114058942985906,0,subprime
2026-06-24,0.9817999576902876,0.45643942232566714,1,subprime
2026-06-24,-1.2295032945095286,0.45195061686172666,1,subprime
2026-06-24,0.4416403829834421,0.34252642294406943,1,prime
2026-06-24,1.1083998835808209,0.45664103652953025,1,subprime
2026-06-24,1.6276403117873164,0.804525856583614,1,prime
2026-06-24,0.4199009900714946,0.6984477437378142,0,prime
2026-06-24,0.3001725016643907,0.8210262577304146,1,subprime
2026-06-24,0.305355519858295,0.4072478288955178,0,prime
2026-06-24,-0.5172471614963999,0.9771246458516396,1,subprime
2026-06-24,0.9773481867408753,0.67169465197752,1,prime
2026-06-24,0.14349938272374618,0.019070439113063276,0,prime
2026-06-24,1.9648821210786251,1.0,1,prime
2026-06-24,0.3721820488163353,0.7276441498395397,1,subprime
2026-06-24,-0.25675726054244286,0.3895684558731174,0,prime
2026-06-24,2.8654156461159395,0.6752709326438777,0,subprime
2026-06-24,1.9213783214990388,0.5314439687379815,1,prime
2026-06-24,-1.4578122634183726,0.4891695076428268,1,prime
2026-06-24,0.5691889921483426,0.632599483146996,1,subprime
2026-06-24,-0.483561179253268,0.8724142544703517,1,prime
2026-06-24,0.48260249653954573,0.07078461851755746,0,prime
2026-06-24,-0.06539195014521515,0.14817147024890565,0,subprime
2026-06-24,0.9237464861210072,0.15602192430633313,0,subprime
2026-06-24,-0.3325246458506659,0.31347172713254445,0,prime
2026-06-24,-1.4460268125584914,0.9507612500615333,1,prime
2026-06-24,-0.1015339284106731,0.0,0,prime
2026-06-24,1.2465017750662284,0.5485494981162182,0,prime
2026-06-24,2.759409621842924,0.11616684468786853,1,prime
2026-06-24,0.823772093555059,0.7351820724794484,0,subprime
2026-06-24,0.8415859244059923,0.19628286797041603,0,prime
2026-06-24,0.029282505243158896,0.26088107886753087,0,prime
2026-06-24,-1.2653579268750303,0.18280929703093324,0,subprime
2026-06-24,-0.29609004402732253,0.716718635256617,1,prime
2026-06-24,1.321740754028817,0.44112571123477595,1,subprime
2026-06-24,-0.8011735446214129,0.9906110052144843,1,prime
2026-06-24,0.8212743764584036,0.31122324814495994,1,prime
2026-06-24,-0.15921556201688603,0.41276317753948333,1,subprime
2026-06-24,0.9797192592742088,0.25264702766230146,0,subprime
2026-06-24,-0.5701249405449084,0.8975455447533358,1,prime
2026-06-24,-0.4009237348275889,0.47522875551787847,0,prime
2026-06-24,-1.7908465064519832,1.0,1,prime
2026-06-24,0.5408486468900697,0.021702736380457943,0,prime
2026-06-24,1.264338024413731,0.6606638796776084,1,prime
2026-06-24,0.19680073018358718,0.4759993889820011,1,subprime
2026-06-24,-0.19987315883424706,0.2606288434023976,0,prime
2026-06-24,0.163939143053067,0.5931183900934907,0,prime
2026-06-24,-0.6577516272129585,0.7440673977761526,1,subprime
2026-06-24,0.06499330146406601,0.18827991143832173,0,prime
2026-06-24,1.3497986035646994,0.0,0,prime
2026-06-24,2.402546227973809,0.45475755670765844,0,prime
2026-06-24,-0.6436645616429947,0.559566539136291,1,prime
2026-06-24,0.7195999311949156,0.786756895786654,1,prime
2026-06-24,1.656265342795749,0.6390545311519904,1,prime
2026-06-24,-1.5605825170884353,0.22978273715729924,0,subprime
2026-06-24,-1.824624360280549,0.7093403233832102,1,prime
2026-06-24,2.5085857142182313,0.39833922681871786,0,prime
2026-06-24,0.7998143044305188,0.3413753040943282,0,subprime
2026-06-24,1.6752475725354046,0.28925500938107956,1,prime
2026-06-24,0.3990923039647469,0.8591599023932237,0,prime
2026-06-24,0.5446998070894654,0.5030755701860828,1,prime
2026-06-24,-0.9883020708355196,0.5595366578688866,0,prime
2026-06-24,1.1736827484538161,0.35405210649682856,0,subprime
2026-06-24,0.6254643498500769,0.8030239351070925,1,prime
2026-06-24,0.5501299875566034,0.0,1,subprime
2026-06-24,-0.5016192130841474,0.5741112476611017,0,prime
2026-06-24,-0.07304275600255183,0.5091923277467768,0,prime
2026-06-24,0.6880972396061223,0.8351511520807314,0,subprime
2026-06-24,0.763569472103295,0.625552156299058,0,prime
2026-06-24,0.4101348442352277,0.10642226229709201,0,subprime
2026-06-24,0.07366998391937624,1.0,1,prime
2026-06-24,-1.709093722320083,0.5866313204925723,0,prime
2026-06-24,-1.4917346617866012,0.4096739752960209,0,subprime
2026-06-24,2.0492977308418667,0.9564512599464733,1,prime
2026-06-24,2.0422719625799695,0.2043220886409895,0,prime
2026-06-24,1.610620733858081,0.6427867930332735,1,prime
2026-06-24,2.4378055069319897,0.037294460522860895,0,prime
2026-06-24,0.0034300632563090128,0.6318641102413773,1,prime
2026-06-24,2.0248514017506154,0.5822122405950401,1,subprime
2026-06-24,-0.2689780015324956,0.6088173021725658,0,prime
2026-06-24,1.4739497478108885,0.7589211114540588,0,subprime
2026-06-24,0.8195560067446892,0.8522701129148889,1,prime
2026-06-24,1.236230406508661,0.33819667997066527,0,prime
2026-06-24,-0.03430834374879432,0.7925888420471807,0,subprime
2026-06-24,0.37351917913781774,0.28235662859419985,0,prime
2026-06-24,-1.3018339399903973,0.5908436261893496,1,prime
2026-06-24,0.02063078001151747,0.0,0,subprime
2026-06-24,0.7672020673322473,0.0,1,subprime
2026-06-24,1.3479829483651486,0.19131210302400514,0,prime
2026-06-24,1.4790589183305722,0.5069578956446228,1,prime
2026-06-24,2.2016033953055043,0.5175415154226688,1,prime
2026-06-24,0.5463503653606153,0.11133203973739969,0,subprime
2026-06-24,-0.34562400434559826,0.039609569320442295,0,subprime
2026-06-24,0.6032849843409556,0.0,0,prime
2026-06-24,-0.9371451833584609,0.41908566279205395,1,prime
2026-06-24,0.9143426183800869,0.45478099345339684,1,subprime
2026-06-24,-0.034772411150387206,0.7704072891550283,1,prime
2026-06-24,1.1787508925349524,0.5638133590966964,0,prime
2026-06-24,-0.6067112408066723,0.42983959887150197,0,prime
2026-06-24,-0.7848125351842442,0.38828708985151406,0,prime
2026-06-24,0.16621866252742284,0.6166311916318472,0,prime
2026-06-24,-1.2809676916545172,0.0,0,subprime
2026-06-24,-0.4915698055584651,0.4852661952374905,0,subprime
2026-06-24,1.2442195022001852,0.4825489836258452,0,prime
2026-06-24,1.1060429921219976,0.4213013300218541,0,subprime
2026-06-24,1.6564334539162435,0.6142637593796115,1,subprime
2026-06-24,-0.5973492671437369,0.6954136237514983,0,subprime
2026-06-24,2.7849937617484484,0.8043032664882783,1,prime
2026-06-24,1.2978896055757734,0.2283018034320849,0,prime
2026-06-24,0.20598497701062668,0.7883369976693202,1,prime
2026-06-24,-0.093089233282457,0.6779890310617251,0,prime
2026-06-24,0.11225170168038229,0.7935461758261806,1,subprime
2026-06-24,-0.011692128293162907,0.1062381247000489,0,prime
2026-06-24,0.5640911352275689,0.729677102219064,0,prime
2026-06-24,-1.5620520276980168,0.26652235464921004,0,prime
2026-06-24,0.7986217711321701,0.6911541018665952,0,subprime
2026-06-24,2.839828315715836,0.5406833622638665,0,prime
2026-06-24,1.0336362043885527,0.24556109988619507,0,prime
2026-06-24,-0.8605074717157469,0.7758262345519229,0,prime
2026-06-24,0.6543210505700471,0.6203912390855064,0,prime
2026-06-24,1.7496294064442122,0.43619955581486225,0,subprime
2026-06-24,1.1517569211692047,0.17814691679041877,0,prime
2026-06-24,2.3624403136226557,0.2808775141897994,1,subprime
2026-06-24,1.1483450054574584,0.4986802203734606,1,prime
2026-06-24,1.5207007855229309,0.08216262221631121,1,subprime
2026-06-24,0.47351370730883857,1.0,1,prime
2026-06-24,-0.49695365308927275,0.554425043951872,1,prime
2026-06-24,-0.3968349197881811,0.2943085223044304,1,prime
2026-06-24,1.9275840199158973,0.10524363682277177,0,subprime
2026-06-24,0.3815144032000941,0.5218204726915431,0,prime
2026-06-24,2.525720010165994,0.04099918004738912,0,subprime
2026-06-24,0.43572057959335564,0.357021676398715,1,subprime
2026-06-24,-0.40555940413877667,0.5695945155810894,1,prime
2026-06-24,1.239381718733013,0.49444648137064556,0,prime
2026-06-24,0.17533920657410107,0.6300362070606123,1,prime
2026-06-24,1.9913127089282603,0.7790743938613891,1,prime
2026-06-24,0.41710898731670715,0.41449111962719437,1,subprime
2026-06-24,0.14817869908719233,0.4600519166987519,1,prime
2026-06-24,1.9220412530534148,0.4860364906206049,1,prime
2026-06-24,-0.7753876063711967,0.0,0,prime
2026-06-24,0.6468945037790004,0.09185688070125064,0,subprime
2026-06-24,-0.4737760487803656,0.9973852609123119,1,subprime
2026-06-24,-0.7636750781910074,0.47262196231658615,1,subprime
2026-06-24,0.30641423758534103,0.6896075171212576,1,prime
2026-06-24,0.6511422897007931,0.22449412008112288,0,prime
2026-06-24,-0.20851144062675986,0.6670064954345502,1,prime
2026-06-24,0.444375539565962,0.5820221522117481,1,prime
2026-06-24,1.0491574579136622,0.0,0,subprime
2026-06-24,0.30127309251351697,0.40160925342666953,0,subprime
2026-06-24,1.0988304148486936,0.31266965637252686,0,subprime
2026-06-24,0.5489020200890881,0.3796138675923742,1,prime
2026-06-24,1.5148561852481262,0.02171353844971874,0,prime
2026-06-24,0.1911308105197721,0.2692504966535237,0,prime
2026-06-24,-0.8290944989411831,0.06532751316283492,0,prime
2026-06-24,-0.2955819966684179,0.9396487215487358,1,prime
2026-06-24,0.9854887443929732,0.7994836263370146,0,subprime
2026-06-24,0.7227986119897407,0.3904314431979493,0,subprime
2026-06-24,-0.8833847338599191,0.7269593256889342,1,subprime
2026-06-24,2.4587571867649087,0.1522946226536484,0,subprime
2026-06-24,0.1472760658189658,1.0,1,prime
2026-06-24,1.9073643981189412,0.8770374211505458,1,prime
2026-06-24,1.9531434270834778,0.17390257441423673,0,prime
2026-06-24,-0.5820975091050312,0.35444976433064523,1,prime
2026-06-24,0.29257020164894904,0.5672614462986096,1,prime
2026-06-24,0.682799970211236,0.3659952494985807,0,prime
2026-06-24,-0.7428076738117323,0.9991716799380621,1,prime
2026-06-24,-0.6263226599024451,0.6133842340780163,1,subprime
2026-06-24,0.6524960042967342,0.5357608353902295,1,prime
2026-06-24,-0.5772898012382507,0.5686039894659056,1,prime
2026-06-24,-0.347489695999629,0.2766975392505929,0,prime
2026-06-24,2.766574910873341,0.5391114322472963,1,prime
2026-06-24,0.4343653107373017,0.47924409828048237,0,prime
2026-06-24,2.2375865602685816,0.43898131337089263,1,prime
2026-06-24,-0.7156239545648545,0.5442339006000575,1,subprime
2026-06-24,-0.8972761849261078,0.31095630818503434,0,prime
2026-06-24,-1.3914523062075959,0.8503347519078852,1,subprime
2026-06-24,0.5271683731673726,0.484474578116054,0,prime
2026-06-24,1.5848780863001228,0.6697292381731836,1,prime
2026-06-24,0.3044946821979412,1.0,1,subprime
2026-06-24,0.7886056989458745,0.42641815976394715,1,prime
2026-06-24,0.14387670047038414,0.0,1,subprime
2026-06-24,-0.142991555021604,0.4741218624416003,0,subprime
2026-06-24,0.38311655247565846,0.23374811242006005,0,prime
2026-06-24,0.6010209977757416,0.7464052751072106,1,prime
2026-06-24,0.9965869565859324,0.7265195630919975,1,prime
2026-06-24,1.035965735568126,0.15359985553717048,0,prime
2026-06-24,1.7207437099553413,0.296975525587797,0,subprime
2026-06-24,-0.45617439021798156,0.9645051579856101,1,subprime
2026-06-24,-0.8001029625589303,0.578440217120406,0,prime
2026-06-24,2.5806253983116694,0.9082223398871623,1,subprime
2026-06-24,0.39042403482076393,0.5603013787274678,1,prime
2026-06-24,0.09257209246604176,0.6401242325915647,1,prime
2026-06-24,1.332405783876938,0.7291374736577517,0,prime
2026-06-24,2.5560392217069428,0.47298271796873026,1,prime
2026-06-24,-0.1609662882306443,0.0,1,prime
2026-06-24,-0.1879650915432487,0.48321065945987873,1,prime
2026-06-24,1.207023296201187,0.9903816211644956,1,subprime
2026-06-24,0.12460282382048338,0.6784828948747946,1,prime
2026-06-24,1.0145984812107665,0.678063035327319,1,subprime
2026-06-24,0.05596756159292121,0.9490459355516899,0,prime
2026-06-24,0.7529950961890538,0.0,0,prime
2026-06-24,1.4439656659397002,0.2335440626417254,0,prime
2026-06-24,-0.31591614850494043,0.40390208156078966,1,subprime
2026-06-24,-0.10830556523168955,0.39808427601563295,0,subprime
2026-06-24,0.06557303829922279,0.0,0,prime
2026-06-24,0.27064722387452067,0.6644838611871402,1,prime
2026-06-24,-1.692448249727779,0.8538734298562395,1,prime
2026-06-24,-0.730510795225442,0.3096927151781186,1,prime
2026-06-24,-0.41374530731188475,0.4379702306259341,0,prime
2026-06-24,-0.47656485207169863,0.9573699995678759,1,prime
2026-06-24,0.4085768443651135,0.25618837756111756,1,prime
2026-06-24,1.618942599718343,0.26587736381184435,0,subprime
2026-06-24,1.5774246624496655,0.8594679041383617,1,prime
2026-06-24,0.8252313144101888,0.0,0,prime
2026-06-24,1.4560183012320917,0.3829909346666402,1,prime
2026-06-24,2.066889627890492,0.5544161930546094,1,subprime
2026-06-24,-0.23020222195461137,0.14644698298340184,0,prime
2026-06-24,1.207617672438579,0.5999857936203259,0,prime
2026-06-24,-0.8687265003232855,0.0,0,prime
2026-06-24,-0.33345824846152083,0.5589581524815787,1,prime
2026-06-24,1.5255852987268095,0.36993282116224896,1,prime
2026-06-24,0.11083562568718891,0.5956338930188836,1,prime
2026-06-24,-0.3281599259314214,0.5378260591368235,1,subprime
2026-06-24,0.935258621299556,0.9358703374579345,1,prime
2026-06-24,0.7621721209389419,0.22925836354936563,0,subprime
2026-06-24,0.45919742808866637,0.6537573202475235,1,prime
2026-06-24,1.2215595940981174,0.2990114020732056,0,prime
2026-06-24,1.197281810359923,0.7012257783459297,1,prime
2026-06-24,0.6985741991584146,0.47991628514112383,0,prime
2026-06-24,0.38167645454758276,0.8018133022260766,1,prime
2026-06-24,-0.5882654541559805,0.4697799215724713,0,prime
2026-06-24,-0.0367885828287462,0.5404405960922052,1,subprime
2026-06-24,-1.5746746868391996,0.49103131843826564,1,subprime
2026-06-24,0.5713945367540334,0.4353472377489842,1,subprime
2026-06-24,0.41794147497687895,0.7487961574148734,1,subprime
2026-06-24,0.38197187983692527,0.3945715253675568,0,prime
2026-06-24,0.24158081030281797,0.0,0,subprime
2026-06-24,0.5592228064859462,0.615246117584886,0,prime
2026-06-24,-0.5857243556455741,0.3494124320364573,0,prime
2026-06-24,1.0084983624118435,0.3811958101767656,1,subprime
2026-06-24,1.9923173770734466,0.4067992273306551,0,subprime
2026-06-24,0.8678594517140719,0.0,0,prime
2026-06-24,0.6625132588548693,0.8962307439320023,1,prime
2026-06-24,-1.5310080557806622,0.30418230195068624,1,prime
2026-06-24,0.8911258675580617,0.0,0,prime
2026-06-24,-0.12375948189239627,0.12254888671020486,0,prime
2026-06-24,-0.13449171291179451,1.0,1,prime
2026-06-24,1.0177877377651794,0.23901417275122783,0,prime
2026-06-24,-1.624359694742707,0.746021113462652,1,prime
2026-06-24,0.873279037947843,0.9094022722636619,1,prime
2026-06-24,-0.16272289215518543,0.0,0,prime
2026-06-24,1.1673741366588506,0.6753141815582209,0,prime
2026-06-24,0.6629060230452358,0.8332970510519702,1,prime
2026-06-24,1.1341380888232533,0.5540964330959942,0,prime
2026-06-24,2.5541774355838363,0.6510508945915056,1,subprime
2026-06-24,0.7283893676393137,0.8161146367301955,1,prime
2026-06-24,0.9079693769726567,0.7037574118285959,1,subprime
2026-06-24,1.4528169456648214,0.7447244016456418,1,subprime
2026-06-24,2.002618005872162,0.0,0,prime
2026-06-24,0.7718011036545325,0.372061508922077,0,subprime
2026-06-24,-0.1018127912949307,0.27303034958247907,1,subprime
2026-06-24,0.5302884466923049,0.20223431480761409,0,prime
2026-06-24,0.7339713986971553,1.0,1,prime
2026-06-24,1.2480054020444968,0.8611692549201541,1,prime
2026-06-24,-0.639292439340665,0.159388983697644,0,prime
2026-06-24,3.4433275218973254,0.25651059116232294,1,subprime
2026-06-24,2.0252248173404017,0.7041164330934397,1,prime
2026-06-24,1.9802838638643183,0.30261884765420627,1,subprime
2026-06-24,-1.064460399086523,0.0,0,subprime
2026-06-24,1.4948599243724625,0.901663814087014,1,subprime
2026-06-24,0.6654122713275603,0.49161633619351697,1,subprime
2026-06-24,0.36288471372354225,0.0558275876844771,0,prime
2026-06-24,0.11582358243462071,0.4188659037408267,0,subprime
2026-06-24,-0.3421404474909384,0.049402000539705115,0,subprime
2026-06-24,-0.5099100573542755,0.0,0,subprime
2026-06-24,0.2525331314136942,0.5587024866693142,0,prime
2026-06-24,0.22481464557662734,0.2637305843879923,0,prime
2026-06-24,1.0366274368762793,0.6603498980495721,0,prime
2026-06-24,2.2754604311120716,0.5339915891936042,0,subprime
2026-06-24,-1.602343179456303,0.7257272286619012,0,prime
2026-06-24,0.414109993369315,0.4569055491678846,0,subprime
2026-06-24,-0.7452975249378982,0.2508773041509593,0,subprime
2026-06-24,1.113847216076513,0.13087473825028173,1,prime
2026-06-24,2.9951848805715104,0.3957533328115784,1,prime
2026-06-24,-1.4271968094999217,1.0,1,subprime
2026-06-24,1.268018636374981,0.30163262983058403,0,prime
2026-06-24,2.4647661553463323,0.27897316774679964,0,subprime
2026-06-24,0.13997835448426493,0.481204238651735,1,subprime
2026-06-24,0.6564002007369555,0.2773753756287522,0,subprime
2026-06-24,1.2563417354487292,0.47534268465693674,0,prime
2026-06-24,-0.3604939468489361,0.9925707180032213,0,subprime
2026-06-24,-0.936431218630864,0.9357515039345321,1,prime
2026-06-24,0.04519857727027937,0.3813392176115654,0,subprime
2026-06-24,0.6349404760914062,0.9615617212189773,0,prime
2026-06-24,-0.7255575774796504,0.19567482629960967,0,prime
2026-06-24,0.3701490692058026,0.23860492406421135,1,subprime
2026-06-24,0.5720194188290497,0.8556614403314292,0,subprime
2026-06-24,1.30842374548623,0.8660879841033842,0,prime
2026-06-24,-0.6202537272499363,0.28483343638551345,0,subprime
2026-06-24,0.500491865355155,0.0,0,prime
2026-06-24,-0.6699409283243604,0.4051531619272899,1,prime
2026-06-24,1.3451251106452635,0.5080159644718922,0,prime
2026-06-24,-0.8446050444524559,0.8993826549657187,0,prime
2026-06-24,1.0456092863742437,0.29484634235064955,0,prime
2026-06-24,2.109565769910042,0.37659489544662966,1,prime
2026-06-24,-0.32091483103739626,0.27892252958744207,0,subprime
2026-06-24,1.22536940232703,0.4210999921040133,0,subprime
2026-06-24,1.714238750889984,0.8380962906812606,1,prime
2026-06-24,0.09896546047358745,0.4440884799431093,0,prime
2026-06-24,0.15097507519395525,0.21227247717965744,0,prime
2026-06-24,0.690596510080338,0.4181866602132467,1,subprime
2026-06-24,0.15672680971416086,0.4048878655496044,1,prime
2026-06-24,0.7713633023681941,0.28597202670125,0,prime
2026-06-24,0.6605045767484832,0.3364121475636582,0,subprime
2026-06-24,1.8071525197949545,0.43911145005038615,0,prime
2026-06-24,1.8253478804430654,0.6283558106022096,1,subprime
2026-06-24,-0.14034546249761048,0.0,0,subprime
2026-06-24,2.3866299797625974,0.0,0,subprime
2026-06-24,-0.026203409304887737,1.0,1,prime
2026-06-24,-0.3699825311550805,0.12332990931987031,1,prime
2026-06-24,2.082963985303338,0.5584875845330372,1,prime
2026-06-24,1.8445129675663554,0.5158566396117359,1,subprime
2026-06-24,0.6293571470154241,0.6869593468480814,1,subprime
2026-06-24,0.5235705588341875,0.12639559923498297,0,prime
2026-06-24,0.29182247393654026,0.6783841143387939,1,subprime
2026-06-24,-0.4248926494624915,0.08382963483275618,0,subprime
2026-06-24,-0.29448043010686775,0.4814641143156978,1,prime
2026-06-24,-0.3445053699599607,0.05831385575268894,0,prime
2026-06-24,1.5224408206103925,0.19448127183193453,1,prime
2026-06-24,-0.23173266175332596,0.2595053467176586,0,prime
2026-06-24,-0.9208772013852319,0.4143975773533069,1,prime
2026-06-24,-0.6146374337799393,0.6227099519553478,0,prime
2026-06-24,-0.7412656038240076,0.08801921897288512,0,prime
2026-06-24,0.18261379848976622,0.35817529529333697,1,prime
2026-06-24,-1.0314663941664466,0.1971989329981306,0,prime
2026-06-24,-0.5937731993723289,0.5781174674016742,0,subprime
2026-06-24,0.5980358386703745,0.30231165242556585,1,prime
2026-06-24,-0.13748462196371847,0.7724555099000465,1,prime
2026-06-24,-0.4044877227577466,0.49880398524294145,0,prime
2026-06-24,3.400982838290673,0.857258544605582,0,subprime
2026-06-24,-1.0006155044855802,0.29851097754983075,0,prime
2026-06-24,-0.20882452803847462,0.23668398568820317,0,prime
2026-06-24,0.2418474167251265,0.0,1,subprime
2026-06-24,-0.9866919145571714,0.47832324137527504,0,prime
2026-06-24,0.18594369568532004,0.5398052189191662,1,prime
2026-06-24,-0.805414629559209,0.09708208739852547,0,subprime
2026-06-24,1.2349676145640065,0.7559059725840287,1,prime
2026-06-24,0.5177861212480315,0.06736047209135665,0,prime
2026-06-24,1.7750517890314628,0.16470526910389208,0,prime
2026-06-24,0.2410446825639253,0.7210228919340136,0,prime
2026-06-24,2.017410633664983,0.3593512778897667,1,prime
2026-06-24,0.5201409973730873,0.820769636677973,0,prime
2026-06-24,1.8321167236164433,0.3521612419967495,0,prime
2026-06-24,1.935405461602648,0.5359280410950952,0,prime
2026-06-24,0.3633851612224698,1.0,1,prime
2026-06-24,1.4752568279896514,0.23821060614490608,0,prime
2026-06-24,0.15183164418046308,0.6273211108372243,0,prime
2026-06-24,0.8566499760207612,0.3507152194974008,0,subprime
2026-06-24,-0.00157968347830717,0.8254120838785186,1,subprime
2026-06-24,1.0956668092545838,0.5011873049228865,1,prime
2026-06-24,1.4705659834964773,0.5454944208923825,0,subprime
2026-06-24,1.5673489999068142,0.7286955757100309,1,prime
2026-06-24,0.15112832993987196,0.4421645994751364,1,prime
2026-06-24,1.6240353150110645,0.6254114074577244,0,prime
2026-06-24,0.40365781759485764,0.18885027705019344,0,prime
2026-06-24,0.11154139558743592,0.42229521173575535,0,prime
2026-06-24,0.7600218114927498,1.0,1,subprime
2026-06-24,0.9804296254031097,0.5377338003871266,0,prime
2026-06-24,-0.35563298902979545,0.5624460701326414,1,prime
2026-06-24,0.799372992401554,0.6090043045356373,0,prime
2026-06-24,-0.43484922812976945,0.5222212982138501,1,prime
2026-06-24,1.6862004578332725,0.0,1,prime
2026-06-24,-1.2415624858128282,0.0,0,prime
2026-06-24,1.3139881226516907,1.0,1,prime
2026-06-24,-0.5535048307038578,0.5155767563954465,0,subprime
2026-06-24,0.4262112503979318,1.0,1,prime
2026-06-24,1.0760259181108567,0.12258857051367766,0,prime
2026-06-24,0.5010887582798041,0.8919504387592698,1,prime
2026-06-25,-1.314637176029957,0.0,0,prime
2026-06-25,1.1797609253692116,0.23485526667436352,0,prime
2026-06-25,1.4949109700106378,0.8502693644864147,1,subprime
2026-06-25,2.2026769730296984,0.8013128678658675,1,prime
2026-06-25,1.9326667843277017,0.638597722469044,0,prime
2026-06-25,0.811201310683783,0.7658149486357855,1,prime
2026-06-25,0.8904131161826081,0.1530435638690387,0,prime
2026-06-25,0.4918980925457215,0.7982042308323996,1,prime
2026-06-25,1.9940945337780693,0.76549910434941,1,subprime
2026-06-25,0.38941661465310634,0.15527366214288685,1,subprime
2026-06-25,-0.4771624098355237,0.0,0,prime
2026-06-25,0.8177626324940135,0.7471454828285077,1,subprime
2026-06-25,-0.08161758206906566,0.5395883469224931,1,prime
2026-06-25,-0.32478579636020866,0.758357833514327,0,prime
2026-06-25,-0.07631859614364578,0.7880495678131976,0,subprime
2026-06-25,3.0257297023978613,0.7332137739794057,1,subprime
2026-06-25,0.6874766890946643,0.19848542703418903,1,prime
2026-06-25,2.4312656771094963,0.0,0,prime
2026-06-25,1.3042824830626254,1.0,1,prime
2026-06-25,0.12480960650106904,0.7204621424958408,1,prime
2026-06-25,1.4253835090000404,0.4948806971085161,1,prime
2026-06-25,0.3854596511411973,1.0,1,prime
2026-06-25,1.008342269989576,0.6311171368594211,0,subprime
2026-06-25,0.7280995747964099,0.6308888240220749,1,prime
2026-06-25,1.5247677191605173,0.5838805729845431,1,prime
2026-06-25,0.39360705359535064,0.0,0,prime
2026-06-25,0.3878474250511511,0.7624831376845423,1,prime
2026-06-25,-0.33451333570838826,0.37829925018684873,1,subprime
2026-06-25,1.876542647453869,0.4198838022461502,0,prime
2026-06-25,-0.8026460956533225,0.0,0,prime
2026-06-25,0.3516511793772792,0.08966110891557316,0,subprime
2026-06-25,1.0927837596365557,0.4306230468853935,0,subprime
2026-06-25,1.9024272444368004,0.5734055722532155,0,prime
2026-06-25,0.49002769689258435,0.6278885831883163,0,prime
2026-06-25,0.01548990725167676,0.5721255762424371,1,prime
2026-06-25,1.5491740701835117,1.0,1,prime
2026-06-25,-1.2640376992945725,1.0,1,prime
2026-06-25,3.2354950229786086,0.10762075106776653,0,prime
2026-06-25,2.3443301562835814,0.41061971163349903,0,subprime
2026-06-25,-0.9046791240934536,0.5480937502768225,1,subprime
2026-06-25,1.7881033761540879,0.42792098968330805,0,prime
2026-06-25,-0.47033904934224624,0.6500229923214155,1,prime
2026-06-25,0.8128157677928595,0.2519350298031589,0,prime
2026-06-25,1.7769373319556587,0.5693375911908978,1,prime
2026-06-25,0.7677862675938316,0.787579090605341,1,prime
2026-06-25,0.9590473210955075,0.40373060107903486,0,prime
2026-06-25,-0.817084510562729,0.0,1,subprime
2026-06-25,-0.6327654152366232,0.4490842203899852,0,subprime
2026-06-25,-0.31861039675046776,0.6198823664371751,0,prime
2026-06-25,-0.2182262681474214,0.13033305017437982,0,prime
2026-06-25,1.0728502214149458,0.2211574890883984,0,prime
2026-06-25,0.8920481039445917,0.6296138488160615,1,subprime
2026-06-25,-2.0084852806144267,0.4717093130595526,1,subprime
2026-06-25,1.3519675595267544,0.6960956194742657,1,subprime
2026-06-25,-0.47983379888752,0.4360490378961113,0,prime
2026-06-25,0.694049391070452,0.7164324407657345,1,prime
2026-06-25,1.680038633767286,0.2365674962365537,1,prime
2026-06-25,0.23511809793482868,0.48899720616247,0,subprime
2026-06-25,-0.9268807937788911,0.0,0,prime
2026-06-25,0.5375380854405236,0.9016785936981845,0,subprime
2026-06-25,2.4253587161403893,0.5490575085461008,0,prime
2026-06-25,-1.1649253508020112,0.9364604551967655,0,prime
2026-06-25,-0.07580707171316248,0.18141953612178088,0,prime
2026-06-25,-0.7919596596326469,0.7016171564998672,0,prime
2026-06-25,2.655593598884777,0.038835518413956716,0,prime
2026-06-25,1.9448163930119082,0.41547867432416197,1,prime
2026-06-25,0.049522044163011814,0.7513319305600541,1,subprime
2026-06-25,1.520502698490925,0.0,0,prime
2026-06-25,1.403153625178588,0.17208008309482314,1,prime
2026-06-25,0.08762483187152936,0.003964188809738867,0,prime
2026-06-25,-0.6243742213876587,0.8636037386453104,1,subprime
2026-06-25,0.7321702093480142,0.7145330539649632,0,prime
2026-06-25,0.9310538333004765,0.9088217443669607,1,subprime
2026-06-25,-0.13548643505569957,0.5886259679984014,1,prime
2026-06-25,1.2125109762787498,0.2790027309618414,0,subprime
2026-06-25,-1.2458715041173947,0.7601422356343679,1,prime
2026-06-25,0.14786125821508045,0.1590018896564657,0,subprime
2026-06-25,0.9915420949816591,0.3286758050960081,0,prime
2026-06-25,-0.6489348130244977,0.7714839842449017,1,prime
2026-06-25,0.2624163891504153,0.6734985195861511,0,prime
2026-06-25,1.4188262409676144,0.5938463167429817,1,subprime
2026-06-25,-1.1029329246344424,0.7007522940922176,0,prime
2026-06-25,-0.4334655831771522,0.5242944994234662,1,subprime
2026-06-25,-0.5878085198265875,1.0,1,prime
2026-06-25,-0.9279847583540087,0.6610832547725493,1,prime
2026-06-25,2.0870781323255425,0.28855627674873124,1,prime
2026-06-25,-1.792494467414571,0.17121529176643732,0,prime
2026-06-25,1.674135362466779,0.5203959238645913,1,subprime
2026-06-25,2.5789644631987314,0.47699230290737615,1,subprime
2026-06-25,1.3013866080760588,0.0,0,prime
2026-06-25,-0.3130947455779144,1.0,1,prime
2026-06-25,-0.278774125912429,0.0,0,prime
2026-06-25,1.673099691569515,0.4038021140720911,1,prime
2026-06-25,-0.8340092600339001,0.7433969039870438,1,prime
2026-06-25,0.9098129650441169,1.0,1,subprime
2026-06-25,0.20362563323261995,0.0,1,prime
2026-06-25,0.09730437766339783,0.5698925539541048,1,subprime
2026-06-25,-0.6510329267160336,0.03055541599932532,1,subprime
2026-06-25,0.4169474735548927,0.9882738218265094,1,prime
2026-06-25,0.292754949359905,0.0,0,prime
2026-06-25,0.7972025761202599,0.0,0,prime
2026-06-25,0.32946568378147617,0.8580761760808869,0,subprime
2026-06-25,0.2192701763042582,0.7714331542293835,0,prime
2026-06-25,0.3460303346734963,0.972060175694226,1,prime
2026-06-25,-1.512257910863891,0.7870589135105426,1,subprime
2026-06-25,3.612193495909028,0.5559847614780461,0,subprime
2026-06-25,-0.3901270673261683,0.4550633723465036,1,subprime
2026-06-25,-1.1070545526806548,0.0,0,prime
2026-06-25,0.010867776416368602,0.30271295551898364,1,prime
2026-06-25,0.710223152285585,0.570285865192436,0,prime
2026-06-25,1.3270284151038356,0.473837309644598,0,prime
2026-06-25,0.8175059629227442,0.36013301632520445,0,prime
2026-06-25,0.7634803660174241,0.7531608683039361,0,prime
2026-06-25,2.2331450747836468,1.0,1,prime
2026-06-25,-0.03208909506898738,0.0,0,prime
2026-06-25,-0.5264390991371776,0.7372975547656032,1,subprime
2026-06-25,1.7645189643768777,0.6179202856118269,0,prime
2026-06-25,1.5624025608581333,0.846073251715858,1,subprime
2026-06-25,1.574769170542849,0.6553434442556952,1,subprime
2026-06-25,0.01788073470534357,0.33038814075587025,0,prime
2026-06-25,0.08171662221110088,0.6121958280797284,1,prime
2026-06-25,-1.7216808799728955,0.3153707038310108,0,prime
2026-06-25,0.8605114804641696,0.40878143091167485,0,prime
2026-06-25,1.3536778557859082,0.45968779645773583,0,prime
2026-06-25,1.3092613927710197,0.5822895599551907,1,subprime
2026-06-25,1.5592508857965366,0.6121019376397185,1,prime
2026-06-25,1.3287082261076937,0.7491796510125085,1,subprime
2026-06-25,-1.0535544176227987,0.4063571474668435,1,prime
2026-06-25,2.4101033159058542,0.2955688777372686,0,subprime
2026-06-25,1.3970615604027872,0.6320013418227277,0,subprime
2026-06-25,-1.1349151837446443,0.7112953799642213,1,prime
2026-06-25,-0.30991336139173964,0.4174476687522538,1,prime
2026-06-25,2.6416558183739345,0.8523195584772257,0,prime
2026-06-25,1.5888011714079666,0.3368014112339121,0,subprime
2026-06-25,-0.16484910862529034,0.9079692704587443,1,prime
2026-06-25,0.761331202813078,0.5815467705811136,1,prime
2026-06-25,-0.7748814024345206,0.4146441746395223,1,prime
2026-06-25,1.3376921811656524,0.8560058911903918,1,prime
2026-06-25,-0.44002106896689797,0.13781141951033063,0,subprime
2026-06-25,0.19815099886057452,0.7879834121156313,1,subprime
2026-06-25,0.19890779690201693,0.014989966010027167,0,prime
2026-06-25,2.2855669198872723,0.9330922420570767,0,prime
2026-06-25,-0.09524948639131503,0.6136316321551024,0,prime
2026-06-25,0.15680278254698465,0.2664823147948373,0,prime
2026-06-25,0.5720898152669832,0.8841016425712099,0,prime
2026-06-25,2.431353668520282,0.28987951921297783,0,subprime
2026-06-25,1.1518249690345659,0.226563427337087,1,subprime
2026-06-25,0.1980872931031567,0.5866034302204883,1,prime
2026-06-25,1.7056710365346106,1.0,1,prime
2026-06-25,1.2173706422108004,0.04349558675246207,0,subprime
2026-06-25,2.013602001818676,1.0,1,prime
2026-06-25,-0.19906179742660013,0.18818062424784626,1,prime
2026-06-25,-1.1768877063921144,0.8413946394224088,1,prime
2026-06-25,-0.36825200011368475,0.9476524602636164,1,subprime
2026-06-25,1.8312294283195216,0.0,0,prime
2026-06-25,-0.3327996935879327,1.0,1,prime
2026-06-25,-0.474688301271596,0.5509292960463251,1,subprime
2026-06-25,1.2674528809483872,0.42129083624815855,1,subprime
2026-06-25,-0.5228059049857948,0.5939984754492559,1,prime
2026-06-25,-0.2934566628839983,1.0,0,prime
2026-06-25,1.121706986067939,0.6447302700501334,0,prime
2026-06-25,-0.703512054731943,0.46013645160278754,1,subprime
2026-06-25,1.2211784838142528,0.21521433979237706,0,prime
2026-06-25,-0.9219583236977292,0.0,0,prime
2026-06-25,-0.0458194434640099,0.11051473319550575,0,prime
2026-06-25,0.8399749573790334,0.867218555815862,0,prime
2026-06-25,0.5907904599135885,0.2859297896240304,0,prime
2026-06-25,0.5212696817223169,0.9283577627616124,0,prime
2026-06-25,-0.99243131241345,0.34358602937119054,1,subprime
2026-06-25,0.2586608696967875,0.127761005662403,1,subprime
2026-06-25,-1.2035540368642361,0.539037009622983,1,subprime
2026-06-25,1.611916105658215,1.0,1,prime
2026-06-25,0.8062718504084084,0.7304573338272558,1,prime
2026-06-25,1.0135338353484105,0.8274696869466855,0,subprime
2026-06-25,-0.13463624581210987,0.9528679486535403,0,prime
2026-06-25,-0.22283831600163828,0.7878463378790169,1,prime
2026-06-25,1.2726220414768994,0.7852521607997038,1,subprime
2026-06-25,1.541677237065275,1.0,1,prime
2026-06-25,1.0248151333072402,0.4465890548654937,0,prime
2026-06-25,0.5531881929815612,0.2662026058553347,1,prime
2026-06-25,1.3007424006038972,0.02891108152374733,0,prime
2026-06-25,0.9647231312102446,0.2972390429623028,1,subprime
2026-06-25,0.19803540628619865,0.3802118297422426,1,prime
2026-06-25,2.163486109528523,0.1700841086680863,0,prime
2026-06-25,-1.8559326817471171,0.7894398814176187,1,prime
2026-06-25,-0.8600696033632983,0.3800564509652428,0,prime
2026-06-25,0.42192531386917187,0.31952586410680445,0,prime
2026-06-25,-0.8032755376764799,0.5354456309506405,0,prime
2026-06-25,-0.9910740296887949,0.8531738845512766,1,subprime
2026-06-25,1.5002574144760963,0.7158029396486372,1,prime
2026-06-25,0.0713015682449471,1.0,1,prime
2026-06-25,0.8312894714256629,0.2825264969873569,0,subprime
2026-06-25,1.2441898108299418,0.48606789937018746,1,subprime
2026-06-25,0.859721803411627,0.679337758059192,1,subprime
2026-06-25,0.5939491825321777,0.950404498804106,1,prime
2026-06-25,0.37515368231737245,0.7103502844236745,1,prime
2026-06-25,0.20163600390696396,0.29674654293597874,1,prime
2026-06-25,-0.9722906986889351,0.5500058262173091,1,subprime
2026-06-25,-1.8004231284258094,0.7477609015735112,0,prime
2026-06-25,0.8731646186394109,1.0,1,prime
2026-06-25,-0.33072654081179653,0.4389199753500461,0,prime
2026-06-25,0.2034478489996273,0.5401057473108898,0,prime
2026-06-25,0.9165868165301536,0.8288112734748507,1,prime
2026-06-25,1.0100166203601815,0.5791378684138137,0,prime
2026-06-25,0.4758526527126535,0.6573795487371461,0,subprime
2026-06-25,0.3474064016358103,0.18154089030948492,0,subprime
2026-06-25,1.1184538903609091,1.0,1,subprime
2026-06-25,2.333771073498316,0.2823018768166227,0,prime
2026-06-25,0.3550501885932198,0.2454118972066356,1,subprime
2026-06-25,0.3178858568856854,0.06290014209307154,0,prime
2026-06-25,-0.034068278757012904,0.8380741137023995,1,prime
2026-06-25,1.6456406173101596,0.708909116695798,1,prime
2026-06-25,-0.4485455289604596,0.33172989330382585,0,prime
2026-06-25,0.07476630323352351,0.7138814059059528,1,subprime
2026-06-25,-0.3250692416230657,0.5842724815917538,1,prime
2026-06-25,-0.1557029884568114,0.7795725581697825,1,prime
2026-06-25,1.470482329085959,0.5824050874322516,1,prime
2026-06-25,1.1996679852834717,0.6438275353389704,0,prime
2026-06-25,1.0267742557385175,0.936080449231824,1,prime
2026-06-25,0.9151830870369606,0.6420807876312423,1,subprime
2026-06-25,0.9134192834647148,0.4678838674770956,1,prime
2026-06-25,0.907279813420097,0.8477289559800796,0,prime
2026-06-25,-1.0022928992441025,0.9177052394851583,1,prime
2026-06-25,2.2714106703252535,0.7894411867198683,1,subprime
2026-06-25,0.6531775098439913,0.4516356067764394,1,prime
2026-06-25,-0.7005243914136415,0.610011600753205,0,subprime
2026-06-25,0.05477758292554019,0.16888957513829148,0,prime
2026-06-25,1.3148847900904852,0.8585561309961569,1,subprime
2026-06-25,1.9189849954756184,0.32391962462382257,1,prime
2026-06-25,0.5106793604605634,0.2108306484641432,0,prime
2026-06-25,0.5853673369437155,0.6647674562824805,1,prime
2026-06-25,0.33651392095677385,0.0,0,subprime
2026-06-25,0.7719062043296978,0.5734766742357232,1,prime
2026-06-25,-1.0470301280342573,0.7030117618139042,1,subprime
2026-06-25,-0.5948379004793797,0.9030688277619741,0,subprime
2026-06-25,1.186866679836867,0.3605918547012096,1,prime
2026-06-25,0.6648547962202772,0.6600126884540108,1,subprime
2026-06-25,0.7798826891393056,0.6670860226269418,1,prime
2026-06-25,1.9751399848102316,0.36122082713583276,0,prime
2026-06-25,0.7420738272553768,1.0,1,subprime
2026-06-25,1.164259002951324,0.5118400598114701,0,prime
2026-06-25,-0.09989327231407241,0.8132356270956971,1,prime
2026-06-25,2.0380809172401158,0.24398514837921176,0,prime
2026-06-25,0.5792705529077893,1.0,1,subprime
2026-06-25,-0.6131471535255789,0.8407362611772566,1,subprime
2026-06-25,0.7320254202472902,0.7417130096850784,0,prime
2026-06-25,1.339515639927884,0.4111374407912807,0,subprime
2026-06-25,-0.7342407303734412,0.8234954496417362,0,prime
2026-06-25,1.457551784745732,0.20135915185073472,0,prime
2026-06-25,-0.10838052136238285,0.004086755217843241,0,prime
2026-06-25,-1.0508608339444643,1.0,1,subprime
2026-06-25,0.22968802795962856,0.2761489700012135,0,prime
2026-06-25,2.751588409438707,0.14431131082734505,1,prime
2026-06-25,0.9741788684253871,0.8462503710363938,1,prime
2026-06-25,0.8791027229851198,0.44133110296266714,1,prime
2026-06-25,-0.7721660914179137,0.08843155951966636,0,prime
2026-06-25,1.4879904716269987,0.49328380382343007,1,prime
2026-06-25,2.766898118638985,0.43607986426042655,1,prime
2026-06-25,0.8441212844662852,0.496934274254715,0,prime
2026-06-25,-0.013303506273426247,0.3236825303522012,0,prime
2026-06-25,0.8276391117661445,0.4542651803425263,0,prime
2026-06-25,1.51742554158887,0.7014997183474057,1,prime
2026-06-25,-0.3083501752639862,0.31084220430121445,0,prime
2026-06-25,-2.0157717255269363,0.08635812683578115,0,prime
2026-06-25,-0.41701351758383187,0.4843878887732107,1,prime
2026-06-25,-0.009453926443439564,0.11427158180630792,0,prime
2026-06-25,0.5984310648470026,0.616879290507447,1,prime
2026-06-25,1.3296431658667687,0.25143873341539835,0,subprime
2026-06-25,1.6977861707783455,0.4318714104978997,0,prime
2026-06-25,1.2187791075908634,0.901231744664571,1,prime
2026-06-25,0.2338490618175142,0.529992285025827,0,subprime
2026-06-25,-0.7054684145306082,0.624070998010321,1,prime
2026-06-25,-0.9898566895009565,1.0,1,prime
2026-06-25,-0.6857147388388881,0.911143701755583,0,prime
2026-06-25,0.30085106643916715,0.26838340529375504,0,subprime
2026-06-25,1.3896866960984677,0.39440686755268245,1,prime
2026-06-25,0.43984187647187645,0.7345192621050937,0,subprime
2026-06-25,0.4893428188692016,0.8230051889548228,1,prime
2026-06-25,-0.4275875850326232,0.7090233115484871,1,prime
2026-06-25,1.775049837752848,0.1082201012764068,0,prime
2026-06-25,-1.7059232376104676,1.0,1,subprime
2026-06-25,2.036064089612842,1.0,1,prime
2026-06-25,1.662289344489507,0.5823311155216264,0,prime
2026-06-25,1.5627286695667468,0.06296992277022118,0,subprime
2026-06-25,-0.05093890087071029,0.44768081423358475,1,prime
2026-06-25,0.05730170275855573,0.41119620517772865,0,prime
2026-06-25,1.3099397431337727,0.3244802956300635,1,prime
2026-06-25,-0.23392741376839132,0.09913456577381086,0,prime
2026-06-25,0.013612573225321611,0.931582213353095,1,subprime
2026-06-25,-0.7554949059131292,0.6435000904077661,0,prime
2026-06-25,1.3286280422355887,0.5206066105043603,0,prime
2026-06-25,-0.3399656139883497,0.0,0,prime
2026-06-25,1.3061085611560488,0.4072941944816991,0,prime
2026-06-25,0.30809198496526113,0.0,0,prime
2026-06-25,-0.6762089037933247,0.4463716502507586,0,prime
2026-06-25,3.7294086950429914,0.8266133227961432,1,prime
2026-06-25,-1.0046920053619357,0.7677222059484651,1,prime
2026-06-25,0.4033636402846223,0.0,0,subprime
2026-06-25,2.9727989777756925,0.4969535563621825,1,prime
2026-06-25,0.633240263897794,0.8439307760110165,1,prime
2026-06-25,0.8569664070174717,0.5690098709105428,1,prime
2026-06-25,0.8375242301562789,0.10677576851478113,0,prime
2026-06-25,0.17986904229497358,0.9655838243990029,1,prime
2026-06-25,0.38884350857083966,0.8107574739454823,0,prime
2026-06-25,0.6803906611391017,0.7674321103212407,0,prime
2026-06-25,0.7610295509477096,0.9765974245957294,1,prime
2026-06-25,1.3248586262257045,0.6233112410372801,0,subprime
2026-06-25,-1.1425228553117712,1.0,1,prime
2026-06-25,-0.08976922249273955,0.5860145306437547,1,prime
2026-06-25,0.9523093383490893,0.4818497284880599,0,prime
2026-06-25,1.5931766579216733,0.9267130073470008,1,prime
2026-06-25,-0.5983797594489609,0.37700738384574434,0,subprime
2026-06-25,-1.8850460452187137,0.7385024136371476,1,prime
2026-06-25,-1.7325074984225686,0.8784030146458679,1,subprime
2026-06-25,0.5326843734393192,0.1898565556669583,0,prime
2026-06-25,0.20881615162643535,0.42939477240013857,1,prime
2026-06-25,-1.1934804518960163,0.39640549141061965,1,prime
2026-06-25,0.6806327813783839,1.0,1,prime
2026-06-25,0.9135256378354971,0.5426328360929678,1,prime
2026-06-25,1.7157606399753131,0.11859279042482065,0,prime
2026-06-25,0.5387458735741737,0.931905311551816,1,prime
2026-06-25,0.7207919495479419,0.5336945194212063,0,prime
2026-06-25,-0.07219033720033641,0.08898046824938777,1,subprime
2026-06-25,-0.9821505356123007,0.7561991041259629,1,subprime
2026-06-25,-0.20912872201614296,0.09182823994039879,1,subprime
2026-06-25,0.04938047695778147,0.4972407223584716,0,prime
2026-06-25,2.194661458817172,1.0,1,prime
2026-06-25,0.8640720089422609,0.8683504836699766,1,prime
2026-06-25,0.31863176291810114,0.3698799626820892,1,subprime
2026-06-25,1.3022172540569334,0.5359787075737117,0,prime
2026-06-25,-2.0624051906507823,0.6795549598398737,1,subprime
2026-06-25,0.10690586002356434,0.5460040071232849,1,prime
2026-06-25,1.833381812163715,0.2707902707895192,0,prime
2026-06-25,0.2337058769502252,0.4344770218289301,0,subprime
2026-06-25,0.8803658155993728,0.16127909547145258,1,prime
2026-06-25,-0.7609908381537044,0.9937041034250609,1,subprime
2026-06-25,-0.4029624308988753,0.0,1,subprime
2026-06-25,1.0937494566489099,0.9272365370244284,0,subprime
2026-06-25,-1.7694563739556735,0.6919029540440729,1,prime
2026-06-25,0.34699812182761924,0.0581127966666285,1,prime
2026-06-25,3.1879657593053494,0.3958686649294583,1,prime
2026-06-25,1.1134296614790595,0.7966167094298726,1,prime
2026-06-25,-0.9097447986436243,1.0,1,prime
2026-06-25,-0.30261773009869775,0.10160284073458678,0,prime
2026-06-25,-0.025022260494240833,0.719974703744451,1,prime
2026-06-25,1.295223963853744,0.24820381463627111,1,prime
2026-06-25,0.40660659764494134,0.3276498003979544,0,prime
2026-06-25,0.347945527606059,0.3388520541628024,0,prime
2026-06-25,-0.16648816285154833,0.7556042739058859,1,prime
2026-06-25,-0.048782881660982436,0.0,0,prime
2026-06-25,1.444227379786919,0.42069912188526576,0,prime
2026-06-25,0.08626102654540058,0.6776221646789901,1,prime
2026-06-25,1.7696792674861186,0.21678110611797632,0,prime
2026-06-25,0.4941010759813436,0.5804947194225585,0,prime
2026-06-25,1.9363028945008205,0.0,0,prime
2026-06-25,1.5751684337072467,0.0,0,prime
2026-06-25,-0.2165129992674889,0.0007480242537855619,0,prime
2026-06-25,0.23062377964440878,0.7370173158560283,1,subprime
2026-06-25,1.7520453549804946,0.8229945517777453,1,subprime
2026-06-25,1.1175364057500694,0.5722924490234785,0,prime
2026-06-25,2.099245424887686,1.0,1,prime
2026-06-25,0.5483305480736578,0.3174304552838115,0,subprime
2026-06-25,0.9045730928527855,0.1547257804718312,0,subprime
2026-06-25,0.7084181846393804,0.2827878180288368,0,subprime
2026-06-25,1.9594155781928961,0.8292307944462517,1,prime
2026-06-25,-0.4454339427103211,0.0,0,subprime
2026-06-25,-1.4606702734610582,0.15698491257072184,1,prime
2026-06-25,0.44495431469865043,0.5786062690975988,0,prime
2026-06-25,-0.5920187643343847,1.0,1,subprime
2026-06-25,2.670008850076758,0.5755862228832626,0,prime
2026-06-25,1.0181694848794025,0.4041121283068145,1,prime
2026-06-25,0.9600870454722474,0.5366769987817395,1,prime
2026-06-25,0.8294444748401235,0.43105483610043666,0,prime
2026-06-25,0.5967442448894076,0.0,0,prime
2026-06-25,-0.5570024487484168,0.5612948399465122,1,prime
2026-06-25,-0.7274538655268513,0.3447569256118748,1,subprime
2026-06-25,1.07885920674516,0.2567384143828994,0,prime
2026-06-25,-0.025120406523858496,0.9240367848422639,1,prime
2026-06-25,-0.4381602641545872,0.5064836262502601,0,prime
2026-06-25,2.277742731285282,0.0,0,subprime
2026-06-25,0.4283365519669556,0.0,0,prime
2026-06-25,1.8468184206215565,0.23647134413277146,0,prime
2026-06-25,0.9495284319688386,0.9843852835689787,0,subprime
2026-06-25,0.44264796068329587,0.3486744718127496,0,prime
2026-06-25,1.6302742966087247,1.0,0,subprime
2026-06-25,1.4040647712687297,0.09202679245562517,0,subprime
2026-06-25,0.29161084972636364,0.9527436956085379,0,prime
2026-06-25,0.6274975378951883,0.3769130631912398,0,subprime
2026-06-25,1.4602334762388538,0.4317270439299238,0,subprime
2026-06-25,1.0011798146676152,0.7950183431555518,1,subprime
2026-06-25,0.5486684756332695,0.7664702017176304,0,subprime
2026-06-25,0.2170422765887633,0.7666335040782262,1,prime
2026-06-25,1.1777771178768157,0.26703228818047753,0,prime
2026-06-25,1.1609510927101683,0.4615822510972488,0,subprime
2026-06-25,3.208713420303683,0.42579928749472107,0,subprime
2026-06-25,-0.25447551636443544,0.6801124957079527,1,prime
2026-06-25,-1.215468393448032,0.4192685436666567,0,prime
2026-06-25,-0.32437407825914844,0.3476533925948764,0,prime
2026-06-25,1.2294887805510148,0.3907121512866914,0,prime
2026-06-25,0.23081693612145165,0.6700697049652402,1,prime
2026-06-26,1.0039021097942784,0.2864637803254223,0,prime
2026-06-26,0.40535268027855387,0.8268243441342827,1,prime
2026-06-26,-0.32928569672392105,0.5775562090731237,0,prime
2026-06-26,1.060627209373503,0.427104442573063,0,subprime
2026-06-26,1.0907562161472852,0.047144305269791964,0,prime
2026-06-26,1.7615453946128685,0.5623242595654686,1,prime
2026-06-26,1.2220535043913396,0.7992894914236854,0,prime
2026-06-26,2.265498191241205,0.8189798740224287,1,subprime
2026-06-26,-0.9091354861380747,0.16997770707593185,1,prime
2026-06-26,3.216743912008814,0.0,0,prime
2026-06-26,0.15309885445312393,0.2681264111306845,1,subprime
2026-06-26,1.739081486626152,0.5972793929638632,1,subprime
2026-06-26,1.6451246865959135,0.9998911469135274,1,subprime
2026-06-26,-0.3233680681514235,0.8056469425768928,0,prime
2026-06-26,2.4364510625958324,0.4337189213624163,1,prime
2026-06-26,-0.901227044157717,0.5429706633969702,1,prime
2026-06-26,1.0044581124617662,0.5570151527348136,0,prime
2026-06-26,-0.4144863059853354,0.5421030613526243,1,prime
2026-06-26,-0.8273790667730656,1.0,1,subprime
2026-06-26,-0.5427979206420537,0.8877945889128246,1,prime
2026-06-26,2.0452025431925107,0.17185540118663445,1,prime
2026-06-26,-0.5034008355595723,0.9231323384432193,1,prime
2026-06-26,2.288642847705995,0.8197945241694806,1,prime
2026-06-26,1.27164014468292,0.4998148615312965,1,prime
2026-06-26,1.6257755488333727,0.5291060431711785,0,subprime
2026-06-26,0.411673757861667,0.0,1,prime
2026-06-26,-0.2374203868859307,0.0,0,subprime
2026-06-26,2.309691885431577,0.6827938557433292,1,prime
2026-06-26,0.8840437520366584,0.5922070675193155,0,prime
2026-06-26,1.7962419179330276,0.40954158540981056,1,prime
2026-06-26,0.01233035580010089,1.0,1,prime
2026-06-26,-0.009665522910220492,0.0,0,prime
2026-06-26,-0.12747291226680868,0.6310872212420567,1,prime
2026-06-26,0.9401341029858403,0.026200120963531193,0,subprime
2026-06-26,-0.7398092491815029,0.5602532320001451,1,prime
2026-06-26,-0.18852513074464128,0.7352052491805829,0,prime
2026-06-26,0.02131917813452866,0.7218718374001759,1,prime
2026-06-26,0.15109750868167804,0.7180523054168202,1,prime
2026-06-26,2.5452864565893423,0.6460408268146973,1,subprime
2026-06-26,0.547850276313331,0.4055049965838613,1,prime
2026-06-26,0.9660032644733465,0.8917958588005865,1,subprime
2026-06-26,1.6092834411794288,0.7637192411139746,1,subprime
2026-06-26,0.27269344003224805,0.3817199427592232,0,subprime
2026-06-26,0.032066343447590184,0.5622052923304488,1,prime
2026-06-26,1.2532715193014514,0.7400600036252949,1,subprime
2026-06-26,0.363357193588426,1.0,1,prime
2026-06-26,-0.07422351807058858,0.0,0,prime
2026-06-26,0.03703944037974982,0.4347519491266924,0,prime
2026-06-26,0.8539231520308284,0.2772137141443611,0,prime
2026-06-26,0.7159211133162903,0.10982714630087964,1,prime
2026-06-26,0.7303088351054551,0.4263329238988823,0,prime
2026-06-26,1.187665717162536,0.39157430435977597,1,subprime
2026-06-26,1.1073319011332108,1.0,1,subprime
2026-06-26,-0.8738501874412259,0.4791558905161901,0,prime
2026-06-26,0.7320167405228266,0.6124003930089621,1,subprime
2026-06-26,1.107028829220903,1.0,1,prime
2026-06-26,0.7751131826534752,1.0,1,subprime
2026-06-26,1.5564601508929015,0.7740473659740319,1,prime
2026-06-26,0.5230170510708662,0.0,0,prime
2026-06-26,0.48556703777827226,0.5643411906498941,1,prime
2026-06-26,0.6292053300228548,1.0,1,subprime
2026-06-26,0.43203221102499856,0.22668513190225656,0,subprime
2026-06-26,-1.553016109786062,0.0,1,subprime
2026-06-26,0.9864216046357033,0.49010397741034806,1,prime
2026-06-26,1.950761150704417,0.3974849179897802,1,prime
2026-06-26,1.5556393457300817,0.45402048140115525,0,prime
2026-06-26,1.23770727336137,0.0,0,prime
2026-06-26,1.4268866024029863,0.6535633267945345,0,subprime
2026-06-26,-0.08659359514421039,0.4524329376053565,0,subprime
2026-06-26,0.9140685757151206,0.850226936825768,1,prime
2026-06-26,-1.066678591297835,0.854652337970663,1,prime
2026-06-26,-1.063689636344804,0.011187022448442607,1,prime
2026-06-26,1.5063741617414343,0.5102783738740894,1,prime
2026-06-26,-1.5659371382245162,0.7352662672837715,1,prime
2026-06-26,0.009775479414592225,0.005170291863584198,0,subprime
2026-06-26,-0.9564618636905466,0.39586943789782003,0,prime
2026-06-26,1.143523740897348,0.39421280574488626,0,prime
2026-06-26,1.6972776120793271,0.22320305920028094,1,subprime
2026-06-26,0.2718539374674093,0.06726719847339302,0,subprime
2026-06-26,0.3340245544433544,0.1827623859843548,1,prime
2026-06-26,-0.40631167536064483,0.46220282975630267,0,prime
2026-06-26,-0.007456166417755927,0.15082720695382268,0,prime
2026-06-26,0.23862351488721312,0.8296715814863902,1,prime
2026-06-26,-0.006278146471661694,0.28879905842773684,1,subprime
2026-06-26,3.447474035930356,0.10436727473475885,0,subprime
2026-06-26,1.7461606565743897,0.4896471859086034,0,subprime
2026-06-26,-0.534751321373649,0.8133191640753148,1,prime
2026-06-26,-0.40386820388454103,0.040993205043911296,0,subprime
2026-06-26,0.8002645487105826,0.8373571010602202,1,prime
2026-06-26,-0.1690963657561625,0.6448072921076734,1,subprime
2026-06-26,0.7466335724149704,0.5233624175593444,0,prime
2026-06-26,-0.5898268961071196,0.35067144173283904,1,subprime
2026-06-26,1.5183294335579682,0.8601450525409662,1,subprime
2026-06-26,1.326207883282965,1.0,1,prime
2026-06-26,1.5036038876659243,0.7702174788684172,1,subprime
2026-06-26,1.5041487289926025,0.0,0,prime
2026-06-26,-0.15366353135627264,0.0,0,prime
2026-06-26,1.829995504406269,0.36037641850186813,0,prime
2026-06-26,0.23031814793148525,0.9456210657147117,1,subprime
2026-06-26,-0.037225802958949616,0.0,0,prime
2026-06-26,0.9914437063796109,0.368407503121613,0,prime
2026-06-26,-0.4650925786535103,0.7186607956597106,1,subprime
2026-06-26,1.3783987256928163,0.23252175567181327,0,subprime
2026-06-26,0.17950101586834738,0.0003671823525852047,0,prime
2026-06-26,-1.7563722353564355,0.8512364518286124,1,prime
2026-06-26,0.3886084689046827,0.4879878528295436,0,prime
2026-06-26,2.093459523424909,0.10069479458932362,1,subprime
2026-06-26,-0.5235877909797102,0.6209016985382836,1,prime
2026-06-26,0.22410411010989312,0.6439223562936864,1,prime
2026-06-26,0.9745362329037306,0.5576271439422098,0,prime
2026-06-26,1.0125726088952143,0.24910548403536248,1,prime
2026-06-26,0.683546817803635,0.46841397382292166,0,prime
2026-06-26,1.6788327636266835,0.2555227980435063,1,prime
2026-06-26,-0.19959328350422623,0.7188709666481359,1,subprime
2026-06-26,1.054754401563792,0.17738056413807754,0,subprime
2026-06-26,1.0316926392315966,0.5506821184402834,0,prime
2026-06-26,0.9596495653118045,0.8372477007318377,1,prime
2026-06-26,1.1989511273109315,0.7719978459066809,1,subprime
2026-06-26,-0.35068137678933664,0.1680700479298337,1,subprime
2026-06-26,1.6537774019369353,0.9327312700571264,1,prime
2026-06-26,-1.4495569670498907,0.2679990720363138,0,subprime
2026-06-26,2.005457155048629,0.6800556430124837,1,subprime
2026-06-26,0.709743333204469,0.5856894931592203,1,subprime
2026-06-26,0.4974939426409295,0.12280493326169067,0,prime
2026-06-26,1.306399623822041,0.6558938330675672,1,prime
2026-06-26,-1.601585365255164,0.8801173579359544,1,prime
2026-06-26,-0.5934563358581406,0.6266216677463382,0,prime
2026-06-26,0.03946487886417038,0.6949847231522421,0,prime
2026-06-26,2.4538001604158834,0.5096811540230712,1,prime
2026-06-26,0.18177031523999598,0.529833038264941,0,subprime
2026-06-26,1.1682718118666826,0.5430906716200218,0,prime
2026-06-26,-0.1439105244049944,0.6091384916072552,1,prime
2026-06-26,0.3585527025547547,0.7769514518885005,1,prime
2026-06-26,0.7870266631432363,0.8488549898070624,1,prime
2026-06-26,-0.7620749902216697,1.0,1,prime
2026-06-26,-0.9093627072894961,0.46852804084970895,0,prime
2026-06-26,0.4711217025041102,0.6611033805427642,0,prime
2026-06-26,1.0318458767942533,0.0,0,prime
2026-06-26,-0.27722304658360564,0.7731153667711819,1,prime
2026-06-26,0.20211890394422177,0.6774204102889765,1,prime
2026-06-26,-0.6962638893193716,0.0,0,prime
2026-06-26,1.6721545819304677,0.8885842218797507,1,subprime
2026-06-26,0.5861698695172628,0.3035775679503888,1,prime
2026-06-26,-1.7694637017123611,0.9077031423594841,0,prime
2026-06-26,0.19967310234671432,0.6283082019134145,0,prime
2026-06-26,2.338684820962379,0.19821771571894903,0,subprime
2026-06-26,1.9774226423606083,0.5626818349181674,0,prime
2026-06-26,0.7693166476832233,0.9716275727903316,1,prime
2026-06-26,1.376537089836627,0.29846576372516614,0,prime
2026-06-26,2.234435592436686,0.5535878432046876,0,subprime
2026-06-26,-0.1717358944950088,0.3503655254683834,1,prime
2026-06-26,1.14076825587013,0.5086524508247182,1,subprime
2026-06-26,-0.02085513834426167,0.16834891776376887,0,prime
2026-06-26,-0.7780373712403605,0.18866095773231503,0,subprime
2026-06-26,0.09457112043241978,0.0,0,prime
2026-06-26,0.11467734440213445,0.0,1,prime
2026-06-26,2.0862736759344642,0.0,0,subprime
2026-06-26,0.7548378365972802,0.800878113933536,1,prime
2026-06-26,1.1988191784313282,0.0,0,subprime
2026-06-26,-0.22336145666513962,0.18248566103365915,1,subprime
2026-06-26,0.8397077661732028,0.32178963964361657,1,prime
2026-06-26,-0.5604041791512686,0.9864526746939044,1,prime
2026-06-26,-0.2612333656754501,0.23962110102017029,0,prime
2026-06-26,-0.5709931062997362,0.24085374676737617,0,prime
2026-06-26,-0.518187954521655,0.22310325299808367,0,prime
2026-06-26,0.7935918079826974,1.0,1,prime
2026-06-26,1.1919591111600742,0.1323639693898892,0,subprime
2026-06-26,0.4598376995929902,1.0,1,subprime
2026-06-26,0.5057063836319301,0.7670324207366411,1,prime
2026-06-26,0.9312839485387627,0.668701433533083,1,subprime
2026-06-26,-0.34569096585614734,0.473303152487761,0,prime
2026-06-26,-0.3829024263367432,0.13008957254221135,0,prime
2026-06-26,-0.5779268957855483,0.4543002909199302,0,subprime
2026-06-26,2.5585595703966035,0.1930981496904424,0,prime
2026-06-26,1.4869482404815102,0.23263712057467312,0,subprime
2026-06-26,0.7241075563742573,0.19871412106190983,0,prime
2026-06-26,-0.31646308440702775,0.5090573202205275,1,prime
2026-06-26,0.06952291433677915,0.799291711799347,1,subprime
2026-06-26,0.6730434276352432,0.5323078817308308,0,prime
2026-06-26,0.6817048181892997,0.5126733736265943,1,prime
2026-06-26,1.7434474795423565,1.0,1,prime
2026-06-26,1.9643401133503813,0.6010539337437995,0,prime
2026-06-26,-0.08238467268796545,0.3081002439106943,0,prime
2026-06-26,0.11160793405411579,0.4045104969663627,1,subprime
2026-06-26,0.24821681256308825,0.15792144316581028,0,subprime
2026-06-26,0.10268823893172385,0.2399450416424504,1,prime
2026-06-26,0.8193351256292376,0.25837764397896135,0,prime
2026-06-26,0.7813701808893059,0.08007608444559955,0,subprime
2026-06-26,0.5185261537936465,0.9119721055017027,0,subprime
2026-06-26,0.7613026249472746,0.7155078136092978,1,subprime
2026-06-26,0.10497429486127957,0.0,0,prime
2026-06-26,1.1876718874254215,0.8397617806316653,1,prime
2026-06-26,-0.2749853222168026,0.573049653657244,1,subprime
2026-06-26,0.44609594120308604,0.6597017842981965,1,prime
2026-06-26,-0.398327593396653,0.7235315033394579,1,prime
2026-06-26,1.1719997766028418,0.321748220263779,0,prime
2026-06-26,-1.34879793851703,0.41062206832182946,1,subprime
2026-06-26,0.5015005035105569,0.46402524307797366,0,prime
2026-06-26,1.2942919181863035,0.6349304140464619,1,prime
2026-06-26,-0.08458709009932175,0.6521146699621458,1,prime
2026-06-26,0.07348967988732741,0.4631495815153628,1,subprime
2026-06-26,1.9016189903312233,0.1473163179467201,0,prime
2026-06-26,-1.3362089029337991,0.8935806021969557,1,prime
2026-06-26,0.7899397666834241,0.0,0,prime
2026-06-26,0.575757741913672,0.3970689382306375,1,subprime
2026-06-26,-1.8857350033953115,0.20660235027343551,0,prime
2026-06-26,0.4075385526458103,0.46166651907372724,1,prime
2026-06-26,-1.3481043599992488,0.5922217366581222,0,subprime
2026-06-26,0.8897270554621446,0.44833885838571447,0,prime
2026-06-26,0.21157386248209076,0.8969982466270071,1,prime
2026-06-26,-0.1494966363161475,0.003315915105127243,0,prime
2026-06-26,0.4380977036764194,0.7122926443587072,0,prime
2026-06-26,1.2902065262330147,0.3666471450521909,0,subprime
2026-06-26,0.37761030843717835,0.43416773023851213,0,prime
2026-06-26,1.2688220926690956,0.8834571408751015,1,prime
2026-06-26,-0.8191774826824674,0.3096554574927775,1,subprime
2026-06-26,-0.39086304677648986,1.0,1,prime
2026-06-26,1.3683871259055822,0.7181088412673821,1,subprime
2026-06-26,0.9583948526936248,0.5034457401508105,0,subprime
2026-06-26,-0.11203676768607462,0.33298582421543,0,prime
2026-06-26,0.21638156724917285,0.1970896506408304,0,prime
2026-06-26,-0.4759816542418318,0.26935702849065996,0,prime
2026-06-26,1.198793743956219,0.5610326381961055,0,prime
2026-06-26,-1.1077440014784568,0.5985675598116388,1,prime
2026-06-26,1.2042943172788587,0.5550830551204219,1,prime
2026-06-26,1.2004807559134711,0.14226564736977165,1,prime
2026-06-26,-0.7858166130072548,0.290589114713403,1,prime
2026-06-26,0.22592218532713826,0.24134735917068353,0,subprime
2026-06-26,-0.7965608087344198,0.46817827074545126,1,prime
2026-06-26,0.4370000480558198,0.18306797696433397,1,prime
2026-06-26,1.249786877170829,1.0,1,prime
2026-06-26,1.1032505738031482,0.21445484406595708,0,prime
2026-06-26,0.043569210764266675,0.9336653061341684,1,prime
2026-06-26,0.36675373168007674,0.7622506406784295,1,prime
2026-06-26,0.25380343528848054,0.0,0,prime
2026-06-26,-0.05840085206001566,0.856437710887277,1,subprime
2026-06-26,0.1739212584908058,0.5954477359455655,0,prime
2026-06-26,-0.03469685829163094,0.0,0,prime
2026-06-26,2.60137285042992,0.4247547953102089,0,prime
2026-06-26,1.347460484609031,0.3948418178480632,0,prime
2026-06-26,1.0573846444343673,0.9804686135701155,1,prime
2026-06-26,0.967953159187479,0.42480417488204436,1,subprime
2026-06-26,0.1927117994591968,0.5125388555310239,1,prime
2026-06-26,-1.0460284951732157,0.4091561543100582,1,subprime
2026-06-26,1.0360094459884042,0.4961346164497762,1,prime
2026-06-26,0.4225996797462003,0.252188796349816,1,prime
2026-06-26,1.0574338444396085,0.5131228928850395,1,prime
2026-06-26,1.548572520485529,0.7058575736432888,1,prime
2026-06-26,-0.5186209707188931,0.054416554405424034,1,prime
2026-06-26,1.6404064341451299,0.913166507455357,1,prime
2026-06-26,-0.33047157445660524,0.5834992219982973,0,subprime
2026-06-26,0.21374172271443947,0.5583323847200667,1,subprime
2026-06-26,1.2372072530108977,0.32893596160320576,1,prime
2026-06-26,-0.5875580045130604,0.2921192256611625,0,prime
2026-06-26,0.9226321187034651,0.6535674503032423,1,prime
2026-06-26,0.9582013001084323,0.8093986539743675,1,subprime
2026-06-26,2.2626145009205247,0.11536997699234008,0,prime
2026-06-26,-0.5042375282803471,0.15081087601087703,0,subprime
2026-06-26,0.10745539931577347,0.0,0,prime
2026-06-26,-0.48973950071835204,0.0,0,prime
2026-06-26,0.3693559711572204,0.0,0,prime
2026-06-26,0.973344903634202,0.7236302561126023,1,subprime
2026-06-26,0.9581769008348151,0.9127355435861866,1,subprime
2026-06-26,-0.6982173372231997,0.519302538589767,1,prime
2026-06-26,1.197321991008776,0.6275926012979436,1,prime
2026-06-26,-0.6659867037038234,0.42498723002501404,1,prime
2026-06-26,0.321483595273113,0.8573513462377409,1,subprime
2026-06-26,1.7655710259222273,0.602178675435451,1,prime
2026-06-26,-0.4686996762204456,0.0,0,subprime
2026-06-26,0.3954910871937473,1.0,1,prime
2026-06-26,-0.22258103066370083,0.28760451604197707,1,subprime
2026-06-26,-0.07196571435748844,1.0,1,prime
2026-06-26,1.6868862969151357,0.10556680344780264,0,prime
2026-06-26,2.563897260324602,0.09621701669270627,0,prime
2026-06-26,1.1779349483850738,0.47072179666745906,0,subprime
2026-06-26,-0.20692582392511427,0.3547492902610532,0,prime
2026-06-26,0.8858388914574611,0.18137046488418057,0,prime
2026-06-26,0.876066836612041,0.11203798054813444,0,prime
2026-06-26,0.861880762034423,0.4164201389024952,1,prime
2026-06-26,0.8580708328972131,0.8506303895590306,1,prime
2026-06-26,1.3776723363849714,0.3634398947495181,0,prime
2026-06-26,0.2510910777574624,0.5402035101274718,0,subprime
2026-06-26,-0.601513932512201,0.049789814368409846,0,subprime
2026-06-26,1.69441012158646,0.0,0,subprime
2026-06-26,0.011542856562137827,0.2702732257843655,1,prime
2026-06-26,0.5691048252351748,0.6715983841937085,0,prime
2026-06-26,0.9747067275011541,0.39457004975487614,0,prime
2026-06-26,1.0723223225393559,0.8829179438937862,1,prime
2026-06-26,0.7145962497327202,0.7176673362251751,0,prime
2026-06-26,-0.6105683194149201,0.4222003261604521,1,prime
2026-06-26,-1.7868662757521565,0.4344883192863901,0,subprime
2026-06-26,1.7722728360629514,0.284173117123959,0,subprime
2026-06-26,0.22876765114728742,1.0,0,prime
2026-06-26,1.4795699515551815,0.3539480082699166,0,subprime
2026-06-26,-1.8391721047341192,0.25072620404334467,0,prime
2026-06-26,0.6669383081617728,0.4625664173465747,1,subprime
2026-06-26,-1.269722409900357,0.5639635587500791,0,prime
2026-06-26,1.1018530536357471,0.5415785077215711,1,prime
2026-06-26,-0.6515973644731656,0.8562443982950603,1,prime
2026-06-26,-0.6147145624965684,0.8599051111387663,1,prime
2026-06-26,-0.3631971152676974,1.0,1,subprime
2026-06-26,-0.9638873375168315,0.0,0,prime
2026-06-26,1.1415996648518567,0.47191030198242184,0,subprime
2026-06-26,-0.43196422639213605,0.5374993855023997,1,prime
2026-06-26,2.2057365433695435,0.4851027219798324,0,prime
2026-06-26,0.2667317400532789,0.14247461343010148,0,prime
2026-06-26,1.7488033770945997,0.6723090255911319,0,prime
2026-06-26,1.8142738452599803,0.0,0,subprime
2026-06-26,1.768661996946407,0.6210971634112477,0,prime
2026-06-26,0.004077827828769309,0.7523067383640845,1,prime
2026-06-26,1.1002148947734964,0.0,1,prime
2026-06-26,1.5297772527723936,0.3539522895698008,0,prime
2026-06-26,-0.22153594545816957,0.2843706851266917,0,prime
2026-06-26,2.6422358499713363,0.3682839839163693,0,subprime
2026-06-26,0.6067135493499093,0.37528728542216294,1,prime
2026-06-26,-0.6843027121013381,0.1344772519116654,0,prime
2026-06-26,1.3287865554509364,0.22353952774482355,0,prime
2026-06-26,0.1906890527103846,0.2865223146205509,1,prime
2026-06-26,0.07354808787834682,0.2905143724023209,0,subprime
2026-06-26,-0.008680193602425446,0.46683672574289636,1,prime
2026-06-26,-0.40974653637298664,0.5764803760646035,1,prime
2026-06-26,1.7108346368995675,0.09507223879113058,0,prime
2026-06-26,-0.6301162766850545,0.4849855056269191,0,prime
2026-06-26,1.1383566827720553,0.12009081814086764,1,prime
2026-06-26,0.874338408624708,0.4340922146885861,0,prime
2026-06-26,-0.050791272336212834,0.7981461517182151,1,prime
2026-06-26,0.21144233107099797,0.0,0,subprime
2026-06-26,-1.170921789806312,0.7948091929715985,1,prime
2026-06-26,1.8344297859086032,0.0,0,subprime
2026-06-26,0.5255992752376191,0.5590937385639988,1,subprime
2026-06-26,0.22729896467619454,0.32609945747639174,1,prime
2026-06-26,0.6363551328749268,0.7961556038297706,1,subprime
2026-06-26,0.8516175982330574,0.6378250294557377,0,prime
2026-06-26,0.6221304683004171,0.5370151135880212,0,prime
2026-06-26,1.6584983547952943,0.4443557546613025,0,prime
2026-06-26,1.1993542986763654,0.703501250897088,1,prime
2026-06-26,2.034385631027308,0.7076367605551259,1,prime
2026-06-26,0.13628224444435305,0.5586277635327687,0,prime
2026-06-26,0.6902393324331276,0.0017469478218581358,0,subprime
2026-06-26,0.1800621720633238,1.0,1,prime
2026-06-26,-0.7194262695630707,0.828427159755434,1,subprime
2026-06-26,0.9676781965626156,0.27656261487504286,1,subprime
2026-06-26,1.1179405750563562,0.906104993730913,1,prime
2026-06-26,2.5402735519320223,0.0,0,prime
2026-06-26,2.180508462833583,0.5225244243455125,1,prime
2026-06-26,-0.07790490421125429,0.933934287523192,1,prime
2026-06-26,-0.28420753399807075,0.515401983510609,0,prime
2026-06-26,0.8704013058061895,1.0,1,subprime
2026-06-26,-1.1654713255227582,0.4855004104139058,1,prime
2026-06-26,2.6780881508856744,0.1568816223608094,0,prime
2026-06-26,1.4921394268529027,0.553135704114251,1,prime
2026-06-26,1.710220895274346,0.0,0,prime
2026-06-26,1.2927864630150632,0.13039198052805778,1,prime
2026-06-26,-0.20263602647903112,0.0,0,prime
2026-06-26,0.05895812029226832,0.344265417393798,0,prime
2026-06-26,0.9283241788493173,0.6227886897852043,1,prime
2026-06-26,-0.7094673635656665,0.3078846501515036,0,prime
2026-06-26,3.7019974566366405,0.5234800740774116,1,prime
2026-06-26,0.6634921316464356,0.37703203595098905,1,subprime
2026-06-26,-0.6666323629837256,0.626293170604704,0,prime
2026-06-26,3.2709297521986254,1.0,1,subprime
2026-06-26,0.9615429901702577,0.4453496439421972,1,prime
2026-06-26,-2.5417578534161915,0.22716363090139272,0,prime
2026-06-26,2.1982085605871386,0.5700142495937977,0,prime
2026-06-26,1.211757308179247,0.509614658382114,0,prime
2026-06-26,1.0638379350202953,0.2733508316781385,1,prime
2026-06-26,0.5503171534690809,0.08380809067119888,0,prime
2026-06-26,-1.1952200457249882,0.0,0,prime
2026-06-26,1.328704752724124,1.0,1,subprime
2026-06-26,0.18939714855894796,0.2519313666441921,0,prime
2026-06-26,2.6250472689599618,0.7105698332412939,1,prime
2026-06-26,-0.732558398096445,0.9033062053210323,0,prime
2026-06-26,1.7560710003599276,0.32418217266290544,1,subprime
2026-06-26,1.2323514461068794,0.0,1,prime
2026-06-26,-0.5468226238309772,1.0,1,prime
2026-06-26,0.007090802925943773,0.0076374147763012545,0,subprime
2026-06-26,1.4844117190884725,0.34905783466556073,1,prime
2026-06-26,0.8035258583812825,0.35174509216331956,0,prime
2026-06-26,-0.41566324864610105,0.16407106050566655,1,prime
2026-06-26,1.4414033257587613,0.43291697330511797,0,prime
2026-06-26,0.3979199396561285,0.35137157976268185,0,prime
2026-06-26,1.2087374299203595,0.45689836049806204,0,prime
2026-06-26,-0.38601635163157544,0.4094712187828403,1,prime
2026-06-26,3.2090489795782493,0.14825900292695138,1,subprime
2026-06-26,1.012728195552005,0.9885117558533963,1,prime
2026-06-26,-0.7687625515780769,0.9331925990502254,1,prime
2026-06-26,0.595520841101587,0.2543893547002973,1,subprime
2026-06-26,0.1197512599574857,1.0,1,prime
2026-06-26,1.6833786945543272,0.5509025782758454,0,prime
2026-06-26,-0.27174624223946264,0.5773587192754769,1,prime
2026-06-26,1.2308349706885915,0.5370137843954388,0,prime
2026-06-26,-0.8743745713231865,0.20225137098635707,0,prime
2026-06-26,1.289492614981897,0.45975726145579465,0,prime
2026-06-26,1.9517734741363313,0.9419243767670336,1,subprime
2026-06-26,-0.36979991093805553,0.3884131382429443,0,subprime
2026-06-26,1.0525915106712638,0.873866531059537,1,prime
2026-06-26,0.41461164910670434,0.0800047137228238,0,subprime
2026-06-26,0.9759993796635319,0.1634757740339012,0,subprime
2026-06-26,0.11650917292973606,0.27806849376195025,1,prime
2026-06-26,2.2368015039130182,1.0,1,prime
2026-06-27,0.7934486599528143,0.0,0,subprime
2026-06-27,2.6095141294500697,0.6832398290163146,0,prime
2026-06-27,2.1281348647675737,0.5158404232766565,0,prime
2026-06-27,0.5819270281258277,0.0,0,prime
2026-06-27,-0.35728952670987724,0.4126358701538263,1,subprime
2026-06-27,1.8499371785680312,0.8337884790656935,0,prime
2026-06-27,1.0442032343526901,0.0,0,prime
2026-06-27,0.22557590534103844,0.2872234381235711,0,prime
2026-06-27,1.2831974525319412,0.6142139929176732,1,prime
2026-06-27,0.831534743640995,1.0,1,prime
2026-06-27,0.013892503623053831,0.49651108080285566,0,prime
2026-06-27,-0.09864362266230797,0.10012811317310394,0,prime
2026-06-27,0.4363464857408953,0.8611792608285431,1,prime
2026-06-27,1.0475878632037734,0.29175073666138085,0,prime
2026-06-27,-1.5605007953383665,1.0,0,prime
2026-06-27,-1.4130987990966015,0.6148243999751662,1,subprime
2026-06-27,1.043045486163279,0.4826842737553847,0,prime
2026-06-27,2.127847221870057,0.31161408936701723,1,subprime
2026-06-27,0.5875793974442106,0.5859296693910042,1,prime
2026-06-27,0.6188255650387308,0.5208195708702397,0,subprime
2026-06-27,1.5109125075362244,0.5998549058567435,0,subprime
2026-06-27,0.6595575616874553,1.0,1,prime
2026-06-27,0.23952825525110943,0.21564561298382845,1,prime
2026-06-27,-0.2936422639383689,0.5687319985588718,1,prime
2026-06-27,1.0076667535875878,0.6793236577763587,1,subprime
2026-06-27,1.3553159359954918,0.32363614830380605,0,prime
2026-06-27,0.12180700379143594,0.7203752972549924,0,subprime
2026-06-27,-0.16320180514563232,0.0,0,prime
2026-06-27,-0.01070534735078743,1.0,1,prime
2026-06-27,-0.559286596754406,0.03179684684338324,0,subprime
2026-06-27,-0.521873384191116,0.6867511642810578,1,prime
2026-06-27,0.9358531151487688,0.42297753291625073,0,prime
2026-06-27,-0.37166365755508013,0.832291238024386,0,prime
2026-06-27,-0.7271849105897007,0.40149447391576076,0,prime
2026-06-27,0.072507245340929,0.572095931600551,1,prime
2026-06-27,1.917294711656377,0.48927667913544415,1,subprime
2026-06-27,1.3893173224610567,0.0,0,subprime
2026-06-27,1.516126891034917,0.43984817152693345,0,prime
2026-06-27,2.4946016023627045,0.7883978176309308,1,subprime
2026-06-27,0.5823265211204142,0.4353159033414865,1,prime
2026-06-27,0.8455696249907897,0.3763814878102795,0,subprime
2026-06-27,0.2872139061387848,0.2891748692417127,0,subprime
2026-06-27,1.5467934160559609,1.0,1,prime
2026-06-27,-0.1084462936260362,0.6850959149425998,0,subprime
2026-06-27,1.0007603417620952,0.1410990652088897,1,subprime
2026-06-27,-0.13001951889671504,1.0,1,subprime
2026-06-27,1.1209877171949523,0.5239888829324709,1,prime
2026-06-27,1.8947220155473028,0.4764672462396084,1,prime
2026-06-27,1.8667812833359805,0.2569113779603394,0,prime
2026-06-27,-1.1188899901823128,0.7941106062146417,0,subprime
2026-06-27,0.29319184145116617,0.0,0,prime
2026-06-27,1.5856268364446642,0.12548834689328345,0,prime
2026-06-27,0.18113094814863706,0.30320384849853443,0,subprime
2026-06-27,2.121947052828808,0.39066393689446105,0,prime
2026-06-27,0.87552576067661,0.5966485712827411,0,prime
2026-06-27,1.6845551917490411,0.3934549703878119,0,prime
2026-06-27,1.7278643809472887,1.0,0,subprime
2026-06-27,0.8592684744616436,0.4324529397934407,0,subprime
2026-06-27,0.20385522588812727,0.40222621440501716,0,subprime
2026-06-27,0.668851872750988,0.7936180535934461,0,subprime
2026-06-27,3.5021348003817367,0.5453027986851774,0,prime
2026-06-27,0.6189620415776285,0.407264038078968,0,subprime
2026-06-27,1.0882736232347126,0.47185278381298335,1,prime
2026-06-27,-1.0909843355428857,0.8501031044880436,1,subprime
2026-06-27,1.619415961290989,0.4717047235264008,1,prime
2026-06-27,-0.31063003078591056,1.0,1,prime
2026-06-27,0.5399592497435297,0.5184223799886241,0,subprime
2026-06-27,1.3612958458113478,0.8362542446265924,1,prime
2026-06-27,0.09429648919218048,0.4784087456483594,0,subprime
2026-06-27,1.6030679697504584,0.7513709519742678,1,prime
2026-06-27,0.5609674796549782,0.7758978730916197,0,subprime
2026-06-27,-0.02756931347480507,0.3668200162301082,0,prime
2026-06-27,-1.5465331195419303,0.8149467365156723,1,prime
2026-06-27,3.039213624669692,0.5395677790572516,1,subprime
2026-06-27,2.1489284804384887,0.08305070344374776,0,prime
2026-06-27,-0.44268640750443067,0.28207091259418304,0,prime
2026-06-27,0.3113781388197964,1.0,1,prime
2026-06-27,1.6765638547545496,0.19966551291020546,1,subprime
2026-06-27,0.4123420165248257,0.008272715197625846,0,subprime
2026-06-27,0.23870789613102794,0.16233325842519358,1,prime
2026-06-27,0.580726587368063,0.23734554086729376,1,subprime
2026-06-27,0.567560664500029,0.7463119089187333,1,prime
2026-06-27,0.8278807581199942,0.7637164385618932,0,prime
2026-06-27,-0.5008585787465615,0.1986073786866214,0,prime
2026-06-27,-0.1492150399577955,0.08899697957100805,0,prime
2026-06-27,0.038374359324095164,0.12084010617148058,0,prime
2026-06-27,0.5658685452791508,0.8008202478309447,0,prime
2026-06-27,2.1662720212001134,0.7632094383900266,1,prime
2026-06-27,2.2434038788725372,0.20687737790141508,1,prime
2026-06-27,0.04666323016076013,0.828121196665597,1,subprime
2026-06-27,1.640053363592624,0.4025476563434425,1,prime
2026-06-27,-0.7428257770250765,0.5931041973581261,1,prime
2026-06-27,1.7373014234481494,0.2834320748804038,0,prime
2026-06-27,1.5800219307220553,1.0,1,prime
2026-06-27,2.365715647676537,0.0,0,prime
2026-06-27,2.532117992037923,1.0,1,subprime
2026-06-27,0.12591479757520574,0.15345388669022356,0,prime
2026-06-27,1.3731149733455097,0.0,0,subprime
2026-06-27,-0.8497774662264804,0.3867268541288332,0,prime
2026-06-27,0.6974686426934424,0.026288887754862322,0,prime
2026-06-27,1.6999879951006336,0.7169559427334362,0,subprime
2026-06-27,1.3985225676345776,0.7026417629862164,1,subprime
2026-06-27,1.7917612496728226,0.5632882020959602,0,prime
2026-06-27,0.21384630827592532,0.5784129565224829,1,prime
2026-06-27,0.4846596451623004,0.6273193187896432,1,prime
2026-06-27,2.9580480719015725,0.5114536462200517,1,prime
2026-06-27,0.7960613489583033,0.8605410291446862,0,prime
2026-06-27,3.027905309644688,0.7441297318363352,0,prime
2026-06-27,0.7724717965128907,0.4295208096860874,1,subprime
2026-06-27,1.1586735021631165,0.5982119418942022,1,subprime
2026-06-27,-0.16793789387391034,0.5313916299892867,1,prime
2026-06-27,1.0437404509304822,0.39454820579136557,1,prime
2026-06-27,1.0907810483024696,0.4008147594516511,1,prime
2026-06-27,-0.24598855960657873,0.27138986250329455,1,prime
2026-06-27,0.07543168963949709,0.9579609666981727,1,prime
2026-06-27,0.9994739087343767,0.9238894076563902,1,prime
2026-06-27,0.01298350675867077,0.27736356638395715,0,prime
2026-06-27,-1.159966187419767,0.7966767987294594,0,prime
2026-06-27,1.3716133530841303,0.2246125120248097,0,subprime
2026-06-27,-0.041560861313824526,0.2948897482337137,0,prime
2026-06-27,0.6102954487685837,0.22831393561252317,0,prime
2026-06-27,1.7598489152632921,0.8340592886441061,0,subprime
2026-06-27,-1.10963924362945,0.16086435567937962,1,subprime
2026-06-27,-0.40926301092676687,0.3040578246881428,0,prime
2026-06-27,1.2977130292093244,0.372084961116251,0,subprime
2026-06-27,1.5177115761625528,0.29000221066596965,0,prime
2026-06-27,1.5153951930797753,0.24145157600056144,0,prime
2026-06-27,-0.7354071595471089,0.0,0,subprime
2026-06-27,0.4240468837676037,0.0,0,prime
2026-06-27,0.32739394587695664,0.7389502952662327,1,prime
2026-06-27,1.0730309486741816,0.6500820960930745,0,prime
2026-06-27,-0.81314300763479,0.8927133095366143,1,prime
2026-06-27,-0.3141387157139748,0.6995844231935848,0,prime
2026-06-27,0.36756389850278703,0.6837990426463919,0,prime
2026-06-27,3.039097225237682,0.0,0,prime
2026-06-27,0.6804232129041328,0.2842271819752948,0,subprime
2026-06-27,0.8035777473924797,0.619503689934087,1,prime
2026-06-27,1.6666609011161149,0.43589553117659957,1,prime
2026-06-27,0.9528559480342842,0.26813892562969127,1,prime
2026-06-27,1.096882564944867,0.49615774392850487,1,prime
2026-06-27,0.43606386388365603,0.7518746804773695,1,prime
2026-06-27,1.4087588192854619,0.2743301648421014,0,prime
2026-06-27,1.1136624192000264,0.4203833453944607,1,prime
2026-06-27,-1.559182654910039,0.6707682117295806,1,prime
2026-06-27,-0.3256680228113281,0.5171260803794783,0,prime
2026-06-27,-0.794486718861109,0.0,0,prime
2026-06-27,0.27538369110850136,0.3311742285589348,0,subprime
2026-06-27,0.47264285418463003,0.8762087421836785,1,prime
2026-06-27,-0.5195497311987382,0.6170776189538475,0,prime
2026-06-27,-1.831317321278378,0.4189352341143521,0,prime
2026-06-27,1.1618608902408898,0.29050727524561126,1,prime
2026-06-27,-0.7173758138135377,0.6279053447620189,1,prime
2026-06-27,0.4159309609290929,0.8102896411838238,1,subprime
2026-06-27,0.4624353097083952,0.9011499112242327,1,prime
2026-06-27,1.1099609502884025,0.8526356491368952,0,subprime
2026-06-27,-0.8233296896109615,0.5389329258261658,0,subprime
2026-06-27,0.6168825811496514,0.7090612406863523,0,prime
2026-06-27,-0.3940818433073051,0.8602007526178521,1,prime
2026-06-27,0.6580338953745934,0.26313824678539455,0,prime
2026-06-27,0.5132735086120654,0.0,0,subprime
2026-06-27,1.341585760526581,0.5884409347774326,0,subprime
2026-06-27,1.2687110213403963,0.8039993435450817,1,prime
2026-06-27,0.2923029254902687,0.6511707702957904,1,prime
2026-06-27,0.14267806648729237,0.27591280888672365,0,prime
2026-06-27,0.1650729590405426,0.4061511885938632,0,subprime
2026-06-27,0.8576699116440311,0.9421096687111911,1,prime
2026-06-27,-0.08527285455574063,0.6796025781912312,0,prime
2026-06-27,-0.5302328534457662,0.6145716515140739,1,subprime
2026-06-27,-0.3094012578282951,0.5782131365199357,1,subprime
2026-06-27,0.6139735704649203,0.6107793638414409,1,prime
2026-06-27,-0.6514356206854436,0.5096041661140527,1,subprime
2026-06-27,-0.11646812107336402,0.6751818124752368,1,prime
2026-06-27,0.7991448862892768,0.7714622906108874,1,prime
2026-06-27,1.417951373182229,0.11903542568702188,0,prime
2026-06-27,-0.3229882691376943,0.3505824368914859,0,prime
2026-06-27,-0.596171782438201,0.533691249296706,1,prime
2026-06-27,1.1674019710956438,0.35200627473581947,0,prime
2026-06-27,0.9556379109684707,0.17188822757099034,0,subprime
2026-06-27,-2.146516069002331,0.9453599463324149,0,prime
2026-06-27,2.4735781814219697,0.1945763047874916,0,prime
2026-06-27,1.8829349779173676,0.8666263591408425,1,prime
2026-06-27,0.5959500978273006,0.6390809282064298,0,prime
2026-06-27,0.20825651773902648,0.6722499192673297,1,prime
2026-06-27,1.7995725350726541,0.08376992300679187,1,prime
2026-06-27,-0.7839793451575735,0.47957307543547434,0,prime
2026-06-27,1.2709924091852578,0.43949259286837683,1,prime
2026-06-27,2.8970174881836384,0.7967234539556833,1,prime
2026-06-27,1.7842219263365422,0.823429002797937,1,subprime
2026-06-27,-1.71143789303544,0.7210678669785384,1,prime
2026-06-27,0.6347029260087044,0.5691012137408129,1,subprime
2026-06-27,0.8847280028603071,0.19987526453940435,1,prime
2026-06-27,1.1398982544074159,0.0,1,prime
2026-06-27,1.857004292048702,0.5700653148349498,1,subprime
2026-06-27,0.2198551453780681,0.0,0,prime
2026-06-27,-0.06795823194277639,0.19750235193171461,0,prime
2026-06-27,0.3907348759134078,0.6983127398969072,1,prime
2026-06-27,0.7891359074447374,0.5988047455593466,0,prime
2026-06-27,-0.876108913570932,0.6837891182834175,1,subprime
2026-06-27,-0.04943146073553595,0.34439967397032184,0,prime
2026-06-27,-0.9550360443549198,0.4844248801734444,1,subprime
2026-06-27,-1.134367346276306,0.8018508665036315,1,prime
2026-06-27,-1.602475655102225,0.17023133868941798,0,subprime
2026-06-27,-0.5484201010027668,0.9416711068451027,1,subprime
2026-06-27,0.3276855810486317,0.7055388755814365,0,prime
2026-06-27,0.28944606611734297,0.3788115836202576,1,prime
2026-06-27,0.3279744181464684,0.31880318722277884,1,prime
2026-06-27,0.3827146440801778,0.3625191516369431,1,prime
2026-06-27,-0.280364583359467,0.4486687308828291,0,prime
2026-06-27,-0.5656520066166068,1.0,1,subprime
2026-06-27,3.3233446744826356,0.359509856666159,1,subprime
2026-06-27,1.172259077367305,0.0,1,subprime
2026-06-27,0.14614679154773386,0.503915146046257,0,prime
2026-06-27,-1.0173655818931522,0.4041258718752272,0,prime
2026-06-27,-1.123631950155913,0.6348801063852835,1,prime
2026-06-27,-2.361939629379089,0.7028707592761149,1,prime
2026-06-27,-0.2583776536740191,0.08720288050612024,0,prime
2026-06-27,-1.4161778419405944,0.44986754340027124,0,prime
2026-06-27,-0.06428966661453206,1.0,1,subprime
2026-06-27,0.48561687648229507,0.6231023650292822,0,subprime
2026-06-27,-0.440480601419596,0.5285424606588726,1,subprime
2026-06-27,-1.228369336090489,0.23944935823420999,1,prime
2026-06-27,0.34354698263648453,1.0,1,prime
2026-06-27,0.5831732555868877,0.274348905243355,1,subprime
2026-06-27,2.6328099177184776,0.5796330443502934,0,prime
2026-06-27,0.5265724016491545,0.5158983539466376,1,subprime
2026-06-27,0.19674760416086223,0.47510265411130764,0,subprime
2026-06-27,-0.4484135046754766,0.7166538263896596,0,prime
2026-06-27,1.4596257279840792,0.5024581531616509,0,prime
2026-06-27,0.7626628602867707,0.9117403400636829,1,prime
2026-06-27,1.9159290359972383,1.0,1,prime
2026-06-27,1.8457939776814847,0.0,1,prime
2026-06-27,1.0641075080093318,0.5160336691408545,0,prime
2026-06-27,1.0075827741328192,0.544126684586234,1,prime
2026-06-27,-0.078931507265813,0.37694414691902567,0,subprime
2026-06-27,-0.04352955867445618,0.29378381735850173,1,prime
2026-06-27,1.660922769857763,0.686870809511484,1,subprime
2026-06-27,1.3627403795265411,0.718611314007793,1,subprime
2026-06-27,1.3602725428070022,0.9213213440938901,1,prime
2026-06-27,-0.8478902647979808,0.3543009697361249,0,subprime
2026-06-27,0.8542652540197799,0.41475930935776395,1,subprime
2026-06-27,0.55892382477254,0.44340684593059565,1,prime
2026-06-27,0.5970122642493014,0.8137644307692762,1,prime
2026-06-27,0.0015614551850480218,0.5429871973258784,0,subprime
2026-06-27,-0.6488913187355229,0.7279091798960177,1,subprime
2026-06-27,0.21884146635600432,0.6490591539167573,1,prime
2026-06-27,1.4844884633627404,0.5164250447371306,0,subprime
2026-06-27,1.4846496931661601,0.48019676706292264,1,prime
2026-06-27,0.6720541084041072,0.0,0,subprime
2026-06-27,0.6435642070094191,0.666206231344332,1,prime
2026-06-27,-0.20387676502883467,0.8489720925134248,1,subprime
2026-06-27,-1.932681170336982,0.976325955589731,1,subprime
2026-06-27,-0.7479829124185525,0.5000172406725492,0,prime
2026-06-27,-0.6997350582502578,0.3980177591439536,0,subprime
2026-06-27,0.5749118406614148,0.5640624098882805,0,prime
2026-06-27,0.5690866278370913,0.45860767693700816,0,subprime
2026-06-27,1.1444474413162151,1.0,1,prime
2026-06-27,-0.21076556891556264,1.0,1,subprime
2026-06-27,1.4779427593844878,0.6577968001815564,0,prime
2026-06-27,2.837729014245614,0.6796208949534569,1,prime
2026-06-27,-0.03261338687182358,0.4216835779255137,0,prime
2026-06-27,0.02483141583718862,0.21058603769851122,0,prime
2026-06-27,1.0194975859820925,0.04148668024859753,0,prime
2026-06-27,2.1267129970957215,0.014890944044979648,0,prime
2026-06-27,1.197007509822354,0.557734095281854,1,subprime
2026-06-27,1.117946796969912,0.772639421856492,1,prime
2026-06-27,1.3546378116711484,0.6628162907977817,1,prime
2026-06-27,2.5640236536864114,0.506021799419245,1,prime
2026-06-27,0.13365990785715848,0.5633123516814079,1,prime
2026-06-27,3.016877262237854,0.6793624067006951,0,subprime
2026-06-27,0.7661772324818841,0.0,0,subprime
2026-06-27,1.0308766432627317,0.7683809934602363,1,prime
2026-06-27,1.3407216561175563,0.5844551002970144,1,prime
2026-06-27,0.49777934715246885,0.8090047775457431,1,prime
2026-06-27,-0.8697731491733381,0.0,0,prime
2026-06-27,0.011490595902837186,0.3718516960755257,1,prime
2026-06-27,1.484844888818898,0.22952363215360028,0,prime
2026-06-27,2.626802887659377,0.0,0,prime
2026-06-27,0.8967865549008276,0.562169726382668,1,prime
2026-06-27,0.27811155072254745,0.5523276017345069,0,subprime
2026-06-27,0.3905207208735816,0.5184792830913052,1,subprime
2026-06-27,1.2486505212865868,0.5766399786672126,0,prime
2026-06-27,0.6160662028016821,0.7223613209889657,1,prime
2026-06-27,0.3427808991244867,0.40222451744733406,0,subprime
2026-06-27,1.941632865749614,0.0,0,subprime
2026-06-27,0.6703559588473446,0.26792359454395337,0,subprime
2026-06-27,1.2177404017887379,0.9280481333082035,0,prime
2026-06-27,0.09969821664028589,0.9666508700998854,0,subprime
2026-06-27,0.1578567980383107,0.6252532076557215,1,prime
2026-06-27,2.4868922009295655,0.809958444471943,0,prime
2026-06-27,0.3636056152163801,0.42098618639147656,0,subprime
2026-06-27,-0.5187760180687867,0.5527706425418464,1,prime
2026-06-27,-0.5951190938506071,0.26818302380744286,0,prime
2026-06-27,1.4717041367149433,1.0,0,prime
2026-06-27,1.4655443441867324,0.07506151552499413,0,prime
2026-06-27,1.855560812718362,0.21073987959426294,1,prime
2026-06-27,2.1198666613144495,0.018094572068510673,0,prime
2026-06-27,1.2063742687824628,0.8802976818154293,1,prime
2026-06-27,-0.162544193626743,0.03754142919655251,0,subprime
2026-06-27,-0.09724836250043778,0.8517480867022938,1,subprime
2026-06-27,0.6895761074324612,0.7967716847136604,1,prime
2026-06-27,0.6114830776888897,0.8565315521496881,1,subprime
2026-06-27,0.4969893511677833,0.15959447082917727,0,prime
2026-06-27,-0.91837586736181,0.0,0,prime
2026-06-27,0.6278303387356461,0.6291018954926942,1,prime
2026-06-27,-0.24409226087765634,0.45868951826358734,0,prime
2026-06-27,1.7404656477545726,0.43865054305452533,0,prime
2026-06-27,-0.008058226308951144,0.2887202624800436,1,prime
2026-06-27,0.5341547706916896,0.8355273291060274,1,subprime
2026-06-27,-0.7549291462379494,0.42211935761939323,0,prime
2026-06-27,0.951843459990358,0.1767345483083493,0,subprime
2026-06-27,0.03462515993359194,0.2942406037556894,0,prime
2026-06-27,0.33339726760086025,0.4187895513041967,0,prime
2026-06-27,1.1548672592764513,0.2541179942933841,0,prime
2026-06-27,2.5407476563964733,0.18281726184464295,0,prime
2026-06-27,0.7120634823400471,0.3224437532051404,0,prime
2026-06-27,-0.7554967792795059,1.0,1,prime
2026-06-27,0.20207659784370907,0.5871144971250954,0,prime
2026-06-27,-0.3759030771099764,0.22166879684905105,1,prime
2026-06-27,1.2965973929381511,0.6792889639642858,1,subprime
2026-06-27,0.28650719594562396,0.7087745268841783,1,subprime
2026-06-27,2.237455520851744,0.0,0,prime
2026-06-27,0.46826763836097224,0.464522005078022,0,prime
2026-06-27,-0.07803649645715793,0.3142189560898389,1,subprime
2026-06-27,2.3869281937196454,0.6440664963370109,0,prime
2026-06-27,0.4631135442884595,0.24010887601026953,0,prime
2026-06-27,0.4820389214377674,1.0,0,prime
2026-06-27,-0.0392140502762941,0.3001387832414203,1,prime
2026-06-27,0.9664117651825437,0.34411872704396945,0,prime
2026-06-27,1.0738207610138089,0.0,0,prime
2026-06-27,-0.8439019548233869,0.6966098399068266,1,prime
2026-06-27,0.44349854458791027,0.567054500742049,0,prime
2026-06-27,0.8324030296749274,1.0,1,prime
2026-06-27,-0.041239606951440355,0.9605368398446306,1,prime
2026-06-27,0.5869239647702662,0.4840705399481975,1,prime
2026-06-27,0.5128199528450268,0.5378656678728428,1,prime
2026-06-27,-0.054541197908816286,0.9994135122188694,0,prime
2026-06-27,-1.2397303410575145,0.6103293051067513,1,prime
2026-06-27,0.7020320901041359,0.7785246554692142,0,prime
2026-06-27,-0.4177852732148991,0.8294003149968199,0,prime
2026-06-27,2.1429155261953947,0.683019943848497,0,prime
2026-06-27,-1.1877940246598375,0.6708318401941715,1,prime
2026-06-27,0.015615999195085828,0.0,0,prime
2026-06-27,0.7514612350572428,0.4630933812517057,0,subprime
2026-06-27,-0.42163648961352995,1.0,1,prime
2026-06-27,0.8980562680045732,0.0,0,prime
2026-06-27,1.2232476710808213,0.6553353619530629,0,prime
2026-06-27,0.40320545965518484,0.26634886399736946,0,prime
2026-06-27,0.6446240118396575,1.0,1,prime
2026-06-27,-1.2869896999083488,0.0,0,prime
2026-06-27,-0.49168336208392904,0.13193755077202096,0,subprime
2026-06-27,-0.6351305328255098,0.4455318387165986,0,prime
2026-06-27,-2.1132262182776116,0.4677951527798129,0,subprime
2026-06-27,1.6311211346190881,0.6216139912541365,0,prime
2026-06-27,1.3995334509774164,0.5633130876424779,0,prime
2026-06-27,0.2992906161183321,0.3604479217691413,0,prime
2026-06-27,-0.4261657819498629,0.9691315339241804,1,prime
2026-06-27,1.64150007775822,0.8367877601153364,0,prime
2026-06-27,0.48344207226332125,0.15992230928561074,0,subprime
2026-06-27,0.5585808480427736,0.5120522412832301,0,subprime
2026-06-27,-0.0001645968997158187,0.5057882360258881,0,subprime
2026-06-27,1.2105909586248655,0.43546759500333143,0,subprime
2026-06-27,1.301143311695267,0.4115450785375642,0,prime
2026-06-27,-1.0043059897422948,0.5368600643803431,0,subprime
2026-06-27,3.4071763014440597,0.12426066435337069,1,prime
2026-06-27,2.3244941196261992,0.2386522063824149,0,subprime
2026-06-27,0.525574893706561,0.0,0,prime
2026-06-27,1.1465630316038964,0.215485213577593,0,prime
2026-06-27,2.4841073043477127,0.6140339512243609,1,subprime
2026-06-27,2.221731207432059,0.7020207830554934,1,subprime
2026-06-27,0.26694474813051494,0.6400607885370728,1,subprime
2026-06-27,0.7475620994039944,0.8272562089999508,1,subprime
2026-06-27,0.3213151016566125,0.0,0,prime
2026-06-27,0.3599543001818205,0.6576048074647555,0,prime
2026-06-27,-0.6885285352810225,0.1709454835245304,0,prime
2026-06-27,2.287642952517388,0.9880008858714276,1,subprime
2026-06-27,1.236883727543899,0.5558134161377317,0,prime
2026-06-27,1.2958541772321999,1.0,1,subprime
2026-06-27,2.103650686890741,0.40494287922666816,0,prime
2026-06-27,0.9687673571650558,0.8694343094775239,1,subprime
2026-06-27,1.019647039325238,0.27367018939049303,0,prime
2026-06-27,0.425576233040595,0.2368052616166793,0,prime
2026-06-27,0.22422189300931195,0.5657120196015621,0,prime
2026-06-27,1.4601853681533896,0.02030228514046567,0,prime
2026-06-27,0.48732159329236263,1.0,1,prime
2026-06-27,1.0177898248884076,0.0627735499394485,1,prime
2026-06-27,1.4018548873411678,0.3057778662246481,1,prime
2026-06-27,1.1254458597930341,0.40545710543713864,0,prime
2026-06-27,-0.540888482948321,0.11527944750838834,0,prime
2026-06-27,0.6592284113579969,0.48684695404445044,0,prime
2026-06-27,1.2895185520288703,1.0,1,subprime
2026-06-27,0.2794991662203209,0.9775231710678223,1,subprime
2026-06-27,-0.5360851184508423,0.6491458778900496,0,prime
2026-06-27,0.3019153402363869,0.34924676576274505,1,prime
2026-06-27,1.6267453067114754,0.48256840126627737,0,prime
2026-06-27,-0.11986048391229853,0.6009925486576178,1,prime
2026-06-27,-0.3675249362289549,0.7959753732533522,1,subprime
2026-06-27,0.8641363576236571,0.5364906809818651,1,prime
2026-06-27,0.5953329553701282,0.2833328522135725,0,prime
2026-06-27,0.09299384283395712,0.7965130273474986,1,subprime
2026-06-27,0.25028581253679316,0.3975011847185219,1,prime
2026-06-28,1.9751383314184405,1.0,1,prime
2026-06-28,2.4974085047942314,1.0,1,prime
2026-06-28,0.2954873894594912,0.46110180041603105,0,subprime
2026-06-28,1.6905835917423389,0.628853801407252,1,prime
2026-06-28,0.7063140670864049,0.00954828828986809,0,prime
2026-06-28,1.2434509653348844,0.8241209113567938,0,prime
2026-06-28,0.6250914328742803,0.03714819255288043,0,prime
2026-06-28,-1.0235093179499328,0.49661671812413,0,subprime
2026-06-28,0.14047047548256553,0.23501118628447035,0,prime
2026-06-28,-0.8783548618617208,0.4660377689747428,0,subprime
2026-06-28,0.25007505118662376,1.0,1,subprime
2026-06-28,0.8808784225988446,0.35285948680805734,0,prime
2026-06-28,1.4232521593136893,0.07283158483018637,0,prime
2026-06-28,1.90483294203385,0.6811883574535988,0,subprime
2026-06-28,1.1676513119177367,0.3122954174951904,0,subprime
2026-06-28,1.951949991507845,0.5618738510475055,1,prime
2026-06-28,0.4783741795186407,0.7582970448451563,1,subprime
2026-06-28,1.2861121482737907,0.033972271296268064,0,subprime
2026-06-28,-0.08211607269920695,0.19380193942144971,0,subprime
2026-06-28,1.6024148268272622,0.0,0,prime
2026-06-28,1.5664304258231616,1.0,1,subprime
2026-06-28,0.9345191389950867,0.5554340702089295,0,prime
2026-06-28,0.27015424498951984,0.7517209556292112,1,prime
2026-06-28,1.3093591130776967,0.6307049627025518,1,subprime
2026-06-28,1.2311711205761815,0.5574537435955252,0,prime
2026-06-28,1.6931133707858526,0.746157929486977,0,prime
2026-06-28,0.5905920820199875,0.11280463487500225,0,prime
2026-06-28,-0.5871207913177966,0.7374917642989518,1,subprime
2026-06-28,0.15421323057576225,0.6194735734842582,1,prime
2026-06-28,-0.2698274347927968,0.49943768761235374,0,prime
2026-06-28,-0.677809890371296,0.47135741289856636,0,prime
2026-06-28,0.008323221813462678,0.3796511050787596,1,prime
2026-06-28,1.948837068280525,0.44154585021937287,1,prime
2026-06-28,-0.3945168423506351,0.0,0,subprime
2026-06-28,0.8399316041170408,0.43833454229015456,1,subprime
2026-06-28,1.0097735145769264,0.5599087967714906,1,subprime
2026-06-28,0.10837589700346989,0.9540731693761265,0,prime
2026-06-28,-0.15097357743706907,1.0,1,prime
2026-06-28,-0.34151522355280395,0.6836249839852583,1,subprime
2026-06-28,-0.7338948359006806,0.6231018491142057,1,prime
2026-06-28,0.4322124403386171,0.4878719593244843,0,prime
2026-06-28,1.410929107840925,0.43982189826948637,1,prime
2026-06-28,0.4580965602551661,0.7300695897270164,0,subprime
2026-06-28,2.4343589378002344,0.6951720399231004,1,subprime
2026-06-28,0.31612100031193474,0.67779390915616,0,prime
2026-06-28,0.31060945897206027,0.0,0,subprime
2026-06-28,0.9094397892778885,0.541266670258782,1,prime
2026-06-28,0.7175978742947009,1.0,1,subprime
2026-06-28,-0.8223754430691882,0.0,0,prime
2026-06-28,0.052785559518834124,0.005360243819214572,0,prime
2026-06-28,-0.1290173006081482,0.699096016893094,0,prime
2026-06-28,1.384371331825532,0.6163821680713814,0,subprime
2026-06-28,1.1167100418406712,0.6565543427158783,0,prime
2026-06-28,0.2508325311015927,0.32036710349188424,0,subprime
2026-06-28,1.8279996042356341,0.8015694159834674,1,prime
2026-06-28,1.0478183041939835,0.2616103147248131,1,prime
2026-06-28,0.6234968236174121,0.3581917504485601,0,prime
2026-06-28,-0.0388953125316166,1.0,1,prime
2026-06-28,2.3811649730809497,0.3300413638653787,0,prime
2026-06-28,0.8668138769248129,0.956353827608668,1,prime
2026-06-28,1.8822090550733557,1.0,1,prime
2026-06-28,0.7407110485693298,0.2653613042607367,0,subprime
2026-06-28,-0.33948006072963377,0.4289352841179824,0,prime
2026-06-28,0.3485046492910386,0.843903549216923,0,subprime
2026-06-28,2.365515727827312,0.6082465820072731,0,prime
2026-06-28,1.9080195482974802,0.458804837493787,0,prime
2026-06-28,0.9153985614506985,0.7424189652981756,0,prime
2026-06-28,1.7507528303872673,1.0,0,prime
2026-06-28,2.4545505819311693,0.07943247819641241,1,subprime
2026-06-28,-0.4800924913960313,0.6698057223153612,0,subprime
2026-06-28,-0.671663394141783,0.10517229246308502,1,prime
2026-06-28,1.4198403926042191,0.39809601904837977,0,prime
2026-06-28,0.045873923440708064,0.46994945979123603,1,subprime
2026-06-28,-1.178914113906802,0.18413928929457507,0,prime
2026-06-28,-0.11732377172741526,0.19107295810511118,0,prime
2026-06-28,-0.5618428420023113,1.0,1,subprime
2026-06-28,-1.031335702950289,0.16418019173198561,0,subprime
2026-06-28,0.10319546866470641,0.33741217070964397,0,prime
2026-06-28,-1.0248728462850165,0.5953416111485319,1,subprime
2026-06-28,-0.42214527837985305,0.3696356221017054,0,prime
2026-06-28,-0.3763096519891168,0.2912173528347688,1,subprime
2026-06-28,-0.06725000272235104,0.8096837867388906,1,prime
2026-06-28,1.003700794319189,0.603580007748762,0,prime
2026-06-28,2.160724090967916,0.2538369267745546,1,prime
2026-06-28,1.764507915740971,0.985773364197172,1,prime
2026-06-28,1.4843940920007483,0.7041389218110429,1,prime
2026-06-28,-0.2003320524812091,0.21466147803427615,1,prime
2026-06-28,-0.8004671315154995,0.4014005786256653,0,subprime
2026-06-28,-0.2492420471534348,0.7160874500354522,1,prime
2026-06-28,0.42972770678901917,0.3112864730757926,1,prime
2026-06-28,-0.5288039825796619,0.6529456052647984,0,prime
2026-06-28,1.2238679863743853,0.36592030017518895,0,prime
2026-06-28,1.1623541719206818,0.11978111812998249,1,prime
2026-06-28,0.5883732446157733,0.9192762266987196,1,subprime
2026-06-28,1.217438564133048,0.0,0,prime
2026-06-28,-0.7806000495330262,0.0,0,prime
2026-06-28,1.0322582089390848,0.4872524413603525,0,prime
2026-06-28,-0.004463505532638856,0.430258062158828,0,prime
2026-06-28,2.0389815941859912,0.20155230206349128,1,subprime
2026-06-28,1.019591929714897,0.8458593022385009,0,subprime
2026-06-28,1.0514260948079193,0.2598786185786514,0,prime
2026-06-28,-0.1967716163312666,0.8397561605742458,1,subprime
2026-06-28,0.9953308482120693,0.5900004591731489,1,prime
2026-06-28,0.389286348598003,0.12199825920788901,0,subprime
2026-06-28,0.9777383257633847,0.8404048701684363,0,prime
2026-06-28,-0.2543468635247309,0.16477823618186588,0,prime
2026-06-28,-1.770026482504294,0.641724941941316,0,subprime
2026-06-28,-0.9697757403886517,0.1439437130027481,1,prime
2026-06-28,0.3898591094112036,0.41556034789613033,0,prime
2026-06-28,0.30213451989614876,0.0,1,subprime
2026-06-28,-0.825053950173858,0.7115454268356791,0,prime
2026-06-28,-0.07295672560463495,0.18886365544158082,0,prime
2026-06-28,0.35309500653652703,0.5796921810156674,1,subprime
2026-06-28,-0.29828594572278155,0.3476857308219333,0,subprime
2026-06-28,-0.025196658090196555,0.7029821246721428,0,subprime
2026-06-28,0.09754300259796655,0.0,0,prime
2026-06-28,1.2254910334692988,0.6109924504961799,1,prime
2026-06-28,1.1607012380343833,0.7453128809388303,0,subprime
2026-06-28,0.9743696741452726,0.6360814912148274,0,prime
2026-06-28,1.4781116445183953,0.6202464650451764,0,subprime
2026-06-28,2.438380858659855,0.0,0,subprime
2026-06-28,1.5537468350501775,0.26864951415542343,1,prime
2026-06-28,1.1211715193989686,0.25304122298038606,0,prime
2026-06-28,3.328349985711189,0.30383706891568274,0,subprime
2026-06-28,1.5758019292917123,0.2704692859633576,1,prime
2026-06-28,0.4739810864321803,0.34006695639971407,0,prime
2026-06-28,1.538631398364065,0.6761959552613958,1,prime
2026-06-28,-0.8085517721023089,1.0,1,prime
2026-06-28,0.8774593330499649,0.6104460916470743,1,subprime
2026-06-28,1.783394923288427,0.6569462898817439,0,prime
2026-06-28,1.1220619762397115,0.6765394314083127,1,prime
2026-06-28,-0.09157065761563432,0.6219047703630753,1,subprime
2026-06-28,1.275257121219067,0.1265968203898171,0,subprime
2026-06-28,1.8982102324576808,0.20108156178971254,0,prime
2026-06-28,1.1797655453982276,0.9937882013789312,1,prime
2026-06-28,1.4061244323879136,0.6991362449217724,1,subprime
2026-06-28,-0.04465937076266013,0.3461242548521526,1,prime
2026-06-28,-0.4591129915186002,0.3406419494549173,1,prime
2026-06-28,0.46249036455714077,0.4978570022262036,0,prime
2026-06-28,0.8355766595383779,0.9087202548491409,1,prime
2026-06-28,1.8183054166059454,0.32646999285258166,0,prime
2026-06-28,0.8733629682848272,0.3549216464776532,0,subprime
2026-06-28,1.5666124945296906,0.6150615454991835,0,prime
2026-06-28,-1.0457252840174767,0.6773829515327524,1,prime
2026-06-28,1.7118926283196738,0.5553115624170503,1,subprime
2026-06-28,1.1806833745013978,0.3887744268098767,0,subprime
2026-06-28,-0.07096732429753816,0.038163250826912465,0,subprime
2026-06-28,0.41634518611346594,1.0,1,subprime
2026-06-28,2.6884144575672075,0.5321071886698991,1,prime
2026-06-28,-0.6693582849605312,0.596810072012308,0,prime
2026-06-28,0.3905420962724645,0.9374851392482855,1,prime
2026-06-28,1.9468745435209582,0.0,0,prime
2026-06-28,0.7265535531728067,0.22611516364904316,1,prime
2026-06-28,1.786509189478826,0.017554044224038556,0,subprime
2026-06-28,1.231333610504651,0.8489632455996414,1,prime
2026-06-28,1.6921966033260865,0.5910501694380115,1,prime
2026-06-28,0.9010010808955522,0.3298084449040514,0,prime
2026-06-28,1.1433353147487466,0.7200098121315629,1,prime
2026-06-28,1.588565858422882,1.0,1,prime
2026-06-28,0.22027574544002754,0.36686293862520175,0,prime
2026-06-28,0.8520060414656739,0.0924572293043005,0,subprime
2026-06-28,-0.5362826057925624,0.5745873359908852,1,subprime
2026-06-28,0.13940680053660504,0.22049153323711249,0,subprime
2026-06-28,-0.096346413231716,0.4754892901203682,1,prime
2026-06-28,-0.8933808130237574,0.5515866177230068,0,subprime
2026-06-28,0.8932659984215733,0.8833143949073174,0,subprime
2026-06-28,0.015462963341423275,0.4254875272249147,0,prime
2026-06-28,-0.18954681846628296,0.48898335315150476,1,prime
2026-06-28,-0.0801337504546128,0.15003254700199092,1,prime
2026-06-28,1.0641009404527426,0.3812906927714389,1,subprime
2026-06-28,0.912125388717987,0.0,1,prime
2026-06-28,2.537741380805712,0.651533476089406,1,prime
2026-06-28,1.276854493314735,0.6042629960265873,1,prime
2026-06-28,-0.07625295412031674,0.1626993544677492,0,prime
2026-06-28,0.49288999956618895,0.3301932843405212,0,prime
2026-06-28,-0.19216717528114158,0.5870756285229005,0,prime
2026-06-28,1.4390069819893572,0.43871794710975187,1,prime
2026-06-28,1.3382877838932572,0.5354875161612085,1,prime
2026-06-28,0.03365063244163036,0.40692815741706206,1,prime
2026-06-28,0.956815100580473,0.21420860940225556,1,subprime
2026-06-28,-0.2093603082973473,0.5427027777908036,0,prime
2026-06-28,0.2591088404297115,0.561518287169549,1,prime
2026-06-28,0.6511242724194289,1.0,1,prime
2026-06-28,2.404620854042074,0.4962065168352112,1,prime
2026-06-28,0.36158643830563464,0.6010763558327088,1,subprime
2026-06-28,1.1221303748628366,0.92545924064445,1,prime
2026-06-28,-0.04599093947480881,1.0,1,subprime
2026-06-28,1.7043386425073423,0.5457018694330158,1,prime
2026-06-28,1.2871091480615244,0.22126102863698963,0,prime
2026-06-28,0.9211162047894353,0.49242598451129616,1,subprime
2026-06-28,-0.1522619868109556,0.39020792576787466,1,prime
2026-06-28,0.834573685846661,1.0,0,prime
2026-06-28,2.4752853006401474,0.6034226222457152,0,prime
2026-06-28,-0.10505678438958732,0.1877178572377078,0,subprime
2026-06-28,1.282657194202838,0.0,0,prime
2026-06-28,0.4932631158723568,0.0,0,prime
2026-06-28,0.771858003770619,0.46378452457177044,1,prime
2026-06-28,-0.45630329562555805,1.0,0,prime
2026-06-28,0.5082292735051002,0.29679935633744997,1,prime
2026-06-28,-0.692025818853408,0.3314899737588236,1,prime
2026-06-28,-0.6284326222539051,0.3004695877173485,0,prime
2026-06-28,0.3604183105451691,0.5801415004122081,0,subprime
2026-06-28,1.880928624737618,0.6914824820260614,1,prime
2026-06-28,1.7283386169054067,0.07788184759941424,0,prime
2026-06-28,0.1671941717745264,0.1570390783519433,1,prime
2026-06-28,1.4566005751491966,0.18442091739141495,0,subprime
2026-06-28,0.6102082815489988,0.3770807405742738,1,prime
2026-06-28,1.9502106228885578,0.08103024893157174,1,prime
2026-06-28,-0.05409225818426877,0.6023617926169058,1,prime
2026-06-28,2.054788508007934,0.9422230344560685,0,subprime
2026-06-28,2.031146542002644,0.34644783462679507,1,subprime
2026-06-28,-0.45551522702745995,0.6558890885752748,0,prime
2026-06-28,2.4295813139041744,0.6022672937740706,0,prime
2026-06-28,0.7667541165613033,0.7054258591769276,1,subprime
2026-06-28,0.24201362742956356,0.7087852306099401,0,subprime
2026-06-28,2.3890046124953663,0.7690988403386427,1,prime
2026-06-28,1.9725201687698806,0.0,1,prime
2026-06-28,-0.16484589036559005,0.8300555388042592,1,prime
2026-06-28,1.7224354019002845,0.3229164821827829,0,prime
2026-06-28,0.8857333626941284,0.8965711307593591,1,prime
2026-06-28,0.08881505125337419,0.11498892924257689,0,prime
2026-06-28,2.118269412003261,0.547718082432089,0,prime
2026-06-28,-0.12956640110968443,0.44344532658332436,0,prime
2026-06-28,1.3347955342372515,0.0,0,prime
2026-06-28,-0.7183147216976552,0.058620841459155915,0,prime
2026-06-28,1.6009086727709299,0.43818348097423554,1,subprime
2026-06-28,0.4677958943687538,0.23635651480210434,1,subprime
2026-06-28,0.7214087588115617,1.0,1,prime
2026-06-28,-1.2445349464728985,0.6313564137106493,0,prime
2026-06-28,-0.822714016935476,0.706268966737055,1,prime
2026-06-28,-0.8150115657260645,0.07088578396938927,1,subprime
2026-06-28,2.7738390009331564,0.8046320447250909,0,prime
2026-06-28,0.9696632693618092,0.0,0,prime
2026-06-28,1.3997717776228291,1.0,1,prime
2026-06-28,1.4116275496025255,0.0,0,prime
2026-06-28,1.5694448147523783,0.5373624103179975,1,prime
2026-06-28,0.4777185004899258,0.4598432532677863,0,prime
2026-06-28,-0.34479811307260744,1.0,1,prime
2026-06-28,2.7672942535519462,0.40477034770581155,1,subprime
2026-06-28,-1.0475572080631697,0.36631921189660643,0,prime
2026-06-28,0.07328242515101191,0.5715176666878,0,prime
2026-06-28,0.9496400887834324,0.6256852353170987,0,prime
2026-06-28,1.3574219983704223,0.5479196173711823,1,prime
2026-06-28,-0.6182881642808508,0.29393116204208913,0,prime
2026-06-28,0.43898831997835897,0.7531685586135219,0,prime
2026-06-28,-0.4528969814641647,0.5342236394317093,1,prime
2026-06-28,1.4369557953571463,0.6901042869083795,1,subprime
2026-06-28,2.204754966773805,0.8100295468218075,1,prime
2026-06-28,1.3041901149208055,0.49613998763942363,0,prime
2026-06-28,0.8219187338095943,0.9447828950255718,1,subprime
2026-06-28,-1.3416544553559473,0.6310216742460917,0,prime
2026-06-28,0.29690254008376016,0.7542199369993059,1,subprime
2026-06-28,0.7408244329683351,0.37377496396191817,1,subprime
2026-06-28,-0.16868019275457546,0.6574517951147758,0,subprime
2026-06-28,0.35137927147103276,0.6204672067979856,1,subprime
2026-06-28,-1.1043114550211621,0.9098477535966308,0,prime
2026-06-28,0.43542173442972165,0.4661908255481707,1,prime
2026-06-28,2.225601402896771,0.611829900601121,0,prime
2026-06-28,-1.014394036692344,0.43684627013603883,0,prime
2026-06-28,0.5197090510599613,0.17477135234397262,0,prime
2026-06-28,0.0747840891484357,0.5554958610355198,0,prime
2026-06-28,1.83409556528323,0.6495495731970993,0,prime
2026-06-28,0.166719084192266,0.455586828641077,1,prime
2026-06-28,1.050247569789804,0.2291354048034307,0,subprime
2026-06-28,1.277531052764914,0.766484951369567,1,prime
2026-06-28,2.636946936176348,0.1434782425088993,0,prime
2026-06-28,1.521292319512356,0.33880547323585514,0,prime
2026-06-28,0.1274627522462034,0.2518189190924984,0,prime
2026-06-28,-0.564793935513869,0.8485498565236407,1,subprime
2026-06-28,-0.2526443799914674,0.04365560289290299,0,prime
2026-06-28,0.9034418114991298,0.9223960519891603,1,prime
2026-06-28,0.035130894766373655,0.09597258094050354,0,subprime
2026-06-28,0.6949418563147233,0.384258778286219,0,subprime
2026-06-28,-0.7158959485901216,0.1725180719711479,0,prime
2026-06-28,0.4525753062063522,0.4924243762486833,1,prime
2026-06-28,0.458392052492526,0.05940421416425279,1,prime
2026-06-28,-0.21476417344194465,0.16596041546407783,0,prime
2026-06-28,1.3554267277103227,0.4042897536915545,0,prime
2026-06-28,-0.5199958689927481,0.14095286320525857,0,prime
2026-06-28,1.867369387667941,0.38657576959815637,0,prime
2026-06-28,2.617980778795046,0.5368170739372038,0,prime
2026-06-28,0.32786228643003246,0.9288135360235437,1,prime
2026-06-28,1.161864798914786,0.7077137202178811,0,prime
2026-06-28,0.6253738415478461,0.7827654128753905,1,subprime
2026-06-28,1.4062920530935594,0.6707371104510585,1,subprime
2026-06-28,2.3493298530606364,0.7133951321821236,1,prime
2026-06-28,-0.2010709634930843,0.2444684641238346,0,subprime
2026-06-28,0.2076391584439602,1.0,1,prime
2026-06-28,2.078041204527516,1.0,1,subprime
2026-06-28,1.1317517163795023,0.9440244462773089,0,prime
2026-06-28,0.4015931281788734,0.40647672191655526,0,prime
2026-06-28,-0.4310897306066749,0.9185395237475618,1,prime
2026-06-28,0.06806250717514173,0.4198453606163185,1,prime
2026-06-28,1.5115440779724034,0.35464128448515836,1,prime
2026-06-28,0.7782327494856742,0.5842353934455171,1,prime
2026-06-28,0.3322349092007998,0.5892133856850662,1,prime
2026-06-28,-0.7517222649777157,0.43877320949735155,0,subprime
2026-06-28,1.0452881180360958,0.2977882966878619,0,subprime
2026-06-28,-0.3460859083042066,0.4227354352495849,1,prime
2026-06-28,0.2382417115703105,0.060956964437166694,0,subprime
2026-06-28,0.18291138870688606,0.0,0,prime
2026-06-28,3.092607957160969,0.0,0,prime
2026-06-28,0.6650885370388955,0.9312506091741306,1,prime
2026-06-28,1.4608216271628898,0.4504457942424932,0,prime
2026-06-28,0.6478245038732586,0.44422476483995404,0,prime
2026-06-28,1.034590297231812,0.571162125629449,0,subprime
2026-06-28,0.5771500735161998,0.20491735436978442,0,subprime
2026-06-28,1.8769736328912288,0.3077493117455821,0,prime
2026-06-28,2.43996281021366,0.23854960620559368,1,prime
2026-06-28,0.5078838194524017,0.3487690387181166,0,prime
2026-06-28,-0.14770431869455014,0.12285166599243125,0,prime
2026-06-28,2.017522802408598,0.2617723395744335,1,prime
2026-06-28,1.0659024713913405,0.0,0,prime
2026-06-28,-0.2911182667673652,0.5431052822488791,0,prime
2026-06-28,-1.2362698581887241,0.41151433737023574,0,prime
2026-06-28,0.7233800399540764,0.0,0,subprime
2026-06-28,2.0270325794604322,0.0,0,prime
2026-06-28,0.4663855246134626,0.8622435297803102,1,subprime
2026-06-28,0.7395728799375298,0.652873172715346,1,prime
2026-06-28,-0.12691443898607346,0.3258702280553831,1,prime
2026-06-28,1.1414581003795559,0.6273826091843228,0,subprime
2026-06-28,-0.10272358951310279,0.5314760414380618,0,subprime
2026-06-28,2.9764187533889905,0.7039139308466577,1,prime
2026-06-28,1.70674977654456,0.8915928550345434,1,prime
2026-06-28,1.0585697682577722,0.3727814481776629,0,subprime
2026-06-28,2.4712030894405657,0.8190869284874105,1,prime
2026-06-28,2.053278074213638,0.3284185972119567,0,prime
2026-06-28,1.7122020328504952,0.6158134932816103,1,prime
2026-06-28,0.3079365087616745,0.23047271738264735,1,subprime
2026-06-28,0.18389135901089476,0.0,0,prime
2026-06-28,0.9913497229747275,0.7395750186989679,1,prime
2026-06-28,0.6128920327509874,0.0,0,prime
2026-06-28,2.234578145804797,0.4046963617690537,0,prime
2026-06-28,1.3316803258098957,0.17733149236936596,0,prime
2026-06-28,1.5455951943441986,0.6271446585316904,0,subprime
2026-06-28,0.9883464484583722,0.8141286374496811,1,prime
2026-06-28,0.23205080546196816,0.22586119159159126,0,subprime
2026-06-28,0.8240178194485102,0.04464080207556442,1,prime
2026-06-28,-0.27174401503834,0.40409757711087635,0,prime
2026-06-28,0.5586095964162571,0.3193703337971986,1,prime
2026-06-28,0.8942283870738765,0.34140938612469046,0,prime
2026-06-28,1.5950448245686968,0.910580137017975,1,subprime
2026-06-28,2.6340495986561745,0.6581623222241151,1,prime
2026-06-28,0.9015247062266168,0.08727596171352747,1,prime
2026-06-28,2.2452086297590825,0.6020012862603732,1,prime
2026-06-28,1.8085909296198115,0.6435406949295933,0,prime
2026-06-28,0.274611051208519,0.024206817416928372,0,prime
2026-06-28,0.1490235469107165,0.5951149739392735,0,prime
2026-06-28,1.908182722373494,0.4328104345771109,0,subprime
2026-06-28,0.9281682758729617,0.0,1,subprime
2026-06-28,-0.1793753656428293,0.47624625284336897,1,prime
2026-06-28,0.037125817241097536,0.5965148210177231,0,prime
2026-06-28,0.8971300187844202,0.2419142184718016,0,prime
2026-06-28,-0.19048866833209688,1.0,1,prime
2026-06-28,0.3464406021593029,0.671940772092614,1,prime
2026-06-28,-0.7247824291504997,0.3273731942480062,0,subprime
2026-06-28,-0.173566948792229,0.7160219474109897,1,subprime
2026-06-28,0.07132897712561181,0.0,0,subprime
2026-06-28,0.5328116699588241,0.6940045921991342,0,prime
2026-06-28,-0.17634287922503855,0.5490370737651802,0,subprime
2026-06-28,2.3877618158879246,0.6503291404106288,0,prime
2026-06-28,0.5502968249081903,1.0,1,prime
2026-06-28,1.2485073620681768,0.37753827508187887,0,subprime
2026-06-28,2.8659331225596376,0.0,0,prime
2026-06-28,-0.9226745649753466,0.710539835348803,1,prime
2026-06-28,0.7251907808967653,0.765743066082668,1,prime
2026-06-28,0.08789073670155179,0.6476282473218826,1,prime
2026-06-28,1.1717843599718876,0.4846659770750703,1,subprime
2026-06-28,0.5003359517549931,0.5686174781082229,1,prime
2026-06-28,0.8044185526848471,0.39888614739212186,0,prime
2026-06-28,-2.3631452253983114,1.0,1,prime
2026-06-28,0.04748688464479267,1.0,1,subprime
2026-06-28,0.4703064772075415,0.6678127653647763,0,prime
2026-06-28,0.8519703118811018,0.44910978522090167,0,prime
2026-06-28,-0.07336381034450634,0.0,0,subprime
2026-06-28,1.012204953664014,0.30926890210793073,0,prime
2026-06-28,1.1256838744453348,0.6416800966061604,1,prime
2026-06-28,-0.5963419444515704,0.6036999949095608,1,subprime
2026-06-28,0.8069027275335685,0.33714954174890477,1,prime
2026-06-28,0.19516622981091458,0.08715041696103387,0,prime
2026-06-28,0.34962380619943817,0.26417905265992947,1,prime
2026-06-28,0.45322638958622635,0.26748318731987586,0,prime
2026-06-28,0.3502487209635107,0.0,0,subprime
2026-06-28,0.9288767061350989,0.2325056362982803,0,subprime
2026-06-28,-0.7024891350746335,0.533626514402668,0,subprime
2026-06-28,-0.01769220249693726,0.04180795328370801,0,prime
2026-06-28,2.0615028916958984,0.32662660192572085,0,subprime
2026-06-28,0.3846423620282803,0.10839631967402746,0,subprime
2026-06-28,1.649020571426465,0.3595455882211882,0,subprime
2026-06-28,0.131583277395511,0.5371249661198443,0,prime
2026-06-28,1.361676383916497,0.21121944278711396,1,prime
2026-06-28,0.6988368990594412,0.3826519827067363,1,prime
2026-06-28,1.6133154082156413,0.5323012656798664,0,prime
2026-06-28,1.5714133577996958,0.14378426969626934,1,prime
2026-06-28,1.904271106877132,0.21277559624689904,0,subprime
2026-06-28,-0.7781067218366718,0.5665633635250306,0,subprime
2026-06-28,0.670185467152591,0.5645501352221428,1,prime
2026-06-28,-1.895603199231887,0.5059682855693755,1,prime
2026-06-28,1.9438996162858815,1.0,1,subprime
2026-06-28,0.7755097604668968,0.34496131942145775,1,prime
2026-06-29,-1.6494351937205673,0.44571421064762073,0,prime
2026-06-29,0.9136121765724929,0.820787223805162,0,prime
2026-06-29,-0.035210719957637915,0.9383465121674803,1,prime
2026-06-29,0.408820039240957,1.0,1,prime
2026-06-29,-0.26366200072259427,0.5903041188793643,0,subprime
2026-06-29,0.32651065863702655,0.0,0,subprime
2026-06-29,1.7910326793964766,0.29547213542693895,0,prime
2026-06-29,-0.28741608539774943,0.0,0,prime
2026-06-29,-0.2619697565022169,1.0,1,subprime
2026-06-29,1.8773887977044996,0.46771223374532267,1,prime
2026-06-29,2.708289763415335,0.2549238727024779,0,prime
2026-06-29,1.9155293569804521,0.9607120787104919,1,prime
2026-06-29,1.5168630933317535,0.6111941295863199,0,prime
2026-06-29,0.05038391278848875,0.5901289725841053,1,prime
2026-06-29,2.4092278691186415,0.9632005443935441,1,prime
2026-06-29,2.0279953290550905,0.45433205035531826,0,prime
2026-06-29,1.8112816943534433,0.5245310667118765,0,prime
2026-06-29,1.6607379669912137,0.8290182234916779,1,prime
2026-06-29,0.8436627171254796,0.839041948697441,1,prime
2026-06-29,-0.5904292447374226,0.592077440861391,0,prime
2026-06-29,2.6710728429295756,0.21942220149233846,0,prime
2026-06-29,1.413088130185775,0.08011487626800895,0,subprime
2026-06-29,2.108325727181475,0.016755106425855593,0,prime
2026-06-29,0.8895261283843221,0.38661712123204617,0,prime
2026-06-29,0.04089598411753281,0.4725014269005803,1,prime
2026-06-29,-0.47785361747724786,0.8790908647668687,1,prime
2026-06-29,1.301445644153862,0.22823437765155968,0,prime
2026-06-29,0.08375358026875601,1.0,1,subprime
2026-06-29,-0.04129685648165449,0.5334225760499614,1,subprime
2026-06-29,0.4021222347157995,0.4303748948985837,0,prime
2026-06-29,-0.620757863104209,0.9193436359097538,1,prime
2026-06-29,2.0082676052196247,0.7696746969855647,0,prime
2026-06-29,-0.1364591728704596,0.7111657708074609,1,subprime
2026-06-29,0.3306037643873858,1.0,1,prime
2026-06-29,0.048737081458800624,0.21103603542461913,0,prime
2026-06-29,-0.48320681794373344,0.0,0,prime
2026-06-29,0.9905922856520935,0.5957578726616481,1,subprime
2026-06-29,2.08172449525628,0.40427491516052594,0,prime
2026-06-29,0.10285182101684243,0.0,0,subprime
2026-06-29,0.46006477073906477,0.015088522746587785,0,prime
2026-06-29,1.2146120396705578,1.0,1,prime
2026-06-29,-0.005432724200422068,0.8599451843721512,0,subprime
2026-06-29,1.510214367150676,0.38848364026072446,0,subprime
2026-06-29,1.485009294427234,0.054511133750809626,1,prime
2026-06-29,1.2380870636875012,0.9806779182407602,1,prime
2026-06-29,2.0273743007499645,0.023866432017089045,0,prime
2026-06-29,0.5759178827268092,0.9357023695023461,1,subprime
2026-06-29,0.9966111275535912,0.15281634422226983,0,subprime
2026-06-29,0.9512896388664811,0.0,0,prime
2026-06-29,-0.17152588346460773,0.5723778883353291,1,subprime
2026-06-29,0.20669560956784483,0.6825090643444675,1,prime
2026-06-29,0.8569287965981229,0.5657430352430622,1,prime
2026-06-29,1.2055997583415654,0.47519390945915424,0,prime
2026-06-29,1.1370849645478107,0.257148746166841,0,prime
2026-06-29,1.9100556013435062,0.23729188584760214,1,prime
2026-06-29,1.1501705795909531,0.40159671848229217,1,prime
2026-06-29,0.6404326690968608,0.0,0,prime
2026-06-29,0.849830499949433,1.0,1,prime
2026-06-29,1.0492005268855888,0.6742896821031991,1,prime
2026-06-29,-0.5172385383309763,1.0,1,prime
2026-06-29,-1.1520007552867217,0.23465103710604274,0,subprime
2026-06-29,0.8066644914622962,0.27930446899543976,0,prime
2026-06-29,0.696462658774388,0.6288884501390118,1,prime
2026-06-29,0.9378530495146178,0.6922921739165991,1,prime
2026-06-29,0.6257869518702982,0.08732064054556404,0,subprime
2026-06-29,1.789423859820028,0.0,1,prime
2026-06-29,-0.5640097475011894,0.7589826175141248,0,prime
2026-06-29,0.8396685044778427,0.39309953307888945,1,subprime
2026-06-29,0.6217789114423786,0.4212822633608817,0,prime
2026-06-29,1.5948881355898101,1.0,1,prime
2026-06-29,0.599274799188017,0.4723254572521137,1,subprime
2026-06-29,0.4623541568354817,0.2467517157079931,0,prime
2026-06-29,0.5280564926751954,0.4596213584418885,0,subprime
2026-06-29,1.3468029742645764,0.7211026020257915,1,subprime
2026-06-29,-0.5678526031442328,0.2992715612973682,0,subprime
2026-06-29,0.7280796496619503,0.8214630250179131,0,prime
2026-06-29,-1.097627226880763,0.533259771954624,1,prime
2026-06-29,0.0405697066658125,0.1413911460757072,0,prime
2026-06-29,0.6553418924229811,0.7530639934350073,1,subprime
2026-06-29,1.3939566429437436,0.6781923522497142,1,prime
2026-06-29,1.4413643616620209,0.2516736806907063,0,subprime
2026-06-29,0.4739787204519255,0.9854290447603264,1,prime
2026-06-29,1.9448442559062826,0.855130951710709,1,prime
2026-06-29,-0.3778813372693861,0.4021511345543939,0,subprime
2026-06-29,-0.22361294839895096,0.22921167530449876,1,prime
2026-06-29,2.3927834357963653,0.025504131592873458,0,subprime
2026-06-29,0.41544096538783837,0.0,0,prime
2026-06-29,0.9152828835510922,0.2329978540919591,1,prime
2026-06-29,0.9549514377507551,0.5191832121427243,1,prime
2026-06-29,0.09173000167847034,0.38928769532761465,0,prime
2026-06-29,-0.436383737499616,0.9901689406944876,1,prime
2026-06-29,0.6683778538542128,1.0,1,subprime
2026-06-29,2.8901281952349125,0.1615242025131093,0,prime
2026-06-29,-1.1125242899775183,0.4540122966582653,1,subprime
2026-06-29,1.185428053135861,0.0,0,prime
2026-06-29,-0.3321856921236015,0.7773541986518093,1,subprime
2026-06-29,0.7703682845854036,0.7312029336209838,0,prime
2026-06-29,1.0152311037267727,0.15783012871934726,0,prime
2026-06-29,1.7491803272488833,0.7110589080226446,0,prime
2026-06-29,1.8035681209557635,0.29311467819879616,0,subprime
2026-06-29,0.3978198562377338,0.5449691966696051,0,subprime
2026-06-29,0.12054099411567087,0.6274999841001652,1,prime
2026-06-29,2.1244249786090257,0.5091528479893483,0,subprime
2026-06-29,0.7280920643470136,0.4358621435853202,1,prime
2026-06-29,0.6632886170538674,0.1958085111163259,1,prime
2026-06-29,0.6177363539084781,0.0,0,prime
2026-06-29,1.3273845935081883,0.20089353104300406,0,subprime
2026-06-29,0.5711525381409684,0.8040485173201453,1,subprime
2026-06-29,1.7730357908253602,0.8655674236388436,1,prime
2026-06-29,1.4817339142625956,0.21901649352168273,0,prime
2026-06-29,1.0008818128836845,0.17401505200253164,0,subprime
2026-06-29,0.3541820867343879,0.5658968859113057,1,subprime
2026-06-29,0.9777704130838972,0.5443240368266452,0,prime
2026-06-29,2.1233149136231684,1.0,1,prime
2026-06-29,-0.5798445369478564,0.41609880947868444,0,subprime
2026-06-29,2.9731625298399997,0.39454833739093365,0,prime
2026-06-29,0.8711479192218681,0.008229048959557284,0,prime
2026-06-29,1.5547828505765475,0.9662346972737288,1,prime
2026-06-29,0.10484675829875545,0.0046781843130278555,0,subprime
2026-06-29,1.0465402861785078,0.2214154626815415,1,prime
2026-06-29,1.6065754983388847,0.15418423757336774,1,prime
2026-06-29,1.1133141035512522,0.6958696931264966,1,subprime
2026-06-29,1.9510893348060514,0.21611280830113036,0,subprime
2026-06-29,-0.9869593753853576,0.1940164051600041,0,prime
2026-06-29,0.031713700743985274,1.0,1,prime
2026-06-29,0.7853600382078575,0.1134762214416104,0,prime
2026-06-29,2.2310226342950834,0.4337679291565697,0,subprime
2026-06-29,0.4768244087800436,0.868110284610819,1,prime
2026-06-29,0.791738027550678,0.9213228661373322,1,subprime
2026-06-29,-0.7727684746807313,0.7503036352332835,0,subprime
2026-06-29,0.5521280367952996,0.9651827698843645,1,prime
2026-06-29,2.2396332486194845,0.32983140028621466,0,subprime
2026-06-29,2.026641122790896,0.48398885570807315,0,subprime
2026-06-29,2.3664829707815818,0.45202243529795705,1,subprime
2026-06-29,-0.9749422743705751,0.03375553571215911,0,prime
2026-06-29,-1.0140760624197693,0.3986343925532699,0,subprime
2026-06-29,-0.191310666610357,0.5812477933814248,0,prime
2026-06-29,1.6138260513337235,0.0,0,prime
2026-06-29,0.04177252401024112,0.3436350884573757,1,prime
2026-06-29,1.612549687922873,0.9009737044002076,1,subprime
2026-06-29,2.4291293069054594,0.5491476960203863,1,prime
2026-06-29,2.6061937346278725,0.52961666389716,1,prime
2026-06-29,0.4361093811352872,0.5240370205589282,1,prime
2026-06-29,3.1200023818295435,0.0,0,subprime
2026-06-29,1.2653885922732946,0.4059917318994997,0,prime
2026-06-29,0.710316784595153,0.35648247022610985,0,prime
2026-06-29,1.5132447596937741,0.023812110226348215,0,prime
2026-06-29,1.5329614609638114,0.3953614692555752,1,prime
2026-06-29,-1.0448198263298745,0.49125055679372626,1,prime
2026-06-29,1.600880292796767,0.19741761224215432,1,prime
2026-06-29,1.0732709462666103,0.34846467338951215,1,prime
2026-06-29,1.5970147074192609,1.0,1,prime
2026-06-29,0.6439719301142892,0.4353959126166475,0,subprime
2026-06-29,0.15669090422010312,0.574235402579952,0,prime
2026-06-29,-0.1548607230307315,0.7554870034153786,1,prime
2026-06-29,0.6184071471435246,0.2586383176857169,0,prime
2026-06-29,0.04035229053113576,0.5280950199774593,1,prime
2026-06-29,0.329139995135715,1.0,1,prime
2026-06-29,0.17251129726567654,0.3749933258106009,0,subprime
2026-06-29,0.23921723428617092,0.0,0,subprime
2026-06-29,0.9842676406379256,1.0,1,prime
2026-06-29,-0.04875834613613239,0.5069776935625774,0,prime
2026-06-29,-0.5933155605240763,0.0,0,subprime
2026-06-29,1.7620606012981148,1.0,1,prime
2026-06-29,1.5340672975728418,0.906476112030981,1,prime
2026-06-29,0.8409095621643854,0.5257820244760854,0,prime
2026-06-29,2.190088513762338,0.6018809448680629,0,prime
2026-06-29,-1.6833854437389013,0.37276433321354824,1,subprime
2026-06-29,-0.5506671288993827,0.4732991864089362,0,prime
2026-06-29,1.7149032884514954,0.0,0,prime
2026-06-29,0.9536500983053835,0.2577257292188285,1,prime
2026-06-29,0.10566792220238264,0.5552674830477949,0,prime
2026-06-29,1.9987523772158802,0.3913277319398083,0,prime
2026-06-29,1.8565126712393438,0.37811895273549,0,prime
2026-06-29,0.38703491956783,0.9934590605456237,0,prime
2026-06-29,-0.21919719129682447,0.6496557958118747,0,prime
2026-06-29,-0.22250802995518626,0.0,0,prime
2026-06-29,1.4294060214066422,0.7942211753064563,1,prime
2026-06-29,2.5214282939564336,0.4300713023432353,0,subprime
2026-06-29,1.0797682684108916,0.9463062563420136,1,subprime
2026-06-29,1.1105863706132777,0.7025389440687448,0,prime
2026-06-29,-0.1870182436360226,0.14829296999557579,1,subprime
2026-06-29,1.5421111680358544,0.48504594640312415,1,prime
2026-06-29,-1.1346812672515028,0.13635481927711807,0,prime
2026-06-29,0.8474933180642437,0.3956206061109158,1,prime
2026-06-29,0.7933922224548755,0.5462081980895401,0,prime
2026-06-29,1.758840350330112,0.8221091350036316,1,prime
2026-06-29,0.17261349052672154,0.9649970610531582,1,subprime
2026-06-29,0.34372621050770286,0.49399955279573793,0,subprime
2026-06-29,0.17428642479879497,0.46201786188452487,0,subprime
2026-06-29,0.19776115964582464,0.7786614621747033,1,prime
2026-06-29,1.080946174192793,0.2236214399152419,0,prime
2026-06-29,1.6644706367638682,0.0,1,subprime
2026-06-29,-0.008703594881251386,0.6231545849073374,0,prime
2026-06-29,1.347292843608169,0.7606251340590444,1,prime
2026-06-29,0.0794751264080672,0.46695401732931363,1,prime
2026-06-29,2.050190760633612,0.7314579652873406,1,prime
2026-06-29,0.7645720374867229,0.0,0,prime
2026-06-29,1.5252600424779876,0.7420690079349584,1,prime
2026-06-29,1.3135399948521507,0.8136809789544308,1,prime
2026-06-29,1.2394151381206617,0.8419360631718291,1,prime
2026-06-29,-0.8614538045823115,0.7949154542218082,1,subprime
2026-06-29,1.7948230403997074,1.0,1,prime
2026-06-29,1.0176192751782036,0.24619898664283635,0,prime
2026-06-29,1.5077861126741219,0.5362014831618499,1,prime
2026-06-29,-0.9883297407338076,0.8403733510333881,0,prime
2026-06-29,1.1966148756869959,0.628165387018596,1,subprime
2026-06-29,0.7174422953772285,0.24585982551051738,0,prime
2026-06-29,2.0893293200946594,0.2046287397416227,0,prime
2026-06-29,-1.426056509488453,0.6051014518875023,1,prime
2026-06-29,-0.9149180588700092,0.7718491433361798,0,prime
2026-06-29,0.7204066310581089,0.0,0,prime
2026-06-29,0.7504258550248478,0.49584042114771665,1,prime
2026-06-29,0.721855770588274,0.6843016654362855,0,prime
2026-06-29,0.6036410549963543,0.1588701715978523,0,subprime
2026-06-29,0.5807137725263962,0.3751620735643778,0,prime
2026-06-29,0.584441780261384,0.3760049643231704,1,prime
2026-06-29,-0.9456372164877562,0.8169256239414878,0,subprime
2026-06-29,0.6384957374320605,0.7639106898813457,1,prime
2026-06-29,1.74470060925411,0.5263942641160826,1,subprime
2026-06-29,-0.16175529746370598,0.13810446550914154,0,subprime
2026-06-29,0.49532952542839215,0.1853208236476815,0,prime
2026-06-29,0.918881989872177,0.0,1,subprime
2026-06-29,1.1700195283800612,0.4683402417087914,1,prime
2026-06-29,1.208247525314666,0.439095405068957,0,prime
2026-06-29,0.3322508504102678,0.6269708771899469,1,prime
2026-06-29,0.6505177236500164,0.5143442588474922,0,prime
2026-06-29,-1.0542329747894592,0.32320398226052294,0,prime
2026-06-29,-0.516713050937218,0.44461253632047565,1,prime
2026-06-29,-0.21942692284495158,0.5478751754290583,0,prime
2026-06-29,-0.0906367408072638,0.4976186104265651,1,prime
2026-06-29,-1.5416477494193936,0.14300474310764877,0,subprime
2026-06-29,1.674399306568769,0.7046006066833597,1,prime
2026-06-29,-0.6878406742724674,0.30929127797990824,1,prime
2026-06-29,0.5478535895361066,0.7165754984227285,1,prime
2026-06-29,-0.41548825459867045,0.673550993368492,0,prime
2026-06-29,2.0776344155106665,0.5282214658842468,1,prime
2026-06-29,1.7200087483734647,0.46646573394790697,0,subprime
2026-06-29,-0.6742574235865237,0.3636918373279493,1,prime
2026-06-29,1.064939609399406,0.7217888931794707,1,prime
2026-06-29,0.31682423409129273,0.2918544767648617,1,subprime
2026-06-29,1.1171087008911096,0.6840850697164234,1,prime
2026-06-29,0.5979587431268317,0.26535077372803595,0,subprime
2026-06-29,-0.6265281418149105,1.0,1,prime
2026-06-29,3.0164966263997375,0.0,0,subprime
2026-06-29,0.21004122083361815,0.21495424296256754,1,prime
2026-06-29,-1.0006552855951103,0.37477317591234766,1,prime
2026-06-29,1.4051653768613541,0.36435308630264246,0,prime
2026-06-29,3.7277537441951605,0.25010662531296035,0,prime
2026-06-29,2.9305722705204964,0.5031152745211107,1,prime
2026-06-29,0.2449001239178225,0.679198669072066,0,prime
2026-06-29,0.1140443096552185,0.8902451146874365,1,subprime
2026-06-29,0.904980208812069,0.671261910201371,1,prime
2026-06-29,0.8272291527072481,0.6723104858764346,0,subprime
2026-06-29,1.7189233507425934,0.048493397060920596,1,subprime
2026-06-29,-1.2871414887723787,0.3348667844927368,1,subprime
2026-06-29,0.5954708004856989,0.5223420355315155,1,prime
2026-06-29,1.2591274130591164,0.6356707479473938,1,prime
2026-06-29,0.5949363559643726,0.6766956456011439,0,subprime
2026-06-29,0.14647100315603018,0.14504782825450696,0,prime
2026-06-29,0.9068828263076162,0.5655328609172598,1,prime
2026-06-29,1.731859896410299,0.4665145058811619,1,prime
2026-06-29,0.41330067935044956,0.7138247020420481,1,prime
2026-06-29,-0.506981984344671,0.446129326998149,0,prime
2026-06-29,0.14526255668498095,0.1243161096366131,0,prime
2026-06-29,1.2808585240797996,0.05386532857138193,0,prime
2026-06-29,2.00952970883211,0.5166020501806898,1,prime
2026-06-29,0.22102894204808426,0.8567184008066866,1,subprime
2026-06-29,2.8526974317265044,0.38171561262602366,1,prime
2026-06-29,-0.3663142506238237,0.5721236842315732,1,subprime
2026-06-29,1.4298613050250746,0.9280171634413488,1,prime
2026-06-29,1.1523428954979233,0.20699098356524692,0,prime
2026-06-29,-0.5760343504213057,0.6225986030263304,0,prime
2026-06-29,3.8336298080865774,0.0,1,prime
2026-06-29,1.5483229299753383,1.0,1,subprime
2026-06-29,2.4921724692925977,0.5115234984041075,0,subprime
2026-06-29,0.5814559227142682,1.0,1,prime
2026-06-29,0.5983940161705684,0.3704481086157,0,prime
2026-06-29,1.3653939377496243,1.0,1,prime
2026-06-29,-0.6073721457490959,0.9004900205022146,1,prime
2026-06-29,0.7611310576668057,0.7809101129434385,1,prime
2026-06-29,0.9614018276519438,0.07374232247916401,0,prime
2026-06-29,-0.08678625052728506,0.0,0,prime
2026-06-29,-0.6513990556293592,0.2970244418478364,0,subprime
2026-06-29,0.600634320822359,0.9116074277558268,1,subprime
2026-06-29,2.5561135296096626,0.34925896116911026,1,prime
2026-06-29,0.5122200500701216,0.9337007436733837,1,prime
2026-06-29,1.995847254784898,0.1654656141736255,0,subprime
2026-06-29,0.0808566657146047,0.21301878167685726,0,subprime
2026-06-29,0.5596041927053794,0.06181022709582984,0,prime
2026-06-29,1.2640080943958312,0.7148264936486171,0,subprime
2026-06-29,-0.45908320147046666,0.5725282969922332,0,prime
2026-06-29,0.6091398900035055,0.10598266173325732,1,subprime
2026-06-29,0.6904344600602056,0.3903401290305687,0,prime
2026-06-29,1.175823623083137,0.5730957650194943,1,subprime
2026-06-29,-0.38129030575263445,0.685308410794831,1,prime
2026-06-29,-0.2467582751261067,0.06849873036839937,0,prime
2026-06-29,1.0594152764585454,0.5953605561743939,0,prime
2026-06-29,1.2158030152456156,0.2103490306717288,0,prime
2026-06-29,-0.06408496087633953,0.18461146079682025,0,subprime
2026-06-29,-0.3813098722082917,0.6686395344248105,1,prime
2026-06-29,0.89872473909766,0.44070858959146375,1,prime
2026-06-29,-1.6312369009032046,0.5954501752753049,1,prime
2026-06-29,-0.11157247407164494,0.4622451343795495,0,prime
2026-06-29,1.1811021141829101,0.7141324812395552,1,prime
2026-06-29,-0.4143270328837674,0.6540136514704212,1,prime
2026-06-29,1.7678753559257074,0.6985120371716788,1,prime
2026-06-29,2.0072541617978104,0.0,0,prime
2026-06-29,1.8768196774088879,0.7373762504967258,1,prime
2026-06-29,2.0936008628465386,0.9213979659320121,0,prime
2026-06-29,0.42755825175517453,0.5966349972590023,1,prime
2026-06-29,-0.41754840826887896,0.5280241309194809,0,prime
2026-06-29,1.425491192744664,0.6744000332785893,1,prime
2026-06-29,0.7719380836200018,0.46392752506243695,1,subprime
2026-06-29,0.5912368745767423,0.7209336595285369,1,subprime
2026-06-29,1.0773108163383465,0.5405403189499012,1,subprime
2026-06-29,0.3800986440583853,0.16732422497257182,1,prime
2026-06-29,2.3156042261088103,0.7771968499672384,1,prime
2026-06-29,-0.5605946546901859,0.6206724261094729,1,prime
2026-06-29,0.7615378006645359,0.2958649584541714,0,prime
2026-06-29,0.5847574010409615,0.37392837682071556,0,subprime
2026-06-29,-0.309443219567645,0.414818922831785,1,subprime
2026-06-29,0.3320801690702576,0.047148156068425984,0,subprime
2026-06-29,0.9640921330185868,0.897975224118736,1,prime
2026-06-29,1.6978066771054305,0.8651461461814433,1,prime
2026-06-29,0.7642412388246587,1.0,1,prime
2026-06-29,0.31635898311591754,0.39631044550248523,0,prime
2026-06-29,1.3750066057046313,0.08893118520021465,0,subprime
2026-06-29,1.910011525069203,0.5996479473182128,0,subprime
2026-06-29,1.6670098563331266,1.0,0,prime
2026-06-29,-0.7729348746394191,0.34759110361481116,0,subprime
2026-06-29,-0.5216484022580974,0.4409273013102286,0,subprime
2026-06-29,1.5669849893743835,0.7891129239332255,1,prime
2026-06-29,1.5438338469922872,0.4233348616598761,0,prime
2026-06-29,0.15047331162470912,0.34228321836734493,1,subprime
2026-06-29,-0.22149811366866645,0.5539131606360929,0,prime
2026-06-29,1.1144087781480203,0.6205821389803641,0,prime
2026-06-29,0.5546786735362366,0.4834136087218104,1,prime
2026-06-29,-1.2173591068052356,0.4940927752715456,1,prime
2026-06-29,2.2908492562267506,0.08091020455750159,0,prime
2026-06-29,1.3706064528024746,0.24500918727705942,0,prime
2026-06-29,0.1339874531171002,0.5002222763025993,0,prime
2026-06-29,-0.13758379200508475,0.23935469781453414,0,prime
2026-06-29,0.3311083572335471,0.6754757971367505,0,prime
2026-06-29,-2.179315790299272,0.06336369235395145,0,prime
2026-06-29,0.7511172103975602,0.8235281527167357,1,prime
2026-06-29,1.3075953966365033,0.8601970847320222,1,prime
2026-06-29,0.2487248232366011,0.5287299542578315,0,prime
2026-06-29,1.0087055193217502,0.45377489277776123,0,subprime
2026-06-29,-1.330949415389734,0.270639586780903,0,subprime
2026-06-29,1.7613526614709702,0.43380887529144707,1,prime
2026-06-29,0.631607585496013,0.6212794186194073,1,prime
2026-06-29,0.6877704034217852,0.2953948397223608,0,subprime
2026-06-29,0.5354239778841103,0.49142787514457004,1,prime
2026-06-29,0.9573805958399348,0.7649417573255419,1,prime
2026-06-29,2.0970704138370833,0.7614002482905357,1,subprime
2026-06-29,-0.30355325505470854,0.0,0,prime
2026-06-29,0.30097098696834657,0.7533334143659234,1,prime
2026-06-29,1.3330986564272724,0.21633266661122535,1,prime
2026-06-29,2.8479120838130454,1.0,0,prime
2026-06-29,1.3227387665606205,0.6903805020045755,1,prime
2026-06-29,1.1475818119141572,0.0,0,subprime
2026-06-29,0.1611854887476462,0.6556707978641577,1,subprime
2026-06-29,1.0512116872865254,0.27091023221993116,0,subprime
2026-06-29,-0.20548009660511268,0.9355283249756584,1,prime
2026-06-29,0.31944510857033503,0.5523811324737776,1,subprime
2026-06-29,0.7514877665656534,0.7686303212290281,0,prime
2026-06-29,0.9296227543332083,0.09477144906640506,0,prime
2026-06-29,0.9583541976240673,0.45082376844695715,1,subprime
2026-06-29,0.7417789379905954,0.7441278993349698,0,prime
2026-06-29,2.123151598958809,0.5169484470956821,1,prime
2026-06-29,1.978735079323662,0.0,0,subprime
2026-06-29,0.8098096585534219,0.48975196591875536,1,subprime
2026-06-29,0.7056572878359403,0.6975050112334573,1,subprime
2026-06-29,-0.6145685037505701,0.48269654834043496,0,prime
2026-06-29,0.028494770007560843,0.5346747874512675,0,prime
2026-06-29,0.6121017896465661,0.11314345293801298,1,subprime
2026-06-29,0.19119578696879114,0.15765294765350296,1,prime
2026-06-29,1.9803084026527786,0.6227518596874402,1,prime
2026-06-29,0.4686560341424506,0.1935703431913648,1,prime
2026-06-29,1.1108475879516146,0.1433560123072017,0,prime
2026-06-29,-0.2752407160878798,0.4879621125173018,0,prime
2026-06-29,0.9737334795643833,0.9176499385633379,1,subprime
2026-06-29,-1.1878281348579762,0.48205193068464824,0,prime
2026-06-29,-0.19060082059838546,0.5503935016837408,0,prime
2026-06-29,0.49726842619856326,0.29568540006325045,0,subprime
2026-06-29,1.9783536884239463,0.0,0,subprime
2026-06-29,1.2145301808191655,0.619639102958995,1,subprime
2026-06-29,2.08605146544427,0.08471693356818616,0,subprime
2026-06-29,0.465826034171016,0.0,0,prime
2026-06-29,-0.3393438053340526,0.6880907952493038,0,prime
2026-06-29,2.083240044985236,0.4517464040226485,0,prime
2026-06-29,-0.4343381925346066,0.8483077068820006,1,prime
2026-06-29,1.6282314196252996,0.8031373067441396,1,prime
2026-06-29,0.515199322223533,0.5654969396807062,0,subprime
2026-06-29,1.8869856509832503,0.41553565642012136,0,prime
2026-06-29,-0.32568152802386674,0.8836867314771628,1,prime
2026-06-29,1.4909152550842248,0.27308305469005484,0,subprime
2026-06-29,-0.05247432447764888,0.7226460383701088,1,prime
2026-06-29,0.9180405819796787,0.4843376984059139,0,prime
2026-06-30,0.5705931066368546,0.42829289888101374,0,prime
2026-06-30,0.980954837208141,0.7370396467053729,1,prime
2026-06-30,-0.053201530516820084,0.3236817989700282,0,prime
2026-06-30,-0.024380137514790734,0.7050074524200001,1,prime
2026-06-30,1.1075830418169612,0.7167547367357,1,prime
2026-06-30,0.4254940638582972,0.5443537823033415,0,prime
2026-06-30,1.0296186347456224,0.0,1,prime
2026-06-30,1.4018202741973975,0.663661459161245,1,prime
2026-06-30,0.03627316697321448,0.5523423406665461,1,prime
2026-06-30,3.8928336954499008,0.14103589946612013,0,subprime
2026-06-30,1.3539410613434653,0.7278029053559943,0,prime
2026-06-30,2.3386816142433218,0.13566735889235823,0,subprime
2026-06-30,0.6330628408640898,0.0,1,prime
2026-06-30,2.4788306670931526,0.765760742191621,1,subprime
2026-06-30,0.45502606474981133,1.0,1,prime
2026-06-30,1.7500857262698681,0.4471329947233967,1,prime
2026-06-30,0.6718670712896334,0.4180022882171296,0,prime
2026-06-30,0.2702291256707531,0.13317331614618982,0,prime
2026-06-30,1.7702786692717654,0.5586464194927496,1,prime
2026-06-30,1.7871560482924536,0.19530668411047242,0,prime
2026-06-30,2.0266153051081672,0.2242565125673996,1,subprime
2026-06-30,0.6336044785161812,0.6092957793348506,1,prime
2026-06-30,1.1529883139351362,0.7569184982052442,0,prime
2026-06-30,1.8233103827042285,0.45595964587538973,1,prime
2026-06-30,0.7200381259731208,0.37843552410810194,0,subprime
2026-06-30,0.1684198463478504,1.0,1,prime
2026-06-30,0.819462250649333,0.6194568000951084,1,prime
2026-06-30,0.3779101239775253,0.6631654213013765,0,subprime
2026-06-30,1.9354770462646167,0.5853725579601172,0,prime
2026-06-30,-0.19362800169819416,0.2635537650940467,0,subprime
2026-06-30,1.5236469875328154,0.18137613769244526,1,subprime
2026-06-30,1.080407355937004,0.2741374200966985,0,prime
2026-06-30,-1.2673104804845505,0.5759585786633147,1,prime
2026-06-30,1.8386603459079227,0.5929603636065354,0,subprime
2026-06-30,1.5928069644147245,0.7992147669738691,1,prime
2026-06-30,-0.1488252832330148,1.0,1,prime
2026-06-30,0.6497930300129122,0.522060734730553,1,subprime
2026-06-30,-0.5246302900877505,0.6432530937762574,0,prime
2026-06-30,1.4688258587040168,0.6669490683010214,1,prime
2026-06-30,0.20409733803257457,0.9420137246058762,1,prime
2026-06-30,1.9722949811824249,0.847991631934446,1,prime
2026-06-30,0.579338097812913,0.5929139675404896,1,prime
2026-06-30,2.459101058635828,0.3497670026251363,0,subprime
2026-06-30,-1.6043395184740334,0.33009908917537445,0,subprime
2026-06-30,0.734309037364905,0.0,0,prime
2026-06-30,1.1736414663955372,0.36009228868516746,1,prime
2026-06-30,1.6594056403797355,0.2142024918649288,0,subprime
2026-06-30,1.0844244389557307,1.0,1,prime
2026-06-30,0.9277496614609776,0.7129054250481612,1,subprime
2026-06-30,-0.6318934578101266,0.8737323489392033,0,prime
2026-06-30,0.6261916480577285,0.5927714904929834,1,subprime
2026-06-30,-0.8841273817084566,0.0,0,subprime
2026-06-30,1.1155877510090597,1.0,1,prime
2026-06-30,1.042439736541131,0.216341556628695,0,prime
2026-06-30,2.42309950987536,0.6179536759677285,1,prime
2026-06-30,1.0404808742165916,0.7766730295095174,1,prime
2026-06-30,-0.5703871188928872,0.4867472347096642,0,subprime
2026-06-30,-0.12377576324772266,0.30080859287563466,0,prime
2026-06-30,0.6378530390586435,0.2669039855573462,1,prime
2026-06-30,2.1498629400767384,0.7072945635068866,1,prime
2026-06-30,-1.9877804252024323,0.8725230713555985,1,prime
2026-06-30,0.8293472805061268,0.22074068913483513,0,prime
2026-06-30,1.2036023093436543,0.0,0,prime
2026-06-30,0.8547498808296988,0.253219962489458,0,prime
2026-06-30,2.4800021795982152,0.3686246930428749,1,prime
2026-06-30,1.9951066989126365,0.6148718021805427,1,prime
2026-06-30,1.5912913811332654,0.8592998484913006,0,subprime
2026-06-30,0.9599105064070115,0.37539746523417084,1,subprime
2026-06-30,-0.9589553660014024,0.2255750643139317,0,prime
2026-06-30,0.11719459413246469,0.603086659786936,1,prime
2026-06-30,-0.5786084417813236,0.5880209274185728,0,prime
2026-06-30,0.18715040143715572,0.2927385101469755,0,prime
2026-06-30,0.9158158566609176,0.8128644610527977,1,prime
2026-06-30,1.4416409919537991,0.7744937253988288,1,subprime
2026-06-30,0.939932663863067,0.3347056152882158,0,subprime
2026-06-30,2.15512683230372,0.34986397875889214,0,prime
2026-06-30,2.4144910433080033,0.26302235016463416,0,prime
2026-06-30,0.34064098820764555,0.5048409595139051,1,prime
2026-06-30,-1.6178961218892658,1.0,1,prime
2026-06-30,0.6110470333517994,0.5485715989686325,0,prime
2026-06-30,-0.8702963362179875,0.40763711133608094,1,prime
2026-06-30,-0.06522354514146067,1.0,1,subprime
2026-06-30,2.5672345381030994,0.5739420816120071,1,subprime
2026-06-30,-2.2895649741699176,0.4277567648958335,0,subprime
2026-06-30,0.43786711389389765,0.8743890843584282,1,prime
2026-06-30,1.5942727254057927,0.0,0,prime
2026-06-30,0.702169235813205,0.3305710714552194,1,prime
2026-06-30,3.2502907787338495,0.621189597021045,1,subprime
2026-06-30,-0.16454788783096308,0.5590911451246814,0,subprime
2026-06-30,0.13066461844679422,0.6487653453475302,1,prime
2026-06-30,-0.49963680666929766,0.31677433160777285,0,subprime
2026-06-30,0.3788919340129678,0.8654538849546634,1,subprime
2026-06-30,0.26711154640152673,0.4714364843459551,0,prime
2026-06-30,-1.4082729788951118,0.7605312074059392,0,prime
2026-06-30,0.6413623336614114,0.897865575574983,1,subprime
2026-06-30,1.139568536885288,0.5002533702291572,0,prime
2026-06-30,-0.004066201416782378,1.0,1,prime
2026-06-30,1.7078369593809173,0.5142776429585045,1,subprime
2026-06-30,1.0579203615984158,0.6866676003860134,1,prime
2026-06-30,-0.7606335872755877,0.28261244483420767,0,prime
2026-06-30,1.9031014892127032,0.8995173067399265,1,prime
2026-06-30,0.9713287837528791,0.3659913725782731,0,prime
2026-06-30,1.2524762287995448,0.0,0,prime
2026-06-30,3.0617333480312285,0.6296001111601512,1,subprime
2026-06-30,1.1350883848503452,0.24673606988336377,1,prime
2026-06-30,1.426364834467615,0.4892331076916935,1,prime
2026-06-30,0.7566359020319998,0.10992936027448225,0,prime
2026-06-30,0.005553631765970013,0.8811257016005032,1,prime
2026-06-30,2.2588871116792717,0.6780612443697929,1,prime
2026-06-30,-1.735572828404802,0.8948239056691467,1,prime
2026-06-30,-0.6359807480587912,0.47066225891316416,1,prime
2026-06-30,0.018339263440512288,0.0,0,subprime
2026-06-30,-1.3512562764176281,0.4461319262068586,1,prime
2026-06-30,2.838173908345691,0.4207530868970294,1,subprime
2026-06-30,0.37008532897205565,0.09886095866952177,0,prime
2026-06-30,-0.4346192668668022,0.5849052820415378,1,prime
2026-06-30,0.3902477691052298,0.6601642161170744,0,prime
2026-06-30,0.08050653143764452,0.825201568766788,1,prime
2026-06-30,2.9751648209413806,1.0,1,prime
2026-06-30,1.4329507049909727,0.86455255530654,1,subprime
2026-06-30,-0.5108404585805014,0.09982463464106206,1,prime
2026-06-30,1.7570461116889282,0.4921870554827408,1,prime
2026-06-30,0.27450399858775043,0.0,0,prime
2026-06-30,2.3158851198511674,0.2850519034728887,0,prime
2026-06-30,-0.2735146044440774,0.02107306938845893,0,subprime
2026-06-30,1.8457126828472497,0.41033554765630453,0,prime
2026-06-30,1.0948852427385904,0.3139294043550195,0,subprime
2026-06-30,0.5721344969217766,0.40142957960645564,0,prime
2026-06-30,2.033522829757559,0.6528047837750591,0,prime
2026-06-30,-1.5461477870413027,0.9379017030009806,1,prime
2026-06-30,1.1778654898697982,0.44434816098963015,0,subprime
2026-06-30,0.35798024536714285,0.7424129022850743,0,subprime
2026-06-30,0.992657434207868,0.7358769360574503,1,subprime
2026-06-30,0.5466747798743081,0.7642517336081879,1,prime
2026-06-30,0.03560129341348839,0.8011367187701544,1,prime
2026-06-30,2.1469114863448135,0.5778405108387155,1,prime
2026-06-30,0.6291827715767702,0.8682679188501776,0,prime
2026-06-30,0.9841785064889346,0.9303258570774902,1,prime
2026-06-30,-0.21233175103892432,0.3125080723017486,0,prime
2026-06-30,0.9923877927326443,0.7723110800918266,1,prime
2026-06-30,1.5233906404264332,0.2456282823295014,0,prime
2026-06-30,0.3335267216714232,0.2507450022070447,1,prime
2026-06-30,0.8880628033517681,0.24886208022013434,0,subprime
2026-06-30,-0.0778979515678706,0.3738269115344853,1,subprime
2026-06-30,-1.608752307765946,0.8193714958648535,1,prime
2026-06-30,1.6019734823745344,0.4488064052017192,0,prime
2026-06-30,1.365123207069697,0.10028203064988472,0,prime
2026-06-30,-2.4650863776792695,0.7479154644373754,1,subprime
2026-06-30,1.2392133723843246,0.7344974494770747,1,subprime
2026-06-30,1.367445283708085,0.9071866478902983,1,prime
2026-06-30,0.6029921147247296,0.13890754294298183,0,prime
2026-06-30,0.5633348453457196,0.2654605580509458,0,prime
2026-06-30,0.9988192463820998,0.7576623114985435,0,subprime
2026-06-30,-0.021284852973814328,0.5820751743843042,0,prime
2026-06-30,-0.0011960510149713333,0.2198285456264482,1,prime
2026-06-30,0.5185831502029177,0.3093585568350309,0,prime
2026-06-30,0.11557211741455276,0.8088261239154149,1,prime
2026-06-30,-0.22271866441999033,0.18555349243863833,0,prime
2026-06-30,2.54290245685368,0.5135206830812945,0,prime
2026-06-30,1.9818832330286886,0.19752078722853553,0,prime
2026-06-30,-0.9638069030295987,0.1683244431688911,1,prime
2026-06-30,2.467435754969804,0.0,1,prime
2026-06-30,-0.24317609016524966,0.4628064799333355,0,prime
2026-06-30,1.4328819152267165,0.3671917088925391,1,prime
2026-06-30,0.8009534233294512,0.38860027512600026,0,subprime
2026-06-30,2.5949962767136787,0.63200662566889,1,prime
2026-06-30,-0.06602836111725596,0.5153153274635444,1,subprime
2026-06-30,0.3654749375490363,0.4759371708781289,1,prime
2026-06-30,0.31046042369016325,0.5244407227701834,1,prime
2026-06-30,1.205485953103536,0.7531812291586047,1,subprime
2026-06-30,-1.0295546482385927,0.0,0,prime
2026-06-30,2.4357302741256888,1.0,1,prime
2026-06-30,-0.8949446549399699,0.05924052834052179,0,prime
2026-06-30,0.4991812469511777,0.3800585392851763,1,prime
2026-06-30,1.5419621078399715,0.32416217753419546,0,prime
2026-06-30,-1.12057060408253,1.0,0,prime
2026-06-30,0.8743992972753336,0.3882208759050777,1,subprime
2026-06-30,1.096444619475656,0.6782317468044379,1,subprime
2026-06-30,0.6621758355852546,0.31355158677641654,0,prime
2026-06-30,0.632735305878115,0.375598994357485,0,subprime
2026-06-30,0.027984568856968428,0.5058315250047326,0,prime
2026-06-30,1.84123341723302,0.421564118643873,1,subprime
2026-06-30,2.2591860119816993,1.0,0,prime
2026-06-30,0.0033552979892074175,0.5418808581774801,0,prime
2026-06-30,-1.495348669207314,0.270358313995784,0,prime
2026-06-30,0.6284350424845038,0.1679039787156305,1,prime
2026-06-30,1.0482322208857895,0.4835133900441194,0,subprime
2026-06-30,1.0842424822618615,0.4553810490475345,0,prime
2026-06-30,-0.674507439654421,0.2931622880657917,1,prime
2026-06-30,1.1625169486913323,0.07028505553436248,0,prime
2026-06-30,0.8795336994593523,0.45593789091893655,0,prime
2026-06-30,0.8598828792516934,1.0,1,prime
2026-06-30,1.1682216790882956,0.0,0,prime
2026-06-30,2.580696424502839,0.7763983819825302,0,prime
2026-06-30,-0.7243000480044252,1.0,1,prime
2026-06-30,-0.4472663249154879,0.5172390313318649,1,prime
2026-06-30,1.9907758687397834,0.3685310608635485,0,subprime
2026-06-30,1.9571724017958996,0.9787445507013491,1,prime
2026-06-30,0.45733493901212724,0.9837060394078232,1,prime
2026-06-30,-0.19722528481484602,0.7496573668104638,0,prime
2026-06-30,2.1279953898265895,0.541165508622308,0,prime
2026-06-30,1.3035625306648797,0.14995867060281015,0,prime
2026-06-30,0.3159294464074668,0.36681530167791093,1,prime
2026-06-30,2.705074834837881,0.48906818771088484,1,prime
2026-06-30,1.8985243896864743,0.078132770606202,0,prime
2026-06-30,-0.8189123652714151,0.7631191236304641,1,prime
2026-06-30,0.07257409982059604,0.9885235776462766,1,prime
2026-06-30,-0.006568089137319211,0.9005843496706623,1,prime
2026-06-30,-0.5398175645651063,0.5817365632062161,1,prime
2026-06-30,1.8076896250871832,0.8068219181699031,1,prime
2026-06-30,-0.6249216538540511,0.0,0,prime
2026-06-30,1.4927454214336624,0.7264196119530101,1,prime
2026-06-30,1.264735466831608,1.0,1,subprime
2026-06-30,-0.4290153492209662,0.7635183180551479,0,prime
2026-06-30,1.3277153497760177,1.0,0,prime
2026-06-30,-0.6062878744948458,0.8049206471549791,1,prime
2026-06-30,0.5882836360172562,1.0,1,prime
2026-06-30,1.8047610377255552,0.1626823511329861,0,prime
2026-06-30,1.2078346358820529,0.7841339761251216,0,prime
2026-06-30,1.038424824992624,1.0,1,subprime
2026-06-30,1.1166782150122685,0.21563027743300492,0,prime
2026-06-30,0.7193136080465079,0.8122956004235777,0,subprime
2026-06-30,2.4625169941008904,0.5314097203652408,1,prime
2026-06-30,-0.014345823665256718,1.0,1,prime
2026-06-30,0.3511647848098809,0.9604210210766524,1,prime
2026-06-30,1.7762546399221097,0.4288333553765149,1,prime
2026-06-30,1.8009313790720882,0.644782055542656,0,subprime
2026-06-30,0.8812205876970179,0.0,1,subprime
2026-06-30,2.220032696015792,0.6342660979633534,1,prime
2026-06-30,1.767357940126761,0.2889610365556401,1,prime
2026-06-30,0.5348071063798459,0.32953819804956586,0,subprime
2026-06-30,0.28760278446255044,0.5120724699300668,1,prime
2026-06-30,1.2164042607823387,0.9693976642453015,1,prime
2026-06-30,0.5643275939348118,0.583785091707355,0,prime
2026-06-30,0.24881835995432328,0.4586700739979578,0,prime
2026-06-30,0.5661041864373584,0.38218880817552486,0,prime
2026-06-30,-0.08002683962959256,0.2727628440231908,0,prime
2026-06-30,0.5860717812024036,0.4890712970871035,1,subprime
2026-06-30,0.3401351395367609,0.580942984620097,0,prime
2026-06-30,-0.4682603619803024,0.23736828284000802,0,subprime
2026-06-30,1.3751035477200748,0.0,0,subprime
2026-06-30,0.14093451629981668,1.0,1,prime
2026-06-30,-0.42562603307391866,0.7340858986846961,1,subprime
2026-06-30,0.9254115042128614,0.7644986098334754,1,prime
2026-06-30,0.5743990454173089,0.2814639948914866,0,prime
2026-06-30,-0.7825549712272725,0.9887398006642611,1,prime
2026-06-30,1.630420219499228,0.46906260954554446,0,subprime
2026-06-30,2.4984748017140093,0.9353736400184472,1,prime
2026-06-30,0.4655832760349703,0.661638005180257,1,subprime
2026-06-30,-0.03516154012551209,0.20922795065795852,1,prime
2026-06-30,0.3652630592657717,0.8526498770657228,1,prime
2026-06-30,1.8385790553610022,0.40589303784967057,1,subprime
2026-06-30,-1.3031384553994703,0.2740689869821468,0,prime
2026-06-30,0.8728705832524849,0.7472254659954495,1,subprime
2026-06-30,1.161507460800195,0.5436235364197488,0,prime
2026-06-30,1.3234570271505395,0.5106365269849948,0,subprime
2026-06-30,2.2730487283091536,0.6037099379993909,0,subprime
2026-06-30,0.20671789765169568,1.0,0,prime
2026-06-30,1.929314505648073,0.7719197884971648,0,prime
2026-06-30,-0.29085333680230707,0.8792410962643987,1,subprime
2026-06-30,0.13216984796993325,0.43707905539423764,0,prime
2026-06-30,-0.8513046618810799,0.18697457044196938,0,prime
2026-06-30,0.7213933385891188,0.9001615020655134,1,subprime
2026-06-30,0.8007105549450205,0.3231075750277325,1,prime
2026-06-30,1.6838156410663307,0.3621709365016801,1,prime
2026-06-30,3.706348989316071,1.0,1,prime
2026-06-30,-0.39347977737978923,0.5003594557789101,1,prime
2026-06-30,0.8206393863304016,0.5193919266946537,1,prime
2026-06-30,0.047689440400927374,0.599549485795302,0,subprime
2026-06-30,0.5300075722108438,0.7104363523588608,1,prime
2026-06-30,-0.1292182235740903,0.47441771052052817,1,prime
2026-06-30,1.4901730446152452,0.477987407591384,1,prime
2026-06-30,-0.6786018210488706,0.14740466607112235,0,prime
2026-06-30,-0.0589848001172012,0.3492743830433491,0,prime
2026-06-30,0.8607244281635464,0.7928845505381554,0,prime
2026-06-30,-0.14331906379122628,0.2461481802783319,0,prime
2026-06-30,1.0969132519417342,0.41767277739581576,0,prime
2026-06-30,1.2394006638499109,0.8791816095335804,0,prime
2026-06-30,1.3956664783345953,0.40658296122835996,1,prime
2026-06-30,0.2901332883246663,0.0,0,prime
2026-06-30,0.6449053910274446,0.6624351699255909,0,prime
2026-06-30,0.17170136753440574,0.9550068932103213,1,prime
2026-06-30,0.5971960629661094,0.7015620846432635,1,prime
2026-06-30,-0.02597575035513333,0.561504349870476,1,prime
2026-06-30,2.0388715273069953,0.5678837303348437,0,subprime
2026-06-30,1.2998057264979777,0.0674821522813629,0,prime
2026-06-30,-0.2289863669862342,0.4058777438044954,0,prime
2026-06-30,2.467602788421691,1.0,0,prime
2026-06-30,-0.05970694843363866,0.5803270152047668,1,prime
2026-06-30,1.9275278054851466,0.8793498011985058,1,prime
2026-06-30,1.4457497917965836,0.002968447486066894,0,subprime
2026-06-30,0.6888059308891529,0.8688803096378639,1,prime
2026-06-30,-0.02309812368089237,0.6430527548117101,1,prime
2026-06-30,-1.2461922103840366,1.0,1,prime
2026-06-30,0.04924827147579203,0.5548842550289365,1,subprime
2026-06-30,-0.2744115201120484,0.2849146397336329,1,prime
2026-06-30,1.2405130988663018,0.7229689507583341,0,subprime
2026-06-30,2.158389524774631,0.863441498879056,1,prime
2026-06-30,-1.9640453137998537,0.6640720534206117,0,prime
2026-06-30,1.2095218133538879,0.13976678323098968,0,prime
2026-06-30,0.5096102812679301,0.21724889206787737,0,prime
2026-06-30,2.3778454082955123,0.35494291915328857,1,prime
2026-06-30,0.19644943225807815,0.5226789510561304,0,prime
2026-06-30,-0.9133393963086905,0.646350558564622,1,prime
2026-06-30,0.2934399165201394,0.7373180255926043,1,prime
2026-06-30,-0.48076416980659,0.5454709859724589,0,prime
2026-06-30,-0.6509550515504564,0.295022795369731,0,prime
2026-06-30,1.2137539638060337,0.1721931912079901,0,prime
2026-06-30,1.000946721082947,1.0,1,prime
2026-06-30,1.0541219514076345,0.7254814448198913,0,subprime
2026-06-30,0.8512713515593839,0.8233645779681696,1,subprime
2026-06-30,1.69301619828772,0.5341007210307597,0,subprime
2026-06-30,2.0532791372507937,0.19203547449850167,1,prime
2026-06-30,2.2172623313277295,1.0,1,subprime
2026-06-30,0.7547668644795967,0.20294504573252073,0,prime
2026-06-30,0.6932491267022012,0.5357973628007439,0,prime
2026-06-30,0.020129415409842033,0.39970391294958824,0,prime
2026-06-30,0.5351291189827061,0.6863180305952857,1,prime
2026-06-30,-0.788868376418712,0.08481026348683124,0,prime
2026-06-30,1.3092451263030633,0.9051366248706714,1,prime
2026-06-30,0.3263887584811374,0.5276979598572225,0,prime
2026-06-30,1.3496141559093116,0.02052998248429705,1,prime
2026-06-30,1.3117914887407705,0.7934081691271386,1,prime
2026-06-30,1.2089986087525082,0.14547362346556156,0,prime
2026-06-30,0.3769947526480751,0.20435981470741119,0,subprime
2026-06-30,-0.32689302133193177,0.4627350089124944,1,prime
2026-06-30,-1.048709046464456,0.3263357483776899,0,prime
2026-06-30,-0.6698681833390175,0.5342368351280357,0,prime
2026-06-30,1.7184459941874972,0.92676926958336,1,prime
2026-06-30,0.393697176194767,0.997122368816745,1,prime
2026-06-30,1.6500653983638003,0.665609373087289,1,prime
2026-06-30,-0.9514522934119166,0.296349512207741,0,subprime
2026-06-30,0.6059802487782551,0.4883638792698447,1,prime
2026-06-30,-0.5444648219157858,0.7838324828914979,0,prime
2026-06-30,1.2845795127634783,0.4402935302820784,0,prime
2026-06-30,2.0387834488880903,0.9177396301337342,1,subprime
2026-06-30,0.6135000201601817,1.0,1,subprime
2026-06-30,0.18347396265653892,0.8002844182222528,1,prime
2026-06-30,1.774675166087552,0.8400963570695393,1,subprime
2026-06-30,0.876679750967303,0.6754567759641217,0,prime
2026-06-30,0.8042639949375225,0.07205816125468517,0,prime
2026-06-30,0.8251431581965427,0.7524318631975261,1,prime
2026-06-30,-0.15709482795681062,0.0,1,subprime
2026-06-30,1.1141369238251353,0.4044768897662928,1,prime
2026-06-30,-0.14542077418969002,0.5920317903585117,1,subprime
2026-06-30,0.3250287829958916,0.7046357801416094,1,subprime
2026-06-30,-0.20714989383497728,0.7898116128821162,0,prime
2026-06-30,1.2947883393648074,0.3492785653374863,0,prime
2026-06-30,-0.6134167954327668,0.07404885609106537,0,prime
2026-06-30,0.2182711497751273,0.265609041546125,0,prime
2026-06-30,-1.4713192655559437,0.40847204186763575,0,prime
2026-06-30,-0.6710303242003969,0.15846836155786329,0,subprime
2026-06-30,1.4747344096450972,0.24078476874435356,0,prime
2026-06-30,0.2427112560212139,0.0,0,subprime
2026-06-30,-0.10438563525624855,0.45982339806343087,0,prime
2026-06-30,1.3379232707101307,0.1542099545775095,0,subprime
2026-06-30,0.6095593611865436,0.6494267359806419,1,prime
2026-06-30,0.8772463739975629,0.6360141355679197,1,prime
2026-06-30,2.6800089174397628,0.9609733632168002,1,subprime
2026-06-30,-0.5177785815233839,0.35419591017889573,1,prime
2026-06-30,0.59035574290191,0.3721134423236841,1,subprime
2026-06-30,1.8093045357506625,0.3164476549419572,1,prime
2026-06-30,-1.4024722957001834,0.025850324540474312,0,prime
2026-06-30,-0.8074121023647479,0.867347764154849,1,subprime
2026-06-30,1.2028263000910568,0.545227752404618,1,prime
2026-06-30,0.6853210557680592,0.8488557490324798,0,prime
2026-06-30,1.8071627347313526,0.4193877962697715,1,prime
2026-06-30,1.040948353086221,0.35068877783857744,1,prime
2026-06-30,0.6264680037351124,0.7176387613352725,1,subprime
2026-06-30,0.7197652835379925,0.2877636373583126,1,prime
2026-06-30,0.4389761534141902,0.011756690519105994,0,prime
2026-06-30,1.129922207302641,0.21587725719936002,0,prime
2026-06-30,-0.7116831189270364,0.35596286559131346,1,prime
2026-06-30,-1.1421093246055296,0.0,0,prime
2026-06-30,2.0322720862083803,0.31738401837646285,1,subprime
2026-06-30,0.7051758822477334,0.7125232727513338,1,prime
2026-06-30,0.37051488820988154,0.0,0,subprime
2026-06-30,0.571667267872903,0.0,0,subprime
2026-06-30,-0.593501953880131,0.826960495177701,0,prime
2026-06-30,1.5002956910631426,0.8393766417157422,1,prime
2026-06-30,0.25104240718572923,0.30828634444783015,1,prime
2026-06-30,-0.40814529256362564,0.6314555364883304,0,prime
2026-06-30,0.8938801350133165,0.516848913065215,0,prime
2026-06-30,0.23432219680747757,0.465505310164871,0,prime
2026-06-30,0.8210964986935186,0.2667276040024375,1,subprime
2026-06-30,0.09902033234931551,0.3043976612750893,1,prime
2026-06-30,-0.17037806561805624,0.5252072038936028,1,prime
2026-06-30,2.1206483914184777,0.5699518857136143,1,prime
2026-06-30,0.3495346648270471,0.22597717861471414,0,subprime
2026-06-30,0.3160840142283265,0.0,1,prime
2026-06-30,-0.9242022316754605,0.47765625358841535,1,prime
2026-06-30,0.4319675707009909,0.7783549761387145,1,prime
2026-06-30,-0.8100913856513831,0.7340799820079116,1,prime
2026-06-30,0.32586566543759954,0.5391711042257271,0,subprime
2026-06-30,0.42904841687686024,0.7061690465480289,0,prime
2026-06-30,1.9257864668447016,0.6709291951591321,1,prime
2026-06-30,1.8398676337598125,0.7877788163154613,1,prime
2026-06-30,2.114397481975271,0.0,0,prime
2026-06-30,3.221599842077534,0.0,0,prime
2026-06-30,-1.378795203771383,0.592613300376914,1,prime
