date,feature,prediction,label,segment
2026-06-01,0.1789044016528007,0.36915523842822395,0,prime
2026-06-01,0.20038878998991727,0.0,0,prime
2026-06-01,0.9034409504391765,1.0,1,prime
2026-06-01,-0.3306142755655633,0.4184755779758699,1,prime
2026-06-01,-0.4137843530590306,0.5707127844883005,1,prime
2026-06-01,0.3533916998059317,0.46272462045251933,0,prime
2026-06-01,-0.2884081781596219,0.45824784960858367,0,subprime
2026-06-01,-1.1895620724229425,0.8152450415647607,1,prime
2026-06-01,-0.4376294885648295,0.0,0,prime
2026-06-01,-0.20662254976878353,0.5096075602983652,1,prime
2026-06-01,1.1930999467457466,0.6822605434924016,1,prime
2026-06-01,1.9310828520993035,0.2135409889276177,0,prime
2026-06-01,0.9518325442231689,0.43580227771249375,1,subprime
2026-06-01,0.8411846073737606,0.038149020647362086,0,prime
2026-06-01,-2.3354928402859376,1.0,1,prime
2026-06-01,-0.8983536088405505,0.38008405195505357,0,prime
2026-06-01,-2.4694768579234485,0.2443228442545181,0,prime
2026-06-01,0.773506938285112,0.8021714593889876,1,prime
2026-06-01,0.14769228053499484,0.8335460439524106,1,subprime
2026-06-01,1.2978021682434047,0.7328986794308927,1,prime
2026-06-01,1.4051605806026595,0.23327844164182576,1,prime
2026-06-01,2.390063811014549,0.750151434143601,0,prime
2026-06-01,0.29985020819644537,0.48428525771246894,1,prime
2026-06-01,1.0094788765714449,0.947912885119029,1,subprime
2026-06-01,0.003946452210676568,0.4456899921061542,1,subprime
2026-06-01,0.7999490420594942,0.9919600589424393,1,subprime
2026-06-01,-0.9104383170894768,0.0,0,prime
2026-06-01,-0.9645265999165703,0.44761166868897934,1,prime
2026-06-01,0.5296827009879315,0.5303456981051906,0,prime
2026-06-01,1.1614969249295766,0.0,0,prime
2026-06-01,1.3187683060529474,0.8417259928848407,1,subprime
2026-06-01,-1.5124979498701536,0.07498523408663002,0,subprime
2026-06-01,0.2957776059099129,0.5778044403466618,0,subprime
2026-06-01,-1.0882625699469093,0.7519136256517213,1,prime
2026-06-01,-0.7015031519067133,0.60651085747588,1,prime
2026-06-01,-0.2442359497737407,0.8452148019369711,1,prime
2026-06-01,0.1765942051384984,0.2706858490517986,0,prime
2026-06-01,0.5122905250519194,0.5482435802705523,0,prime
2026-06-01,1.0540609236405616,0.640063964813922,1,prime
2026-06-01,-0.30747497738534185,0.8246064666971863,1,prime
2026-06-01,-0.9838141976503997,0.783472374456406,1,subprime
2026-06-01,0.8270243642845091,0.031340024869996735,0,prime
2026-06-01,0.25831123921205407,0.42610054639718786,0,subprime
2026-06-01,0.48873790094740477,0.9561451413440228,0,subprime
2026-06-01,1.1099019497592815,0.23794595228390128,0,prime
2026-06-01,-0.08213692107825087,0.10479066696858855,0,prime
2026-06-01,-1.0821613318214143,0.8581527149526974,1,subprime
2026-06-01,0.40863021797903065,0.7226245332317466,1,prime
2026-06-01,1.5852833459193225,0.0,0,prime
2026-06-01,-0.02641765418181893,0.3935837516774865,1,subprime
2026-06-01,-1.7177723714952216,0.27816792262431483,0,prime
2026-06-01,0.8203830886445975,0.8316718877061291,1,prime
2026-06-01,0.5887445120687996,1.0,1,prime
2026-06-01,0.8301275206825723,0.0,0,prime
2026-06-01,0.5028055991708205,0.6709680023970662,1,prime
2026-06-01,-0.4619657104532872,0.07854629380382616,0,prime
2026-06-01,-0.4496604818838746,0.32949468313997565,0,subprime
2026-06-01,-0.15499949234743404,0.0,0,prime
2026-06-01,1.0106617394232777,0.8238778613871384,1,prime
2026-06-01,1.4095138874742255,0.699090589052506,1,subprime
2026-06-01,-0.5809727785958029,0.2567550549581235,0,prime
2026-06-01,1.1011181245686115,0.0,0,subprime
2026-06-01,-0.5993753501052158,0.021472473022093652,0,prime
2026-06-01,-1.3177808975830407,0.14756220454986452,0,prime
2026-06-01,-1.3360799307341567,0.8116853010504508,1,prime
2026-06-01,2.0474719113756614,0.4834819451067358,1,prime
2026-06-01,-0.6419965723845896,0.1599067288475759,0,prime
2026-06-01,0.16475810036697572,0.0,0,prime
2026-06-01,-0.46482771196598405,0.0,0,prime
2026-06-01,-2.7550057735321256,1.0,1,prime
2026-06-01,-0.6071099525043843,0.7609545951069503,1,prime
2026-06-01,2.8184562594735962,0.0,0,prime
2026-06-01,-1.6285350619206653,1.0,1,subprime
2026-06-01,0.06921284874186533,0.20413897378850202,0,prime
2026-06-01,0.30543701728198736,0.67495227717028,1,prime
2026-06-01,0.8739024497045974,0.4446082345428381,1,prime
2026-06-01,-0.6698690903407459,0.8820582508301624,1,prime
2026-06-01,1.1717726685296737,0.3215362269562574,0,prime
2026-06-01,-0.06616197339081854,0.3691878330179914,0,subprime
2026-06-01,-0.23737105702675643,0.3564383295948585,0,prime
2026-06-01,0.3210182693237669,0.5313032697969371,0,subprime
2026-06-01,-1.7710899882050626,0.1465059450242131,0,prime
2026-06-01,0.20383848923976886,0.3551189750225191,0,subprime
2026-06-01,0.45673791758642,0.0,0,prime
2026-06-01,-0.6334405494664951,0.48121888242321675,0,prime
2026-06-01,-0.24326067637460258,0.0953542943258319,0,prime
2026-06-01,0.2149787666076967,0.9932051649013227,1,prime
2026-06-01,-0.6553144038217009,0.20591436154006873,0,prime
2026-06-01,1.9230535872951775,0.7211145283275161,1,prime
2026-06-01,0.3853146697843566,1.0,1,prime
2026-06-01,0.19785034075537136,0.16861634008065746,0,prime
2026-06-01,-0.6163786878647519,0.6409634110865428,1,prime
2026-06-01,-0.4023945358484443,0.2928829389142376,0,prime
2026-06-01,0.46316962531626077,0.3481277429432571,1,prime
2026-06-01,1.847453717332473,0.4111739079208985,0,subprime
2026-06-01,-0.7870858102776036,0.16688725902944127,0,prime
2026-06-01,0.5657028797820084,0.22931623067039258,0,prime
2026-06-01,0.5304170265656761,1.0,1,prime
2026-06-01,0.7585721110230063,0.5974934316905779,0,prime
2026-06-01,0.5338976289276535,0.7387164574186371,0,prime
2026-06-01,-1.5773156227753753,0.3623112714511408,0,subprime
2026-06-01,0.8509895930893523,0.3993211033874231,0,prime
2026-06-01,-0.5539276523724178,0.0,0,prime
2026-06-01,0.8794201453194568,0.0,0,subprime
2026-06-01,0.9401628004838124,0.5011324117037846,0,prime
2026-06-01,-0.37737549541155596,0.0,0,prime
2026-06-01,0.03623738607537032,0.7030154192887048,1,prime
2026-06-01,-0.5304809025583933,0.12061495947043477,0,subprime
2026-06-01,-0.3511354925180169,0.3383542257009158,0,prime
2026-06-01,-0.29992321073205613,0.7906109486828358,1,prime
2026-06-01,0.2131617253760109,0.46624691178906497,0,prime
2026-06-01,-0.16231932329259655,1.0,1,subprime
2026-06-01,-1.3547395846285244,1.0,1,subprime
2026-06-01,-1.2054612000616982,0.3043272844986982,0,prime
2026-06-01,-0.1849813683659159,0.8986613684254092,1,subprime
2026-06-01,-0.7533191402333339,1.0,1,prime
2026-06-01,0.6570767411825736,1.0,1,prime
2026-06-01,-0.32507117150906656,0.95382579080161,1,subprime
2026-06-01,0.9447160617472123,1.0,1,prime
2026-06-01,1.0146936812149574,0.6342718773694814,1,prime
2026-06-01,-0.17054585833138663,0.7612820479034269,0,prime
2026-06-01,-0.5051427180866258,0.7500370119750237,1,prime
2026-06-01,-0.4407379524221905,1.0,1,subprime
2026-06-01,1.3129815224186707,0.5881467971332787,1,prime
2026-06-01,0.1326001380503275,0.03830931137618246,0,prime
2026-06-01,0.47793763098316505,0.5378509254115527,0,prime
2026-06-01,-1.0199407144015253,1.0,1,prime
2026-06-01,0.4017164987594128,0.5913409278566387,1,subprime
2026-06-01,-1.312741020202805,0.7650807679010193,0,subprime
2026-06-01,-2.227364855465297,0.0,0,prime
2026-06-01,0.21543540115166146,1.0,0,subprime
2026-06-01,-1.7861957290385535,0.12501948532945223,0,prime
2026-06-01,-1.6181188282701755,0.5367783481102528,0,prime
2026-06-01,-0.0003927393059708197,1.0,0,prime
2026-06-01,1.476549005030725,0.18652505449025047,0,prime
2026-06-01,0.47488232132979286,0.4804656886891329,0,prime
2026-06-01,-1.040057350290244,0.057060163831070376,0,prime
2026-06-01,0.8646538949840372,0.838222973043019,1,subprime
2026-06-01,-0.22104952814710924,0.0,0,prime
2026-06-01,1.0591014988715954,0.6115084661063063,1,prime
2026-06-01,0.6678717302674412,0.5313202190784381,0,prime
2026-06-01,-0.32462703609025045,0.29719730579547043,1,prime
2026-06-01,-0.03006776966874454,0.028623681289672465,0,prime
2026-06-01,0.788203161904241,0.38677335955898445,0,subprime
2026-06-01,0.27451466931739515,0.898725887820292,1,prime
2026-06-01,-0.14877485661883078,0.11206837938256528,0,prime
2026-06-01,0.7676930443167893,0.2759694153429214,0,prime
2026-06-01,-0.930018440770596,0.2567383510051875,1,prime
2026-06-01,0.3204788230665177,0.0,0,subprime
2026-06-01,1.0465268363430626,0.03833677374059127,0,prime
2026-06-01,0.6899809507168458,0.003445095826939165,0,subprime
2026-06-01,0.26745277338847,0.5305994997112753,0,prime
2026-06-01,-0.6407505892019207,0.918852906159292,1,subprime
2026-06-01,0.5490206579830598,0.03672843712180093,0,prime
2026-06-01,-1.3137956849486476,0.7024941931146449,1,prime
2026-06-01,0.2338460278449522,1.0,1,prime
2026-06-01,1.0026490555737395,0.0,0,prime
2026-06-01,0.5588634384357806,0.26361817959052924,0,prime
2026-06-01,0.676080018129089,0.6533492279789548,0,subprime
2026-06-01,1.5176445244759276,0.5519893418154411,0,prime
2026-06-01,-0.8395373660523878,0.1251819531252165,0,prime
2026-06-01,-1.3146766014523499,0.4872127224269528,0,prime
2026-06-01,0.29847579734437113,0.7691413091885733,1,prime
2026-06-01,-1.260442727159883,1.0,1,subprime
2026-06-01,-0.22821350397656312,0.2880160449895275,0,prime
2026-06-01,0.1266445851463856,0.27909659733786907,0,prime
2026-06-01,-0.4630935503775196,0.0,0,subprime
2026-06-01,-1.557485108348042,0.9536148415404995,1,prime
2026-06-01,0.29423169704854385,1.0,1,prime
2026-06-01,-0.17559697859988033,0.1921201123897459,0,prime
2026-06-01,-2.3993858283582647,0.0629682207372009,0,prime
2026-06-01,-1.1160204829770322,0.6861218375995866,1,prime
2026-06-01,-0.17271315624666475,0.1238804466835046,0,subprime
2026-06-01,-0.9821296913709925,0.8309089325517737,1,subprime
2026-06-01,-0.04234214545995852,0.790207747739055,1,prime
2026-06-01,1.900142322049631,0.8588908814248762,1,prime
2026-06-01,-0.834938968924362,0.0,0,prime
2026-06-01,0.008776005614211088,0.0,0,subprime
2026-06-01,-0.14281686263179283,0.37938008985819816,0,subprime
2026-06-01,1.9240806325632671,0.11592184942212796,0,subprime
2026-06-01,0.8659815651763254,0.7630337154859331,1,prime
2026-06-01,-0.1314780569465188,0.9739899031752568,1,prime
2026-06-01,0.6939227233368133,0.9377195025843263,1,prime
2026-06-01,-0.27093182825687956,0.4055914669638691,1,subprime
2026-06-01,0.8181951499992668,0.0,0,subprime
2026-06-01,0.7980355858684783,1.0,1,subprime
2026-06-01,-0.7589844193146322,1.0,1,prime
2026-06-01,0.8888369680557999,0.2847761382689113,0,prime
2026-06-01,-0.006857542528716641,0.4104976438190173,0,subprime
2026-06-01,-0.5899249505411447,0.7126097646063645,0,prime
2026-06-01,0.2562191524260186,0.5417039547589446,1,subprime
2026-06-01,-1.482288547457628,0.09034689943328833,0,prime
2026-06-01,-1.0041697030007597,0.4634510709027072,0,prime
2026-06-01,0.6160091038668357,0.8007421410443732,1,subprime
2026-06-01,1.0872299257914024,0.6097277696689516,1,prime
2026-06-01,0.4982808776900623,0.0,0,subprime
2026-06-01,0.15283325188596755,0.03231254734729308,0,subprime
2026-06-01,-0.25999379905636033,0.4421333173294209,0,prime
2026-06-01,0.3238488752209279,0.2577956764960081,0,prime
2026-06-01,-1.384334476665628,0.15162687910969408,0,prime
2026-06-01,-1.3625719248994361,0.7902218210831065,1,prime
2026-06-01,0.1825966376459529,0.3263314817443099,0,subprime
2026-06-01,0.5195422805050502,0.0814403666581445,0,subprime
2026-06-01,1.947106508967119,0.5028027538174868,1,prime
2026-06-01,0.3002163837663772,0.9033359706663329,1,prime
2026-06-01,1.6846395163578403,1.0,1,prime
2026-06-01,-1.2798104270358523,0.3605148611883064,1,prime
2026-06-01,0.9628740879525873,0.2907188247862441,0,subprime
2026-06-01,0.7054918973865401,0.3847835372702856,0,prime
2026-06-01,1.1759838449547861,0.6270562367396091,1,prime
2026-06-01,0.6737441925310989,0.1113846326257945,0,prime
2026-06-01,-0.9238462517392311,1.0,1,subprime
2026-06-01,-0.22768555654338524,0.2014369609900943,0,subprime
2026-06-01,0.3037912930822187,0.23094825445032452,1,prime
2026-06-01,0.9642475825949991,0.534600677265541,1,prime
2026-06-01,0.4257555426291796,0.8962177239177077,1,subprime
2026-06-01,1.5783533660981253,0.12534726659696105,1,subprime
2026-06-01,0.012946378520233406,0.0,0,prime
2026-06-01,-0.18660469381833164,1.0,1,prime
2026-06-01,-0.9591379839211442,1.0,1,subprime
2026-06-01,-0.3938710139054839,0.3001539796871588,0,subprime
2026-06-01,-1.0192052600949215,0.0,0,prime
2026-06-01,0.025372529222207535,0.6780079077723555,0,subprime
2026-06-01,0.5103907914366852,0.5625681849626111,1,prime
2026-06-01,0.19551005607226465,0.8506097454247327,1,prime
2026-06-01,1.0835945571787406,0.4438853601630988,1,subprime
2026-06-01,-0.8976378158397786,0.0742055771978811,0,subprime
2026-06-01,0.6589754618363101,0.0023268681470973163,0,subprime
2026-06-01,0.26470305541116407,1.0,1,prime
2026-06-01,-0.12887971927386255,0.7408303073839273,0,subprime
2026-06-01,-0.14830220711511288,0.3608415347788715,0,prime
2026-06-01,1.4409520395909199,0.8804262186948933,1,prime
2026-06-01,-1.279049861649434,0.25062597494405126,0,prime
2026-06-01,0.7333022047436984,0.0,0,prime
2026-06-01,0.9352523758150688,1.0,1,subprime
2026-06-01,-0.7409156524650558,0.8498741801496386,1,subprime
2026-06-01,0.773511655020188,0.3004885065661883,0,prime
2026-06-01,0.5290231316946289,0.5044592310176017,1,subprime
2026-06-01,-0.6233910546499299,0.0,0,prime
2026-06-01,2.1204587056925046,0.8073862604996253,1,prime
2026-06-01,1.5712613411335334,0.4373186458567765,0,prime
2026-06-01,1.31730151083234,0.0,0,subprime
2026-06-01,-0.058503009292057324,0.1771040676953224,0,prime
2026-06-01,1.5937966088894049,0.8267756400987764,0,prime
2026-06-01,0.12099958597963055,0.6273609151969107,1,prime
2026-06-01,1.4247608411026835,0.673792177661802,1,prime
2026-06-01,0.9912103401657042,0.14303975976998237,0,subprime
2026-06-01,-1.0328104770309428,0.13535967563757983,0,prime
2026-06-01,0.4869491410507775,0.7540469841480719,1,subprime
2026-06-01,0.3030073893831247,1.0,1,prime
2026-06-01,-1.5709577954421678,0.4018331145952962,1,prime
2026-06-01,-0.2187503665549473,0.538383018166165,0,prime
2026-06-01,0.231542418526074,1.0,1,prime
2026-06-01,1.1783773781196052,0.26400673472907343,0,prime
2026-06-01,0.2981294833539525,0.6253197451483252,0,prime
2026-06-01,-0.847357425879426,0.14785455829427308,0,subprime
2026-06-01,-0.09242204498387531,0.0,0,prime
2026-06-01,2.6882155151117484,0.5648393084001687,1,prime
2026-06-01,0.44422054129732746,0.7511291042102198,0,prime
2026-06-01,1.0180824364162984,0.7693332070717199,0,prime
2026-06-01,-0.5326604833621591,1.0,1,prime
2026-06-01,1.251508603036336,0.15860352542588677,0,prime
2026-06-01,-0.39749606858831443,0.039966596594437576,0,prime
2026-06-01,-0.47348341110679204,0.18271212846170426,1,prime
2026-06-01,-0.28419222180444564,0.0,0,prime
2026-06-01,-0.43624424621897906,0.1358420229837236,0,prime
2026-06-01,-2.025940903164709,0.0,0,prime
2026-06-01,0.017585074172894757,0.33155699943041056,1,subprime
2026-06-01,1.9537051638248115,0.28515843218223824,1,subprime
2026-06-01,-0.5017348185733023,0.35544264632905187,0,subprime
2026-06-01,0.05555632220286581,0.0,0,subprime
2026-06-01,-0.9068349149500314,0.8052690057454108,0,prime
2026-06-01,0.3096106839774596,0.15827888090096232,0,prime
2026-06-01,0.9447649467756145,0.803016092126588,1,prime
2026-06-01,-0.04459160856351499,0.0,0,subprime
2026-06-01,1.1545733718624365,0.055967423107531666,1,prime
2026-06-01,-0.550494376179364,0.642916597094652,0,prime
2026-06-01,0.12279274360196935,1.0,1,subprime
2026-06-01,-0.5181731117990788,0.6377272501145121,1,prime
2026-06-01,-0.12016209584247074,0.43683330385232866,0,prime
2026-06-01,-0.06178372920112625,0.30951412138977286,0,prime
2026-06-01,-0.12108150401751448,0.7541507954373937,1,subprime
2026-06-01,0.8193874637821758,1.0,1,prime
2026-06-01,1.2394037249439342,0.6260142771022001,1,prime
2026-06-01,-0.42253232848883415,1.0,1,prime
2026-06-01,0.04200526340467685,1.0,1,subprime
2026-06-01,-0.1291308885880959,0.14245386847685282,0,prime
2026-06-01,-0.0794188185739454,0.4454855774488292,0,prime
2026-06-01,1.0416879421024352,0.25039910462601034,0,prime
2026-06-01,-0.5275852608745504,0.6209726262955548,1,prime
2026-06-01,1.3710861986529272,0.852790047944837,1,prime
2026-06-01,0.527470557835853,0.6761174368076432,1,prime
2026-06-01,1.0650331788111973,1.0,1,prime
2026-06-01,-0.16460485999914953,0.47541530656292874,0,prime
2026-06-01,0.378087395781294,0.789958619116087,1,prime
2026-06-01,0.3964368039602719,0.21566193389123925,0,prime
2026-06-01,0.2554744291589476,0.030448273123731967,0,prime
2026-06-01,0.3280806149280749,0.45277742589477216,1,prime
2026-06-01,0.7214266595035546,0.27652151867254404,1,subprime
2026-06-01,-0.039762326941586296,0.0,0,prime
2026-06-01,-1.7757338125110154,0.5442671501330729,1,prime
2026-06-01,-2.1629999516978304,0.5011703030145809,0,subprime
2026-06-01,-0.3008382922580632,0.6786445132543838,1,subprime
2026-06-01,-0.2892696134270498,1.0,1,prime
2026-06-01,-0.6974996149689167,0.84682738682005,1,subprime
2026-06-01,-0.297537877056895,0.9035328927051726,1,prime
2026-06-01,-1.664944884873041,0.5064939462799833,0,prime
2026-06-01,-0.7361106717077551,1.0,1,subprime
2026-06-01,-0.3037423131723559,0.8308269279261886,1,prime
2026-06-01,-0.08496501339360715,0.8219457429594819,1,subprime
2026-06-01,-1.2110955370262173,0.05916011313559533,0,subprime
2026-06-01,0.9571772015771354,1.0,1,prime
2026-06-01,-0.15916610142114646,0.22579589044876283,0,prime
2026-06-01,1.3103745842958745,0.0,0,subprime
2026-06-01,0.3212668275296569,0.7156576614128305,1,subprime
2026-06-01,-1.1082654139606372,0.418501170611532,0,subprime
2026-06-01,-1.995550961070382,0.9027884761153908,1,subprime
2026-06-01,-0.020670833474745142,0.5597375845520505,1,subprime
2026-06-01,-0.26459336415096024,0.8395980385593913,1,prime
2026-06-01,1.2532069881496297,0.5732679224271322,1,subprime
2026-06-01,0.5583706174237558,0.8179926316870697,1,prime
2026-06-01,0.6971624537192039,0.5342217782256468,0,prime
2026-06-01,-0.6991424269046367,1.0,1,subprime
2026-06-01,-0.6261973439087237,0.9291240159616343,1,prime
2026-06-01,0.1831660739992469,1.0,1,prime
2026-06-01,-0.161466681892903,0.0,0,prime
2026-06-01,-1.2646958515732252,0.7225163647350595,1,subprime
2026-06-01,-0.2548671161243686,0.20592146277185364,1,prime
2026-06-01,-2.48875685252466,0.10890191996744288,0,subprime
2026-06-01,0.02758855843238013,0.5542139181532819,0,subprime
2026-06-01,0.9498819065260645,0.0,0,subprime
2026-06-01,-0.24568520376132222,0.10259176694006213,0,prime
2026-06-01,-1.155468078491616,0.8078277775490077,1,prime
2026-06-01,-0.917301735378658,0.0,0,subprime
2026-06-01,0.26924624673981595,0.3208436533593567,1,prime
2026-06-01,-1.510404904497965,0.0,0,prime
2026-06-01,2.765472291925067,0.08218504262383411,0,prime
2026-06-01,0.2596398790779581,0.31752290349778006,1,subprime
2026-06-01,0.23371804722410497,1.0,1,prime
2026-06-01,-0.6997739873208717,1.0,1,subprime
2026-06-01,-2.8242135816556426,0.2695412712593293,0,prime
2026-06-01,0.2048130519042803,0.5364509593691282,0,prime
2026-06-01,0.8533131203706054,0.846208058934869,1,prime
2026-06-01,-1.5210189896947057,0.11786444873481809,0,subprime
2026-06-01,0.5243350343701404,0.19376034132228045,0,prime
2026-06-01,-0.5514830683410276,1.0,1,prime
2026-06-01,-0.04871762093175271,0.8498734182469794,1,prime
2026-06-01,1.0293244237702341,0.9754161176254151,1,prime
2026-06-01,0.12563097653267424,0.7090499954544396,0,subprime
2026-06-01,-0.11508051194906892,0.20014997044127938,0,prime
2026-06-01,-0.440046322044961,0.7359734333530262,1,prime
2026-06-01,0.42990752414271716,0.016183739742494874,0,prime
2026-06-01,-1.2876455604830515,0.17194400516630715,0,prime
2026-06-01,0.6092129577331182,0.40367142758505725,0,prime
2026-06-01,-0.21300827239415165,0.5974884099553426,1,prime
2026-06-01,0.36031133946556354,0.4617124642171223,1,prime
2026-06-01,0.627207857249988,1.0,1,prime
2026-06-01,0.4511068427950731,0.8538278893071269,1,subprime
2026-06-01,-0.357867082341024,1.0,1,prime
2026-06-01,-0.6843669809142358,0.0,0,prime
2026-06-01,0.1511187189593362,0.0,0,prime
2026-06-01,-0.912345504835192,0.6260977328231384,1,prime
2026-06-01,0.43375367051337294,0.48921620539001137,0,prime
2026-06-01,0.8232851264641963,1.0,1,subprime
2026-06-01,0.7875824419069364,0.10859938699401889,0,subprime
2026-06-01,-0.9193092094156475,0.07567265906897386,0,prime
2026-06-01,0.46336969515102566,0.7761906599045102,1,prime
2026-06-01,-0.45361417890443445,0.0,0,prime
2026-06-01,-0.16219895686190014,0.19116631739200177,0,subprime
2026-06-01,-0.9837774150692444,0.0,0,prime
2026-06-01,-1.2365499811396319,0.25788155143765196,0,subprime
2026-06-01,2.0357496497857905,0.6330525121294142,0,subprime
2026-06-01,1.3067372579144878,0.5518170698218607,1,prime
2026-06-01,-1.797918330091655,0.8219947959436509,0,prime
2026-06-01,0.10906301600055335,0.2737782595796402,0,prime
2026-06-01,-1.7485520867620103,0.0,0,prime
2026-06-01,-0.3070367518403804,0.021950874781364288,0,prime
2026-06-01,0.4492842577402922,0.33380425502434297,0,prime
2026-06-01,-0.32979391777610484,0.7636012642638795,1,prime
2026-06-01,-1.317472996720467,0.5730618416556379,0,prime
2026-06-01,-0.6867343444182079,0.20837544916816347,0,prime
2026-06-01,-0.45365341298263034,1.0,1,prime
2026-06-01,-0.03147153314747223,0.9347921527194585,1,prime
2026-06-01,0.26399006680414266,1.0,1,subprime
2026-06-01,1.1419566717147722,0.0,0,prime
2026-06-01,-1.7021232698796445,0.0,0,subprime
2026-06-01,0.30688460978053994,0.5049056159585219,0,prime
2026-06-01,-0.8410594770596469,0.7147793923739484,1,prime
2026-06-01,0.6900406548765692,0.0,0,prime
2026-06-01,-0.98201926861815,0.0,0,prime
2026-06-01,-0.9601340184465509,0.7915826131773634,0,prime
2026-06-01,0.41056340458907564,0.19808310648245278,0,prime
2026-06-01,-0.39596610745270605,0.11748323194778094,0,prime
2026-06-01,-0.8456352734883626,0.5126115542869881,0,prime
2026-06-01,-0.27586867660196024,0.2255509815293884,0,prime
2026-06-01,-0.4693807613002787,0.34796401552962486,0,prime
2026-06-01,-1.1189409036619682,0.0,0,subprime
2026-06-01,-1.5792957141969595,0.520345793211819,0,prime
2026-06-01,0.4337214065160377,0.0,0,subprime
2026-06-01,-0.5626049574066316,0.8121907457183724,1,subprime
2026-06-02,-0.758588664762064,0.7381158187873481,1,prime
2026-06-02,-1.0037670911365806,0.7598349638269224,1,prime
2026-06-02,0.41604800903623657,0.23789763096882258,0,prime
2026-06-02,-0.12513580030537197,0.7332819054205276,1,prime
2026-06-02,1.4080467050795884,0.8646200037986025,1,prime
2026-06-02,-0.4047799747800884,0.0,0,subprime
2026-06-02,-1.3362582669891108,0.3961881414116631,1,prime
2026-06-02,-0.07042541218374176,0.4307679021448223,0,prime
2026-06-02,0.4770850216262346,0.0,0,prime
2026-06-02,-0.9247950011930145,0.1555073120109306,0,prime
2026-06-02,0.8944928693259905,0.5448271120151018,0,subprime
2026-06-02,-2.4484723445582355,0.0907356067716995,0,prime
2026-06-02,-0.17280205596584877,0.8495766144451096,1,prime
2026-06-02,-2.5279693906338165,0.5783683891084646,0,prime
2026-06-02,1.2691656282711996,0.6559687245086687,0,subprime
2026-06-02,-1.7304441740565026,0.11435595848862501,0,prime
2026-06-02,2.589194114119332,0.2090011299751228,0,prime
2026-06-02,1.3906291134258213,1.0,1,prime
2026-06-02,-0.3436838393172072,0.0,0,prime
2026-06-02,-0.3977956675289805,0.0,0,prime
2026-06-02,0.5364468536420584,0.1254383543025897,0,prime
2026-06-02,0.06664195133078529,0.8838390217670499,1,prime
2026-06-02,-0.7323356028736706,0.4502922103065631,0,prime
2026-06-02,-0.9923466029398355,0.0,0,prime
2026-06-02,-0.7424197493053896,0.2768307168077302,1,prime
2026-06-02,-2.2555568027283197,0.6991743545346395,1,prime
2026-06-02,-0.1391804577628043,0.0,0,prime
2026-06-02,1.2843245208849448,1.0,1,prime
2026-06-02,-0.8445389284136586,0.3173091069376742,0,subprime
2026-06-02,-0.8958442680168364,0.3857417537550115,0,prime
2026-06-02,-0.18264148840314223,0.3695660315552829,0,subprime
2026-06-02,-0.9784884122717881,0.24634808948734513,0,prime
2026-06-02,0.2631846429808179,0.6349956259743318,1,prime
2026-06-02,-0.42856822057216504,0.8173988512857371,1,subprime
2026-06-02,-1.6999537022382463,0.7106790298683738,1,subprime
2026-06-02,0.7970093979195165,0.0,0,subprime
2026-06-02,1.7381156941361213,1.0,1,prime
2026-06-02,0.17321664209665524,0.483362196881539,1,prime
2026-06-02,0.3841463223372396,0.6487384377680455,1,subprime
2026-06-02,1.0071072138843677,0.12523268289870615,0,subprime
2026-06-02,0.15352115768547142,0.0,0,subprime
2026-06-02,0.5267773635412264,0.005634198500864773,0,prime
2026-06-02,-0.7865610090441113,0.5185585437096708,0,prime
2026-06-02,0.5066581845929798,0.6023997723329749,1,prime
2026-06-02,-0.04886137808271521,1.0,1,subprime
2026-06-02,-0.24456974777062546,1.0,1,subprime
2026-06-02,0.030267990283410113,0.13575734011002433,0,subprime
2026-06-02,-0.07575613080063563,0.14335145985378683,0,prime
2026-06-02,0.7363234796109445,0.07258076602570807,1,subprime
2026-06-02,-0.49901654034956267,0.6687595973392831,1,prime
2026-06-02,0.7498952688226663,0.0,0,prime
2026-06-02,-0.17676379720230406,0.03463234986247579,0,prime
2026-06-02,1.2458370675276922,0.9854066331017265,1,prime
2026-06-02,-0.072953088725145,0.862720297105772,1,prime
2026-06-02,0.7795833686728901,0.6021990095316478,0,prime
2026-06-02,-0.11636618893606665,0.1087030208465822,0,prime
2026-06-02,-0.18621853261254218,0.5554917837802422,1,subprime
2026-06-02,0.01205868230129011,0.3002661623273608,0,subprime
2026-06-02,1.6977517236885447,0.1913518200056248,0,prime
2026-06-02,0.5746250106957514,0.08375593034303958,0,prime
2026-06-02,-0.8988212164246553,0.20816115045557373,0,subprime
2026-06-02,-0.15203736741169566,0.0,0,prime
2026-06-02,-1.9241881290755105,0.7797563113077365,1,prime
2026-06-02,-1.5249126581246233,1.0,1,prime
2026-06-02,-1.174916099342657,0.9477912367964275,1,prime
2026-06-02,0.1055798557478058,0.3790857277490068,1,prime
2026-06-02,-1.6126284675489602,1.0,1,prime
2026-06-02,2.00141029389521,1.0,1,prime
2026-06-02,-1.6272910967973437,0.06316342255468471,0,prime
2026-06-02,0.6658455097141794,0.572059202434289,0,prime
2026-06-02,-0.7209948222164902,0.7362607832553669,1,prime
2026-06-02,0.0058092220531470624,0.8035034726443916,1,subprime
2026-06-02,1.0706567886308989,0.687978449890247,1,subprime
2026-06-02,0.24399224260188368,0.8721181099019878,1,prime
2026-06-02,-1.100761524690791,0.072322174762493,0,prime
2026-06-02,0.5386559352788666,0.4713508518693581,0,prime
2026-06-02,-0.9553038519474363,1.0,1,prime
2026-06-02,-1.0186807756472511,0.7492519417158234,1,prime
2026-06-02,1.611261098424274,0.7094577653334943,1,subprime
2026-06-02,0.8439443840987609,0.6534733024895097,1,prime
2026-06-02,0.11412731007712314,0.7589725979294782,1,subprime
2026-06-02,-0.6543128323057176,0.9993459996039388,1,subprime
2026-06-02,-0.23918594804204432,0.7270253620729141,1,subprime
2026-06-02,-0.6966571322760915,0.42844156170818126,1,prime
2026-06-02,1.382400912346683,0.774494440346786,1,prime
2026-06-02,-0.20601273776368875,0.22513784277487692,0,subprime
2026-06-02,0.6943033150862945,0.0,0,subprime
2026-06-02,0.8205950793214045,0.0,0,subprime
2026-06-02,-0.3745153590830713,0.8258687944145745,1,prime
2026-06-02,-1.2315070639615175,0.46585006841969634,0,prime
2026-06-02,-1.5582324132267904,0.3443656373813718,1,prime
2026-06-02,1.2951899643535747,0.3062251977622718,0,prime
2026-06-02,0.26944080663757164,0.28183086435124416,0,subprime
2026-06-02,-0.9788869393709392,0.5336531421958894,0,prime
2026-06-02,0.37844513898075316,0.38441038405664985,0,prime
2026-06-02,-0.44741901527962596,0.29463711348415483,0,subprime
2026-06-02,-0.2169268792967342,0.39838680518267844,0,subprime
2026-06-02,0.8489709294640554,0.0,0,prime
2026-06-02,-0.4721805550401902,1.0,1,prime
2026-06-02,0.5143329155949941,0.8199485577383677,1,prime
2026-06-02,-0.12259652835662017,0.9596109432690785,1,subprime
2026-06-02,0.9393309967365905,0.9422274322550209,1,prime
2026-06-02,0.7547068242372297,0.9006825480924485,1,prime
2026-06-02,0.7492146284406958,0.0,0,prime
2026-06-02,-0.6294352823253244,0.8895014807168069,1,prime
2026-06-02,0.26974491587834104,0.9069647869951775,1,prime
2026-06-02,0.08349422526089317,0.6121948019397783,0,subprime
2026-06-02,-1.137358110765429,0.952652984489357,1,prime
2026-06-02,-0.6339429630049,0.284337903155221,0,subprime
2026-06-02,0.11171377890091222,0.2820035709040054,0,prime
2026-06-02,0.4417338296465699,1.0,1,prime
2026-06-02,-0.8450594588357693,1.0,1,prime
2026-06-02,-1.327593018524993,0.6753032706583333,1,prime
2026-06-02,-0.4286841951767376,1.0,1,prime
2026-06-02,1.1521047631688464,0.19956400077263345,0,prime
2026-06-02,0.4314918944129912,0.5275257759836386,1,prime
2026-06-02,1.783472724892629,1.0,1,prime
2026-06-02,-0.42625996665748395,0.44149248889379955,0,prime
2026-06-02,0.7941801088092431,1.0,1,prime
2026-06-02,-0.5183010676542802,0.46504248209841814,0,prime
2026-06-02,0.7743720440069332,0.19948197753332153,0,prime
2026-06-02,-1.2920019123176287,1.0,1,prime
2026-06-02,-0.4029864485597596,0.7352298850751302,1,subprime
2026-06-02,2.607477049763086,1.0,1,prime
2026-06-02,-0.1759762757218397,0.537519916435568,0,prime
2026-06-02,0.8515482599359949,0.0,0,subprime
2026-06-02,-1.0492315231135563,1.0,1,prime
2026-06-02,3.1992608163406224,0.8756605909933549,1,subprime
2026-06-02,-0.4690007891480099,0.06459861448110468,0,prime
2026-06-02,1.2461017500781892,0.9263681163615871,1,prime
2026-06-02,-0.3414982966634748,1.0,1,subprime
2026-06-02,0.06873168476932137,0.5182150035765309,0,prime
2026-06-02,1.0429194964795618,1.0,1,prime
2026-06-02,0.616592079497566,0.11304915781578145,0,prime
2026-06-02,-0.45404610112086435,0.5887528025474262,0,prime
2026-06-02,-1.0857873242668112,0.8811977172360596,1,prime
2026-06-02,-0.4977313551811276,0.29149310036899645,0,prime
2026-06-02,-0.6886409098582892,0.8301035808363726,1,prime
2026-06-02,-0.3061491045513048,0.4992420107271845,1,subprime
2026-06-02,0.8161035413912254,0.7974305623920626,0,prime
2026-06-02,1.1953102734546197,0.0,0,prime
2026-06-02,-0.7752982528963411,0.23353305819056733,0,subprime
2026-06-02,-1.1751815707386852,1.0,1,subprime
2026-06-02,-1.0250314284493338,0.0,0,prime
2026-06-02,-0.7343359491519997,0.9567598071160168,1,prime
2026-06-02,-1.7167604789818367,0.760765874666665,1,prime
2026-06-02,-0.19188967189365402,0.047339932704066084,0,prime
2026-06-02,0.12996798056622064,0.008134427687434748,0,subprime
2026-06-02,1.004621552244281,1.0,1,prime
2026-06-02,0.6878421084576732,0.0,0,prime
2026-06-02,1.6041000630631725,0.884540349280351,1,prime
2026-06-02,-0.641797178782907,0.6402523552545804,1,subprime
2026-06-02,0.3937292766585892,1.0,1,prime
2026-06-02,1.034230201309604,0.8154442011523308,1,prime
2026-06-02,-0.9017381512517781,0.0,0,prime
2026-06-02,-0.43776077746969444,0.7490163414884022,0,prime
2026-06-02,-0.19950507925729344,0.05002592646719034,0,prime
2026-06-02,0.6374808652893543,0.31829422698621235,0,subprime
2026-06-02,-2.382300827365645,0.0,0,prime
2026-06-02,-0.4721205703795749,0.006879220312277973,0,prime
2026-06-02,-0.7336064605358802,0.7347434946218779,1,prime
2026-06-02,0.9329269759668343,0.5061473738301474,1,prime
2026-06-02,-0.3039846813869736,0.5959488678358824,1,subprime
2026-06-02,-0.39236096769435236,0.7032672484292367,1,prime
2026-06-02,-0.8620478106393233,0.28946557239803805,0,subprime
2026-06-02,-0.06385194918154893,0.8066755325753296,1,prime
2026-06-02,0.7951192097341961,0.27199859762599715,0,subprime
2026-06-02,-0.03070487120498358,0.7261648379027813,1,prime
2026-06-02,0.46225364198978375,0.02626546570069002,0,prime
2026-06-02,-0.03527035574017886,0.706840160766794,0,prime
2026-06-02,-1.8024122079407423,0.0,0,prime
2026-06-02,-0.7965559678996769,0.8159848893343618,1,prime
2026-06-02,0.7064564877038734,0.6562455617744548,1,subprime
2026-06-02,-1.476756168551815,0.0,1,prime
2026-06-02,-0.04072143638427889,0.0,1,prime
2026-06-02,-1.2051245544385016,0.1781643175949424,0,prime
2026-06-02,-0.5343824511814343,0.6700654605217461,1,prime
2026-06-02,0.530709432260046,0.5682923621002698,1,prime
2026-06-02,0.28297473145701196,0.3684947549714033,1,prime
2026-06-02,-0.04870612962618121,0.1389907265501539,0,prime
2026-06-02,-1.3681245856457522,0.40430312855212414,0,prime
2026-06-02,0.46752637328388763,0.8241842203642052,1,prime
2026-06-02,0.019310018132817533,0.15235130618018006,0,prime
2026-06-02,2.3106160336449166,0.336632949661544,0,prime
2026-06-02,-0.16483793305530256,1.0,1,prime
2026-06-02,-1.8061761660636781,0.41862275630041323,0,prime
2026-06-02,-0.1464322245660758,0.609098335413999,0,subprime
2026-06-02,0.2489977887319112,0.0,0,prime
2026-06-02,0.1549610485623927,0.3352134629106347,0,prime
2026-06-02,-1.178252285997681,0.5873804700855114,1,subprime
2026-06-02,0.3900943313742636,1.0,1,prime
2026-06-02,-0.7459861100237247,1.0,1,subprime
2026-06-02,0.5787636177307076,0.32025448387747685,0,prime
2026-06-02,0.8772256824679926,0.8712771550668598,1,prime
2026-06-02,-1.2683316246485168,0.6722934805800042,1,subprime
2026-06-02,-1.6101684835581778,0.7396941494965409,1,prime
2026-06-02,-0.18904956383789057,0.20959451260382087,0,subprime
2026-06-02,0.559309813788682,0.5605102251414964,1,prime
2026-06-02,0.11606785750694651,0.26372035376028047,0,prime
2026-06-02,1.4994039269892094,0.7089480417760777,1,prime
2026-06-02,-0.46733860724289195,0.40702109027941236,0,subprime
2026-06-02,0.958816874325991,0.08343942360788897,0,subprime
2026-06-02,0.1484146024469464,0.44264103065213056,0,subprime
2026-06-02,0.44442524315816456,0.5015063638962605,1,prime
2026-06-02,-2.117116228046334,0.05127629506913403,0,prime
2026-06-02,-1.2002881341177971,0.8098461314937978,1,prime
2026-06-02,1.165184898193986,0.0,0,prime
2026-06-02,1.3727050257481972,0.0,0,prime
2026-06-02,0.6686362364973935,0.3800816936260332,0,prime
2026-06-02,-0.017630355520859176,0.9366466203420921,1,prime
2026-06-02,-0.3401920226334825,0.6596521030038219,1,prime
2026-06-02,0.5370574429783319,0.5950216992451562,0,subprime
2026-06-02,-0.5807968500026646,0.4623450208865403,1,prime
2026-06-02,-1.7107720926088121,0.6076446779543876,1,prime
2026-06-02,-0.4939364124529477,1.0,1,subprime
2026-06-02,0.014927650944388896,0.12651436145975523,0,prime
2026-06-02,0.0826288778137882,0.6787599889358575,0,subprime
2026-06-02,-1.1695423676241758,0.44003147417035426,0,prime
2026-06-02,0.881189091589342,0.4433432130328147,1,prime
2026-06-02,0.6963733541719086,0.33242159307832286,0,subprime
2026-06-02,0.7751359991509614,0.7463378070185231,1,prime
2026-06-02,-1.1824546074144224,0.7313218418609561,0,prime
2026-06-02,-1.4038936506742405,1.0,1,prime
2026-06-02,-0.6125287406564061,0.9832803101393226,1,prime
2026-06-02,-0.20447625855211835,0.0,0,subprime
2026-06-02,1.0776418273548267,0.6709031994358237,1,prime
2026-06-02,0.09644613784049351,1.0,1,subprime
2026-06-02,-0.911709569494941,0.9255135053931529,1,prime
2026-06-02,-0.6283056822256531,0.659818766590999,0,prime
2026-06-02,1.949501881871406,0.0,0,prime
2026-06-02,0.5036184231562328,1.0,1,prime
2026-06-02,0.05718925499505922,0.20975393194041853,0,subprime
2026-06-02,0.7504517827670386,0.5632940616171352,1,prime
2026-06-02,0.02174290459147602,1.0,1,prime
2026-06-02,-0.7266678521264639,0.8099084401684021,1,subprime
2026-06-02,-0.40890146779191366,0.5955533898532257,0,prime
2026-06-02,-0.5471762844381775,0.06192060529721155,0,prime
2026-06-02,0.7386492563528578,0.6024385609922277,1,prime
2026-06-02,0.04543097304838347,0.0,0,prime
2026-06-02,0.5390918245939496,0.7519204384526182,0,prime
2026-06-02,-0.48413075684019363,0.16478131976018257,0,subprime
2026-06-02,0.509110216794723,1.0,1,prime
2026-06-02,-0.7439739861981745,0.5204727079119909,0,prime
2026-06-02,0.10671441239841743,1.0,1,prime
2026-06-02,1.125492538137766,0.27008007112445875,1,subprime
2026-06-02,-0.8861238123062841,0.9923163337693296,1,prime
2026-06-02,0.19994791445097085,0.7607677875905865,1,subprime
2026-06-02,0.122436270395677,0.32948490018889587,0,prime
2026-06-02,0.3424274164333794,0.409096469252913,0,prime
2026-06-02,-0.48204940266103086,0.24886776947091288,0,prime
2026-06-02,-0.06487841196600584,0.0,0,prime
2026-06-02,1.878950490133809,0.7798508850834989,1,prime
2026-06-02,-1.942766065482318,0.7544712264933474,1,prime
2026-06-02,-0.6040581079465337,1.0,1,prime
2026-06-02,0.18749920797808897,0.5616753469559289,1,prime
2026-06-02,0.1194574501837762,0.5535528329614384,1,prime
2026-06-02,-1.709063915377301,1.0,1,prime
2026-06-02,1.4011917346186757,1.0,1,prime
2026-06-02,1.1315796883124856,0.18522917877048287,0,subprime
2026-06-02,0.1329530315005306,0.35927956368159203,1,prime
2026-06-02,0.46342003862634434,1.0,1,prime
2026-06-02,2.050682680690889,0.15426352378677094,0,prime
2026-06-02,-0.4086459526894687,0.24548755088198745,0,prime
2026-06-02,-1.004617743702136,0.33296453990126906,0,subprime
2026-06-02,-0.915736415694277,0.6004125216757259,1,prime
2026-06-02,-0.48515601616318293,0.19901059693618145,0,prime
2026-06-02,-1.0282365714540103,0.0,0,prime
2026-06-02,2.701709667925036,0.6920503743381194,1,subprime
2026-06-02,0.4233477080077007,0.8318782840142519,1,prime
2026-06-02,0.3067361556748518,0.0,0,prime
2026-06-02,-0.0625032954122922,0.8031555345197302,1,prime
2026-06-02,-1.26659357438758,0.0,0,prime
2026-06-02,0.6765484720579803,0.3977980734842593,1,prime
2026-06-02,-1.5287201688511889,0.6395257723740022,1,prime
2026-06-02,-0.24699977172619358,0.3831980778039642,0,prime
2026-06-02,-0.3134916087891486,0.7673713884348857,0,subprime
2026-06-02,-1.1329913697562923,1.0,1,subprime
2026-06-02,-0.669703115473933,0.6510421954881974,1,prime
2026-06-02,-2.6172701515225993,0.37573656974744163,0,subprime
2026-06-02,-1.145501992635647,0.2965782512085017,0,prime
2026-06-02,-0.536450525104483,1.0,1,prime
2026-06-02,-2.22816846089615,0.013435015905896158,0,prime
2026-06-02,-0.0682656500114479,0.03984869373772318,0,prime
2026-06-02,1.2194286504362446,0.6111905501500855,1,subprime
2026-06-02,-1.9814162770236763,0.45824016986091476,1,prime
2026-06-02,1.148611747055341,0.6761140137103372,1,prime
2026-06-02,0.39860520617199896,0.0,0,prime
2026-06-02,-2.205333691138076,0.29481014561002783,1,prime
2026-06-02,1.7579225196191715,0.0,0,subprime
2026-06-02,-0.6268199915346309,0.5263465961960798,1,subprime
2026-06-02,1.378518123494131,0.81794905001814,1,subprime
2026-06-02,-0.24891827898043659,0.0,0,prime
2026-06-02,2.839161901505212,1.0,1,prime
2026-06-02,-1.1851960626867273,0.7571293019333062,1,subprime
2026-06-02,-0.17251574956882307,0.6011350028842493,1,prime
2026-06-02,-0.05630937388500625,0.800266389070089,0,prime
2026-06-02,-0.22764874958126072,0.36194959472844573,1,prime
2026-06-02,-0.1941266601563124,0.4397145128771419,0,subprime
2026-06-02,2.696029114194401,0.0,0,prime
2026-06-02,-0.7555087019642408,0.598312695401156,1,subprime
2026-06-02,-0.058321818955033286,0.3112618140286864,1,prime
2026-06-02,0.09292969886314295,0.4539151161146012,0,subprime
2026-06-02,-1.8669382431981336,0.3166741914827508,0,prime
2026-06-02,0.3091571168842727,0.2988672326302467,0,prime
2026-06-02,-0.32124542087904867,0.0,0,prime
2026-06-02,1.2973383476584792,0.6530852618576891,1,prime
2026-06-02,0.7165117370167364,0.6150692335920807,0,prime
2026-06-02,1.3703305056652133,0.3737501473759243,1,prime
2026-06-02,-1.6884312626648104,1.0,1,subprime
2026-06-02,0.8900186031943095,0.5191581563262153,1,prime
2026-06-02,3.1435990398837186,0.6528311819495416,0,subprime
2026-06-02,-1.3330412612368436,0.2641600366892265,0,prime
2026-06-02,0.7514427991682059,0.5520967349366142,0,prime
2026-06-02,-0.8169606659051202,0.0,0,prime
2026-06-02,0.60047531788533,1.0,1,prime
2026-06-02,0.58571369947156,0.08615457031698337,0,prime
2026-06-02,-0.9785576367693857,0.9786836074093423,1,prime
2026-06-02,-0.3819138938471203,0.8942918003053822,1,prime
2026-06-02,0.48886140777541676,0.0,0,subprime
2026-06-02,-0.6839714627381142,0.2737739575824734,0,prime
2026-06-02,1.9013408020151639,0.21780187064784717,1,prime
2026-06-02,-2.3144451104999493,1.0,1,subprime
2026-06-02,0.0439521947029993,0.05946074153337025,0,prime
2026-06-02,1.0960256467546425,0.0,0,prime
2026-06-02,-0.5749000082043078,0.0,0,prime
2026-06-02,-0.17231385518712328,0.0,0,prime
2026-06-02,0.7438816228072338,0.29676363517312215,0,prime
2026-06-02,1.8704982288579932,0.5460439175926786,1,subprime
2026-06-02,-0.4693261070798733,0.0,0,prime
2026-06-02,-1.4507045486972385,0.38258283580383556,1,prime
2026-06-02,-0.8035683339011092,1.0,1,prime
2026-06-02,1.4595054620076142,0.9218911027154544,1,subprime
2026-06-02,0.3574214678196319,0.5105597321244156,0,prime
2026-06-02,0.7750054082560746,0.243197613670678,0,prime
2026-06-02,-1.104295870225071,0.8707131580997467,1,prime
2026-06-02,-1.0359129451767193,0.19978029709414652,0,subprime
2026-06-02,-1.449210885189169,0.9742322258528769,1,prime
2026-06-02,-0.8856237506918102,0.5132727031897064,0,prime
2026-06-02,1.468732057538737,0.6673098114065138,0,prime
2026-06-02,0.8192038006622434,0.0,0,subprime
2026-06-02,-0.013915618026301894,0.6435613808880282,0,subprime
2026-06-02,-0.3536054382656647,0.9442839909425453,1,prime
2026-06-02,1.031416858699559,0.35695816950079573,0,subprime
2026-06-02,-0.13610679963101083,1.0,1,prime
2026-06-02,-0.471076594411277,0.9959833083244893,1,subprime
2026-06-02,0.78852263252444,0.5694813764537957,1,prime
2026-06-02,1.5914399774950556,0.6655976626264545,1,prime
2026-06-02,0.4951299643854929,0.0,0,prime
2026-06-02,-0.3777113074620335,0.7476241232781923,1,subprime
2026-06-02,-0.5575916443845244,0.0,0,subprime
2026-06-02,1.679051219888886,0.40085858613510933,0,prime
2026-06-02,0.3089445161129617,1.0,1,prime
2026-06-02,-0.8767348002286025,0.8605596695746828,1,subprime
2026-06-02,0.7356922371093273,0.6743337233376611,1,prime
2026-06-02,-0.463658430978643,0.271827756028519,0,prime
2026-06-02,0.40374526213568435,0.0,0,prime
2026-06-02,-0.8348396999755626,0.11274419029630733,1,prime
2026-06-02,0.8689528892937434,0.6658235010708105,1,prime
2026-06-02,0.5481299161773893,0.7418019264334905,1,subprime
2026-06-02,0.8712874788416469,0.9657260338454687,1,prime
2026-06-02,-0.6411307161705931,0.6615375456778785,0,prime
2026-06-02,0.6589819930473604,1.0,1,prime
2026-06-02,0.04600499198360219,0.08643427719264948,0,subprime
2026-06-02,-0.5126065641722565,0.8086210154796287,1,subprime
2026-06-02,0.580780151327866,1.0,1,prime
2026-06-02,1.568107360749186,0.6764051131394901,1,prime
2026-06-02,0.2964901642537899,0.0,0,prime
2026-06-02,-0.16536767653669088,0.0,0,prime
2026-06-02,0.32380780303012213,0.33604770917512267,0,prime
2026-06-02,-0.7377683935565748,0.4420508720267137,1,prime
2026-06-02,0.09150435244692114,0.0,0,subprime
2026-06-02,0.9937439473395849,0.8119566312266844,1,subprime
2026-06-02,-0.7955860344904422,0.08198436311489266,0,prime
2026-06-02,0.5667970722554563,0.5333765809899949,1,prime
2026-06-02,-0.08373583692909778,0.0,0,subprime
2026-06-02,-2.278700847420563,0.5290351284211646,1,prime
2026-06-02,0.2890807673252144,0.6516710554075942,0,subprime
2026-06-02,-0.5808329291030774,1.0,1,prime
2026-06-02,-0.677025237446629,0.08437129379302072,0,prime
2026-06-02,0.21693460492927258,1.0,1,prime
2026-06-02,0.23340043970734653,0.6467136905404359,1,prime
2026-06-02,1.7060587199549406,0.0,0,subprime
2026-06-02,1.3139864294451393,0.6181240318126742,0,prime
2026-06-02,-0.9859656945345832,0.36077209718281084,1,prime
2026-06-02,0.771817113425734,0.0,0,subprime
2026-06-02,0.8406317181327269,1.0,1,prime
2026-06-02,0.790051247901165,0.7866538269441279,1,subprime
2026-06-02,-0.4767003450209619,0.5325719729442077,1,prime
2026-06-02,0.6533941559349357,0.0,0,prime
2026-06-02,-2.1509908860248093,0.0,0,subprime
2026-06-02,-1.1944655177246517,0.17096190144514917,0,prime
2026-06-02,0.36039896423384254,0.9442031470383851,1,prime
2026-06-02,0.731870199959677,0.0,0,subprime
2026-06-02,0.3186071138398198,0.3775521352184851,0,prime
2026-06-02,-0.054535057779616244,0.4459185720882455,1,subprime
2026-06-02,-0.35744861825186314,0.2294242021952142,0,prime
2026-06-02,0.10694156974472142,0.3956342025335169,0,prime
2026-06-02,-1.7423890799330195,0.8069709389264753,1,subprime
2026-06-02,0.15303827168682582,0.696932494892253,1,prime
2026-06-02,-0.7583083012527688,0.5858977410607109,0,prime
2026-06-03,-0.9678703673557146,0.9049069115045589,1,subprime
2026-06-03,-1.683595277758682,1.0,1,prime
2026-06-03,0.7838699543564409,0.0,0,prime
2026-06-03,0.19149274626142224,0.04539078028292465,1,prime
2026-06-03,0.3902237120782746,0.0,0,prime
2026-06-03,-0.198491125481939,0.863288173814424,1,subprime
2026-06-03,-1.4475804187728125,0.5020620222716792,0,prime
2026-06-03,-0.38035261792270336,0.19946570805390346,0,prime
2026-06-03,-0.9400225873246731,0.2967625756483478,0,subprime
2026-06-03,0.5242254563638248,0.6178836792565067,1,prime
2026-06-03,-1.673368587449809,1.0,0,prime
2026-06-03,0.02616326491848867,1.0,1,prime
2026-06-03,-0.8008985321527895,0.0,0,subprime
2026-06-03,0.09755458841399632,0.49988103585403443,1,prime
2026-06-03,-0.3092793119777574,0.09486089954406599,0,subprime
2026-06-03,0.78556932399076,0.48022687627978566,1,prime
2026-06-03,-1.5771667237975302,0.18514857516258254,1,prime
2026-06-03,-2.057413569868196,0.9275072505114202,1,subprime
2026-06-03,-0.5976755151274571,0.857004072262284,1,prime
2026-06-03,-1.5763885779233102,0.7390704111097938,0,prime
2026-06-03,-0.763470967917066,0.5579523124921199,0,prime
2026-06-03,-1.6488351642044141,0.0,0,prime
2026-06-03,-1.1883791968007769,0.4050256854564236,0,prime
2026-06-03,-0.43561687327745585,0.12223663422378762,0,prime
2026-06-03,-0.3636695781940142,0.891589653321759,1,subprime
2026-06-03,0.797560625354876,0.5235222542630358,1,subprime
2026-06-03,-1.1114001175767907,1.0,1,prime
2026-06-03,0.9307668304398394,0.7060144419135048,1,subprime
2026-06-03,0.4972690927553903,0.0,0,prime
2026-06-03,-1.8092709179286053,1.0,1,subprime
2026-06-03,-0.2741637955066091,1.0,1,subprime
2026-06-03,-1.1824417534331426,0.0,0,prime
2026-06-03,0.6223091379619563,0.26418916967451533,0,prime
2026-06-03,-0.2177712475792363,0.9273558644731961,1,prime
2026-06-03,0.1345645699589418,1.0,1,prime
2026-06-03,-0.3858245055270566,0.7050856598615026,1,subprime
2026-06-03,-1.3291345811772939,0.3226408131902437,0,subprime
2026-06-03,-0.3123961945099193,0.4851520390409949,1,prime
2026-06-03,0.6396827158361794,0.8286053662052043,1,prime
2026-06-03,1.7840104364831229,0.06893965466546959,1,prime
2026-06-03,-0.4911952599429941,0.44185620262080083,0,prime
2026-06-03,0.6903715127290959,0.6949934204297754,1,prime
2026-06-03,0.350753996944449,0.48867729473120114,1,subprime
2026-06-03,-0.4204420893831231,0.423080332358575,0,prime
2026-06-03,-1.707995044934919,0.18153651924196143,0,subprime
2026-06-03,-0.5334054497812897,0.21988821607054582,0,subprime
2026-06-03,1.0793444148172924,0.14241820825455148,0,prime
2026-06-03,0.48483114271686245,0.0828350940612542,0,prime
2026-06-03,0.9276834293248143,1.0,1,prime
2026-06-03,0.5369527405307338,0.0,0,prime
2026-06-03,0.44937336713554893,0.14844084821381398,1,prime
2026-06-03,-0.9132219593844333,0.9584999648732502,1,subprime
2026-06-03,-0.6842542139207347,0.9102590552533556,1,subprime
2026-06-03,-0.5352349294741349,1.0,1,prime
2026-06-03,-0.14621068601871604,0.9104700068866725,1,prime
2026-06-03,-0.6176093504600924,1.0,1,subprime
2026-06-03,-0.27357648397768863,0.2836723384869312,0,subprime
2026-06-03,1.1050311564378135,0.1438466766340774,0,subprime
2026-06-03,-0.19324017971882923,0.0,0,prime
2026-06-03,0.25771950922170084,0.0,0,subprime
2026-06-03,-0.2855756947000799,0.9508167839517838,1,subprime
2026-06-03,1.3941757274143198,0.750900124900358,1,prime
2026-06-03,-1.0544715485453122,0.8335409694498911,1,prime
2026-06-03,0.24369782933813672,0.8852634552025492,1,prime
2026-06-03,-0.4816193778058945,0.2141670021470472,1,subprime
2026-06-03,0.7896516619844945,0.5335439777543909,0,prime
2026-06-03,-0.016597553640752365,0.0,0,prime
2026-06-03,0.3688784351243099,0.6923070763928203,0,subprime
2026-06-03,-0.45600538832621373,0.7674199755863829,1,prime
2026-06-03,0.957723818461922,0.0,0,prime
2026-06-03,1.1550775744369826,0.4477224055498939,0,prime
2026-06-03,1.473865983513809,1.0,1,prime
2026-06-03,0.705136229550991,1.0,1,prime
2026-06-03,-0.36756463199558514,0.4679486364103775,0,prime
2026-06-03,1.0714933454844529,1.0,1,prime
2026-06-03,0.20522582340407852,1.0,1,prime
2026-06-03,0.16563041735561584,0.4451286189530136,0,prime
2026-06-03,-0.4497752012508098,0.06312841573179273,0,prime
2026-06-03,-0.2451859499856208,0.1986574398706467,0,prime
2026-06-03,0.3994969235575597,1.0,1,prime
2026-06-03,-0.08278019964340694,0.9136410884818005,1,subprime
2026-06-03,1.6965750921742238,0.7552077943035812,1,prime
2026-06-03,-1.6386534644189406,0.48171920599124524,0,subprime
2026-06-03,-0.031059423880570952,0.28183732312024606,0,prime
2026-06-03,-1.659136728291251,0.7445088008604275,1,prime
2026-06-03,0.3305066898576938,1.0,1,prime
2026-06-03,1.2937307902420967,1.0,1,prime
2026-06-03,0.1684418334385396,0.7999661558226848,0,subprime
2026-06-03,0.4163350816048128,0.3146431386080381,1,subprime
2026-06-03,0.14733634611369004,0.7097705036504899,1,subprime
2026-06-03,-0.7366371464885634,0.0,0,prime
2026-06-03,-0.8789286848369278,0.5055656132407425,1,subprime
2026-06-03,-0.8655815856558158,0.6889381655220708,1,subprime
2026-06-03,-0.8422460909118085,0.5845348398567469,0,prime
2026-06-03,-1.2358064687242645,0.5077774400252378,1,subprime
2026-06-03,-0.9723428819500136,0.0,1,prime
2026-06-03,-0.33934892913097653,0.9374070349740912,1,prime
2026-06-03,-0.6713742279648508,0.5560246966630216,0,prime
2026-06-03,-1.8159495297604784,0.11819533277394961,0,subprime
2026-06-03,0.020002685650591583,0.5804074194944602,1,prime
2026-06-03,1.3438810585758791,0.4765922216155751,1,subprime
2026-06-03,-0.4668410945646199,0.5522013578114326,0,subprime
2026-06-03,1.782276096389087,0.38965571440417796,1,prime
2026-06-03,-0.2600670171880945,0.027525596130598323,0,prime
2026-06-03,-0.4400813060191955,0.6620563899017098,1,subprime
2026-06-03,-0.982283395879566,0.03714363585011604,0,prime
2026-06-03,1.943524828114358,0.20400667743069234,1,prime
2026-06-03,-0.4087977969660275,0.37275402061385565,0,prime
2026-06-03,2.1595419995143312,0.35251126248533005,0,prime
2026-06-03,0.9165716565651141,0.001915954484112442,0,subprime
2026-06-03,-1.2896803263739576,0.1538706082474478,0,prime
2026-06-03,-0.009428698096326701,0.47291008948730745,1,subprime
2026-06-03,-0.040154125343927816,0.0,0,prime
2026-06-03,-0.055280178028393,0.0,0,subprime
2026-06-03,0.05526631623596698,0.7450960853765661,0,prime
2026-06-03,-0.37829435210199047,0.9419944919559471,1,prime
2026-06-03,-2.0127801289341267,0.0,0,subprime
2026-06-03,1.6493441352545108,0.4761126594559347,0,subprime
2026-06-03,-0.19223815749137965,0.26805618278396404,1,prime
2026-06-03,1.6670722993554596,0.3681352505804911,0,subprime
2026-06-03,-1.898308515737792,0.5234078579558502,0,prime
2026-06-03,0.3114947688580095,0.8575359962125397,1,prime
2026-06-03,-0.01226673233623097,0.5337804772765331,0,prime
2026-06-03,0.597694919402249,0.0,0,prime
2026-06-03,0.29046655804345295,0.0,0,prime
2026-06-03,0.21197579208846584,0.9331355773736689,1,subprime
2026-06-03,0.23268281905305457,0.9286190016955322,1,prime
2026-06-03,-0.9633031422095024,0.49401228163201955,1,subprime
2026-06-03,-1.436000842398541,0.34076314427925763,1,prime
2026-06-03,0.08596523723203779,0.11364142040651859,0,prime
2026-06-03,1.6034283844200314,0.4078490469612363,1,subprime
2026-06-03,1.2421504674885289,0.6321105780533993,1,prime
2026-06-03,0.4518938855443059,1.0,1,prime
2026-06-03,-0.5998452687574504,0.8522494719444831,1,prime
2026-06-03,0.9031346109107662,1.0,1,prime
2026-06-03,0.14046637117609673,0.26587106036620234,0,prime
2026-06-03,-0.5559828925166164,0.08946039614534793,0,subprime
2026-06-03,0.7155688681983469,0.0,0,prime
2026-06-03,-1.0096135530185346,0.8958742283675524,1,prime
2026-06-03,-0.6580112082919081,0.5220339125824411,0,prime
2026-06-03,-0.27768983049548335,0.12771666800183618,0,prime
2026-06-03,-1.2003275651365204,0.7537571692669004,1,prime
2026-06-03,1.2724834646154095,0.7595425392212525,1,prime
2026-06-03,0.911495829968885,0.896832697403954,1,prime
2026-06-03,-0.3012792027350978,0.1432539795938808,0,prime
2026-06-03,-1.9548659760581004,1.0,1,subprime
2026-06-03,-0.605551782760817,0.6943606012013119,1,prime
2026-06-03,-0.11701065784095942,0.7446187172229412,0,prime
2026-06-03,2.369926586053594,0.003149182202133588,0,prime
2026-06-03,0.7180253288428371,0.9897286866119364,1,subprime
2026-06-03,0.9363785428482145,1.0,1,prime
2026-06-03,-0.799656599117993,0.28598373865153287,0,subprime
2026-06-03,1.009681225727497,1.0,1,prime
2026-06-03,0.45020420799326444,1.0,1,subprime
2026-06-03,0.24608930995324227,0.589542907670706,1,subprime
2026-06-03,-0.8302176529561015,1.0,1,subprime
2026-06-03,0.9857279248129597,1.0,1,prime
2026-06-03,0.09374217962999801,0.27005136089656523,0,prime
2026-06-03,-0.7197008087151513,0.3104493335387957,0,prime
2026-06-03,0.034603541496233244,0.434414641282705,0,prime
2026-06-03,1.022711421308081,0.7666819140457637,1,prime
2026-06-03,-0.4386231831596014,0.2803689109158127,0,prime
2026-06-03,1.133052215488229,0.0,0,subprime
2026-06-03,-0.17665148031406028,0.754274375321213,0,subprime
2026-06-03,1.6718424651998245,0.5072901123676653,1,prime
2026-06-03,-0.0872900840568167,0.6456838648527781,0,prime
2026-06-03,0.7670651973401701,0.2856762543628772,1,prime
2026-06-03,-0.8124922143259004,0.15956582132390673,0,subprime
2026-06-03,0.42452981715056465,0.10567629129674737,0,prime
2026-06-03,-1.8148906547824246,0.7489476437656687,0,subprime
2026-06-03,-0.6009649918470944,0.5156789450560564,1,prime
2026-06-03,0.21624842550890142,0.37094145998926575,0,subprime
2026-06-03,1.6433128491012758,0.32983421540911084,0,subprime
2026-06-03,0.5378229122051917,1.0,1,prime
2026-06-03,-2.3017359829658512,1.0,1,prime
2026-06-03,-0.28760586198938537,0.45395687829585596,0,prime
2026-06-03,-0.6599063290730534,0.09862541808696507,0,subprime
2026-06-03,1.4052360899085854,0.40217632497985284,0,prime
2026-06-03,0.7992601445544251,0.3185641865447866,0,prime
2026-06-03,-0.1682973896276452,0.6136418246523563,1,subprime
2026-06-03,-1.3134839124953699,0.4880752986728435,1,prime
2026-06-03,1.1366667983827083,0.8157694199559469,1,prime
2026-06-03,0.7936412586311696,0.18195592147799808,0,subprime
2026-06-03,0.4929737433663378,1.0,1,subprime
2026-06-03,-0.4128217242935551,1.0,1,prime
2026-06-03,0.9253961776718412,0.0,0,prime
2026-06-03,-0.3153815198221678,0.6536144765815227,1,prime
2026-06-03,-0.9986317397710129,1.0,1,subprime
2026-06-03,0.5721847785763836,0.8014276835198326,1,prime
2026-06-03,0.3007750143650077,1.0,1,subprime
2026-06-03,-0.6532529838989286,0.46352757566686714,1,prime
2026-06-03,-0.18257529665307276,0.2165077865752024,0,subprime
2026-06-03,0.6993857545044033,1.0,1,prime
2026-06-03,-1.7919743718338295,0.8539803106752185,1,prime
2026-06-03,0.042277522820254605,0.7080793288719209,1,prime
2026-06-03,-0.11901856322787407,0.0,0,subprime
2026-06-03,-0.34502861252476774,0.5632170076201549,1,subprime
2026-06-03,0.3409294641668556,0.0,0,prime
2026-06-03,-1.084940852730971,0.48248804056262334,0,subprime
2026-06-03,-1.9027536787184793,0.9762063646123843,1,prime
2026-06-03,-0.974915278862056,0.931509654890311,1,prime
2026-06-03,1.5315111017109062,0.09917369438273815,0,prime
2026-06-03,0.5876809153660835,0.7919968836587651,1,prime
2026-06-03,1.4072491152931308,0.3746119506426655,1,subprime
2026-06-03,0.408552731599643,0.010325139976324699,0,prime
2026-06-03,0.0795098215558394,0.3524179377303667,1,subprime
2026-06-03,1.0254541059789843,1.0,1,subprime
2026-06-03,-0.5082638216874827,0.0460325110908926,0,prime
2026-06-03,-0.2556024256509887,1.0,1,prime
2026-06-03,0.006519890004104878,0.6696808091952201,1,subprime
2026-06-03,-1.676356555473264,0.3947727209598604,0,subprime
2026-06-03,-0.9201361651154901,0.5560750694787407,1,subprime
2026-06-03,-1.9027162779264186,1.0,1,prime
2026-06-03,0.25725544503891057,0.20532593496709584,0,subprime
2026-06-03,1.442883767868028,0.8186116277441473,1,prime
2026-06-03,1.8457846128970559,0.4586117995448,0,subprime
2026-06-03,-0.4134704354819561,0.06767966305745174,0,prime
2026-06-03,1.0359334900077528,0.400466837246483,1,subprime
2026-06-03,-0.06744041800294757,0.937039402120024,1,prime
2026-06-03,-0.4516135193510275,1.0,1,prime
2026-06-03,-1.0091350862156871,0.26430294377270375,0,prime
2026-06-03,0.1892327370115994,0.1661669275014462,0,subprime
2026-06-03,1.4809697662341765,0.9553483991618406,1,prime
2026-06-03,-1.6398069170440521,0.5828034898284066,0,prime
2026-06-03,-0.5930959817038535,0.21415960429041214,0,prime
2026-06-03,1.8385893202650199,0.6589225356706181,0,prime
2026-06-03,2.141288759816743,0.6395478940718909,1,subprime
2026-06-03,1.0464296964065538,0.16138672227045292,1,prime
2026-06-03,-0.038350169712664646,1.0,1,subprime
2026-06-03,-1.142126451574554,0.0,0,prime
2026-06-03,-0.3552330286347753,0.9200848624593317,1,prime
2026-06-03,-0.44369310866488537,0.2764072586498031,1,prime
2026-06-03,-0.10644976832043947,0.12512243407867973,0,subprime
2026-06-03,-0.9158451269827951,1.0,1,prime
2026-06-03,-0.16130231827207817,0.3548469868310652,0,subprime
2026-06-03,-1.1093467753271222,0.4046909574779003,0,prime
2026-06-03,0.7896239935482632,0.7746645163678864,1,subprime
2026-06-03,2.344929055111218,0.9816034816533681,1,prime
2026-06-03,0.24079736657842393,0.9823936755786149,1,subprime
2026-06-03,-1.1083534768951542,0.7331869152358175,1,subprime
2026-06-03,0.8643589434775111,0.34625169821566737,1,subprime
2026-06-03,1.0923185660478418,0.0,0,prime
2026-06-03,0.3956572415013081,0.15428089134510153,0,subprime
2026-06-03,0.7067530751656977,0.6957399413133623,1,prime
2026-06-03,-0.16509541918145423,0.5162432464426967,1,prime
2026-06-03,-0.9063478386083561,0.8170625820631666,1,subprime
2026-06-03,0.9907797702156081,0.6417000845677598,1,prime
2026-06-03,-1.436138815800096,0.4479991535307909,0,prime
2026-06-03,-0.8813485818659795,0.4306575346030613,1,subprime
2026-06-03,-1.4024129257865676,0.3918104427827639,0,prime
2026-06-03,0.018346644319886106,0.0,0,subprime
2026-06-03,-1.2797284252363776,0.0,0,subprime
2026-06-03,1.21370242638388,0.7478880767236441,0,prime
2026-06-03,-1.7932096704145646,0.7372594769991532,1,prime
2026-06-03,-0.11796304368564006,0.16951846252719646,0,prime
2026-06-03,-0.9649192048561154,0.37310675559756046,0,prime
2026-06-03,-1.7033905309398074,0.0,0,subprime
2026-06-03,0.34102632178202075,0.5496966714952142,0,prime
2026-06-03,1.2364002514372943,0.0,0,prime
2026-06-03,0.9889206718478095,0.2812545583563426,0,prime
2026-06-03,0.705695770688999,0.7599675804057755,1,prime
2026-06-03,1.3216550474177529,0.41895592505394186,0,prime
2026-06-03,-0.024844111287295863,0.4778497948442428,0,prime
2026-06-03,-0.30329309485905565,0.1698199941236406,0,subprime
2026-06-03,-0.5108745134521516,0.0,0,prime
2026-06-03,-1.1757006094171207,0.06273905882591424,0,prime
2026-06-03,-1.168919500319234,0.6738370422362466,1,prime
2026-06-03,0.29503111850892955,0.9646656136887716,1,prime
2026-06-03,0.5769144333927291,0.029263479331280012,0,prime
2026-06-03,-0.9064899731538488,0.0,0,prime
2026-06-03,1.1851018555621426,0.6982222859503684,1,subprime
2026-06-03,0.25031247731349326,0.2216632017413021,0,subprime
2026-06-03,0.3876144454422532,0.0,0,subprime
2026-06-03,0.15879494351863296,0.16980053624273228,0,prime
2026-06-03,0.3597640773247391,1.0,1,subprime
2026-06-03,0.18053359406592676,0.0,0,prime
2026-06-03,1.267388599823675,0.053606730562574006,0,prime
2026-06-03,0.722339366915857,0.12355514336352187,0,subprime
2026-06-03,-0.6214245166999665,0.91091405562416,1,prime
2026-06-03,1.6391467801916217,0.22539477741273348,0,prime
2026-06-03,-0.37575023770503324,0.0,0,subprime
2026-06-03,-1.0865255241298195,0.15261681727906876,0,subprime
2026-06-03,-0.31635163106885816,1.0,1,prime
2026-06-03,0.17711507381542355,0.2877299867025201,1,prime
2026-06-03,-1.046103109279093,0.42814482347343424,1,prime
2026-06-03,-0.6208830599767283,0.0,0,prime
2026-06-03,-0.444033192929893,0.5812936231644005,1,prime
2026-06-03,-0.587492656244964,0.6785469010705328,1,prime
2026-06-03,-1.700198897376463,0.6636556999240605,1,subprime
2026-06-03,0.051272530906105014,0.4031596606991735,0,prime
2026-06-03,1.4353561813160438,0.6259743678476808,1,prime
2026-06-03,-0.9475517040161449,0.7303520424797667,1,prime
2026-06-03,0.024472577554303983,0.30390655378209286,0,prime
2026-06-03,-0.5104816416971395,0.7037315006276118,1,prime
2026-06-03,-1.2057530159548344,0.21014391277462907,0,prime
2026-06-03,-0.6592105367308051,0.44853178810046856,1,prime
2026-06-03,0.20948373882366952,0.2338975833588487,0,prime
2026-06-03,1.0882211435420706,0.35600460233192277,0,subprime
2026-06-03,-1.1679572429881375,0.43084019653563405,1,prime
2026-06-03,-0.5582025092377032,0.4415944215200802,0,prime
2026-06-03,-0.48198298676368934,0.0,0,prime
2026-06-03,2.120698122791828,0.5472125906237295,0,prime
2026-06-03,0.20308823174275295,0.29049625543689084,0,prime
2026-06-03,-1.3326360892312161,0.0,0,prime
2026-06-03,0.5149876276216627,0.18046730266669447,0,subprime
2026-06-03,-0.5191189581072022,0.4115200353426381,1,prime
2026-06-03,-0.6830707945318983,0.615614635854811,1,subprime
2026-06-03,0.1655535912537225,0.8556200210182734,1,prime
2026-06-03,0.7129365652200006,0.8300658763135066,1,prime
2026-06-03,1.7752351168126275,0.7180711479718025,1,prime
2026-06-03,-0.1470753962828413,0.10653083997690942,0,prime
2026-06-03,1.3282570395825901,0.2528821530199281,0,prime
2026-06-03,0.9182909040127369,0.7573668478868455,1,prime
2026-06-03,-1.4845541501408535,0.09145356851293066,0,subprime
2026-06-03,0.8415653364889527,0.2788511995189004,1,prime
2026-06-03,0.7626865894137993,0.0,0,prime
2026-06-03,0.4265508435932238,0.26802504651806824,0,prime
2026-06-03,0.1907216233158352,0.7175142633369536,1,subprime
2026-06-03,-0.5256651423034636,0.0,0,prime
2026-06-03,-2.2355378912653707,0.7486207884281754,1,subprime
2026-06-03,-0.31503742231199133,0.7117308170516552,0,prime
2026-06-03,-0.9216386845599099,0.9750861772548735,0,prime
2026-06-03,0.021213167652626205,0.0,0,prime
2026-06-03,1.3048636935058053,0.7841779434612892,1,prime
2026-06-03,-1.1114797426941925,0.1329146089677038,0,prime
2026-06-03,-0.812542835798513,1.0,1,prime
2026-06-03,-1.542089268668065,1.0,1,prime
2026-06-03,-0.7331621054675935,0.7534972437864145,1,subprime
2026-06-03,-2.5604135543398296,0.8734670976024859,1,prime
2026-06-03,-0.8328243482779569,0.27606458755320384,1,prime
2026-06-03,-1.0916577504245653,0.207482288440144,0,prime
2026-06-03,-0.5784613973393965,1.0,1,prime
2026-06-03,-1.3554032172501267,0.43492917220155214,0,prime
2026-06-03,-1.6824877999274408,0.0,0,subprime
2026-06-03,-0.7290065551325295,1.0,1,subprime
2026-06-03,-2.6024186815988015,0.7757885306168011,1,prime
2026-06-03,-1.6278702001049232,0.40783437646361653,0,subprime
2026-06-03,0.9555335908915097,0.1391654100481371,0,prime
2026-06-03,-1.2376952024372423,0.6267665834056436,1,prime
2026-06-03,-1.1359040294040665,0.8755479497082042,1,prime
2026-06-03,-0.13910917436595133,1.0,1,prime
2026-06-03,1.478336282992631,1.0,1,prime
2026-06-03,2.917779517465271,0.14266840686759424,0,subprime
2026-06-03,1.3941568187471798,0.4986442513480156,1,prime
2026-06-03,-2.2535362474409073,0.5580855371845254,1,subprime
2026-06-03,-0.10804250191100394,0.5755291967215046,1,prime
2026-06-03,0.5659089357341954,0.18947490931828298,0,prime
2026-06-03,-1.0445399935009207,1.0,1,subprime
2026-06-03,0.27709432690100744,0.14734652707609083,0,prime
2026-06-03,0.43356220679638935,0.5856843715248485,1,prime
2026-06-03,1.671148648555139,1.0,1,prime
2026-06-03,0.9449828236297302,0.9643793296803577,1,prime
2026-06-03,-0.7078085309323359,0.4023630303627819,0,subprime
2026-06-03,0.425908222585752,0.3552190573405194,0,subprime
2026-06-03,-1.518826365358442,0.06789260414852302,0,prime
2026-06-03,0.5770928073190388,0.7617725502745665,1,subprime
2026-06-03,-0.7441906382802271,0.5151754939707374,0,prime
2026-06-03,1.595977224254133,0.7013977540170574,1,prime
2026-06-03,0.2750644153654259,0.3930233683253511,0,prime
2026-06-03,-1.565030272943338,0.6776530483539458,0,subprime
2026-06-03,0.1538756973688567,0.527625487376631,1,subprime
2026-06-03,-1.2258468306396508,0.0,0,subprime
2026-06-03,0.4339880432880323,0.40259082526535994,0,prime
2026-06-03,0.7636341550474905,0.36321155525330295,1,prime
2026-06-03,0.05631332383799984,0.5609339256192329,1,prime
2026-06-03,-0.235026787712778,0.0864660485284715,0,prime
2026-06-03,-0.5571109993600146,1.0,1,prime
2026-06-03,-0.7860953052506332,0.4340405494683989,0,prime
2026-06-03,-0.8274402372966329,0.19960792533051774,0,prime
2026-06-03,1.7831661223214756,0.5481251582910214,1,prime
2026-06-03,-0.6620815944095612,0.0,0,subprime
2026-06-03,0.06483023359941256,0.4846928819959041,1,prime
2026-06-03,0.7325050708741729,0.07723279495131241,0,prime
2026-06-03,-0.02168558227092905,0.27479959069767795,0,prime
2026-06-03,-0.7825528847517039,0.18305136763044474,0,subprime
2026-06-03,-0.7729688881600123,0.26149917344012796,0,subprime
2026-06-03,1.0683784700524401,0.7756946359620129,1,prime
2026-06-03,0.006139492210665505,0.7019797679404254,1,prime
2026-06-03,-0.0653051942636997,0.7263690945193827,1,subprime
2026-06-03,-0.392185616895182,0.40351704096568286,1,prime
2026-06-03,0.8427486924143508,0.3951682159942009,1,prime
2026-06-03,1.531949693848112,0.3865437961806062,0,prime
2026-06-03,0.03022741283307004,1.0,1,prime
2026-06-03,1.733209011277375,0.6138273272141765,1,subprime
2026-06-03,0.603973566124426,0.0,0,subprime
2026-06-03,1.08849868517355,0.5395081109042819,0,subprime
2026-06-03,0.29517207556448044,0.9927383890453666,1,prime
2026-06-03,-1.5746151192685118,0.9047121042139009,1,prime
2026-06-03,0.8478039169108075,0.567978282811985,1,prime
2026-06-03,0.7717468882663248,0.6030488534583596,1,prime
2026-06-03,-1.8695114922477631,0.2655079427762853,0,prime
2026-06-03,-0.20688901938243723,0.9244708295301425,1,prime
2026-06-03,0.45480910025295046,1.0,0,prime
2026-06-03,0.6246975952078956,0.5610523188458246,1,prime
2026-06-03,0.536992495630491,0.4666086810563241,0,prime
2026-06-03,0.527770372686489,0.26658725395565736,0,prime
2026-06-03,0.19282220355742974,0.32964862261587713,0,subprime
2026-06-03,-1.3064487487463996,0.7680131753421924,1,prime
2026-06-03,0.19057502666576367,0.2079526157092748,0,subprime
2026-06-03,1.132440739449011,0.19501773929756297,0,prime
2026-06-04,-0.5926530516127189,0.0,0,subprime
2026-06-04,-0.7384998810672864,1.0,1,prime
2026-06-04,-1.9940435649571158,0.08484316154597296,0,prime
2026-06-04,-0.8941808684237595,0.9033017903706727,1,prime
2026-06-04,0.3652427737535511,0.4638810261562552,1,subprime
2026-06-04,0.11478107681296537,1.0,1,subprime
2026-06-04,0.20319089143200228,0.2545408799680704,0,subprime
2026-06-04,0.47268481122088857,0.6894765056033638,1,subprime
2026-06-04,-0.23169597303511566,0.1634509006690769,0,prime
2026-06-04,-0.4886260698061654,1.0,1,subprime
2026-06-04,1.2730046391661969,0.0,0,prime
2026-06-04,-1.3517148171858646,0.8306706872867019,1,subprime
2026-06-04,0.030585432235871634,0.710861791671211,1,prime
2026-06-04,-0.8119108236306932,0.8697191062114572,1,prime
2026-06-04,1.270965023468733,0.4495536092404566,0,prime
2026-06-04,0.9992565226573568,0.29493627027403213,0,subprime
2026-06-04,-1.2197213120061967,0.38222200222756875,0,prime
2026-06-04,0.4458640658101234,0.5575772767895838,0,prime
2026-06-04,-1.2941328617744823,0.6550136922605619,1,prime
2026-06-04,-0.3390620129122953,0.9022089491104962,1,prime
2026-06-04,2.399035014122115,1.0,1,prime
2026-06-04,1.6465368876632456,0.3511209557233468,0,prime
2026-06-04,0.22395611249962136,0.6900748161710046,1,subprime
2026-06-04,-1.4776379322530455,0.04585944196187952,0,subprime
2026-06-04,0.7407776222128203,0.9790541701182052,0,prime
2026-06-04,1.1506008398374865,0.6767319150393769,1,prime
2026-06-04,1.0239410074464161,0.6319080012884497,1,prime
2026-06-04,-0.13821682976416935,0.5827450434213568,0,subprime
2026-06-04,-0.4489977059193122,0.021244907074569247,0,prime
2026-06-04,-1.3549635896938983,0.01296280310431755,0,prime
2026-06-04,-0.807902655417697,0.7489468389266168,1,prime
2026-06-04,0.6745660749819757,0.6023221464083317,1,prime
2026-06-04,1.844223261291753,1.0,1,prime
2026-06-04,0.6935255098808439,1.0,1,prime
2026-06-04,0.6690876496770659,0.023740787929425106,0,subprime
2026-06-04,0.409616756157898,0.8763295222396063,1,prime
2026-06-04,-0.5511383270860126,0.9478167080883425,1,prime
2026-06-04,-1.0269236872347016,0.7234057720034774,1,subprime
2026-06-04,1.4973605578370672,0.4121440132678211,0,subprime
2026-06-04,-0.7687756780603637,0.795314482726411,1,subprime
2026-06-04,0.6432539906374344,0.6726720734358698,1,subprime
2026-06-04,-0.5794967856769566,0.50516805149898,1,prime
2026-06-04,-0.0015201251677206893,0.3478236735746022,0,subprime
2026-06-04,-0.3429561931319221,0.6587967753750051,1,prime
2026-06-04,-1.630467496481231,0.07403159643729063,0,subprime
2026-06-04,-0.06264241861571423,0.0,0,prime
2026-06-04,-0.604678644332047,0.9490889209118082,1,subprime
2026-06-04,1.1636369792617607,1.0,1,subprime
2026-06-04,0.36452528329613154,0.8005076086844237,1,subprime
2026-06-04,-0.08720044856229037,0.5606943082541918,1,prime
2026-06-04,0.7296627989590824,1.0,1,prime
2026-06-04,0.4511047918786213,0.6928213572081207,1,subprime
2026-06-04,-0.6083792119472514,0.6562341891604663,0,subprime
2026-06-04,1.41901314128069,0.8981508834489433,1,prime
2026-06-04,0.5600456604326188,0.6263814599076745,1,prime
2026-06-04,-1.234544175558408,0.39653310898227423,1,subprime
2026-06-04,0.5846080547583841,0.6121566104812379,1,prime
2026-06-04,-0.1776668724338804,0.0,0,prime
2026-06-04,-0.9607221301854568,0.8488416307256237,1,prime
2026-06-04,0.874613620935194,0.6220624941221715,0,prime
2026-06-04,-1.5380310596494347,0.516240495692559,1,prime
2026-06-04,0.5575073104631696,0.0,0,prime
2026-06-04,-0.41859699098875686,1.0,1,prime
2026-06-04,-0.4190987826825209,0.12606721959314543,0,subprime
2026-06-04,0.7382209116177477,0.9022278920583895,1,subprime
2026-06-04,-1.9073612336356478,0.15056191882619271,0,subprime
2026-06-04,-1.1725495037884648,0.9091903360591831,1,subprime
2026-06-04,0.32280890289833547,0.14102904960663082,0,prime
2026-06-04,0.6215853743909217,1.0,1,prime
2026-06-04,-0.6224383044993781,1.0,1,prime
2026-06-04,0.021015097861119353,0.3875042476971143,1,prime
2026-06-04,-1.5180798869089358,0.9570042926568566,1,prime
2026-06-04,0.06310229441552517,0.4124665133457911,1,prime
2026-06-04,0.18437489366365392,0.0926241494019659,0,prime
2026-06-04,-0.18820468494672438,0.653891024200507,1,prime
2026-06-04,0.8186421120082908,0.46205190774030774,0,subprime
2026-06-04,-0.7794106830788007,0.9078537491818057,1,subprime
2026-06-04,-0.5086154976489926,0.9292274318958309,1,prime
2026-06-04,-0.006601376726654567,0.0,0,prime
2026-06-04,-1.1419361942580348,0.5683008221025772,0,prime
2026-06-04,0.13965081442921393,0.6157749214488649,0,prime
2026-06-04,-0.2784050893935935,0.37162525408247365,0,prime
2026-06-04,0.177400421757308,0.2564667560456739,1,subprime
2026-06-04,-0.09184428975434275,1.0,1,prime
2026-06-04,-0.6680087166241436,0.6043923950006752,1,prime
2026-06-04,-2.1448561134504773,0.381318215778384,0,prime
2026-06-04,0.10940746238943458,0.8257332497601862,1,prime
2026-06-04,-1.299161042789206,0.7596112177094245,1,prime
2026-06-04,0.9366498002426918,0.22372216189680227,1,prime
2026-06-04,-0.00919605386358699,0.6485185936588683,1,prime
2026-06-04,-0.6343433804889205,0.0,0,prime
2026-06-04,-0.4234915988188396,0.5212969262970326,1,prime
2026-06-04,1.2598097978813343,0.690914305910623,1,prime
2026-06-04,-1.7567288231887885,0.2861173304174956,0,prime
2026-06-04,1.5643540746344846,1.0,1,subprime
2026-06-04,-0.09432448815393053,0.025481691397179235,0,subprime
2026-06-04,-1.2072761102933993,1.0,1,prime
2026-06-04,1.6782222387018093,0.22764075557837518,0,subprime
2026-06-04,-0.7356748917456916,0.9928741094233078,1,subprime
2026-06-04,1.6435784451412963,0.6329469731040225,0,prime
2026-06-04,0.8116242822188005,0.0,0,prime
2026-06-04,0.6303981094570412,0.0,0,prime
2026-06-04,0.04118512168828349,0.27289993291886294,0,prime
2026-06-04,-0.2329013959376276,0.6325644965745847,1,prime
2026-06-04,0.3430035064428688,0.7786685311871498,1,prime
2026-06-04,0.33492627810464376,0.0,0,subprime
2026-06-04,-0.931568839685039,1.0,1,prime
2026-06-04,-0.920033607523066,0.4522701477139122,0,subprime
2026-06-04,0.5119420278082262,0.6815914999781354,1,prime
2026-06-04,1.7038866915223507,0.6365498578537103,1,subprime
2026-06-04,-1.0919180928716792,0.203847425956158,0,prime
2026-06-04,-0.6055611536652923,0.7161954569940177,1,subprime
2026-06-04,-0.370040056387922,0.35645948079052703,0,subprime
2026-06-04,1.836274577321759,0.294334350049472,0,subprime
2026-06-04,-0.45439940371970733,0.7299138074919025,1,subprime
2026-06-04,0.5445241011147918,1.0,1,prime
2026-06-04,0.5335740093357,0.6716318667647558,0,subprime
2026-06-04,0.09808481986944574,0.9664779581802583,1,subprime
2026-06-04,-0.6174085678580655,0.2707834608288303,1,prime
2026-06-04,-0.4583698197503824,0.1223398647196965,0,subprime
2026-06-04,-1.1009878275304268,0.5111353953168942,1,subprime
2026-06-04,-0.5891516661993046,0.29709273094079736,0,prime
2026-06-04,-1.5328947176720178,1.0,1,subprime
2026-06-04,0.8560883537077303,0.6235540760894542,0,prime
2026-06-04,0.6869920416775255,0.0,0,prime
2026-06-04,-0.21014511340627487,1.0,1,prime
2026-06-04,-1.0664647104942602,0.0,0,prime
2026-06-04,-0.9751968426763088,0.6131203976364185,1,prime
2026-06-04,1.2523065505599613,0.0559112485752693,0,prime
2026-06-04,-0.6681328907351517,0.9368367456908326,1,prime
2026-06-04,0.7878236921999443,0.8362483233475865,1,prime
2026-06-04,0.22980207686390441,0.4709925871644696,1,prime
2026-06-04,-0.4821900905215479,0.49707033407489726,1,subprime
2026-06-04,-0.9505836300064245,0.20880991153807577,0,prime
2026-06-04,-1.6528447633721746,0.33434430507082263,1,subprime
2026-06-04,-0.5018129683513187,0.9823770024478973,0,prime
2026-06-04,-1.551504706221669,1.0,1,subprime
2026-06-04,-0.5168188223020534,0.9659483437272345,1,prime
2026-06-04,-0.7991416640380385,0.14267979792222596,0,prime
2026-06-04,0.5191476840543888,0.3607298344281189,1,prime
2026-06-04,-0.6543691252695348,1.0,1,prime
2026-06-04,-1.1824954479702476,0.18590718024821473,1,prime
2026-06-04,-0.23424165612393483,0.86142946540589,1,subprime
2026-06-04,-1.4888607283226694,0.7405259699586134,1,subprime
2026-06-04,-0.263159607741349,0.2287669916725494,0,prime
2026-06-04,-1.4192731346320189,0.46064347149240903,1,prime
2026-06-04,1.4362133500518743,0.4778554312815189,0,prime
2026-06-04,1.7257200153988446,0.38603785100496735,0,prime
2026-06-04,0.15326725256479046,0.4649648608039517,0,prime
2026-06-04,-0.3768174752377,0.33676677238234315,0,subprime
2026-06-04,0.6819001861480779,0.2301569422694646,0,prime
2026-06-04,-0.5785302462403967,0.39563276450522816,1,subprime
2026-06-04,-0.32197509029235477,0.0,0,subprime
2026-06-04,-1.2209796335107856,0.8144756357103937,1,prime
2026-06-04,0.2732332523442325,0.12139262019893952,0,prime
2026-06-04,-1.8140318462620288,0.9579357949272004,1,prime
2026-06-04,1.007893664468633,0.31060827173450867,0,prime
2026-06-04,0.4812516554613714,0.4512125646986145,0,prime
2026-06-04,-2.2670095787961477,0.7952167693692116,1,prime
2026-06-04,1.4307522678801423,0.8839786877687018,1,prime
2026-06-04,0.6305538527295865,0.6783424197919068,1,subprime
2026-06-04,-0.21047077075756968,0.0,0,prime
2026-06-04,-0.4041491200080786,0.5875384006264824,1,prime
2026-06-04,1.5253965502262674,0.4789413158671939,0,prime
2026-06-04,0.5410807052893285,0.23767964876047676,1,prime
2026-06-04,0.284961686184177,0.972950884809547,1,prime
2026-06-04,0.5829055913622385,0.3051314587901703,0,prime
2026-06-04,0.6642923269152343,0.05648089777072496,0,prime
2026-06-04,-1.5273467399613665,0.8507443666279872,1,prime
2026-06-04,-1.2775385754791777,0.0,0,subprime
2026-06-04,0.6823781450593114,0.44003086876942843,0,prime
2026-06-04,-0.06192139984978349,0.1457553455364996,1,prime
2026-06-04,-0.0902606718129749,0.7487189160910823,1,subprime
2026-06-04,-0.28034051344181427,0.0,0,subprime
2026-06-04,-0.059742454160504874,0.6771644030060293,0,subprime
2026-06-04,0.1086572417887995,0.6153752006534172,1,prime
2026-06-04,2.460936309539202,1.0,1,prime
2026-06-04,-1.3679991989372566,0.48493218763342244,1,subprime
2026-06-04,0.40214920585281355,0.4692857033976352,0,prime
2026-06-04,1.6641303374996603,0.5819800878816942,1,prime
2026-06-04,-1.096980474075917,0.0,0,prime
2026-06-04,-1.2324372087168436,0.742266319939158,1,prime
2026-06-04,0.30457534006273074,0.8836006602219305,0,prime
2026-06-04,0.3892749203825744,0.2857666266349037,0,prime
2026-06-04,0.4891888091036408,0.9538771348185324,1,prime
2026-06-04,1.0815948598974772,0.665591172300102,1,prime
2026-06-04,-1.636972970240597,0.47020150808888317,0,prime
2026-06-04,1.7012210967019128,0.08638329947084403,0,prime
2026-06-04,1.0195169429510504,0.5332327780100787,1,prime
2026-06-04,0.4803482106282431,0.22858392172482994,0,subprime
2026-06-04,-1.1805324705525386,0.36237792754156384,0,prime
2026-06-04,0.0960679961190989,0.23125977379655283,1,prime
2026-06-04,-1.14773851423866,0.22026509336545705,0,prime
2026-06-04,-1.4960836060270815,0.43251404342339367,0,prime
2026-06-04,-0.7173432794093155,0.19962150445188748,0,prime
2026-06-04,-0.6905337630078543,0.2735609584182397,0,prime
2026-06-04,0.4394766404707137,0.7560084264193063,1,prime
2026-06-04,-0.5746714669142021,1.0,1,prime
2026-06-04,1.0623628041074247,0.956117991591471,1,prime
2026-06-04,1.3642284495991277,0.4594938390187902,1,prime
2026-06-04,-2.31713148057183,0.09421822584592005,0,prime
2026-06-04,0.2285307177681917,0.28304724691651606,0,subprime
2026-06-04,1.0576139307947203,0.9085632129571027,1,prime
2026-06-04,1.704736628353163,0.0,0,subprime
2026-06-04,0.33705702641010554,0.2753508763451209,0,prime
2026-06-04,-1.0199499170651134,0.9056403079414336,1,prime
2026-06-04,-1.938204309468093,0.781099412552352,1,prime
2026-06-04,-0.8410404456591963,0.7137212165010426,1,prime
2026-06-04,1.3262295315220347,0.38580327235233985,1,prime
2026-06-04,1.763987387280367,0.828390358851572,1,prime
2026-06-04,0.10977899648517252,0.7780838914444519,1,subprime
2026-06-04,0.1288473320616108,0.35904696776987427,0,prime
2026-06-04,-0.980499253015458,0.4033814100325797,0,prime
2026-06-04,-0.37946093851245194,0.5592982292776556,1,prime
2026-06-04,-0.08533665387310044,0.6508573292929631,1,prime
2026-06-04,-0.5220392401165217,0.45843103296645793,0,prime
2026-06-04,0.7142990447814579,1.0,1,prime
2026-06-04,-0.672344919691082,0.3915371635787445,0,prime
2026-06-04,1.215553083896377,0.0,0,subprime
2026-06-04,-0.09592032464239057,0.3025690518085059,0,prime
2026-06-04,-1.0951063285421656,1.0,1,prime
2026-06-04,-1.1866500268935025,0.5159475064793269,0,subprime
2026-06-04,1.2651015335147302,0.0,0,subprime
2026-06-04,-0.47323709958314114,0.6707217510182063,1,subprime
2026-06-04,1.0157499341814902,0.9011263764090536,1,subprime
2026-06-04,1.094153274555463,0.0,0,prime
2026-06-04,0.4381013073072696,0.0,0,prime
2026-06-04,-0.19625334035729042,0.0,0,prime
2026-06-04,0.6928947636685843,1.0,1,prime
2026-06-04,1.1933779774564572,0.4549396031005587,0,subprime
2026-06-04,-0.5096789059013727,0.10944528284732137,0,prime
2026-06-04,-1.412125952018972,0.0765586110501377,0,subprime
2026-06-04,0.21211520403195872,0.6519514023910823,0,prime
2026-06-04,-1.950704295614001,0.07934730880464774,0,prime
2026-06-04,-1.0101755018968261,1.0,1,prime
2026-06-04,-0.2795095979350639,0.5626749706868239,1,prime
2026-06-04,0.4382541822491287,0.5929652045067088,0,subprime
2026-06-04,-1.0307360869500937,1.0,1,subprime
2026-06-04,-1.797915951140728,0.690957570700992,1,subprime
2026-06-04,-0.9503305304855816,0.3470191992555186,0,prime
2026-06-04,-1.305568355377301,0.9036048251566704,1,prime
2026-06-04,0.44177464374084413,0.8415340163035805,1,prime
2026-06-04,0.674080759201101,1.0,1,subprime
2026-06-04,-1.2082499002058835,0.5272890202977509,0,subprime
2026-06-04,1.8601589008308088,0.5063532326539393,0,prime
2026-06-04,-0.5787332007818782,0.9239703720916219,1,prime
2026-06-04,0.5255881076132454,0.4764237995077546,1,prime
2026-06-04,-0.23105145940944916,0.41529485612077055,0,prime
2026-06-04,0.7635365242572807,0.42058704454068596,0,subprime
2026-06-04,-1.3732711257019707,0.7212326473077214,1,prime
2026-06-04,-0.8370131324233198,0.6386102795515312,0,prime
2026-06-04,-0.9452091529105044,0.7287228204724585,1,prime
2026-06-04,-0.44789220177237293,1.0,1,subprime
2026-06-04,-0.024924959259377828,0.11005661390175758,0,prime
2026-06-04,0.07886123054086522,0.9058915549705586,1,subprime
2026-06-04,0.9318131455429928,0.9625341633225233,1,subprime
2026-06-04,1.0720820271852047,0.5707025517438707,1,subprime
2026-06-04,0.7099216314166927,0.2824984939058174,0,prime
2026-06-04,-0.9891760109494012,0.49215527653706836,1,prime
2026-06-04,-1.1989425006179941,0.5123300874230863,1,prime
2026-06-04,-1.1207811084739563,0.2241414345714484,0,prime
2026-06-04,-0.30148959314662294,0.5298213343967272,1,prime
2026-06-04,0.08654851252596256,0.860599821257206,1,subprime
2026-06-04,1.425692943341888,0.33538245433566893,1,subprime
2026-06-04,2.4946116435285273,0.5483539175590193,0,subprime
2026-06-04,-1.171319297748681,0.19780703988830012,0,subprime
2026-06-04,1.534911066948108,0.6145210871713238,0,subprime
2026-06-04,0.5140265525240046,0.231414392920946,0,prime
2026-06-04,1.3670133013645835,1.0,1,subprime
2026-06-04,-0.8724115579952197,0.4042661191713827,1,prime
2026-06-04,-0.7642518762768902,0.7253596054416644,1,subprime
2026-06-04,0.4894225706998928,0.0,0,prime
2026-06-04,1.0799665152443834,0.796291837180787,1,subprime
2026-06-04,0.28122620752423916,0.3458280348030962,1,prime
2026-06-04,0.5394594440076887,0.46601039957392565,1,prime
2026-06-04,0.5551771349409526,0.482787873698157,1,prime
2026-06-04,-0.734763892352789,0.042547352692065,0,prime
2026-06-04,0.4746053309321212,0.0,0,prime
2026-06-04,1.4706483824664125,0.7402311022857602,1,subprime
2026-06-04,-0.6271964266310472,0.930582169232362,1,prime
2026-06-04,-0.03432533636236491,0.10606799327032046,0,prime
2026-06-04,0.512101444831518,0.07636103256834179,0,prime
2026-06-04,1.229464647804856,1.0,1,prime
2026-06-04,-0.17991610060228178,1.0,0,prime
2026-06-04,1.1036762045109036,0.08042100281974188,0,prime
2026-06-04,-2.2740817759026033,0.8280978945962405,1,prime
2026-06-04,0.8052132463286803,0.5098753836418608,0,prime
2026-06-04,0.14136954651137135,0.43826689978604894,1,prime
2026-06-04,0.5498018372786946,1.0,1,subprime
2026-06-04,-1.331083511003519,0.5866054745279135,0,prime
2026-06-04,0.8843825627156445,0.8306887620426242,1,prime
2026-06-04,0.24649786056059994,1.0,1,subprime
2026-06-04,0.16347165339634237,0.07077840723432963,0,subprime
2026-06-04,-0.22742418944257625,0.6673901468371181,1,subprime
2026-06-04,0.12375282514894138,0.3933887633312417,0,subprime
2026-06-04,-0.0004127532321514032,0.058134856907180454,0,prime
2026-06-04,-1.439127782330533,0.0,0,prime
2026-06-04,-0.602360131205059,0.13622828482144406,0,prime
2026-06-04,-1.3432599877039428,0.2684414011915852,0,prime
2026-06-04,0.19453493409121345,0.3528100116433038,1,prime
2026-06-04,-0.18000939806687516,0.9144408685532142,1,prime
2026-06-04,0.2979496841725882,0.9190233236022474,1,prime
2026-06-04,1.1984680493356246,0.0,0,prime
2026-06-04,-1.4091147392507304,0.6750629474738035,1,prime
2026-06-04,1.4738286753791272,0.0,0,prime
2026-06-04,-0.09594427918791243,1.0,1,subprime
2026-06-04,-2.3736022350927333,0.9935274333830963,1,prime
2026-06-04,0.7235508098989414,1.0,1,prime
2026-06-04,0.6691382127560106,0.24233763988981785,0,prime
2026-06-04,-1.6639375418281448,0.9835011617330085,1,prime
2026-06-04,1.9638868623581422,0.8527604832176463,1,prime
2026-06-04,-0.5543643709072729,0.434830656206195,1,subprime
2026-06-04,0.6779346741752844,0.005476990180628971,0,prime
2026-06-04,-0.8952036022793262,0.4539510931109484,0,subprime
2026-06-04,-0.4102716022838869,0.0,0,prime
2026-06-04,-0.005946722938975203,0.0,0,subprime
2026-06-04,1.3370583630703237,0.9320674443818591,1,prime
2026-06-04,-0.22993221794393837,0.08238977311963228,0,prime
2026-06-04,0.4303614783562372,1.0,1,prime
2026-06-04,0.5122193481853485,0.5305568907670696,0,prime
2026-06-04,-0.16751508327803555,0.0,0,prime
2026-06-04,-1.6423647157690622,0.5381937820873205,0,prime
2026-06-04,-0.36528463579946957,0.6277908027823246,0,prime
2026-06-04,2.0418897025292653,0.7167945679281378,1,prime
2026-06-04,-0.4880258457866689,0.4528764052359395,0,subprime
2026-06-04,1.6456505573323557,0.8176399161488019,1,prime
2026-06-04,-0.3100893253889456,0.9908288727150204,0,subprime
2026-06-04,0.09633091979795608,0.413832025756662,1,prime
2026-06-04,-0.10497285124733241,0.5088516123713058,0,prime
2026-06-04,-0.17877240834874705,0.0,0,subprime
2026-06-04,1.5250064282819273,0.7962450344288884,0,prime
2026-06-04,-0.6539892261757132,0.7062160392402809,1,prime
2026-06-04,-1.3490016099710984,0.8763570246122604,1,prime
2026-06-04,0.5923390714512354,1.0,1,prime
2026-06-04,-0.9132890063078233,0.27021364069848913,0,subprime
2026-06-04,0.6963166148225847,0.031892264154406436,0,prime
2026-06-04,-1.2055388571949257,0.2465744045713167,0,subprime
2026-06-04,-0.33484713927781634,0.7294301911535332,0,subprime
2026-06-04,0.83001508129753,1.0,1,prime
2026-06-04,-0.3116409120484549,1.0,1,prime
2026-06-04,1.2614433623444707,1.0,1,subprime
2026-06-04,-0.3655482876018518,0.38674192470903246,1,prime
2026-06-04,-1.0452872216157179,0.6354221187702775,0,prime
2026-06-04,-0.1424717144636534,0.9025922776985277,1,subprime
2026-06-04,-1.3068302336072515,0.7806656285501089,1,prime
2026-06-04,0.1932702552528788,0.0,0,subprime
2026-06-04,-1.1904920629250721,0.6866160684357133,0,subprime
2026-06-04,-0.7877481178044502,0.6854679216653252,1,prime
2026-06-04,-0.43123478524102543,0.047692816403249016,0,prime
2026-06-04,-2.3757864843641054,0.8785023391509277,1,subprime
2026-06-04,1.2525408022042102,1.0,1,subprime
2026-06-04,-1.6852587723165704,0.270075811554554,0,subprime
2026-06-04,1.3655661804618624,0.5381562191818764,1,subprime
2026-06-04,1.4192406236121955,0.2718902489155521,0,prime
2026-06-04,-1.2582876639558738,0.5908216535941111,1,prime
2026-06-04,0.1604003959389409,0.5433358577847334,1,prime
2026-06-04,-1.5733711327752946,0.28462162303928074,0,prime
2026-06-04,0.08500115035696189,0.4904702634633553,0,prime
2026-06-04,0.3028109915146722,0.8479730067579813,1,subprime
2026-06-04,0.0894508447196093,0.7601314712293212,1,subprime
2026-06-04,0.3265525310894666,0.054891302226780736,0,subprime
2026-06-04,1.0320461200605138,0.5563717772501636,1,prime
2026-06-04,0.14993675319772928,0.1982166060867984,0,prime
2026-06-04,-0.5849988210114744,0.7481633282186341,1,subprime
2026-06-04,-0.11620500927197798,0.6255454860565629,1,prime
2026-06-04,-0.042586081686987194,0.6431431491708832,1,prime
2026-06-04,1.6900555328022084,0.4403799583314222,0,prime
2026-06-04,2.3763275680385103,0.30489585947684317,1,prime
2026-06-04,0.16247558391667064,0.1773500894449791,1,prime
2026-06-04,0.5050561909452659,0.29570217430961676,0,subprime
2026-06-04,0.46573002108738787,0.6008979580025322,1,prime
2026-06-04,-3.624514387401189,0.6437575035989203,1,subprime
2026-06-04,0.8566522063396868,0.38351740198175094,1,prime
2026-06-04,-1.4467491178486158,0.2718203057390752,0,prime
2026-06-04,0.320839049231145,0.8944807791593956,1,subprime
2026-06-04,0.27981559135097567,0.0,0,prime
2026-06-04,0.44373803451776944,0.2825075606223439,0,prime
2026-06-04,0.3705946015563122,0.429056025977006,0,prime
2026-06-04,-1.0094092259286762,0.41756073451024445,0,prime
2026-06-04,-1.0021374516664974,0.03136772747154615,0,prime
2026-06-04,-0.052160719651973345,0.17278429503667325,1,prime
2026-06-04,-1.3609922702843809,0.0,0,subprime
2026-06-04,-0.18790083188922424,0.2610129340462768,0,prime
2026-06-04,-0.5894051985236578,0.2454871129958326,0,prime
2026-06-04,1.3897508562928005,0.32375426053031764,1,subprime
2026-06-04,1.0188922507933544,1.0,1,prime
2026-06-04,0.6252558389317184,0.945036936291325,1,prime
2026-06-04,0.04256870915796442,0.43433503878165813,0,prime
2026-06-04,-1.4135192497837867,0.29683966525469696,0,prime
2026-06-04,1.2677079639600315,0.787002485959504,0,prime
2026-06-04,-0.5600283466776274,0.8664762122490388,1,prime
2026-06-04,-0.007695592739371289,0.7047680955345981,0,prime
2026-06-04,0.14893464078344731,0.28046596555834635,0,prime
2026-06-04,-0.5015806939573483,0.684928985636574,0,prime
2026-06-04,1.5317954808972476,1.0,1,prime
2026-06-04,0.21746083372775676,0.4939728660369469,1,prime
2026-06-04,0.07297986887931235,0.08048962767776405,0,subprime
2026-06-04,0.6119681523813543,0.8723863310096389,1,subprime
2026-06-04,-0.008247631504234814,0.32045899430137603,0,subprime
2026-06-04,0.6111728808294928,0.6055268041464217,1,prime
2026-06-05,0.7778987874080431,0.31349275492705664,0,prime
2026-06-05,-2.1112862256446405,0.8366163214059328,1,subprime
2026-06-05,-1.3476462079736444,0.30281983588033046,0,prime
2026-06-05,1.9732837252117779,1.0,1,subprime
2026-06-05,0.7989253706455494,0.516929204800165,1,subprime
2026-06-05,0.12832453473135044,0.06536018703303453,0,prime
2026-06-05,0.4526910405241282,0.8126760880281092,1,prime
2026-06-05,-1.0471362127526758,1.0,1,subprime
2026-06-05,0.6747078627337508,0.9059551784277081,0,subprime
2026-06-05,0.2562185089910119,0.5396419272340339,1,prime
2026-06-05,-0.31567085017206425,0.40808354639315153,1,prime
2026-06-05,-0.6599962815908509,0.18084549756754667,0,subprime
2026-06-05,-0.03248428815882453,0.30934232746516177,0,prime
2026-06-05,0.2749468350461818,1.0,1,prime
2026-06-05,-0.11949274211740879,0.6383671266510768,1,prime
2026-06-05,-0.3134644586756515,0.6920001068127553,0,prime
2026-06-05,1.1292421208525145,1.0,1,subprime
2026-06-05,0.9033626909330922,1.0,1,prime
2026-06-05,0.5361130652164388,0.3504851853905894,1,subprime
2026-06-05,0.5025753141603327,0.0,0,prime
2026-06-05,1.342007848001913,0.14096456799597373,0,prime
2026-06-05,-0.952750949094976,1.0,1,prime
2026-06-05,1.888156350946628,0.049975948714726215,0,subprime
2026-06-05,0.3502066460894029,0.1620692818158752,0,prime
2026-06-05,-1.112387865680355,0.5931214264583388,1,subprime
2026-06-05,0.2897571006996409,0.8269750326437239,1,prime
2026-06-05,0.37793395916385053,0.9960121834852675,1,prime
2026-06-05,1.3187261943860857,0.0,0,prime
2026-06-05,-1.2249810530357652,0.0,0,prime
2026-06-05,0.4895468764414157,1.0,1,subprime
2026-06-05,-1.4927441211196428,0.975022426737514,1,prime
2026-06-05,-0.4169329990849824,0.3973430767717775,1,prime
2026-06-05,-0.23338122593128843,0.0,0,subprime
2026-06-05,1.416458530905875,0.4942433670340712,1,prime
2026-06-05,0.22022365089312626,0.06207553331809576,0,prime
2026-06-05,1.958132198991756,1.0,1,prime
2026-06-05,-1.0302590749722764,0.6454928287050782,0,prime
2026-06-05,0.8627914691944466,0.5921711965227726,1,prime
2026-06-05,-0.7106681150033511,0.018758980818234322,0,prime
2026-06-05,-0.41154169351691894,0.5438955975817997,1,prime
2026-06-05,-0.041649701175086554,0.8403025028139675,1,prime
2026-06-05,-0.22443134302376352,0.6296601537851754,1,prime
2026-06-05,0.4462819230518107,0.0,0,prime
2026-06-05,0.3929855256085672,0.7008132576860723,1,prime
2026-06-05,-1.2115391406178722,0.7959747754301696,0,prime
2026-06-05,0.23077759439660464,0.25460130151471927,0,prime
2026-06-05,0.716245595561126,0.17767107967814152,0,prime
2026-06-05,0.1569638372443087,1.0,1,prime
2026-06-05,-0.26755941084775675,0.1969679867492274,0,prime
2026-06-05,-0.6090981640056452,1.0,1,prime
2026-06-05,-0.23188778208735353,0.15461122161446167,0,prime
2026-06-05,-1.9296368416513259,0.9061205995424051,1,prime
2026-06-05,-0.1129705131696868,0.6153896145111755,1,prime
2026-06-05,0.06802372418746433,0.34879252636297114,0,prime
2026-06-05,0.7186227910620931,0.9656924121902208,1,prime
2026-06-05,0.19331797972884854,0.4144832013528808,1,subprime
2026-06-05,-0.475034187495661,0.30061936645204046,1,subprime
2026-06-05,1.1169972364807732,0.5631598035226754,1,prime
2026-06-05,1.0349626378398469,0.5631792576031507,0,prime
2026-06-05,0.6461589700158161,0.25137907688200756,0,subprime
2026-06-05,-0.14086848483696812,0.7634516729312489,1,subprime
2026-06-05,-0.47727439831355517,0.7200545480696775,1,prime
2026-06-05,-1.4436721857126742,0.16305018174716257,0,prime
2026-06-05,-1.3874135586405323,0.8325267585357583,1,subprime
2026-06-05,0.5315332463120968,1.0,1,prime
2026-06-05,1.7875574221285913,1.0,1,prime
2026-06-05,-0.18748152324440565,0.030500872832393888,0,prime
2026-06-05,0.60075002166999,0.558897200300187,1,subprime
2026-06-05,1.361650709224979,0.20149768629566805,0,prime
2026-06-05,1.0461044435787752,1.0,1,prime
2026-06-05,0.4687197307640697,0.16930270355986143,0,prime
2026-06-05,0.9245910126422786,0.3477933571638111,0,subprime
2026-06-05,0.3823732041103789,0.8569774720675573,1,subprime
2026-06-05,-1.4043645961541202,0.060141009574757126,0,prime
2026-06-05,-0.22068502343274923,0.6178228915809703,0,prime
2026-06-05,-0.8268314864538192,1.0,1,subprime
2026-06-05,-0.0317727547717894,0.5595271481600226,1,prime
2026-06-05,0.3029266980725058,0.0,0,prime
2026-06-05,1.09043475607702,0.8945002524799522,1,subprime
2026-06-05,0.5164499707948464,0.057957926461641385,0,prime
2026-06-05,-0.4251269336533503,0.29530582502415714,0,prime
2026-06-05,1.321988025869716,0.4467137134176179,1,prime
2026-06-05,0.10751908293464912,0.0,0,prime
2026-06-05,0.9483288785597498,0.9973555179283897,0,prime
2026-06-05,0.4601670068889419,1.0,1,subprime
2026-06-05,-1.603062200381896,0.7820885835750802,1,prime
2026-06-05,-2.4007299103480784,1.0,1,prime
2026-06-05,0.5812681534329672,0.0,0,prime
2026-06-05,0.07668853107492814,0.05907934740510276,0,prime
2026-06-05,-0.011081032452362137,1.0,1,subprime
2026-06-05,1.8204617947489656,1.0,1,prime
2026-06-05,0.7277971762572111,0.2393785734675549,0,prime
2026-06-05,-1.1587573292567372,0.18775061481095554,0,subprime
2026-06-05,-0.6022609161052462,0.3111896957364015,0,subprime
2026-06-05,-1.5866882837568141,0.8081397534257456,1,prime
2026-06-05,-0.8661806093403268,0.3722545016685371,1,subprime
2026-06-05,0.5034377785810404,0.5790508434511673,1,prime
2026-06-05,-0.08892509564071877,0.5283450314619382,0,subprime
2026-06-05,0.6734219611983298,0.4261120309962966,1,prime
2026-06-05,0.26399986925345675,1.0,1,prime
2026-06-05,-0.875131192008963,0.06091571071749691,1,subprime
2026-06-05,-1.378685963445074,0.001839658958045276,0,prime
2026-06-05,-0.12127909841113856,0.8249502180338645,1,subprime
2026-06-05,-0.33569383068688985,0.12117189002970648,0,prime
2026-06-05,-0.49370461153787976,0.6462427366822392,0,prime
2026-06-05,-0.12338116343356986,0.2736835865808602,1,subprime
2026-06-05,0.8837977937761023,0.4278036763687424,0,prime
2026-06-05,-0.8173800824026679,0.6440649617996098,1,prime
2026-06-05,0.5131890171534911,0.3281098710698745,1,prime
2026-06-05,-0.12189679575304943,0.112586814493839,0,prime
2026-06-05,-0.9470241070507485,0.1594408806212077,0,subprime
2026-06-05,0.7123040056730736,1.0,1,prime
2026-06-05,-0.2206750094374309,0.0,0,prime
2026-06-05,-0.22444089115684127,0.41338813701323923,1,prime
2026-06-05,-1.3459926819679107,0.0,0,subprime
2026-06-05,0.9824930275548064,0.25916780928966565,1,prime
2026-06-05,0.1720012106833153,1.0,1,subprime
2026-06-05,-0.5673922082161066,0.5186223232306952,0,subprime
2026-06-05,0.9865931772605099,0.8740032661996996,1,subprime
2026-06-05,0.2112336020258835,0.04151541658541694,0,prime
2026-06-05,-1.1166221276425685,0.36154560510783645,1,prime
2026-06-05,0.14493053195404865,0.5309096936570987,0,prime
2026-06-05,-0.14286636570122307,0.020972494146370674,0,prime
2026-06-05,-0.5189934082455523,0.024966235854021107,0,prime
2026-06-05,0.7814633677635514,0.52857335316312,0,prime
2026-06-05,1.2234530408589495,0.7783029295216514,1,subprime
2026-06-05,1.2746290375885256,0.2456547483448126,0,prime
2026-06-05,-1.129103535943722,0.7535623131949497,1,subprime
2026-06-05,-1.6413934927260052,1.0,1,subprime
2026-06-05,0.05244339740962072,1.0,1,subprime
2026-06-05,-0.3571278270346284,0.2729147684830052,0,prime
2026-06-05,-1.491324752866549,0.8884674667116769,1,prime
2026-06-05,-0.8098065779497663,0.0,0,prime
2026-06-05,-0.5078387781811331,0.49926621906870366,1,prime
2026-06-05,0.2998998710028966,0.3024491039589438,0,subprime
2026-06-05,0.016832945714097367,0.387589141661539,0,prime
2026-06-05,0.9392297013122298,1.0,1,prime
2026-06-05,0.9560187748763781,0.5725589126352129,1,prime
2026-06-05,-0.4502184758122616,0.0,0,subprime
2026-06-05,-0.27881092910579813,0.0,0,subprime
2026-06-05,0.7742726254174717,0.5966513545224966,1,subprime
2026-06-05,0.9488799807842523,0.0,0,subprime
2026-06-05,-0.6254960462686844,1.0,1,prime
2026-06-05,1.1201861792720025,0.9450159793980599,1,prime
2026-06-05,-0.5561616633936382,0.0,0,prime
2026-06-05,1.9279354558060555,0.7339532572858227,0,prime
2026-06-05,-0.3513095771894771,0.3881463630273505,0,prime
2026-06-05,-0.7478102170495228,0.4168432930100491,0,subprime
2026-06-05,-0.8002145797830241,1.0,1,subprime
2026-06-05,1.5117395795051651,0.14394348379350352,0,prime
2026-06-05,2.2927341265202696,0.8390030375929463,1,subprime
2026-06-05,1.1555387546064586,0.1283040251520124,0,prime
2026-06-05,0.555690371524378,1.0,1,subprime
2026-06-05,1.4529112807671616,0.010332209513819912,0,prime
2026-06-05,0.03452738869231329,0.7409513027854298,1,subprime
2026-06-05,-1.6275588178596274,0.821241131620427,1,prime
2026-06-05,0.3815462637931874,0.9958894351853487,1,subprime
2026-06-05,-0.10868932716861365,0.3029755893370986,0,prime
2026-06-05,-1.6995743330064088,0.3830217219459259,0,subprime
2026-06-05,0.44172645500067975,0.7516642854151527,0,prime
2026-06-05,0.34852714296187326,1.0,1,prime
2026-06-05,-1.8584030885551062,0.0,0,subprime
2026-06-05,-1.1681401837533667,0.3671526979260189,0,prime
2026-06-05,-0.21127543436700522,0.08597319876084394,0,prime
2026-06-05,-0.831003012473187,0.9232308964362796,1,prime
2026-06-05,1.585022602635277,0.6893170655942442,1,prime
2026-06-05,-0.15039393179881694,0.7222718190045275,1,prime
2026-06-05,-0.05083049568268916,0.5629300060335809,1,prime
2026-06-05,-1.7129014887954015,0.27154446196838683,0,prime
2026-06-05,-0.6907767414149729,0.6141750982454088,1,prime
2026-06-05,0.21693261809690303,0.5117478968312961,1,prime
2026-06-05,1.8881615174153916,0.807899232955914,0,prime
2026-06-05,0.3938616445825705,0.7140360093328246,1,subprime
2026-06-05,-0.009955302125680375,0.0,0,prime
2026-06-05,0.5750151160912175,0.22604102100193746,0,prime
2026-06-05,-0.8810711860596471,0.5073009891884609,1,prime
2026-06-05,0.6019306275335029,0.8166705647803678,0,prime
2026-06-05,-0.9479665456320345,0.6060172689318715,1,prime
2026-06-05,-0.399830334705613,0.5887010743405662,1,prime
2026-06-05,-0.3879051202615437,0.0,0,prime
2026-06-05,-0.9381041267653828,0.4353391762471223,1,subprime
2026-06-05,0.37323754363209966,1.0,1,prime
2026-06-05,-1.1839428278811996,1.0,1,prime
2026-06-05,0.16594808114713325,0.23887347604239262,0,prime
2026-06-05,0.7058316088612222,0.6479605389858276,1,prime
2026-06-05,-1.5587436952587213,1.0,1,subprime
2026-06-05,1.6263571594896316,0.3801110249929339,0,subprime
2026-06-05,0.15340458608706703,0.04385813784068729,0,prime
2026-06-05,0.6603457152113037,0.6358327029619659,1,prime
2026-06-05,-1.2726171620676003,0.15972205424366875,0,prime
2026-06-05,0.33987363508229146,0.0063726387254278705,0,subprime
2026-06-05,-1.669873007283713,0.5820330069071731,1,prime
2026-06-05,-1.8991093873394733,1.0,1,prime
2026-06-05,1.8322072778477583,0.723973740875867,1,subprime
2026-06-05,0.5080099240251147,1.0,1,prime
2026-06-05,0.7975819902271947,0.9774229842570434,1,prime
2026-06-05,-0.29572659601346013,0.3918650949938006,0,subprime
2026-06-05,-1.2018583397331246,1.0,1,prime
2026-06-05,1.9207816795043715,1.0,1,subprime
2026-06-05,0.42575148519488376,0.4704192205864345,0,prime
2026-06-05,0.6031639682413955,0.0,0,prime
2026-06-05,-0.056067862267242786,0.8718658370121329,0,prime
2026-06-05,-0.2886370163479346,0.49194378999501276,1,subprime
2026-06-05,0.7682734291098863,0.7636002786573043,1,prime
2026-06-05,-0.9736049434146764,0.5084693313456685,1,subprime
2026-06-05,-0.029077878730446052,0.5129056519366724,1,subprime
2026-06-05,-0.9685658499229802,0.7152149106896128,1,subprime
2026-06-05,-0.5310963661852004,0.09868197371841586,0,prime
2026-06-05,1.1758878548289609,1.0,1,subprime
2026-06-05,0.6792345599811331,1.0,1,prime
2026-06-05,2.3348443479140504,0.23745882313826402,0,prime
2026-06-05,2.838415212030479,0.6886041750684344,1,prime
2026-06-05,-0.494492931026004,0.7939148284208587,0,subprime
2026-06-05,0.9302138201221926,0.06155297446792854,0,subprime
2026-06-05,-2.019179040326593,1.0,1,prime
2026-06-05,-0.8923172649449765,0.26571053449365756,0,prime
2026-06-05,-0.9071535237750126,0.760133720162274,1,subprime
2026-06-05,-0.5229196225485918,0.03199737614068751,0,subprime
2026-06-05,0.5509637631006932,0.884571047729239,1,subprime
2026-06-05,0.6397578545790356,0.19143152065413283,1,prime
2026-06-05,-1.2370841710346159,0.9803196348218459,1,subprime
2026-06-05,-0.38333549908554637,0.5720361667038127,0,prime
2026-06-05,1.3759040397502866,0.253882661559584,0,prime
2026-06-05,1.4479861968243872,0.08906280264987451,0,prime
2026-06-05,-0.22895912105428248,0.7124335848232984,1,prime
2026-06-05,1.0206355378881526,1.0,1,prime
2026-06-05,-0.25822202978384684,0.17608760244944746,0,prime
2026-06-05,0.8797420171715007,0.8782714093300524,1,subprime
2026-06-05,0.8292739072050952,0.11905768991641795,0,prime
2026-06-05,1.9144205617568615,0.0989297001722845,0,prime
2026-06-05,-0.4790233287494534,0.3040516248202242,1,prime
2026-06-05,0.9943516356739573,1.0,1,prime
2026-06-05,-0.014749111357983171,0.329472356671755,0,subprime
2026-06-05,0.11314526125759472,0.07284744495807155,0,prime
2026-06-05,-0.3265695285079116,0.7068390337471588,1,prime
2026-06-05,1.89380750003364,0.0,0,prime
2026-06-05,-1.81881579132386,0.9848687353276796,1,prime
2026-06-05,-0.7747069508623041,1.0,1,prime
2026-06-05,0.3323596809707946,0.834797170325531,1,subprime
2026-06-05,-0.1855868431710842,0.6344842608929923,0,prime
2026-06-05,-0.3895027255038272,0.7040181908499291,1,prime
2026-06-05,0.716700723350244,0.8876516278022533,0,prime
2026-06-05,-1.0765840520335817,0.5567092293086733,1,prime
2026-06-05,-1.8276252838501086,0.786449846079959,1,prime
2026-06-05,0.1250230524701539,0.42522262240178865,0,prime
2026-06-05,-0.4090431368262207,0.6224766516942669,1,prime
2026-06-05,1.166688968615012,0.9177058752624752,1,subprime
2026-06-05,0.3551533076983339,0.6434102119046138,1,prime
2026-06-05,-1.4640124077931527,1.0,1,prime
2026-06-05,-0.25517953977500585,0.7240602611412204,1,prime
2026-06-05,1.1923269349030947,0.09716163811304782,0,prime
2026-06-05,-1.3921017250974907,0.13008725945662905,0,prime
2026-06-05,0.4102922142960409,0.4892373459663009,1,prime
2026-06-05,1.2528815773591433,0.725381351031781,0,prime
2026-06-05,0.06975244808753023,0.9064545679906797,1,prime
2026-06-05,-0.48122135232469243,0.0,0,prime
2026-06-05,-0.5576673778612289,1.0,1,prime
2026-06-05,-0.04793950246122397,0.7989081473161251,0,subprime
2026-06-05,-0.45751123268086935,0.6211221329641817,0,prime
2026-06-05,0.263496303083029,0.1414611568622853,0,prime
2026-06-05,-1.1378332958626052,0.2624963684358823,0,prime
2026-06-05,-0.6057594705187216,0.4688479949565173,0,subprime
2026-06-05,-0.6430996912047494,0.0,0,prime
2026-06-05,0.9452704128093794,0.47924035031748996,1,subprime
2026-06-05,1.2618976973121205,0.3165637422310327,1,prime
2026-06-05,-0.6854270805924247,0.591975899313212,0,subprime
2026-06-05,1.000915444024645,0.25156239419057935,0,prime
2026-06-05,-0.5442006250691982,0.13485898340837343,0,prime
2026-06-05,-0.2031445541600474,0.5907569750664021,0,prime
2026-06-05,-0.07675166467363427,1.0,1,prime
2026-06-05,0.1490611907303887,1.0,1,prime
2026-06-05,-0.5570877736395581,0.022971173407975165,0,subprime
2026-06-05,-0.029369985427667816,0.7028253705048991,0,prime
2026-06-05,-0.1290065273743652,0.8123700542952667,0,subprime
2026-06-05,1.0623670610493319,0.9627050857034729,1,prime
2026-06-05,0.5997967734151146,0.783579979506836,1,subprime
2026-06-05,0.15991239995251408,0.07602752278127523,0,subprime
2026-06-05,0.696034494337874,1.0,1,prime
2026-06-05,-0.5035850949936935,1.0,1,prime
2026-06-05,0.5251707529539525,0.5367786304992792,1,subprime
2026-06-05,1.2360226941212147,0.0,0,prime
2026-06-05,-0.5737530543627518,0.44066165285053815,0,prime
2026-06-05,1.0697118074940368,0.3632346900875818,0,prime
2026-06-05,0.6337403694551154,0.5272911890834953,0,prime
2026-06-05,-0.6070438849031679,0.8047696372411046,0,prime
2026-06-05,0.0508230612911845,1.0,1,prime
2026-06-05,-0.9570157178535812,0.28232813691731945,0,prime
2026-06-05,-0.5903655606849448,0.9923254300922089,1,prime
2026-06-05,-0.8427749482197148,0.9045868758233195,1,prime
2026-06-05,-1.3455522926269996,0.018752093784844798,0,subprime
2026-06-05,0.22032721736857533,0.0,0,prime
2026-06-05,-1.5305115435411834,0.9301946995993764,1,subprime
2026-06-05,-1.658516520946192,0.5268934697859964,1,prime
2026-06-05,-1.0629846969253696,1.0,1,subprime
2026-06-05,1.6135501408181592,0.5869909197042363,1,prime
2026-06-05,-0.5992843518367614,0.0,0,prime
2026-06-05,-1.0779307029713576,1.0,1,subprime
2026-06-05,0.493847138977222,0.5353515194333931,0,prime
2026-06-05,-0.693462965592511,0.6309246678444443,1,subprime
2026-06-05,0.11341958429485334,0.7698493797567083,1,prime
2026-06-05,0.0968395278146727,0.38679030020778166,1,subprime
2026-06-05,-0.669546952102673,0.7584004476260966,1,subprime
2026-06-05,0.6129351996756995,0.37620004708650456,0,prime
2026-06-05,0.6895289775667054,1.0,1,prime
2026-06-05,-0.8209768830482728,0.42109073521025764,1,prime
2026-06-05,-0.22674607900706983,0.0,0,subprime
2026-06-05,1.1406453210959724,0.6107579638707571,1,prime
2026-06-05,-1.7925150424578262,0.5805556149927711,0,prime
2026-06-05,0.1158858245635318,0.9512131598204498,1,prime
2026-06-05,-1.399882841260024,0.44127464373386094,0,prime
2026-06-05,1.2671798131162473,1.0,1,subprime
2026-06-05,0.12818358874132463,0.2246348134842241,1,subprime
2026-06-05,-0.6761364353266732,0.508001261206771,1,prime
2026-06-05,0.23815402291827764,0.9831518536913497,1,subprime
2026-06-05,-0.37737110602379736,0.8419295075792451,1,subprime
2026-06-05,-0.8748556359547025,0.0,0,prime
2026-06-05,-1.2449658445795093,0.2696948014647728,0,prime
2026-06-05,-0.17378404170498576,0.10277183179353973,0,prime
2026-06-05,2.059871532036694,0.4671428910783109,0,prime
2026-06-05,-0.8356758358943569,0.660617048570952,1,prime
2026-06-05,-0.3211912800467421,0.0,0,subprime
2026-06-05,-0.5073213799619568,0.6078490366112927,1,subprime
2026-06-05,0.5446515672240737,0.06447478487398664,0,prime
2026-06-05,0.7468231354719992,0.0,0,prime
2026-06-05,-0.9428330814880479,0.6525408645492985,0,subprime
2026-06-05,0.41592283641037237,0.824538211385625,1,subprime
2026-06-05,0.6430298978868992,0.22792494009511444,0,prime
2026-06-05,-1.996885033649462,0.5150594943934848,0,prime
2026-06-05,-1.4981253807106898,0.5010349526527147,1,subprime
2026-06-05,1.16042214561014,0.3296943206021942,0,prime
2026-06-05,-1.1959295659640452,1.0,1,prime
2026-06-05,0.5640792096159832,0.11585593434731845,0,prime
2026-06-05,-0.4593241367695014,0.7921675937954167,1,prime
2026-06-05,-0.4586480649595779,0.754060421199927,1,prime
2026-06-05,0.33009971581387787,0.07332076472556365,0,prime
2026-06-05,-0.27581892320338136,0.6084476241712661,0,prime
2026-06-05,-0.3864796656755584,0.12582331365746427,0,prime
2026-06-05,-0.4696646421105841,0.418822575113528,0,prime
2026-06-05,-1.5074278527103682,1.0,1,prime
2026-06-05,-0.8427577789004042,0.006669394817448909,0,subprime
2026-06-05,1.1418697136834257,0.7237231966607904,1,prime
2026-06-05,0.06227255705025656,0.008446235526484797,0,prime
2026-06-05,-0.5743686681753728,1.0,1,prime
2026-06-05,0.7630913039280295,0.8406642681710018,1,prime
2026-06-05,-0.3502788079892851,0.2731176698662423,1,prime
2026-06-05,0.6162406343372694,1.0,1,subprime
2026-06-05,-0.2074451823455013,0.09849881042524469,0,prime
2026-06-05,-0.25801390375053784,0.21595627923965224,0,prime
2026-06-05,-1.221767751389813,0.8603871291659316,1,prime
2026-06-05,-0.1564696949303408,0.0,0,prime
2026-06-05,-1.5965011610709317,0.15315581484572616,0,subprime
2026-06-05,1.6147675637821763,0.9880920952015684,1,prime
2026-06-05,-1.4575018489523388,0.4277237659696443,1,subprime
2026-06-05,-0.5757770181481993,1.0,1,prime
2026-06-05,1.4872703243990286,0.437076885721375,1,subprime
2026-06-05,0.8690584915137144,0.9783806086080158,1,prime
2026-06-05,-1.1802606058881946,0.2949328992537317,0,prime
2026-06-05,-0.6516445278639954,0.47312893137185946,1,prime
2026-06-05,0.3895493668958844,0.4192167426491239,1,subprime
2026-06-05,-0.31485021698456395,0.7284139389275578,1,prime
2026-06-05,0.05692874258376935,0.3886792833140895,1,subprime
2026-06-05,-1.0865863265502202,0.6958582246954346,1,prime
2026-06-05,0.0018771052591130498,0.6965770032896458,1,subprime
2026-06-05,0.41257554392943663,0.9997064377685698,1,prime
2026-06-05,-1.1129692600306194,0.0,0,prime
2026-06-05,2.6474302779897987,0.10398848860808696,0,prime
2026-06-05,0.6744742585013201,0.18264395359345964,0,subprime
2026-06-05,-1.9045340328208409,0.4029089865334784,0,prime
2026-06-05,1.269946321185845,0.8336546593761163,1,prime
2026-06-05,-0.16083276063706264,1.0,1,prime
2026-06-05,0.6628435492900429,0.9320332267910364,1,prime
2026-06-05,0.6465729974975961,0.0,0,prime
2026-06-05,0.09844361479239551,1.0,1,prime
2026-06-05,0.2984389428108058,0.0,0,prime
2026-06-05,-0.41522660423078284,0.0,0,prime
2026-06-05,-0.5668057829324796,0.0,0,prime
2026-06-05,0.20130581466032385,0.5381158361237739,0,prime
2026-06-05,0.3790183446871342,0.5994475583774946,1,prime
2026-06-05,-0.9778335461842439,0.5048237867020049,0,prime
2026-06-05,0.010525077668999,0.15854027695011624,0,prime
2026-06-05,-0.19919382116251952,1.0,1,prime
2026-06-05,-0.33199082225781656,0.6907966604666422,1,prime
2026-06-05,0.35337235489033336,0.5449160274227269,1,prime
2026-06-05,1.7417406435766918,0.5875394025429366,0,prime
2026-06-05,-0.5235628108681473,0.6710149691118265,1,prime
2026-06-05,0.7685699231987032,0.0,0,prime
2026-06-05,-0.26623022856043066,0.4098850701611658,0,subprime
2026-06-05,0.9102260533850379,1.0,1,subprime
2026-06-05,-1.449895573840314,0.4931322078726679,1,prime
2026-06-05,-0.7641625123763578,0.7323693691396802,1,subprime
2026-06-05,0.14354629569146893,0.6698813731246942,0,prime
2026-06-05,0.37676093277372147,0.633072288696586,0,prime
2026-06-05,0.8992777549111071,0.6827817348017359,1,prime
2026-06-05,0.6914677535124594,0.47267153367225745,0,subprime
2026-06-05,-0.24949881809798635,0.6667939085461339,1,subprime
2026-06-05,1.4718476961885667,0.9880505424289663,1,prime
2026-06-05,0.24154243688739024,0.315984133161451,0,prime
2026-06-05,-2.3074304417392857,0.0,0,prime
2026-06-05,-1.330331697665066,0.5155419638842386,0,prime
2026-06-05,0.48578477267256787,0.05251764972616338,0,prime
2026-06-06,0.901234279072453,1.0,1,prime
2026-06-06,0.1896722709341496,0.6020268573328037,1,prime
2026-06-06,-1.220112760662053,1.0,1,prime
2026-06-06,-0.6832250075741859,0.3469651387518649,1,prime
2026-06-06,0.42643573700170495,0.5462137260273655,1,subprime
2026-06-06,0.4755384270906194,1.0,1,prime
2026-06-06,0.9753378303160232,0.5595303793101238,1,prime
2026-06-06,1.1231598657538613,1.0,1,subprime
2026-06-06,-1.3362468975713662,0.8951989657620264,1,prime
2026-06-06,0.5251166660884699,0.07754532323121133,0,subprime
2026-06-06,0.02238226585254678,0.045449183216824174,0,prime
2026-06-06,0.8083553086234951,0.6756504731628017,1,prime
2026-06-06,0.2129366584256084,0.19060731906276937,0,subprime
2026-06-06,0.08199941005722593,0.5357956688693967,0,prime
2026-06-06,1.4869255483549095,0.6587426136872647,1,subprime
2026-06-06,-1.2553160944590216,0.9429301310033599,0,prime
2026-06-06,0.3018047668895078,0.24578755131386404,0,prime
2026-06-06,-0.7644310868237472,0.9604630858977625,1,prime
2026-06-06,0.005555985705559382,0.3855342814515367,1,subprime
2026-06-06,-0.05276949896618818,0.8147712706858026,1,subprime
2026-06-06,-0.32421480498964406,0.3384106321843052,0,prime
2026-06-06,0.06348339871835258,0.0,0,prime
2026-06-06,1.071032156001595,0.35466586967322683,1,subprime
2026-06-06,-0.3524143028532829,1.0,1,prime
2026-06-06,1.8421366066362808,0.37472392573597074,0,prime
2026-06-06,2.0353883589749056,1.0,1,subprime
2026-06-06,-3.1978314388712445,0.19866762719420006,0,prime
2026-06-06,0.16018419958447652,0.7301345955768833,1,prime
2026-06-06,-0.4427861703771356,0.8325451562843644,1,subprime
2026-06-06,-1.486149770625442,0.6902297070595402,1,prime
2026-06-06,-0.4011261991464706,0.5835793474082798,1,subprime
2026-06-06,0.3804306450958542,0.4460876821408473,0,prime
2026-06-06,-1.0049178693500092,0.3373589503942487,0,prime
2026-06-06,1.8866083313759363,0.9952042796751508,1,subprime
2026-06-06,-0.24706143182962162,1.0,1,subprime
2026-06-06,-1.0616039940953137,1.0,1,subprime
2026-06-06,0.5881748452956994,0.7977393793998747,1,prime
2026-06-06,-0.35759765221020134,0.13480952396039664,0,prime
2026-06-06,1.8330843650009208,0.717022458366123,1,subprime
2026-06-06,-1.5129964396692854,0.8377565390147845,1,prime
2026-06-06,-0.6985731800794762,0.24489161482559083,0,prime
2026-06-06,1.3979540267996857,0.22275748331472095,0,subprime
2026-06-06,0.9934047352171562,0.9695373631940355,1,prime
2026-06-06,1.0531849071099382,0.2142724202418667,0,prime
2026-06-06,2.3823470594602645,0.0676955740524725,0,prime
2026-06-06,0.30815966548828105,0.21916564785347992,0,prime
2026-06-06,0.15234154716515572,0.3680828708494843,0,prime
2026-06-06,2.19995297628957,0.3607781939185199,0,subprime
2026-06-06,-0.11894511167265569,0.8538318469634968,1,prime
2026-06-06,-0.7869861554555602,0.0,0,prime
2026-06-06,0.48619316090012005,0.9286875808762409,1,subprime
2026-06-06,1.0047283787378944,0.7416407315185489,1,prime
2026-06-06,-0.9204763078514223,0.16470989157020643,0,subprime
2026-06-06,0.7806442303168734,1.0,1,prime
2026-06-06,-0.9769837907780413,0.18292000637054465,0,prime
2026-06-06,0.13952754312155052,0.45434480916416353,1,prime
2026-06-06,-1.5305712315151871,0.2943548980212591,0,prime
2026-06-06,-0.25817240329129915,0.3416556496333404,0,prime
2026-06-06,-0.6661015229278785,0.0,0,prime
2026-06-06,-3.298573751414789,0.8273790483963758,1,prime
2026-06-06,-0.7322784451933277,0.1825120470731793,0,subprime
2026-06-06,1.2346957256175668,0.4248711562589758,1,prime
2026-06-06,-0.18046946961740076,0.0,0,prime
2026-06-06,-0.374095075126666,0.08602488575320352,0,subprime
2026-06-06,-0.054468627708872494,0.19757556818681662,0,prime
2026-06-06,-1.2840011155633924,0.34323969945623717,0,prime
2026-06-06,-2.114734115006835,0.5310417470500425,0,prime
2026-06-06,1.0780635618135943,0.16263926947053808,0,subprime
2026-06-06,-0.984557292771348,0.0,0,prime
2026-06-06,-0.6200820152647676,0.31446517828522363,0,prime
2026-06-06,-0.052789543447483454,0.5487460736008851,0,subprime
2026-06-06,-1.9061327861517214,0.8920548971092994,1,prime
2026-06-06,-1.867967174393015,0.054053057980368635,1,subprime
2026-06-06,1.4686969010336597,0.8914203331294774,1,prime
2026-06-06,0.33766827108407993,0.0,0,subprime
2026-06-06,0.2568310236001826,0.6401131338444701,1,prime
2026-06-06,0.116313880493687,1.0,1,prime
2026-06-06,-1.742892337232853,0.3428261871135169,1,prime
2026-06-06,0.13816584048292938,0.6072915775296515,1,prime
2026-06-06,0.8026717898847938,0.669491076175226,0,prime
2026-06-06,1.2976500079247137,0.6398764781955038,1,prime
2026-06-06,-0.2949656130549958,0.10008040619501206,0,prime
2026-06-06,1.2544184671812744,0.7384306279983499,1,prime
2026-06-06,0.03696799486821807,0.2447393975694202,0,prime
2026-06-06,1.4872371980770016,0.24722343443252182,1,subprime
2026-06-06,-0.10711832897700477,0.24976923062635215,0,prime
2026-06-06,-0.12096014378204052,0.46960294601993885,0,prime
2026-06-06,-0.04218597569647826,0.8433554683478882,0,prime
2026-06-06,-0.3916170026180095,0.2852578137182857,0,prime
2026-06-06,-0.43348396464991107,0.5757465455333048,0,subprime
2026-06-06,-0.15395743071330348,0.6898595627889176,1,prime
2026-06-06,-0.2863075763701758,0.4013868255277218,1,subprime
2026-06-06,-0.12493396548643455,0.5472820113959032,0,subprime
2026-06-06,2.0113371959868287,0.329293860891297,1,subprime
2026-06-06,-0.02443440236895167,0.0,0,prime
2026-06-06,-0.13169847958869235,0.0,0,prime
2026-06-06,0.11576856072868594,0.36038864819930544,1,prime
2026-06-06,1.1667326164857317,1.0,1,prime
2026-06-06,-0.7357531211394174,0.18930250543112825,1,prime
2026-06-06,0.4976829251834541,0.08116568303746385,0,prime
2026-06-06,-0.4209446400567587,0.6868788863415936,1,prime
2026-06-06,-0.32155409413564723,1.0,1,subprime
2026-06-06,0.406586409268356,0.580847658060246,1,prime
2026-06-06,0.6834162098534853,0.0,0,prime
2026-06-06,-1.2284997731713687,0.8769739974191844,1,subprime
2026-06-06,-0.3511011264988631,0.5907067221853146,1,prime
2026-06-06,0.37147022094982085,0.6482402253336356,1,prime
2026-06-06,1.5519929948643025,0.3861480699234475,0,prime
2026-06-06,-0.09820510797293318,1.0,1,prime
2026-06-06,0.4191861644839718,0.9372411478989452,1,prime
2026-06-06,0.8306030747907173,1.0,1,prime
2026-06-06,-0.9241452107741618,0.0,0,prime
2026-06-06,-0.13802054251054602,1.0,1,subprime
2026-06-06,-0.42498425827960606,0.7972179604900833,1,subprime
2026-06-06,3.881004082842057,0.0,0,subprime
2026-06-06,1.9875588602311673,0.3259972668016432,0,prime
2026-06-06,0.13703358782019656,0.9280933476105406,1,subprime
2026-06-06,0.8829561849234243,0.15539710198986625,0,prime
2026-06-06,-0.988574530642921,0.36340956113260386,1,prime
2026-06-06,1.834338392028187,0.19451253995698467,0,prime
2026-06-06,-0.6028754780688989,0.2165947309267199,0,prime
2026-06-06,-1.2308193518658699,1.0,1,prime
2026-06-06,0.07660841456498854,0.0,0,prime
2026-06-06,1.4346293168029014,0.0,0,subprime
2026-06-06,0.0832582737016636,0.0,0,prime
2026-06-06,0.9288216471904851,0.8086496899242455,1,subprime
2026-06-06,-0.7935414317680286,0.4467100916176101,0,prime
2026-06-06,-2.2190567564369577,0.4660678993800699,1,prime
2026-06-06,-0.40884779907994895,0.0,0,prime
2026-06-06,-0.2096367556865448,0.6541628491108996,0,prime
2026-06-06,-1.4187204704579721,1.0,1,subprime
2026-06-06,-0.8905287043845729,0.8768747526791583,1,prime
2026-06-06,-0.1322904055302629,0.0,0,prime
2026-06-06,-0.7794445162475373,0.39930729367829043,0,prime
2026-06-06,-1.3435225478640942,0.9830118973841243,1,subprime
2026-06-06,0.6552739261467175,0.24178394643674223,0,prime
2026-06-06,-1.8905247516002621,0.39417482385370195,1,prime
2026-06-06,-0.8703536691098552,0.5581687624344557,1,subprime
2026-06-06,-0.7091804424219209,0.0,0,prime
2026-06-06,0.5763690997928556,0.0,0,prime
2026-06-06,1.868641548514663,0.060150398998996185,0,subprime
2026-06-06,0.7391705879881746,0.9215167914855216,1,prime
2026-06-06,-1.1559937119417476,0.4798677719875645,0,prime
2026-06-06,-0.945487129281331,0.34885576115325023,0,prime
2026-06-06,-0.53617537055119,0.7331152802024913,1,subprime
2026-06-06,0.8549827923774347,0.0,0,subprime
2026-06-06,0.4215680382461012,0.5534194489617613,1,prime
2026-06-06,1.8234844632347058,0.5975370614249769,1,prime
2026-06-06,1.9133377491503878,0.49441303926998276,1,prime
2026-06-06,0.248580813818748,0.6884885331058901,1,subprime
2026-06-06,-0.08105053661108189,0.7571078273887062,1,subprime
2026-06-06,-0.6115380018672479,0.4431028906997492,1,prime
2026-06-06,1.321561928608112,0.8031883921679928,1,prime
2026-06-06,-1.0733765647449331,1.0,1,prime
2026-06-06,1.370399164169112,0.5192431812702869,0,prime
2026-06-06,2.200012589001646,0.10327005935471514,0,prime
2026-06-06,0.9925534097187793,0.0,0,subprime
2026-06-06,0.500855915130762,0.5845397863537085,0,prime
2026-06-06,0.2160176763176011,0.5425850459073827,1,prime
2026-06-06,0.013497757181899165,0.352107805160694,0,prime
2026-06-06,0.6951112192767258,0.8935711522846694,1,subprime
2026-06-06,0.5207735025501815,0.4836142212562059,1,prime
2026-06-06,-1.9136412954565598,0.6780548184238082,1,prime
2026-06-06,-0.2525034002228247,0.1708017771199016,0,subprime
2026-06-06,-0.1238428225451379,0.44312023852878407,1,prime
2026-06-06,-1.1081947221606323,0.5296438348480299,0,prime
2026-06-06,-0.7442150073794795,0.635781505647343,0,prime
2026-06-06,-0.13468312981230227,0.817146522820388,1,subprime
2026-06-06,-0.9840287370072776,0.0,0,prime
2026-06-06,1.0616300748978358,0.32204654314739306,1,prime
2026-06-06,-0.09246835376460681,1.0,1,subprime
2026-06-06,0.4563791036666713,0.5896058574252478,0,prime
2026-06-06,-0.3305968887298618,0.7889292736621865,1,prime
2026-06-06,-0.4784558307729262,0.0,0,prime
2026-06-06,0.382924101822829,0.17794749971796042,0,prime
2026-06-06,-0.44063758713257895,0.5666904051318593,1,prime
2026-06-06,-0.20371029081755557,0.08599790796170276,0,prime
2026-06-06,0.9934604005842855,0.0,0,prime
2026-06-06,-0.8301058536503647,0.6134260112517448,1,prime
2026-06-06,-0.6250943585590064,1.0,1,subprime
2026-06-06,0.5592407234728572,0.6571801631190222,1,prime
2026-06-06,1.9606850702510559,0.24963038715106892,0,prime
2026-06-06,-0.7976721872939061,1.0,1,prime
2026-06-06,0.7559921352487051,0.793988833765984,1,prime
2026-06-06,-0.09495626997439134,0.522263799856681,1,prime
2026-06-06,-2.6928970544482063,0.49240076617685363,1,subprime
2026-06-06,-0.27536106874056815,1.0,1,prime
2026-06-06,-1.0419597711079742,0.0,0,prime
2026-06-06,-1.2398703787829939,0.9817701239434019,1,prime
2026-06-06,0.84887184553196,0.0,0,prime
2026-06-06,0.09394020577833555,0.10927810868828493,0,prime
2026-06-06,-1.4782941541697763,0.8656194713271218,1,prime
2026-06-06,0.032718134923752105,0.148864357683686,0,prime
2026-06-06,-0.4841448259228312,0.9314761914172465,1,prime
2026-06-06,-0.08473880643676668,0.0,0,prime
2026-06-06,-0.5790270611266534,0.3555686884986126,1,prime
2026-06-06,-1.0086005007715604,0.6697717167747433,1,prime
2026-06-06,1.370897984775345,0.9557918455628269,1,subprime
2026-06-06,-0.9862106154077439,0.30183571977501966,0,prime
2026-06-06,-2.385019014185286,0.3484604083093312,0,prime
2026-06-06,1.5542526462022686,0.0,0,prime
2026-06-06,0.43079977607615233,0.0,0,subprime
2026-06-06,-1.6912620478064657,0.1347049889953299,1,prime
2026-06-06,0.35516164718048804,0.22799140241201227,0,subprime
2026-06-06,-0.49090897687623836,0.31895559411595653,0,subprime
2026-06-06,1.1523066983802026,0.3819105830116687,0,subprime
2026-06-06,-0.1536188840892839,0.0,0,prime
2026-06-06,-0.26456930530607253,1.0,1,prime
2026-06-06,-0.6105206978140842,0.716921468318339,1,prime
2026-06-06,0.5899766283498705,0.9186352120293265,1,prime
2026-06-06,-1.3124280614947206,0.04824780725625469,0,prime
2026-06-06,0.6656389573213123,0.3142653179004623,0,prime
2026-06-06,0.036476382754126103,0.07958744087993933,0,subprime
2026-06-06,-1.847936286403125,0.3440162505683217,1,subprime
2026-06-06,1.3269869569833608,1.0,1,subprime
2026-06-06,0.07207600541000934,0.27618614456809987,1,prime
2026-06-06,1.4598498434773362,0.36557938314970906,0,subprime
2026-06-06,-0.24601204252150696,0.4390011242866553,0,subprime
2026-06-06,-1.607337553077021,0.6140486672464949,0,prime
2026-06-06,-0.9733434396175655,0.847525189030816,1,prime
2026-06-06,0.7778307437109588,0.0,0,prime
2026-06-06,-1.1819516102873966,0.48258414053366006,1,subprime
2026-06-06,0.3118075576938808,0.0,0,prime
2026-06-06,0.9465316978416275,1.0,1,prime
2026-06-06,-0.41926946433935547,0.9304854693569534,1,prime
2026-06-06,-0.40517609914741143,0.32508708816826304,0,subprime
2026-06-06,0.8965465788367735,0.36331639734540583,0,prime
2026-06-06,-0.5884499107358679,0.0,1,subprime
2026-06-06,0.5307915705063456,1.0,1,subprime
2026-06-06,0.24677015189314971,0.0,0,prime
2026-06-06,-0.4080400301331486,1.0,1,prime
2026-06-06,0.14690821803384582,0.9909321450178707,1,prime
2026-06-06,0.6647302884916608,0.0,0,prime
2026-06-06,-0.03412665446166445,0.7001604427301086,1,prime
2026-06-06,-0.9790382998901027,0.22427984376935647,0,prime
2026-06-06,-1.0137309631052667,1.0,1,subprime
2026-06-06,-1.0333317857468567,0.18348452153615097,0,prime
2026-06-06,-0.12358979067791015,0.09198631884578232,0,prime
2026-06-06,-0.9280119038725314,0.2598773052523733,0,prime
2026-06-06,-0.048337849523487374,0.539834079603435,1,prime
2026-06-06,-0.6257686673189274,0.3375700956122458,1,prime
2026-06-06,-0.12128957892063227,1.0,0,prime
2026-06-06,-0.6318388327552324,0.0,0,prime
2026-06-06,0.06780381434792214,0.6489645079276347,1,prime
2026-06-06,0.29035432069685435,0.9646937158240848,1,prime
2026-06-06,-1.2957391296246727,0.6243666568374195,1,prime
2026-06-06,1.8965517396273077,0.6430335351262274,1,prime
2026-06-06,0.6249963936709471,0.39590579684827276,1,subprime
2026-06-06,0.18062182773850946,0.822276063424424,1,prime
2026-06-06,-0.0844589588176906,1.0,1,prime
2026-06-06,-1.9403666353999025,0.8002546396705522,1,prime
2026-06-06,-0.0029781565200124563,0.30880072535270264,0,subprime
2026-06-06,0.032325309318840416,0.5230452810737619,1,subprime
2026-06-06,0.1332433740299771,1.0,1,prime
2026-06-06,-0.7552523908710594,0.6884300123953625,1,prime
2026-06-06,0.6727218342962509,0.28353500979046464,0,prime
2026-06-06,-1.4819018650532536,0.3910860805723624,0,prime
2026-06-06,-0.2865800259301398,0.1447223392536779,0,subprime
2026-06-06,1.2790758482429585,0.221549643291938,0,prime
2026-06-06,0.7086130108329922,1.0,1,subprime
2026-06-06,0.6154416869245487,0.8291113715110576,1,prime
2026-06-06,0.9002580645716506,0.08856678616407326,0,subprime
2026-06-06,0.6358884638372426,0.24822099297577999,0,subprime
2026-06-06,0.3224708510735956,0.894534928475345,1,subprime
2026-06-06,-1.0009351506142015,0.2724400460845108,0,prime
2026-06-06,0.17034691376519107,0.1880798941469062,0,prime
2026-06-06,-0.4094043077985413,0.278827682298843,0,subprime
2026-06-06,0.433335006481191,0.2744842062861228,1,prime
2026-06-06,0.3775723408584066,0.9687728990141409,1,prime
2026-06-06,-0.07126192661722931,0.8841785320537401,1,prime
2026-06-06,-0.8997316293319421,0.9696164844022608,1,prime
2026-06-06,0.42665132996731364,0.8531546639569042,1,prime
2026-06-06,0.25978536850878364,0.890093745133254,1,subprime
2026-06-06,-1.0426002675495827,0.6805630892570675,0,subprime
2026-06-06,0.0774664856331149,0.0,0,subprime
2026-06-06,-1.705183189203583,0.0,0,subprime
2026-06-06,-0.764147845411529,0.09056735444537847,0,prime
2026-06-06,-0.7768342753124052,0.859217246667225,1,prime
2026-06-06,0.009572299977019912,0.7119031953213089,1,prime
2026-06-06,-0.3228995087609307,0.5434908407661615,0,subprime
2026-06-06,1.1821588235092437,1.0,1,prime
2026-06-06,0.04949989111405282,0.10175428330544908,0,subprime
2026-06-06,-1.5700967603686573,0.16867563735287444,0,prime
2026-06-06,-0.5429094914806238,0.811470389887492,1,subprime
2026-06-06,-1.076858576513783,0.8446030027120266,1,prime
2026-06-06,-0.1921811165053478,0.21026054650843912,0,subprime
2026-06-06,-0.13322176444661044,0.16518636183773325,0,prime
2026-06-06,0.8585312928208234,0.32424840336495997,1,prime
2026-06-06,1.5650226892406862,0.9940012556505016,1,prime
2026-06-06,0.883472549072961,0.41086079596346325,0,prime
2026-06-06,-0.5712702619894199,0.37726255937315833,1,prime
2026-06-06,-0.8724369515407375,1.0,1,subprime
2026-06-06,1.170092081381448,0.49360316262321063,0,prime
2026-06-06,0.27276071312177735,0.18563583929990143,0,prime
2026-06-06,2.995349153291849,0.5485546740835415,1,subprime
2026-06-06,-0.8335119619740664,1.0,1,prime
2026-06-06,0.3697558796815373,0.6114859051234889,1,prime
2026-06-06,2.348824046266758,0.4234415906744076,0,subprime
2026-06-06,-0.05606064500077962,0.6461644193816825,1,prime
2026-06-06,2.158630622021122,0.71585776332188,1,prime
2026-06-06,1.9884713433123673,1.0,1,prime
2026-06-06,-0.7754044966991789,0.14975790297300995,0,subprime
2026-06-06,-1.0648582652213012,1.0,1,subprime
2026-06-06,0.8819814237265494,0.534894706947369,1,subprime
2026-06-06,-1.3925951760068485,0.7309962068860727,1,prime
2026-06-06,0.32431239076391466,0.20104419767411738,0,prime
2026-06-06,0.9081640824585356,0.7853484853589288,1,prime
2026-06-06,-0.9045579970985412,0.9652663003058888,1,subprime
2026-06-06,-0.2240889826342163,0.8407681659769899,1,subprime
2026-06-06,0.6519543802660713,0.35241043442183395,0,prime
2026-06-06,0.617544392327306,0.8542067701721514,1,prime
2026-06-06,-0.32577059736397174,0.5841856978153523,1,prime
2026-06-06,0.590028881693508,0.26547939756236594,1,prime
2026-06-06,-0.027496076533471386,0.48682862744123273,1,prime
2026-06-06,0.09567533058268617,0.665878825468053,0,subprime
2026-06-06,2.3998901004588102,0.06825607877776926,0,subprime
2026-06-06,0.3814433547238124,0.0,0,prime
2026-06-06,0.9517437686883649,0.6592120879287758,1,prime
2026-06-06,0.15849830512843105,0.5704962626779758,1,prime
2026-06-06,0.362272501175659,0.0,0,prime
2026-06-06,-0.1816755064562257,0.7133565363021714,1,prime
2026-06-06,-3.3515484124499175,0.18461258498314237,0,prime
2026-06-06,1.406536157745425,0.5891398968253491,1,prime
2026-06-06,-1.6559464957081302,0.08066544877859907,0,prime
2026-06-06,0.36276582200418134,0.6667821853539818,1,subprime
2026-06-06,2.4577094318588357,0.4855525782404626,0,prime
2026-06-06,-0.07208434922270922,0.9429109805459105,1,subprime
2026-06-06,0.6478761077637988,0.22001200460398007,0,prime
2026-06-06,-0.34225490234844663,0.45737509846073165,0,prime
2026-06-06,-1.0130902669692943,0.14918486799164382,0,prime
2026-06-06,-0.4695377576551234,0.04066342212822391,0,subprime
2026-06-06,0.4302834324611088,0.017180973577968328,0,prime
2026-06-06,0.5592925957686592,0.5437484330473294,1,subprime
2026-06-06,1.3914566852871586,1.0,1,prime
2026-06-06,0.28237683138209463,0.6361418215035501,1,prime
2026-06-06,-2.3260307281526704,0.8152590845503366,1,prime
2026-06-06,-0.36431100886338014,0.5536571082842414,0,prime
2026-06-06,-0.6901421213469697,0.4405692613531025,0,subprime
2026-06-06,-0.6734593350585524,0.26094897367714714,0,prime
2026-06-06,0.7710410158820491,0.26248780556726864,0,prime
2026-06-06,-0.7376365794107531,0.6589187764008417,1,subprime
2026-06-06,0.09231135977616073,0.7558814314513423,1,prime
2026-06-06,-0.2195109233856641,0.0,0,prime
2026-06-06,2.1598058195646925,0.14413342115537714,0,prime
2026-06-06,-0.40513549815407524,0.26992449769613774,0,prime
2026-06-06,-1.3743054822402683,1.0,0,prime
2026-06-06,1.4294505101039112,0.576734066584492,1,prime
2026-06-06,-0.8256478935662924,0.520456766351245,1,subprime
2026-06-06,0.5428255199474983,0.5454242587561722,1,prime
2026-06-06,1.5311203247254321,0.7728551826605988,1,prime
2026-06-06,0.48716677438515055,0.9877450367873035,1,prime
2026-06-06,-0.4809377616281375,0.4310072241236131,0,subprime
2026-06-06,-1.5236309144646245,0.0,0,subprime
2026-06-06,-0.9863819945884902,0.7334504013662935,1,prime
2026-06-06,-0.6810596986820938,0.004603557468147029,0,prime
2026-06-06,-1.4415630932588703,0.08604335833593932,0,prime
2026-06-06,0.9431520423623048,0.058020285798642546,0,prime
2026-06-06,-0.36719604944532386,0.0,0,subprime
2026-06-06,-0.22546740910368424,0.3129112126896574,0,prime
2026-06-06,-0.6546708227241471,1.0,1,prime
2026-06-06,-0.38791460976033876,0.34226109347088435,1,prime
2026-06-06,0.6890884443736633,0.3230578255426855,0,prime
2026-06-06,1.1556476944170804,0.47803966951722654,1,prime
2026-06-06,-0.867596147622911,1.0,1,prime
2026-06-06,-2.1042567032217625,0.4529128499198779,0,prime
2026-06-06,-0.5685475698270548,0.5892968996890315,0,prime
2026-06-06,-0.05533847266311534,0.5587362439888972,1,subprime
2026-06-06,1.458712479119777,0.0,0,prime
2026-06-06,0.00999654888918109,1.0,1,prime
2026-06-06,1.0846936195513017,0.5882600192231122,0,prime
2026-06-06,0.3306369758002962,0.34004751342550044,0,prime
2026-06-06,0.5176351460819834,0.7250584953274549,1,prime
2026-06-06,0.04798091444791953,0.7901555978179092,1,prime
2026-06-06,0.03651353156172564,0.7558418253521819,1,prime
2026-06-06,0.9950587950411411,0.12596314758791816,0,prime
2026-06-06,2.7055018585395776,0.4039722691186641,0,prime
2026-06-06,2.2329355919365588,0.36476513561912544,0,prime
2026-06-06,0.5162662806491095,0.1709850568257365,0,subprime
2026-06-06,0.29978353394798035,0.0,0,prime
2026-06-06,0.3410850979003099,0.5734750398579954,0,subprime
2026-06-06,0.6935706558892539,0.13543136228235209,0,subprime
2026-06-06,0.17151945249863565,0.6331569597474409,1,prime
2026-06-06,1.2849624095342835,0.2666555380008372,0,prime
2026-06-06,-0.1971259438203214,0.4141805936445522,1,prime
2026-06-06,0.4986007892083663,0.7247472554709705,1,prime
2026-06-06,-1.851171877945722,0.1312511998558349,0,prime
2026-06-06,0.177404416492964,0.5670768503812045,0,prime
2026-06-06,1.0558734675531973,0.4599803481322853,0,prime
2026-06-06,0.21593155573527012,0.4409004569588095,1,prime
2026-06-06,-0.05148670796882624,1.0,1,subprime
2026-06-06,-0.14895799368416313,0.4522433579178648,1,prime
2026-06-06,0.6166534987480726,0.7342833892182652,1,subprime
2026-06-06,1.4183537239206443,0.0,0,prime
2026-06-06,1.9570958856978,0.3527731534664888,0,prime
2026-06-06,0.2177685946836054,0.05830806008308101,0,prime
2026-06-06,0.326243669375854,0.6657148149900485,1,prime
2026-06-06,0.17524679134142485,0.19779161315594787,0,prime
2026-06-06,1.0745757092449153,0.9860779176569033,1,prime
2026-06-06,-0.7913852539642134,0.19567509364648805,1,prime
2026-06-06,1.5283447284362544,0.9257401666164381,1,subprime
2026-06-07,-0.39836193034467776,0.9734996072370148,1,prime
2026-06-07,0.7238686800901989,0.676856327780321,0,prime
2026-06-07,-1.068866912280039,0.0,1,prime
2026-06-07,-1.7802255318184939,0.8395719701183615,1,prime
2026-06-07,0.35937873975898404,0.060041763377268215,0,prime
2026-06-07,-0.7408318997901161,0.8056846473142377,1,prime
2026-06-07,0.49995856953981943,0.5464937693917736,1,subprime
2026-06-07,0.4067265956354103,1.0,1,prime
2026-06-07,1.0903505419401263,0.39177445204431044,1,prime
2026-06-07,0.5603803795630864,0.7280247249831862,1,prime
2026-06-07,0.30615802246095264,1.0,1,subprime
2026-06-07,-0.7907969006264759,0.33892361784685604,0,prime
2026-06-07,-0.5767360950119256,0.0,0,prime
2026-06-07,-0.23118357037226867,0.3695534730275344,0,subprime
2026-06-07,0.7223680222527181,0.9082514443876248,1,prime
2026-06-07,-0.22588929862789886,0.46529593105324957,0,prime
2026-06-07,0.6415448599687048,0.11212690421118827,0,prime
2026-06-07,-0.6501620007700079,0.0,0,prime
2026-06-07,-1.390893875884942,0.0,0,subprime
2026-06-07,0.24471340980510922,0.6691859073988276,1,prime
2026-06-07,2.4160412989896907,0.0,0,subprime
2026-06-07,0.26383219890530335,0.0,0,subprime
2026-06-07,1.6207509257763333,1.0,1,prime
2026-06-07,-1.7602485435885438,0.9044963591589302,1,prime
2026-06-07,0.010192450124048695,0.2106362931774406,0,prime
2026-06-07,1.365671887108315,0.4595633542203012,1,prime
2026-06-07,0.2752542357293303,1.0,1,prime
2026-06-07,0.006416935113835927,0.4184769145634525,0,prime
2026-06-07,-1.7047141454771069,0.5334489436519175,1,subprime
2026-06-07,-0.1680030586131696,0.0,0,prime
2026-06-07,0.6833402574482983,0.0,0,subprime
2026-06-07,0.7008109490827968,0.0,0,prime
2026-06-07,-0.2701702441975335,0.47044075882108366,1,prime
2026-06-07,0.3325074257487303,1.0,1,prime
2026-06-07,-0.46513129528638186,0.9774110801925024,1,subprime
2026-06-07,-0.17309390476888983,0.6824384194652319,1,subprime
2026-06-07,-0.5119346534308014,0.67451395872779,1,subprime
2026-06-07,-0.03341330508718984,0.5948207665885779,1,prime
2026-06-07,0.18255149467752232,0.0,0,prime
2026-06-07,0.9585372109460937,0.2468154691410121,0,subprime
2026-06-07,-1.286313511438189,1.0,1,prime
2026-06-07,0.4649313865557609,0.9613145555858961,1,subprime
2026-06-07,0.8428447857498378,1.0,1,prime
2026-06-07,0.2563526253144469,0.754069036712169,1,prime
2026-06-07,-0.30928413288527706,0.0,0,prime
2026-06-07,0.031759150308654976,0.3585385415129555,0,subprime
2026-06-07,0.29600138050516217,0.4344373242996774,0,prime
2026-06-07,0.4087762256031845,0.952045000866426,1,prime
2026-06-07,1.239169980460718,0.17140903126118257,0,prime
2026-06-07,-0.3853037804459456,0.8014071060214865,1,prime
2026-06-07,0.37839989217288933,0.36781077084198416,0,subprime
2026-06-07,-1.247967016083216,0.3561261545890462,0,prime
2026-06-07,0.7362238953391861,0.6052442662806916,1,prime
2026-06-07,1.1908575204075214,0.18049274672031057,0,prime
2026-06-07,1.3984806913064438,1.0,1,prime
2026-06-07,-0.791805003959016,0.14440259066526612,0,prime
2026-06-07,0.5963024488889656,0.9262599780787046,1,prime
2026-06-07,-0.1167369796440022,0.8472651127938837,1,subprime
2026-06-07,0.320550253385502,0.40522575614062595,0,prime
2026-06-07,-0.6813225328083852,0.30007017416265536,1,subprime
2026-06-07,-0.7090485937927768,0.0,0,subprime
2026-06-07,-0.20120456298495007,0.7840378490762394,1,prime
2026-06-07,-1.4594315653317365,0.27584985822964136,1,prime
2026-06-07,0.9160020012519903,0.5349593500999682,1,prime
2026-06-07,1.1500055639317392,0.47895925490665353,1,prime
2026-06-07,-0.2251726668909129,1.0,1,prime
2026-06-07,-0.4699870180507688,0.16733059711088583,1,prime
2026-06-07,-0.13804390086914348,1.0,1,prime
2026-06-07,1.164990569073553,0.7536257319297377,1,prime
2026-06-07,-0.3405567256552334,0.4522287930515866,0,prime
2026-06-07,0.2596248599172561,0.5177344816463565,1,prime
2026-06-07,0.7589030464166991,0.038975356639577186,0,prime
2026-06-07,-0.27223360111884637,0.337389027918214,0,prime
2026-06-07,-1.1426610381827151,0.5369947172155598,1,prime
2026-06-07,-0.3796276189935705,0.3037155936048163,0,prime
2026-06-07,-1.2151357077257217,0.0,1,prime
2026-06-07,0.11111724211526289,0.1710112337760565,0,prime
2026-06-07,0.3832167044633851,0.778491875619248,1,prime
2026-06-07,0.7962029153028488,0.21520972698507448,0,prime
2026-06-07,1.2068793057981064,0.17239586205743063,0,prime
2026-06-07,-1.2734942621001741,1.0,1,prime
2026-06-07,-0.258993140147912,0.8318653245350609,1,subprime
2026-06-07,-0.522648109184036,1.0,1,subprime
2026-06-07,0.6112485981212408,0.6685467112196657,1,prime
2026-06-07,0.34798520207963946,0.07989610595647045,0,subprime
2026-06-07,-0.8128524825343958,0.24633889990477945,0,subprime
2026-06-07,-0.739366242810732,0.6814715147537462,0,prime
2026-06-07,0.3712976674399693,0.18159216867678907,0,prime
2026-06-07,0.7889430392436175,0.10236066867926386,0,prime
2026-06-07,-0.7629861133410147,0.7961969456526291,1,prime
2026-06-07,0.38570623877851823,0.6131741438153775,0,prime
2026-06-07,-0.02809839518744726,1.0,1,prime
2026-06-07,-0.958261353596747,0.11635538513220313,0,prime
2026-06-07,0.4176762156765822,0.27830409310982174,0,prime
2026-06-07,-1.1394566285457122,0.7094265867088363,1,prime
2026-06-07,-0.7977674588091772,0.29521057120251254,1,prime
2026-06-07,0.43485750274609164,0.7186698675737688,0,prime
2026-06-07,0.13870245898897623,0.8549728937859542,0,subprime
2026-06-07,-1.560609965479024,0.3903541451978595,0,prime
2026-06-07,0.28752968453257305,0.7979026254891878,1,prime
2026-06-07,-0.1341744058819239,0.15409939453182964,1,subprime
2026-06-07,0.5484932346940466,1.0,1,prime
2026-06-07,0.8983555393440434,1.0,1,prime
2026-06-07,0.9141116780621779,0.20692643008466627,1,prime
2026-06-07,0.4725080919164204,0.0,0,subprime
2026-06-07,-0.7950545991841973,1.0,1,prime
2026-06-07,-1.0921044094123444,0.0,0,prime
2026-06-07,-0.9039806590626605,0.9534810403519551,1,prime
2026-06-07,-0.1760794393802341,0.6756045241753534,0,prime
2026-06-07,-2.2100186435977616,0.5409955352899469,1,prime
2026-06-07,1.2557121334447927,0.8737923523364817,1,prime
2026-06-07,0.7838212233286013,0.6866309140699149,1,prime
2026-06-07,1.1179829893436035,0.420558262505617,0,subprime
2026-06-07,-0.9807844849894016,0.0007075440831951219,0,prime
2026-06-07,0.5647420248665627,0.24193667618611925,0,subprime
2026-06-07,1.437931503594693,0.4158817052826559,0,prime
2026-06-07,1.7148453035121018,0.9905983196323441,1,subprime
2026-06-07,0.6786262728190583,0.9709955471368892,1,prime
2026-06-07,0.8600910575129758,0.7218086198908688,1,subprime
2026-06-07,0.09757220037312314,0.5477976026638709,0,prime
2026-06-07,0.837253762377588,0.0,0,prime
2026-06-07,-0.9082423211381806,1.0,1,subprime
2026-06-07,1.4963791329108382,0.809687551224981,1,prime
2026-06-07,-0.2237013263042373,1.0,1,prime
2026-06-07,-1.120080498888866,0.23117981557364092,0,subprime
2026-06-07,0.12320370227975005,0.7057930403448975,1,prime
2026-06-07,0.8467324881685214,0.17475243860803857,0,prime
2026-06-07,0.15647334597039309,0.0,0,prime
2026-06-07,1.4086022988221882,0.8130664553276107,1,prime
2026-06-07,1.2358141465005281,0.9182495530655881,1,prime
2026-06-07,0.5405768022930746,1.0,1,subprime
2026-06-07,1.1155953887247323,0.7282204894728533,1,subprime
2026-06-07,-0.6110892373490739,0.1849867010104896,0,prime
2026-06-07,-0.8727888865972668,1.0,1,subprime
2026-06-07,0.32541975543174884,0.7286117053354667,1,prime
2026-06-07,-0.054401100452582105,1.0,1,subprime
2026-06-07,-1.546250828344191,0.46531202316122,0,prime
2026-06-07,-1.5258800401306323,0.1432967894004757,0,prime
2026-06-07,-0.7009581646111964,0.5686171284951415,1,prime
2026-06-07,-0.019604643683112488,0.45014038048142313,1,prime
2026-06-07,0.37903497497061345,0.3204958043092878,1,prime
2026-06-07,-0.8119485840398949,0.21474814709776754,0,prime
2026-06-07,-0.5131390236117576,0.7498492431046743,1,subprime
2026-06-07,-1.059026533621637,0.0,0,subprime
2026-06-07,-0.2753203740274045,0.18257052463092535,0,prime
2026-06-07,-0.3160560877588068,1.0,1,subprime
2026-06-07,-0.2113513587606884,0.42633614257581154,0,prime
2026-06-07,0.5078972984519663,0.4821965075104489,0,prime
2026-06-07,-0.8115713826469808,0.0,0,subprime
2026-06-07,1.0030649838241612,0.2470891046037178,0,prime
2026-06-07,-0.6599184239991585,0.28399136480859133,0,prime
2026-06-07,-0.4385114265812953,1.0,1,prime
2026-06-07,0.8593691426612587,0.18585658638860475,0,subprime
2026-06-07,-0.2330218327112527,0.6870602843019508,1,prime
2026-06-07,0.8096438732973684,1.0,1,prime
2026-06-07,-0.8295194975060053,0.5990567574840984,0,prime
2026-06-07,-0.29592839480255007,1.0,1,prime
2026-06-07,-0.3128254855951213,0.6537658008392617,0,subprime
2026-06-07,0.3930884010676331,0.3164025514154747,0,prime
2026-06-07,-0.2272247458401534,1.0,1,prime
2026-06-07,-0.7678991844760908,0.5019207614136971,1,prime
2026-06-07,0.028794626622864323,0.7384298567711726,0,subprime
2026-06-07,-1.7698082071590557,1.0,1,prime
2026-06-07,-1.1803436030489003,0.09887904656326846,0,prime
2026-06-07,-0.36497821373339157,0.836570467484366,1,prime
2026-06-07,0.9741422130839531,0.7009533648636577,1,prime
2026-06-07,0.03965258296183201,0.43797523207569866,1,prime
2026-06-07,-0.4627876636011222,1.0,1,subprime
2026-06-07,0.8929385819029153,1.0,1,subprime
2026-06-07,1.915440368827183,1.0,1,subprime
2026-06-07,0.15437828815860577,0.8460216237855807,1,prime
2026-06-07,-1.0193107228510832,0.348098806535167,0,prime
2026-06-07,-0.6135670009231128,0.658805479327937,0,prime
2026-06-07,0.7792299388366185,0.0,0,prime
2026-06-07,2.0665049899000096,0.0,0,prime
2026-06-07,1.2223705459429,0.7685403153108289,1,prime
2026-06-07,-0.8242877234823388,0.4514946528946303,0,subprime
2026-06-07,0.9531681879274719,0.8367955002208296,1,subprime
2026-06-07,-1.2578601027098808,0.2045320144002964,0,prime
2026-06-07,0.10791879961288464,0.7033510892115107,0,prime
2026-06-07,-0.1532869194876937,0.9537585668899251,0,prime
2026-06-07,-0.5918982424137647,0.8017333352252537,1,prime
2026-06-07,0.6019218328484787,1.0,1,prime
2026-06-07,1.5165512002842765,0.6198776366050723,1,prime
2026-06-07,-0.24181615037597043,0.19476868399557362,0,prime
2026-06-07,-0.16149822828089644,0.0,0,subprime
2026-06-07,-2.161089198617584,0.2791266848179399,0,subprime
2026-06-07,1.0105856417690264,1.0,1,subprime
2026-06-07,-0.5579262398590251,0.6659416763471342,1,prime
2026-06-07,-0.9513842963627127,0.18109802271669015,0,prime
2026-06-07,-0.5050236802059035,0.5797781970217847,1,prime
2026-06-07,-0.40193952524431914,0.10007822336479921,1,subprime
2026-06-07,1.2143108551216297,0.0,0,prime
2026-06-07,1.8040728558914836,0.18410993542544984,0,prime
2026-06-07,-0.10626470667443012,0.7144428524901654,1,prime
2026-06-07,-0.9781053105993344,0.8982720059354917,1,prime
2026-06-07,0.4824829006198726,0.8873982756287447,1,prime
2026-06-07,-1.4016980322770325,0.4037394596604099,0,subprime
2026-06-07,0.0006169664206219898,1.0,1,prime
2026-06-07,0.9972628022432498,0.06268403353676141,0,subprime
2026-06-07,-0.16741894256244863,0.0,0,prime
2026-06-07,0.6859364218037911,0.604637709085284,1,subprime
2026-06-07,-0.08771051227847963,0.0,0,prime
2026-06-07,-0.29713783092964585,0.4701867713826387,0,subprime
2026-06-07,0.3111846231016771,0.0,0,prime
2026-06-07,0.6168739144162123,0.2594637487621708,0,prime
2026-06-07,0.42816264436392687,0.0,0,prime
2026-06-07,1.0521382498816958,0.37199307585532937,1,prime
2026-06-07,-1.3600109439160275,0.0,0,subprime
2026-06-07,-0.7568667999429625,0.0,0,prime
2026-06-07,-0.7579043369808389,0.6312779861646931,1,prime
2026-06-07,1.0870502917644296,0.23175210659170056,0,subprime
2026-06-07,-0.5496076843418248,0.34513166447204385,0,prime
2026-06-07,2.109438715680793,0.6046652365239271,0,prime
2026-06-07,1.0923793526842356,1.0,1,prime
2026-06-07,2.1646966461396526,1.0,1,prime
2026-06-07,0.014485056534094263,0.9659580403180689,1,subprime
2026-06-07,0.9005277338469695,0.11802578279837643,0,prime
2026-06-07,-1.341962161556862,0.0,0,prime
2026-06-07,-0.030040371845656333,0.8660606503337578,0,prime
2026-06-07,-1.240038167340055,0.2957340131150461,0,prime
2026-06-07,-1.5178558315690238,0.43870881942803486,0,prime
2026-06-07,-1.159109244099672,0.324433251365323,1,prime
2026-06-07,0.43043528220590077,0.9060916091669504,1,prime
2026-06-07,0.734606371804862,0.8208303500308964,1,prime
2026-06-07,-0.3294049236729777,0.0,0,subprime
2026-06-07,-1.0385234177445328,0.5418331718844738,0,subprime
2026-06-07,0.181794651741535,0.9371224116402235,0,prime
2026-06-07,0.9903545729023179,0.28286983457775783,0,subprime
2026-06-07,-0.8787373238909713,0.054581590418810555,0,subprime
2026-06-07,0.6219385224387132,0.5426836442442569,0,subprime
2026-06-07,-1.1538210687824355,0.9046023887488381,1,prime
2026-06-07,-0.5134796647341984,1.0,1,subprime
2026-06-07,-0.908082227535315,0.0,0,subprime
2026-06-07,0.40832523253040615,0.4339422625085479,1,prime
2026-06-07,-0.35346680424125093,0.3331725927078205,0,prime
2026-06-07,-0.14157006982898016,0.5722064119973602,1,prime
2026-06-07,0.2167675451989786,1.0,1,prime
2026-06-07,0.5321337520745517,1.0,1,prime
2026-06-07,0.7193108136594369,0.48854239701276003,1,prime
2026-06-07,-1.4169329461348392,0.46871028227379447,0,prime
2026-06-07,0.5042514899250375,0.8595133031287145,1,prime
2026-06-07,0.5441613420041642,0.42652991755637615,0,prime
2026-06-07,1.087627048972428,0.47213263416842555,0,prime
2026-06-07,0.862471699084987,0.0,0,prime
2026-06-07,-1.0641957912778708,1.0,1,prime
2026-06-07,1.0188275444524348,0.40636309345966243,1,prime
2026-06-07,-1.176847451854061,1.0,1,subprime
2026-06-07,-0.24119861372356236,0.21311645728399434,0,prime
2026-06-07,0.0878021747192028,0.5845115705809107,0,prime
2026-06-07,0.9432204372358662,0.6410018798924856,0,prime
2026-06-07,-1.2989832429362704,0.3873204218467148,0,prime
2026-06-07,-0.26261190830148295,0.1732152177360634,0,prime
2026-06-07,-0.7039652495768626,0.7156988509626745,0,prime
2026-06-07,-0.622073773957098,0.1062212195845616,0,prime
2026-06-07,-1.2373813603183208,0.4326250826785145,0,subprime
2026-06-07,0.2993715513401084,0.498175784842595,1,subprime
2026-06-07,-0.29614444882912344,0.6875784283851298,1,prime
2026-06-07,-1.0939446867920302,0.38345523372280316,0,prime
2026-06-07,0.1535560508883635,0.7555970573915046,0,prime
2026-06-07,-1.057430870844088,0.683494366245878,1,subprime
2026-06-07,-0.3250177944009893,0.9095832289378554,1,prime
2026-06-07,-0.4647796371534213,0.37090726655245404,0,subprime
2026-06-07,-1.0119728594994128,0.6843915033461067,0,prime
2026-06-07,2.5802413554787798,0.0,0,prime
2026-06-07,-0.6369542227816396,0.7243015193819871,1,prime
2026-06-07,1.498921295127657,0.4977731968497305,1,subprime
2026-06-07,0.8790242777550122,0.5258875184543268,0,subprime
2026-06-07,-0.18981196322997496,0.9505044779778932,1,subprime
2026-06-07,0.15116315499280492,0.2811988486752919,0,prime
2026-06-07,-0.7136496025197233,0.414707695187397,1,prime
2026-06-07,-0.42806919515811237,0.1176062547417349,0,prime
2026-06-07,-0.49615373673196816,0.7631928624471954,1,prime
2026-06-07,0.7616036934831664,0.05770110186254085,1,prime
2026-06-07,-0.8593672620113161,1.0,1,subprime
2026-06-07,-0.6708705787139175,0.0,0,prime
2026-06-07,1.043741366093009,0.5886927749403685,1,prime
2026-06-07,-0.41584037800795615,0.4589477148812866,1,prime
2026-06-07,0.13450636424376372,0.7696039759104535,0,prime
2026-06-07,-1.303011866548325,0.8856003412642652,1,prime
2026-06-07,-0.4258516691789738,0.210089732156727,0,prime
2026-06-07,-0.9409529690038989,0.5057169781287999,1,subprime
2026-06-07,0.16316648297176858,0.52401652664969,1,prime
2026-06-07,0.2404512459516206,0.6397888099873006,1,subprime
2026-06-07,0.01768802280647904,0.4365334144940137,0,prime
2026-06-07,-0.27896050862217003,0.7047888351132738,0,prime
2026-06-07,-0.5171624845307493,0.9044498766083335,1,subprime
2026-06-07,2.1025654395353146,0.8242845874049278,1,prime
2026-06-07,0.7150242928993499,0.5357956356595026,1,prime
2026-06-07,-0.5625180481799039,0.02794054909901525,0,subprime
2026-06-07,0.20416291278649693,0.04764723904802215,0,prime
2026-06-07,-0.7158959060748756,0.2778556280303421,0,prime
2026-06-07,0.5405012695410544,0.5507307356675792,0,prime
2026-06-07,0.32007483899477324,0.0,1,subprime
2026-06-07,-0.01701907639227081,0.6734980095952103,1,subprime
2026-06-07,-0.9169102161314658,1.0,1,prime
2026-06-07,3.149103336914933,1.0,1,prime
2026-06-07,-0.8041417929048215,0.9978160624376688,1,prime
2026-06-07,-0.2787320576806145,0.21494491905860305,0,prime
2026-06-07,1.0167755863769719,0.43178603861058096,1,prime
2026-06-07,-1.3539009919906224,0.9057458728608958,1,prime
2026-06-07,1.2491149114261992,0.0,0,prime
2026-06-07,-0.5062689734273019,0.8223556763647327,1,prime
2026-06-07,0.10646127285407778,1.0,1,prime
2026-06-07,0.2035227717862579,0.5441175323172823,1,prime
2026-06-07,-1.2134748969163878,0.22067177081958061,0,prime
2026-06-07,-0.878034640597655,0.0,0,prime
2026-06-07,0.45818948039895807,0.4558847665782172,0,prime
2026-06-07,1.7180412144338544,0.52289776273135,0,prime
2026-06-07,-0.541278954985924,0.13203279663200818,0,prime
2026-06-07,-0.9182970218244174,1.0,1,prime
2026-06-07,0.4171311739138752,0.41480638969990175,1,prime
2026-06-07,1.7091107658807836,0.2919365638631163,0,prime
2026-06-07,-0.5297772635119168,0.6618239468588107,1,prime
2026-06-07,1.1963506157397232,0.8199605293386617,1,prime
2026-06-07,-1.967808356412621,0.1803767442412429,0,prime
2026-06-07,0.056491433804639724,0.8854921460226646,1,prime
2026-06-07,1.359649115523216,0.23720740637960488,0,subprime
2026-06-07,-0.5323315043164736,0.6254539146391289,0,subprime
2026-06-07,1.1836483644909004,0.5734259845207841,0,prime
2026-06-07,-1.6756464531995214,1.0,1,prime
2026-06-07,-0.0727216921254414,0.09024018450510601,0,prime
2026-06-07,-0.7893939060470827,0.0,0,prime
2026-06-07,-0.6482054209780759,0.17685525026408222,0,prime
2026-06-07,-1.6117225946791474,0.39292115442050546,1,subprime
2026-06-07,0.9927052888523886,0.8005921720404359,1,prime
2026-06-07,-1.1024507478523708,0.0,0,subprime
2026-06-07,-0.9067605866234288,0.9474109867523874,1,subprime
2026-06-07,-0.46001118023581367,0.8043433812599041,1,prime
2026-06-07,0.5153433456534299,0.29682832941727044,0,prime
2026-06-07,0.8102672674122392,0.802066578247288,1,subprime
2026-06-07,0.10412303909109756,0.3789022395103957,0,prime
2026-06-07,-1.7942238892681772,1.0,1,prime
2026-06-07,-1.1818275073800966,1.0,1,subprime
2026-06-07,1.9748387340427753,0.5326412356589378,0,subprime
2026-06-07,-0.8922942713591923,0.8574853230818056,1,prime
2026-06-07,0.17994440294697803,0.15776484384549755,0,subprime
2026-06-07,0.9552503345173446,0.6013679826565735,1,subprime
2026-06-07,-0.9072582178993739,0.8466285122269278,1,prime
2026-06-07,-0.738126227280533,0.0,0,prime
2026-06-07,-0.30963060882182486,1.0,1,prime
2026-06-07,-0.07468791346376177,0.2603639554403438,0,subprime
2026-06-07,-0.2128808909144315,0.8449693990386664,1,prime
2026-06-07,-0.45530330926470086,0.5038545976418469,0,subprime
2026-06-07,1.078111950723401,0.48580313149853854,0,prime
2026-06-07,0.5636788299041114,0.34960148336298125,0,prime
2026-06-07,0.29984300355779236,0.36491400412629327,0,subprime
2026-06-07,0.9695602450084733,1.0,1,prime
2026-06-07,1.903272885237103,0.33180666390341135,1,prime
2026-06-07,-0.691760523807843,0.7759109555729274,1,prime
2026-06-07,2.6394548481981164,1.0,1,prime
2026-06-07,1.6014281317516477,0.0,0,prime
2026-06-07,1.6522385371337376,1.0,1,prime
2026-06-07,-0.08949687966790647,0.35481239977580203,0,prime
2026-06-07,0.35299607838398106,0.21929728241597773,0,prime
2026-06-07,1.3343352959231176,0.5153804758614964,1,subprime
2026-06-07,0.2501785863260821,0.7927854133112752,1,prime
2026-06-07,-0.20760572532698937,1.0,1,subprime
2026-06-07,-2.4330669120099353,0.07035854366178732,0,prime
2026-06-07,0.163443221292693,0.5540356587672309,1,prime
2026-06-07,-0.21748603244762701,0.8100665888116311,1,subprime
2026-06-07,-0.3913399669504191,0.4977037720086776,0,subprime
2026-06-07,-0.2644146198475935,0.3770086345068849,0,prime
2026-06-07,-0.34291991420538437,1.0,1,prime
2026-06-07,-0.36612016792406465,0.5186430187624047,0,subprime
2026-06-07,-0.971427507626516,0.16844440728551766,0,subprime
2026-06-07,0.585302907901288,0.46620066054736525,0,prime
2026-06-07,3.1016360569460324,0.8157203461005327,1,subprime
2026-06-07,-1.1173951341748776,0.7587797932919754,1,subprime
2026-06-07,-0.016607036366434964,0.15977604683103228,0,prime
2026-06-07,-0.8218625884255284,0.7185954035141748,1,prime
2026-06-07,1.772232531779131,0.5155165086655581,1,prime
2026-06-07,-1.038360094111019,0.7202414306008205,1,prime
2026-06-07,0.35220512276365984,0.4998906907220869,0,subprime
2026-06-07,-1.6987299296886134,0.431773742140829,0,prime
2026-06-07,-0.3870683934699233,1.0,1,subprime
2026-06-07,0.9142577058910863,0.2844383473357744,0,prime
2026-06-07,-0.5296431281166407,0.4443290995843842,1,prime
2026-06-07,-0.8276070820883843,0.6895030583391142,0,prime
2026-06-07,-0.07582176456679504,0.448104391287277,1,prime
2026-06-07,-0.17194089447826708,0.14193129461728388,0,prime
2026-06-07,-0.2860594740432886,0.7025196847046041,1,prime
2026-06-07,-0.3913969483647308,0.41583124996241766,1,prime
2026-06-07,-0.6960595337181906,0.559271698707388,0,subprime
2026-06-07,-0.21145737085513366,0.0,0,prime
2026-06-07,-0.23930141131504187,0.89565761865647,1,prime
2026-06-07,0.30993092532463323,0.4447085909486144,1,prime
2026-06-07,1.1556437128774901,0.44147554409519074,0,prime
2026-06-07,-0.7391529439286207,0.39813546717447085,1,subprime
2026-06-07,-1.057898730078793,1.0,1,subprime
2026-06-07,1.9199334452410064,0.1479307386928589,0,subprime
2026-06-07,0.7162321840766728,1.0,1,prime
2026-06-07,0.6963684415771552,0.03655023150457476,0,subprime
2026-06-07,0.5313882213841528,0.5212619151687365,0,subprime
2026-06-07,1.654747773271064,0.821612604100127,1,subprime
2026-06-07,-1.1521370764918315,0.4446833452485086,0,subprime
2026-06-07,0.8339488251165709,1.0,1,prime
2026-06-07,0.12326980525476403,0.12154883686125986,0,prime
2026-06-07,0.5021586272660253,0.9529195466967584,1,prime
2026-06-07,-0.07429929623172206,0.5070989032558808,0,prime
2026-06-08,-0.8242605931513733,0.13621353444943318,0,prime
2026-06-08,1.0692052256657274,0.0,0,subprime
2026-06-08,-0.41669068484698757,0.0,0,prime
2026-06-08,-0.7822555960007485,0.21008692211846094,0,prime
2026-06-08,-1.7826763828654086,0.7349240882755931,1,subprime
2026-06-08,-1.0721778257043628,0.3128711597299506,0,prime
2026-06-08,-1.402538278550735,0.20378151417535106,0,prime
2026-06-08,-1.0176104837326725,0.9950347847756338,1,subprime
2026-06-08,0.10530169650199621,0.0,1,prime
2026-06-08,0.9157263835581537,1.0,1,prime
2026-06-08,0.8773426468976455,0.7842671019749443,1,prime
2026-06-08,0.21619854496970872,0.36254894167929935,1,prime
2026-06-08,0.7392178826304797,1.0,1,prime
2026-06-08,-0.5096114119885865,0.1965852285964741,0,prime
2026-06-08,-2.039139898907876,0.0,0,prime
2026-06-08,-0.2333652726682808,0.0,0,prime
2026-06-08,1.16613535518366,0.6888422958760663,1,prime
2026-06-08,-0.13591306627167232,0.34236584740841114,0,prime
2026-06-08,1.5938914724056172,0.16503035685920284,0,prime
2026-06-08,0.24802448137365565,0.9118713742818226,1,prime
2026-06-08,-0.6335932955098635,1.0,1,prime
2026-06-08,0.27133677456420474,0.385738064260552,0,subprime
2026-06-08,-1.2668687901505575,0.0,0,prime
2026-06-08,0.3683702292651956,0.4308996800046844,1,subprime
2026-06-08,0.5530470624778695,0.7075742716688814,1,prime
2026-06-08,0.1435306513623096,0.4341006169372692,0,prime
2026-06-08,-2.0913340184220504,0.580171763152528,1,prime
2026-06-08,0.2939014114007924,0.022618781865125726,0,prime
2026-06-08,0.637176266378289,0.7072123280377549,1,subprime
2026-06-08,0.31083053751534245,0.8786253881784709,1,prime
2026-06-08,0.3905259581632522,0.2678814853526153,0,prime
2026-06-08,-0.587531229973456,0.4566629951889011,1,prime
2026-06-08,-0.672246894333226,0.32397621417035466,1,prime
2026-06-08,1.0208452031320958,0.9197802942404725,1,subprime
2026-06-08,-0.7405282846195724,0.1769839441011839,0,prime
2026-06-08,0.9727280498926246,0.01183403719942469,0,prime
2026-06-08,0.11517178393920433,0.06502961803920204,1,prime
2026-06-08,0.21056789388937344,0.6670925797566353,0,prime
2026-06-08,0.12785042887546763,0.0,0,prime
2026-06-08,0.06333654273735823,0.8634920691844223,1,subprime
2026-06-08,1.5287507695594036,0.5927330895729468,1,prime
2026-06-08,-0.7646163285918309,1.0,1,prime
2026-06-08,-0.5819283417845807,1.0,1,prime
2026-06-08,-0.259983147237037,1.0,1,prime
2026-06-08,0.10423753830219537,0.0,0,prime
2026-06-08,0.4252816850685708,0.0193256913928124,0,prime
2026-06-08,0.4795938541560283,0.0,0,subprime
2026-06-08,1.940355567464809,0.6380944053371399,1,subprime
2026-06-08,-0.8701130661854838,0.3059074386919793,0,prime
2026-06-08,1.2446212068993827,0.2766720156464394,0,prime
2026-06-08,0.5636443044924679,0.34983689370210347,1,prime
2026-06-08,-2.0725909957326345,0.789312861935726,1,prime
2026-06-08,-0.3214703444572782,0.5447151967091524,1,subprime
2026-06-08,0.4946923924796843,0.0,0,subprime
2026-06-08,-0.16830654046735785,0.3048092337330761,0,prime
2026-06-08,-0.14196246504981905,0.08148633756684298,0,subprime
2026-06-08,-0.8499807349191761,0.16274234999513942,0,prime
2026-06-08,-1.853800174353979,1.0,1,prime
2026-06-08,0.26841753791379197,0.8532866464033475,1,subprime
2026-06-08,0.22196311693707352,0.2592325427966422,0,prime
2026-06-08,1.8606529801532372,0.0,0,prime
2026-06-08,-0.2264243509930496,0.9277025938703612,1,subprime
2026-06-08,1.6703164037642142,0.10108478184978327,0,prime
2026-06-08,0.13623929656397712,0.2136403813249959,0,prime
2026-06-08,-2.0372484895213487,0.0,0,prime
2026-06-08,-0.18990545268238898,0.0,0,prime
2026-06-08,-1.3459658863468824,0.52947058090894,0,prime
2026-06-08,0.5789443377946139,0.7804302970043906,1,prime
2026-06-08,0.7255488075354254,0.2988291736421689,0,subprime
2026-06-08,-0.6647679519388974,1.0,1,prime
2026-06-08,1.3129510190549474,0.7427521027734466,1,subprime
2026-06-08,0.18000488748166776,0.32307203838091725,1,subprime
2026-06-08,-0.4459215238077347,0.0,0,prime
2026-06-08,-0.4133764243049107,0.8419848071280355,0,subprime
2026-06-08,1.7159413728606243,0.0,0,prime
2026-06-08,1.6518577309043208,1.0,1,prime
2026-06-08,-0.9094162838549976,0.5234375362317081,0,prime
2026-06-08,0.38878112249117613,0.26492722566159677,1,prime
2026-06-08,-0.19819817329399358,0.6659102934787782,0,prime
2026-06-08,0.7508882602869588,0.4217175037971546,1,prime
2026-06-08,1.7640362561342962,0.7883674179364017,1,subprime
2026-06-08,1.0654668394225921,1.0,1,prime
2026-06-08,-1.4250771287052941,0.3416891766098648,0,prime
2026-06-08,1.0348820511230021,0.0,0,subprime
2026-06-08,0.7592191869660261,0.0,0,prime
2026-06-08,0.6158685077515916,0.02983875100679556,0,prime
2026-06-08,0.6171753943495037,0.2789590903949539,0,prime
2026-06-08,-1.1327309817281654,0.49249324935165467,1,prime
2026-06-08,1.4641551946959106,0.0,0,subprime
2026-06-08,-0.34786000045804544,0.29460224592816914,0,subprime
2026-06-08,0.65281149028828,0.6997453844125187,0,prime
2026-06-08,-1.7763983969221107,0.0,0,prime
2026-06-08,0.04169683171764181,0.7486186441917299,0,prime
2026-06-08,0.9076821387814313,0.0,0,subprime
2026-06-08,-1.275487036877627,0.32243408156320513,0,subprime
2026-06-08,-0.544190432929209,0.7952703317780844,1,prime
2026-06-08,-0.20706715104325205,0.06937106679566352,0,subprime
2026-06-08,1.0415242400145548,0.5714050911853628,0,subprime
2026-06-08,-0.11498370538827576,0.682008515819867,0,subprime
2026-06-08,1.7844122532844766,0.17214631396058833,0,subprime
2026-06-08,-0.8439412442698507,1.0,1,subprime
2026-06-08,-0.1031335018654561,0.5499694019183141,1,prime
2026-06-08,0.04803097200651783,0.8547199101002212,1,prime
2026-06-08,1.5121872305829336,0.678083019350275,1,subprime
2026-06-08,0.3414451559909433,0.7472700001862349,0,prime
2026-06-08,-0.7622317540295217,0.2203091421553567,0,subprime
2026-06-08,0.620093840652085,1.0,1,prime
2026-06-08,-0.9943558677938451,0.6836333633258249,0,subprime
2026-06-08,0.44357183284397084,0.05853420673500995,0,prime
2026-06-08,0.5362217317604419,0.6149982898082341,1,subprime
2026-06-08,-1.2340372849346883,0.8517698905975919,1,subprime
2026-06-08,0.6994000483354483,0.6235720392861664,1,subprime
2026-06-08,-0.6214945402447246,0.9130502525041801,1,prime
2026-06-08,0.7481166644345808,0.7778183542513055,1,prime
2026-06-08,1.3170106250920623,0.005089952509782392,0,prime
2026-06-08,-0.24955672837432208,0.19480240976260102,0,prime
2026-06-08,0.564577260093716,0.6008001610286846,1,subprime
2026-06-08,-0.6295771970493336,1.0,1,prime
2026-06-08,2.6165893894978716,0.26470968626898467,0,prime
2026-06-08,-0.0896340623572779,0.9987732294219845,1,prime
2026-06-08,2.4659904318060293,1.0,1,prime
2026-06-08,2.5598503567910007,0.0,0,subprime
2026-06-08,0.6904744941696462,0.4794651160037706,0,prime
2026-06-08,1.845660840124865,0.13895926456912183,0,prime
2026-06-08,0.38875197449614435,0.46363501443850047,1,prime
2026-06-08,1.3550478275000504,1.0,1,prime
2026-06-08,-0.47437839450958486,0.5093693354520454,1,subprime
2026-06-08,0.3686200637558415,1.0,1,prime
2026-06-08,-0.221390778172017,0.8273408226520059,1,subprime
2026-06-08,0.3732577409397008,0.7457361674683524,1,subprime
2026-06-08,0.6573037613888699,1.0,1,prime
2026-06-08,1.7862324579918667,0.9899513584214497,1,subprime
2026-06-08,0.7606340705745448,1.0,1,subprime
2026-06-08,-2.123571478962879,0.3103902589394462,0,subprime
2026-06-08,-1.05192311020359,0.05441241650772671,0,prime
2026-06-08,0.1325554499500447,0.23544693237299266,0,prime
2026-06-08,-0.28705420877529536,0.0,1,prime
2026-06-08,0.6871508553880862,0.30622174939258484,0,prime
2026-06-08,0.29714728979345734,0.6382683206114016,1,prime
2026-06-08,-0.32851458683179885,0.49442398594409204,1,prime
2026-06-08,-0.3545287613250395,0.6828095051103555,1,prime
2026-06-08,-0.3537386050715455,0.7464612816887509,1,prime
2026-06-08,-0.13832716872319475,0.012372327778964937,0,prime
2026-06-08,2.114687149198511,0.1079620607530549,0,prime
2026-06-08,0.36307347989242006,0.19212878641090994,0,prime
2026-06-08,-1.8243025984317653,0.41645794589210366,0,subprime
2026-06-08,-0.698046674323628,0.5712115910843549,0,prime
2026-06-08,1.1973953035800837,1.0,1,prime
2026-06-08,1.055368923327074,0.388108321426316,0,subprime
2026-06-08,-1.2919461854392797,1.0,1,subprime
2026-06-08,-0.4855128894625925,0.9618531983481711,1,prime
2026-06-08,-0.021401072888292717,0.32734772784199484,0,prime
2026-06-08,1.0963229994798962,1.0,1,subprime
2026-06-08,-0.3360922787894507,0.5813888497871083,0,prime
2026-06-08,1.1703028586823483,0.0,0,subprime
2026-06-08,0.12288431898991681,0.06494320509903853,0,prime
2026-06-08,1.3825693659931027,0.8613937036902802,1,prime
2026-06-08,0.39853988204249247,0.18926026732162565,0,prime
2026-06-08,-0.20929627894529187,0.7367623658184401,1,prime
2026-06-08,-0.3251733529077168,1.0,1,prime
2026-06-08,-0.23001821494570998,0.615334739877295,1,subprime
2026-06-08,-0.6338470809575155,0.1819260258854108,0,prime
2026-06-08,-0.7786176818899866,0.4992987272554514,1,prime
2026-06-08,0.17919247709724173,0.30533349028379686,0,subprime
2026-06-08,-1.1920700642913649,0.07147455941805977,0,prime
2026-06-08,-0.04831755729131708,0.0,0,prime
2026-06-08,1.4448437625367923,1.0,1,prime
2026-06-08,0.4382284906312376,0.7644633157348057,1,prime
2026-06-08,0.5049340686346858,0.30330694967677907,0,prime
2026-06-08,0.3791640712562589,0.0,0,prime
2026-06-08,1.5965747895510536,0.5144646534221295,1,prime
2026-06-08,-1.653376685718424,0.855479286924803,1,prime
2026-06-08,1.479528796072705,0.21460408385061824,0,subprime
2026-06-08,-0.3277325021591099,0.5045253786314592,0,prime
2026-06-08,-0.04306963848108,0.34041782448688135,0,prime
2026-06-08,-1.5805551445141572,0.3040854243705349,0,prime
2026-06-08,0.05671812489239185,0.398837588983265,1,prime
2026-06-08,2.405972823494347,0.0,0,subprime
2026-06-08,1.4844452807071853,0.46273948012904376,0,prime
2026-06-08,-0.33071516097033604,0.0,0,prime
2026-06-08,-1.3128052147135603,0.3280056290693819,1,prime
2026-06-08,-1.7905318183841632,0.6505894406687066,1,subprime
2026-06-08,0.19635782897776374,0.18619073414903042,0,subprime
2026-06-08,0.49701260210219406,0.2240633561736929,0,prime
2026-06-08,-1.0559856825317693,0.7424740949577517,1,prime
2026-06-08,-1.6189186843499122,0.5272164635813796,0,prime
2026-06-08,-1.2996899142020804,0.640540951872977,1,prime
2026-06-08,-0.8515414375470175,0.012710593422643107,0,prime
2026-06-08,0.1221168259603295,0.09576803652439794,0,subprime
2026-06-08,0.8521236002146614,0.0,0,subprime
2026-06-08,-0.9103460225229503,0.6343079515000853,0,prime
2026-06-08,-0.7886421534742815,0.2516629480827843,0,subprime
2026-06-08,0.1491748137853932,0.3566854777577119,1,subprime
2026-06-08,0.2560639202531683,0.06355376848571173,0,subprime
2026-06-08,-0.10473408062255701,0.6018296014783294,1,prime
2026-06-08,-0.4505967390391376,0.07720392518336122,0,prime
2026-06-08,-1.3047700821548873,0.7329502976953325,1,prime
2026-06-08,-1.5416307219925474,0.3439326705271351,1,prime
2026-06-08,0.1367397030984569,0.7607272292485897,1,subprime
2026-06-08,0.7337820840855228,1.0,1,prime
2026-06-08,-0.3069198619577916,0.07920845008656546,0,prime
2026-06-08,1.791343977754114,0.7906967858047659,1,prime
2026-06-08,-1.2778368896410564,0.6922961162870536,1,prime
2026-06-08,0.6387451886728044,0.07819243019349659,0,prime
2026-06-08,0.1553520211475621,0.38134533318434716,1,prime
2026-06-08,-0.4160962685939644,0.0,0,prime
2026-06-08,1.0578617359838984,0.0,0,prime
2026-06-08,-2.150385436092603,0.2750617204725594,1,prime
2026-06-08,1.7378785494216993,0.5551566420577045,0,prime
2026-06-08,0.42852888852300575,0.2501309046277998,0,prime
2026-06-08,-0.6197061919413942,0.549273903580414,1,prime
2026-06-08,-0.7388444409977658,0.1987201799312222,0,prime
2026-06-08,0.524263519005489,1.0,1,prime
2026-06-08,-0.11744523381906338,1.0,1,prime
2026-06-08,0.2506322942050579,0.17925009201005404,0,prime
2026-06-08,0.2866665489456698,0.0,0,prime
2026-06-08,-1.5920953765772548,0.5886287166142524,1,subprime
2026-06-08,-0.7814772428624734,0.8550312724807224,1,subprime
2026-06-08,1.4368229961229182,0.07968817894596966,0,prime
2026-06-08,-0.13461105989039282,0.28306104546913513,1,prime
2026-06-08,0.42135148087363744,0.7051128763767978,1,prime
2026-06-08,1.0725635169607919,1.0,1,prime
2026-06-08,1.2584974468631949,0.16594086786057294,0,subprime
2026-06-08,-2.3560000518099606,0.38074560997825724,0,prime
2026-06-08,-1.7453723062414672,0.5031908571737989,1,subprime
2026-06-08,-0.35798678785279825,0.7992229797209467,1,subprime
2026-06-08,-1.6445877504113857,1.0,1,subprime
2026-06-08,-1.2146866192394739,0.4750986416694109,0,subprime
2026-06-08,-1.5251065431765982,0.9451107719000661,1,prime
2026-06-08,0.9633106000200516,1.0,1,subprime
2026-06-08,0.3938145590603987,0.3113270485855063,1,prime
2026-06-08,-2.064335686935568,1.0,1,prime
2026-06-08,-0.8139309341191614,0.36613449830654743,0,subprime
2026-06-08,-0.0469399392662845,0.5695721607404165,1,prime
2026-06-08,0.9376346040913692,0.0,0,subprime
2026-06-08,-2.6713465866939474,0.5648615904433223,1,prime
2026-06-08,-3.269547130979025,0.8445725059400677,0,subprime
2026-06-08,-1.002246203656141,0.8819570057746127,0,prime
2026-06-08,0.8382842201097167,0.13635547493472763,0,prime
2026-06-08,0.23484489602159314,0.047648533941504756,0,subprime
2026-06-08,-0.10062599249248004,0.6810059053568681,1,prime
2026-06-08,-0.3273543410218428,0.10983221756045393,0,prime
2026-06-08,0.64176159646808,0.7844726149549262,1,prime
2026-06-08,0.6162766914753793,0.6239557821369747,0,prime
2026-06-08,0.7251339562645103,0.301071624403834,0,subprime
2026-06-08,-0.20839964315872508,1.0,1,prime
2026-06-08,0.057983885520392596,0.19873923265395077,0,prime
2026-06-08,0.07358745576339376,0.33072747562596805,1,prime
2026-06-08,-2.7454180293744166,0.6053229642379627,0,prime
2026-06-08,-1.143571621624351,0.3476233682583428,1,prime
2026-06-08,-1.6338207861655023,0.4796780667444868,1,prime
2026-06-08,0.6028552461248354,0.4221088193873434,0,prime
2026-06-08,1.7168815426491433,0.46771187628119976,1,prime
2026-06-08,-1.3926717311889516,0.8406606104621748,1,subprime
2026-06-08,0.46737357789162526,0.5952014616233623,1,subprime
2026-06-08,-0.21191001451641073,0.6370459466952778,1,prime
2026-06-08,1.1131736138220725,0.6210740378226307,1,subprime
2026-06-08,-0.5380805616223343,0.39227236224197215,0,prime
2026-06-08,0.682102348649469,0.1251845944701252,0,prime
2026-06-08,-2.048908895490331,0.44505861814348124,0,prime
2026-06-08,-0.20643524100685617,0.21309451158942253,0,prime
2026-06-08,1.6574423744138673,0.0,0,prime
2026-06-08,-0.04606196592804146,0.3915703688581801,0,subprime
2026-06-08,0.815076197367267,0.05042558434906044,0,prime
2026-06-08,1.982311992046288,0.2982234674470555,0,subprime
2026-06-08,3.2419122404626846,0.15308251221297564,0,prime
2026-06-08,0.1996801670218317,0.7400070956685124,1,prime
2026-06-08,0.154746503007039,0.5629632136097784,1,prime
2026-06-08,-1.049047521278497,0.3810632658740602,0,subprime
2026-06-08,0.31748942684579223,0.0,0,subprime
2026-06-08,-0.4004866468348457,0.0,0,prime
2026-06-08,0.9735827687072145,0.6398804777492334,1,prime
2026-06-08,1.8750243621363651,0.6721717624861203,0,subprime
2026-06-08,1.4477447394408895,0.8071792110263124,1,prime
2026-06-08,-1.3749520687916321,0.40839603260034046,0,prime
2026-06-08,-1.1183962595313555,0.09410092416718102,0,prime
2026-06-08,0.894730716323119,0.3906807141263562,0,prime
2026-06-08,-1.078492515573299,0.8701334025554252,0,prime
2026-06-08,0.45000601769452964,0.42800613824836353,0,subprime
2026-06-08,0.035366150927936046,0.6927266046873323,1,prime
2026-06-08,2.1875159238133057,0.22351464698029674,0,prime
2026-06-08,0.6256918288994985,1.0,1,prime
2026-06-08,1.152075223586794,0.8264600679896263,1,prime
2026-06-08,-1.024572472567088,0.17842728192418242,0,prime
2026-06-08,-0.8330911013058638,0.27774678635917055,0,subprime
2026-06-08,-0.9041251147755304,0.3415250048034544,0,prime
2026-06-08,-0.6000778883731882,0.6561143163777867,1,subprime
2026-06-08,-1.5386625452672675,0.33446534866040717,0,subprime
2026-06-08,-1.0613656097338098,0.8952330553992143,1,subprime
2026-06-08,-3.6203862004860388,1.0,1,prime
2026-06-08,-1.5945475325091714,0.9736367858470449,1,subprime
2026-06-08,-0.2561147358038123,0.6963501294171017,1,prime
2026-06-08,-1.3883681622998725,0.14200404390019464,0,prime
2026-06-08,-2.275799274347695,0.5577780579710896,0,prime
2026-06-08,-0.005873551378588494,0.09896659582914416,0,prime
2026-06-08,-0.2602023663302121,0.1720075160986578,0,prime
2026-06-08,0.5740052417704233,0.9225645204429554,1,subprime
2026-06-08,1.0401989475411921,0.6401809298641592,0,prime
2026-06-08,-0.8636582980434582,0.4208053481209492,0,prime
2026-06-08,0.5302396206013237,0.9443603464492248,1,subprime
2026-06-08,-0.45594266658042243,0.32448455477257876,1,subprime
2026-06-08,-0.9857494967326562,0.16438731929523698,0,prime
2026-06-08,-0.2823802210632477,0.6006301833169521,1,prime
2026-06-08,1.4942985097816257,0.028863750748225114,0,prime
2026-06-08,-1.6585509501795475,0.4035121373156648,0,prime
2026-06-08,0.04048303022959148,0.2814628121069085,1,prime
2026-06-08,-2.5005098713668943,0.3868093375039253,0,prime
2026-06-08,2.163430655940991,0.6894826509046884,1,subprime
2026-06-08,0.036756920747487404,0.5248626025199389,0,prime
2026-06-08,-0.16743172299484538,0.0,0,subprime
2026-06-08,-0.04729997436041412,0.7086505458537661,1,prime
2026-06-08,0.3224680404868929,0.9354793723041656,1,subprime
2026-06-08,0.12516221853656642,0.800411065306307,1,prime
2026-06-08,0.3382785707381641,0.5244512376244417,0,subprime
2026-06-08,0.1514280585109793,0.3619309807277033,0,subprime
2026-06-08,0.29195232732981213,1.0,1,prime
2026-06-08,1.0887138649905421,0.15180095504417998,0,subprime
2026-06-08,-1.4396447644924266,0.1673316098641534,0,prime
2026-06-08,1.7281619399023704,0.34386601481419676,0,prime
2026-06-08,0.30166187953096874,0.26602932739524787,0,prime
2026-06-08,1.150518126839333,1.0,1,subprime
2026-06-08,1.389176765940047,0.2703298368232288,0,subprime
2026-06-08,-0.19247776694692784,1.0,1,prime
2026-06-08,1.4220388593045186,0.9551629346116092,1,prime
2026-06-08,1.2941469335959985,0.9381593169620384,1,prime
2026-06-08,1.9213229537876286,1.0,1,prime
2026-06-08,-0.9379931137443139,1.0,1,prime
2026-06-08,-0.4406617803452382,0.29247793825490387,0,subprime
2026-06-08,0.45207954145648416,0.9987470948760068,1,prime
2026-06-08,-0.15499886529057247,0.6628302919020147,1,subprime
2026-06-08,0.4838800880954788,0.7756108971426325,1,prime
2026-06-08,0.8300311302978853,0.9242685005034658,1,subprime
2026-06-08,0.6373659860886313,0.1685904243252085,0,prime
2026-06-08,-0.5804362187230494,0.0,0,prime
2026-06-08,0.7751556293759752,0.4388148963819133,1,prime
2026-06-08,-0.18176570579662346,0.8524233409375866,1,prime
2026-06-08,0.0010216597170653553,0.33006618218443573,1,prime
2026-06-08,-0.6565952413477191,0.9972457302811524,1,subprime
2026-06-08,-0.5789367136582512,0.34600523662938903,1,prime
2026-06-08,-1.78834732681291,0.7898546931329242,1,subprime
2026-06-08,0.43808742469106504,0.8357799944759665,1,subprime
2026-06-08,-0.7026960131313588,0.5076215577486165,1,prime
2026-06-08,-0.9272796707792029,1.0,1,prime
2026-06-08,-1.7510199505548079,0.9293492050775544,1,prime
2026-06-08,-1.0887962112083693,0.9529485188055685,1,prime
2026-06-08,-0.09773870465450674,1.0,1,prime
2026-06-08,-0.7316376792143421,0.23531120772414668,0,prime
2026-06-08,-0.14934787698470392,0.0,0,prime
2026-06-08,1.0694390548740955,0.23871741697280813,1,prime
2026-06-08,-0.012905472653533845,1.0,1,prime
2026-06-08,0.9746542273498022,0.1256665764046524,0,prime
2026-06-08,-0.9077943080244698,0.02318682885284226,0,subprime
2026-06-08,0.02745066309447442,0.46049982997326433,1,prime
2026-06-08,0.5004447867696825,0.9769774155358545,1,subprime
2026-06-08,0.5205807646375948,0.2431751014868979,0,subprime
2026-06-08,-0.04137257983771873,1.0,1,prime
2026-06-08,0.8613378970065114,0.5568091030623439,1,subprime
2026-06-08,-0.863222350698475,0.9532062707463739,1,prime
2026-06-08,-0.633659511738824,0.0676092826203395,1,prime
2026-06-08,1.250503824134165,0.6614612427897391,0,subprime
2026-06-08,-0.7943027782937434,0.3126772735723862,0,subprime
2026-06-08,1.2507496561307205,0.2827900146984528,1,prime
2026-06-08,-0.921912127506166,0.40558921149261973,0,prime
2026-06-08,1.1527553002288893,0.32022374036198925,0,subprime
2026-06-08,-0.5968413828915347,0.39625275694044604,0,prime
2026-06-08,0.020446106366297928,0.12960583667076753,1,prime
2026-06-08,0.3585280934566602,0.7388095362869511,1,subprime
2026-06-08,0.10940381732151905,0.622962178334636,1,prime
2026-06-08,0.7427212095683411,1.0,1,prime
2026-06-08,0.41412208928676236,0.3713563754988324,0,subprime
2026-06-08,-1.2119065665283568,0.2735531820091399,0,prime
2026-06-08,0.570421023491685,1.0,1,subprime
2026-06-08,0.8290100484569494,0.3090743920673062,0,subprime
2026-06-08,0.2332256534978162,0.33418786714611465,0,prime
2026-06-08,0.8899304476714667,0.5862517087573809,0,prime
2026-06-08,0.3390067686717354,0.59317753707534,0,subprime
2026-06-08,1.5349717798726594,0.3841108141393163,1,subprime
2026-06-08,-0.7641105042213794,0.6121122410494951,1,prime
2026-06-08,-1.3291580078241898,0.0,0,prime
2026-06-08,-2.642500787058701,1.0,1,prime
2026-06-08,0.03166783708215534,0.0806806804911755,0,prime
2026-06-08,1.3194362666404358,0.7627819836864342,1,prime
2026-06-08,-0.30792429558230977,0.0,0,subprime
2026-06-08,0.5551457954048212,0.1366624837729282,0,prime
2026-06-08,-0.6752599821169387,0.0,0,subprime
2026-06-08,-0.717799642865783,0.370654044311831,0,prime
2026-06-08,-1.415224728882084,0.0,0,subprime
2026-06-08,1.8289302918399462,0.307218548316064,0,subprime
2026-06-08,0.7287309489005994,0.324636023732194,0,subprime
2026-06-08,-1.143790364121917,1.0,1,subprime
2026-06-08,-0.21275746377525964,0.5113272396594029,1,subprime
2026-06-08,0.666563324032867,0.0,0,prime
2026-06-08,0.7185680944017847,1.0,1,subprime
2026-06-08,0.47944402674641723,0.6929606543277959,1,prime
2026-06-08,-0.09648238463804512,0.4996903141702265,1,prime
2026-06-08,-1.8278168350863202,0.6745034954046224,1,prime
2026-06-08,0.32928721346911743,1.0,1,prime
2026-06-08,-1.443106008163658,0.9140192824967485,1,prime
2026-06-08,-0.33470840659012363,0.7486923856172418,1,prime
2026-06-08,-1.1781015014440481,0.7977704128208786,1,prime
2026-06-09,1.6038822518694014,0.21130447926570367,0,prime
2026-06-09,0.14642436946591217,0.42457081893307397,0,prime
2026-06-09,1.889351371605355,0.5479197549655475,0,subprime
2026-06-09,-0.9566730409139842,1.0,1,subprime
2026-06-09,-0.9731150113772249,0.0,0,prime
2026-06-09,-1.0812770001313798,0.9401818826838323,1,subprime
2026-06-09,1.8083054300030346,1.0,1,prime
2026-06-09,-0.9034466816700737,0.1923370876380167,1,prime
2026-06-09,0.653017859030737,0.806183898361068,1,prime
2026-06-09,-1.4785465469947243,0.7577431862098474,1,subprime
2026-06-09,1.165922949295281,0.3978776230242334,0,subprime
2026-06-09,0.8750365146875138,0.2781265506802658,0,prime
2026-06-09,-0.3276155659921937,0.9309244396845145,1,prime
2026-06-09,0.2196728376726273,0.5108348513916612,1,prime
2026-06-09,0.5447611843618292,0.3050949717309891,0,prime
2026-06-09,-0.7295349003127098,0.908870849050794,1,prime
2026-06-09,1.067630548943775,0.3844075691527953,1,prime
2026-06-09,1.3665141319388154,0.17201980655082,0,prime
2026-06-09,-1.3526930296195485,0.09204826445343636,0,subprime
2026-06-09,-0.7144013463063458,0.44205139120393444,0,prime
2026-06-09,0.7361644986647298,1.0,1,prime
2026-06-09,-1.2342544089726746,1.0,1,prime
2026-06-09,0.3281820955404188,0.0,0,subprime
2026-06-09,-0.6855959307948734,0.8668750994118418,1,prime
2026-06-09,0.13243858066997355,1.0,1,prime
2026-06-09,-0.95516334037648,0.2905972314729618,0,prime
2026-06-09,2.2722586672985896,1.0,1,prime
2026-06-09,-0.8010551459279405,0.0,0,subprime
2026-06-09,0.8007992177962134,0.2090801308617781,0,prime
2026-06-09,-2.6225087915145955,0.6218296441940192,1,prime
2026-06-09,-0.4938695052814704,0.0,0,prime
2026-06-09,-1.64349064704148,0.8421896024369722,1,prime
2026-06-09,2.4968341888290277,1.0,1,prime
2026-06-09,-0.9247723950626486,0.3567952697843352,1,prime
2026-06-09,-1.3295148422474001,0.37680141044548504,0,prime
2026-06-09,1.043164822507225,0.030157657543632116,0,subprime
2026-06-09,0.2435273349652348,0.0,0,prime
2026-06-09,-1.5026685630001544,0.9822479568830614,0,prime
2026-06-09,0.8449734695993483,0.41343312659701226,1,prime
2026-06-09,0.04090532552363604,0.688832997527539,1,subprime
2026-06-09,-0.757915378407559,0.901251849240078,1,subprime
2026-06-09,-0.4228925383923836,0.0,0,subprime
2026-06-09,0.6751681959406686,0.8109496270023361,1,subprime
2026-06-09,-0.9306142720849451,0.9720390941056639,1,prime
2026-06-09,3.8247636674423346,0.6974072895075514,1,prime
2026-06-09,-1.0006169356748513,0.3552358096327882,0,prime
2026-06-09,0.7935732675943473,0.41173501272749047,0,prime
2026-06-09,-0.9456929345979229,1.0,1,prime
2026-06-09,-1.0065184008737227,0.8590937011320606,1,prime
2026-06-09,-0.5249188915788813,0.0,0,prime
2026-06-09,0.10850066037596336,0.5215699913509342,1,prime
2026-06-09,0.9417142768022089,0.3775537122561623,0,prime
2026-06-09,-1.0325845132157478,0.0,0,subprime
2026-06-09,-1.4773043863803792,0.623211451684286,1,prime
2026-06-09,-2.4696575121514894,0.2640681171535897,0,prime
2026-06-09,0.019898557969226238,1.0,1,subprime
2026-06-09,-1.8949822153506117,0.0,0,subprime
2026-06-09,-1.4504008952049248,0.5533427087201557,0,prime
2026-06-09,0.5035287807023138,0.12035018988528912,1,prime
2026-06-09,0.46304263767739035,0.7016145175621135,0,prime
2026-06-09,0.07863845533281029,0.23564065187534763,0,subprime
2026-06-09,0.1892973597276618,0.7654797915415872,1,prime
2026-06-09,-0.3305804817009104,0.10237399882682524,0,subprime
2026-06-09,-1.4893243787577861,0.6123338542463022,1,prime
2026-06-09,0.20358103877331815,0.598645287662696,0,prime
2026-06-09,1.4323040094927093,1.0,1,prime
2026-06-09,-2.7854314677898846,0.09851362420476173,0,prime
2026-06-09,0.9974726784994811,1.0,1,subprime
2026-06-09,0.6591661798546954,0.6397562660586722,0,prime
2026-06-09,-0.6363201310587823,0.3077217505835774,0,prime
2026-06-09,-0.5723008913932738,0.8051660157281114,1,subprime
2026-06-09,-1.5211028664315742,0.4010584812985128,0,subprime
2026-06-09,-0.03266677394237457,0.0,0,prime
2026-06-09,0.20878923218579248,0.3380744847997075,0,prime
2026-06-09,1.3119686684601866,0.9363406703648309,1,prime
2026-06-09,-0.9464006354050488,0.07227025607288462,1,prime
2026-06-09,-0.68476467371757,0.0,0,prime
2026-06-09,0.7009624907588444,0.5531505351223717,1,subprime
2026-06-09,3.535220951444018,0.857347507917555,0,subprime
2026-06-09,-1.1636427768267643,1.0,1,subprime
2026-06-09,-0.31018710647580505,0.6715286668446476,1,subprime
2026-06-09,0.5420708030663813,0.0,0,subprime
2026-06-09,0.4315842244444643,0.2441946838447569,0,prime
2026-06-09,-0.6447376226719157,0.5491303266592968,0,subprime
2026-06-09,-1.0147180105075089,1.0,1,prime
2026-06-09,0.1670679674132693,0.6793366034972298,1,prime
2026-06-09,0.7029535684210156,0.12980126551208232,0,prime
2026-06-09,0.8480461546344112,1.0,1,prime
2026-06-09,-0.4225856347811904,0.3746282409647999,0,prime
2026-06-09,0.210586324631146,0.19680307853282714,0,prime
2026-06-09,-0.19520286204367293,0.9012148413787843,1,prime
2026-06-09,0.9401477159229791,0.0,0,subprime
2026-06-09,0.882951310362159,0.10528270133844196,0,subprime
2026-06-09,-0.534309580599689,0.3502132446983385,0,subprime
2026-06-09,-0.6059778226670086,0.0,1,prime
2026-06-09,-0.7957241804581344,0.23276004669205128,0,prime
2026-06-09,-0.24800503015004968,0.7808630661170589,1,subprime
2026-06-09,-1.3348818831300178,0.47405984060298134,1,prime
2026-06-09,-0.7934970894645037,0.23333488942888617,0,prime
2026-06-09,0.3267912716448138,0.8277014144295396,1,prime
2026-06-09,-0.9394410974556245,0.29891656197380245,1,subprime
2026-06-09,-0.006181869716777969,0.3827461057940632,0,subprime
2026-06-09,0.35926124189377795,0.0,0,prime
2026-06-09,-0.06824428999985328,0.0,0,prime
2026-06-09,0.06013555478112596,0.44855407720005996,1,prime
2026-06-09,-1.9073030708079668,0.617454727605861,1,prime
2026-06-09,1.201961368826905,0.0,0,prime
2026-06-09,0.3589355846828092,0.6212470889114434,0,prime
2026-06-09,-0.24497868527071248,0.7462936200959783,1,prime
2026-06-09,0.3525153234973873,0.6876625388696561,1,prime
2026-06-09,1.8447960406834456,0.702854377567444,0,subprime
2026-06-09,-0.2685959402014643,0.41705737740621857,1,prime
2026-06-09,2.0226351266182507,0.0,0,subprime
2026-06-09,-0.8252144978551176,1.0,1,subprime
2026-06-09,1.1588674923253741,0.0,0,prime
2026-06-09,1.5443579536523289,0.7226750244550959,0,subprime
2026-06-09,-0.7087545421738409,0.7838300793761711,1,prime
2026-06-09,0.8423002636035994,1.0,1,prime
2026-06-09,-0.6099175668512615,0.39678072920370083,0,subprime
2026-06-09,2.198654074025,1.0,1,prime
2026-06-09,-0.2144391329527411,0.9346854733807742,1,subprime
2026-06-09,0.22078098599900003,0.2701589152923257,0,prime
2026-06-09,0.3771183304497083,0.35544541828006737,0,prime
2026-06-09,0.22219513842341948,0.3248610691667013,0,subprime
2026-06-09,0.8630373990300391,0.0,0,prime
2026-06-09,1.1485112291113326,0.19124030994721175,0,subprime
2026-06-09,0.32148015541764163,0.6733552994736816,1,prime
2026-06-09,-1.1180100152099615,0.675848475760957,0,prime
2026-06-09,-0.13845625296462918,0.41409854202414687,0,prime
2026-06-09,-0.9837547704846601,0.6001043108485647,1,subprime
2026-06-09,-1.2492317476751138,0.15134540413156639,0,subprime
2026-06-09,0.45233066499563346,0.5997797916340547,1,subprime
2026-06-09,0.8822567700730871,0.0,0,prime
2026-06-09,0.5851560860675664,0.055043281248506215,1,prime
2026-06-09,-0.48471869620430147,0.4885627929714632,0,prime
2026-06-09,0.706297001593691,0.0,0,prime
2026-06-09,-3.083595844348025,0.6575505938012607,1,subprime
2026-06-09,0.4707227595884966,0.7192932955845046,0,subprime
2026-06-09,2.015547396612642,0.9066795625881772,1,subprime
2026-06-09,-2.0294023589955223,0.8186850045870705,1,prime
2026-06-09,-0.1958623682399608,0.24212121408353585,0,prime
2026-06-09,-0.9219219977450401,0.5379940943404441,1,prime
2026-06-09,-2.2043866511907453,0.7813146864945402,1,subprime
2026-06-09,-0.7852832002540416,0.6576922164892574,0,subprime
2026-06-09,-0.9329654229452828,0.9673992323205509,1,subprime
2026-06-09,3.2391208080536176,0.1481301347145113,0,prime
2026-06-09,-0.3709730670797141,0.0,0,prime
2026-06-09,-1.0155409867653034,0.3399777743683372,0,prime
2026-06-09,0.9612899244242187,0.0,0,subprime
2026-06-09,-0.852256740053568,0.758349221906565,1,prime
2026-06-09,-0.38637707173996266,0.925770693416927,1,prime
2026-06-09,-0.8501473223268693,0.9183521667579291,1,prime
2026-06-09,-0.8049224925507624,0.2981605762693818,1,prime
2026-06-09,0.30136524907123474,0.4094750934276706,0,prime
2026-06-09,0.4744530761143834,1.0,1,subprime
2026-06-09,-0.9202663472698629,1.0,1,subprime
2026-06-09,-1.3540653254422106,0.558894659726233,0,subprime
2026-06-09,-1.481023428940327,1.0,1,prime
2026-06-09,-0.8703474743992964,0.43915640595256156,0,prime
2026-06-09,-0.8768111194826326,0.0,0,prime
2026-06-09,-0.7625987922336632,0.4591065030193147,0,prime
2026-06-09,-0.29594150563916133,0.609745580755133,1,prime
2026-06-09,-0.16075684004793087,0.03792662122804685,0,prime
2026-06-09,0.737396017588694,0.9830966854987722,1,prime
2026-06-09,-0.25116111977173844,1.0,1,prime
2026-06-09,0.18060912250691827,0.6561925705459078,1,subprime
2026-06-09,-0.5759121626966213,0.5350261357426294,1,prime
2026-06-09,0.5858827679272791,0.7585729417270715,1,subprime
2026-06-09,-0.7878863221202608,0.9977180865158192,1,prime
2026-06-09,-0.9119301645185137,0.8181135041531806,1,prime
2026-06-09,0.8227293496738993,0.20331114164071898,0,prime
2026-06-09,0.699408137484014,0.0,0,prime
2026-06-09,0.5491044489389918,0.8849516010849194,1,prime
2026-06-09,-0.12853003586678877,0.6100582385044269,0,prime
2026-06-09,0.07529524994288926,0.8229706082717937,1,prime
2026-06-09,-0.029329600399039788,0.4184535128957432,0,subprime
2026-06-09,-0.6912373062897539,0.8742813194683877,1,subprime
2026-06-09,0.584554965322323,1.0,1,subprime
2026-06-09,-0.9361952835466926,0.1082593312314018,0,prime
2026-06-09,1.25760428458172,0.15584147987166908,1,prime
2026-06-09,-0.1603376603050929,0.8915718387469148,1,subprime
2026-06-09,0.8891034788114349,0.6142239730997499,1,prime
2026-06-09,-0.309149943900441,0.5947564459396383,1,subprime
2026-06-09,-1.4896097223733993,0.8940218200307554,1,prime
2026-06-09,-0.35401912167492755,0.9345231694420042,1,prime
2026-06-09,2.0858572179155357,0.3515076689538782,0,prime
2026-06-09,-0.38972364280425265,0.4848205920090735,0,prime
2026-06-09,0.3956991616209501,0.6483642457296861,1,subprime
2026-06-09,0.6365344126310979,0.33795799270707105,1,subprime
2026-06-09,1.1376695158851224,0.4386538215192938,0,prime
2026-06-09,-0.5032209387542387,0.3817852333948867,1,subprime
2026-06-09,-0.4323199924637904,0.0,0,prime
2026-06-09,0.33996479759382997,0.40495810488861894,0,subprime
2026-06-09,-0.9857954271606751,0.6703532669357857,0,prime
2026-06-09,-1.0585018369369823,0.6228087338305865,1,subprime
2026-06-09,-0.23399852771996302,0.9032669987698697,1,subprime
2026-06-09,0.009865677893702164,0.27998830319140167,0,prime
2026-06-09,-1.0745892970031383,0.019124133236995883,0,prime
2026-06-09,1.17633160330922,0.7786797913453849,1,subprime
2026-06-09,-0.7108678699082168,0.0,0,prime
2026-06-09,0.6421623290052506,0.0,0,prime
2026-06-09,0.014634483855669433,0.2215810231310734,0,subprime
2026-06-09,0.39663495616548666,0.9478729475527263,1,subprime
2026-06-09,-1.0889322874796283,0.6285358560844738,1,prime
2026-06-09,1.5059514773942684,0.9257133496031102,1,prime
2026-06-09,0.2593899340209749,0.5230069081482606,0,prime
2026-06-09,-0.5246329738592491,1.0,1,prime
2026-06-09,0.8188418272360618,0.7877208810947797,1,prime
2026-06-09,0.5346133628482117,0.020347805273503272,0,prime
2026-06-09,-0.3047823289195543,1.0,1,subprime
2026-06-09,1.5959158089230092,0.8304337859717589,1,subprime
2026-06-09,-1.5768671976522632,0.20746521989810193,0,prime
2026-06-09,0.2998997148662297,0.4449703874583126,1,subprime
2026-06-09,-1.3365231551008798,0.2554165087409677,0,prime
2026-06-09,1.3729861777175563,0.0,0,prime
2026-06-09,-0.30341084178406846,0.9196201593609734,1,subprime
2026-06-09,-1.1251897973954765,0.298669411443736,0,prime
2026-06-09,-0.5158740486239889,0.22528006673301307,0,subprime
2026-06-09,-0.1019472637253316,0.6651128087306699,1,prime
2026-06-09,-1.5431490181876792,1.0,0,prime
2026-06-09,-0.9487241628891713,1.0,1,subprime
2026-06-09,0.34006681526098825,0.4134884953809367,0,prime
2026-06-09,0.12138359705447441,0.0,0,prime
2026-06-09,1.7130759138267175,1.0,1,subprime
2026-06-09,1.5734912085891206,0.4445843153498166,0,prime
2026-06-09,0.26708673955406587,0.0,0,prime
2026-06-09,1.5672250482480268,0.0,0,prime
2026-06-09,-0.06824757220626074,0.052518181467233416,1,prime
2026-06-09,-0.7860771715395636,0.2946416524716787,0,subprime
2026-06-09,0.5645951231593249,0.0,0,subprime
2026-06-09,-1.0889398479802987,1.0,1,prime
2026-06-09,0.26811049689026195,1.0,1,prime
2026-06-09,2.3244986205168803,0.3959553248801004,1,subprime
2026-06-09,-2.3071517132265695,0.7508698206042214,1,subprime
2026-06-09,0.30301410748395086,0.41079872173519755,0,prime
2026-06-09,0.6870639265068135,0.7371586527895224,1,prime
2026-06-09,1.4141140795864213,1.0,1,prime
2026-06-09,0.6117097213217784,1.0,1,prime
2026-06-09,-0.5273211830281352,0.7831382419959673,1,subprime
2026-06-09,0.10809151549988746,0.949498163773639,1,prime
2026-06-09,1.5423092652887436,0.9464709126805482,0,prime
2026-06-09,0.06348813474106578,0.7930015415442065,1,subprime
2026-06-09,0.753623975615383,0.33494911340199796,0,prime
2026-06-09,-0.34209008814378844,0.36272954333281804,0,subprime
2026-06-09,-0.8740790294273477,0.0,0,prime
2026-06-09,-0.30828207925624673,0.9658505227726639,1,prime
2026-06-09,1.2850581383473956,0.9400585928251066,1,prime
2026-06-09,-0.06562231251154363,0.6548693704818639,0,subprime
2026-06-09,0.5185243817012454,0.2818466217943287,0,prime
2026-06-09,-0.2097880705914576,0.6705394761717716,1,prime
2026-06-09,-0.46894693026602857,0.33654103661771756,1,subprime
2026-06-09,1.819397511781197,0.3457609378701426,0,prime
2026-06-09,1.0184727217458582,0.3673235742520705,0,subprime
2026-06-09,-0.16338848184068666,0.389517532286785,0,prime
2026-06-09,-0.4723629735948463,1.0,1,prime
2026-06-09,-0.9202486934818438,0.2581080413437461,0,prime
2026-06-09,1.0930313231067579,0.5290948748308433,0,prime
2026-06-09,-0.4586671124747224,0.18963046812539108,0,prime
2026-06-09,0.4618133952825647,0.12496863606150253,0,prime
2026-06-09,-1.5123024170284758,0.6322143914105287,1,prime
2026-06-09,0.5890371551268517,1.0,1,prime
2026-06-09,0.4142385907747713,1.0,1,subprime
2026-06-09,-1.024058381090057,0.3693885610435358,0,prime
2026-06-09,-0.9352939384793753,0.6832996820568661,0,prime
2026-06-09,1.4616563856395663,0.9858021360617741,1,prime
2026-06-09,1.5707887144973829,0.209237572887509,0,prime
2026-06-09,-0.9774162471424135,0.7338444328653096,1,prime
2026-06-09,-0.9468109718318796,0.0,0,prime
2026-06-09,0.13634961056383663,0.0,0,subprime
2026-06-09,0.747183288270761,0.9657194310647546,1,prime
2026-06-09,0.4042963757060185,0.41947090291089056,1,prime
2026-06-09,1.1001699961362859,1.0,1,subprime
2026-06-09,-0.5300826425261485,0.5867055608831008,1,subprime
2026-06-09,-0.9117994377596069,0.0,0,prime
2026-06-09,0.26627135217327397,1.0,1,prime
2026-06-09,-0.7154117635564616,0.3098285948053005,0,subprime
2026-06-09,0.05028272567339812,0.7968814598973734,1,prime
2026-06-09,-0.10107004234557732,0.3002412638793429,0,prime
2026-06-09,0.5823095880065675,0.8162030451469349,0,prime
2026-06-09,-1.2759930180862433,0.7738688144668515,1,prime
2026-06-09,-0.06399175848576964,1.0,1,prime
2026-06-09,-0.9595385104983774,0.8255662598568093,1,prime
2026-06-09,-0.3473605527636855,0.1199929318447606,0,prime
2026-06-09,-1.3036867232509375,0.4902060688300754,1,prime
2026-06-09,-0.6565613040231213,0.4015038096195028,0,prime
2026-06-09,0.21696359142120972,0.3280869366394518,1,prime
2026-06-09,0.23582260747524628,0.1022230407895132,0,prime
2026-06-09,0.2756827138957973,0.8044587533450981,1,prime
2026-06-09,2.588483905608347,0.0,0,prime
2026-06-09,1.9313023340895648,0.8092887417663381,1,prime
2026-06-09,0.12867143395202107,0.22254191934679812,0,prime
2026-06-09,-0.6218099023458724,0.1952227285436563,0,subprime
2026-06-09,1.010301421759834,0.5689501254057506,1,prime
2026-06-09,-0.24982358934978066,0.5406004951890926,1,prime
2026-06-09,-0.9942508993742698,0.6939415266642392,1,subprime
2026-06-09,0.4158879613980651,0.43079630097715393,1,prime
2026-06-09,-0.8591192505881047,0.06403339416200918,0,subprime
2026-06-09,-1.1493528476594783,0.0,0,subprime
2026-06-09,1.3760353997889614,0.9021397326927683,1,prime
2026-06-09,0.09338220201435679,0.7268734464279402,1,subprime
2026-06-09,1.2028445141353774,1.0,1,prime
2026-06-09,-0.5185254212085207,1.0,1,prime
2026-06-09,-0.36318080116328594,0.6808692497522391,1,prime
2026-06-09,1.9137732144451336,0.912566942117787,1,prime
2026-06-09,-0.1356681165882243,1.0,1,prime
2026-06-09,-0.3883771257346016,0.8652135699613905,1,prime
2026-06-09,0.8148764606326494,0.0,0,subprime
2026-06-09,0.41322090102512793,0.5597261270363693,1,prime
2026-06-09,1.2070360351308205,0.0,0,prime
2026-06-09,-0.4774558636345724,1.0,1,prime
2026-06-09,-1.0218735221061113,0.9558012426396372,1,prime
2026-06-09,-0.506520453191533,0.24336656275387825,0,subprime
2026-06-09,0.17762880669348247,0.8340494216955104,1,subprime
2026-06-09,0.14528049486365424,0.07814538275947694,0,prime
2026-06-09,0.12022747686956689,0.0,0,subprime
2026-06-09,1.4598545986570715,0.7595875392904566,1,prime
2026-06-09,0.9671802076178008,1.0,1,prime
2026-06-09,0.08103684306241137,0.0,0,prime
2026-06-09,1.7453012508521082,0.5650619108512365,1,prime
2026-06-09,-2.3339322532584728,1.0,1,subprime
2026-06-09,-1.6118473691615658,0.6063467881482671,1,prime
2026-06-09,-0.5150134463911201,0.6704311674180157,1,subprime
2026-06-09,-0.2365177403368084,1.0,1,subprime
2026-06-09,0.12431633005551887,0.42814891628725354,1,prime
2026-06-09,0.19633429512412728,0.9069174822103891,1,subprime
2026-06-09,0.022597227969929502,0.8150862533276086,1,subprime
2026-06-09,-1.250391727825587,0.40019023960482686,1,prime
2026-06-09,-0.22761556588775744,0.8769080110105141,1,prime
2026-06-09,0.9181042939316891,0.48441050738847885,1,prime
2026-06-09,-1.2692146282296157,0.6396192146438101,1,prime
2026-06-09,1.0816845778911515,0.8360852148920006,0,prime
2026-06-09,0.6056436541215898,0.5190267473787845,0,subprime
2026-06-09,1.2374913278259192,0.0,0,prime
2026-06-09,1.0026396217072522,0.24867894673696883,0,subprime
2026-06-09,-1.0739156031618013,0.6620032657273391,1,prime
2026-06-09,0.8703410707504675,0.4461989654714337,1,subprime
2026-06-09,-1.3005742207379367,0.5039058039654394,1,prime
2026-06-09,-0.7865445828204816,0.0,0,prime
2026-06-09,0.026225924653398756,0.8353493378419283,1,subprime
2026-06-09,-0.7536947134392545,0.02111506906981009,0,prime
2026-06-09,0.5601680647874167,0.9783839123132233,1,subprime
2026-06-09,-2.1415363951843864,0.6172617879207427,1,subprime
2026-06-09,-0.10475540205257933,1.0,1,prime
2026-06-09,1.21718198833172,0.8731660795295951,1,prime
2026-06-09,-1.0283172148106894,0.3674658418763575,0,prime
2026-06-09,2.275542277174213,0.9658458889171824,1,prime
2026-06-09,-1.2041182306523313,0.0,0,subprime
2026-06-09,-0.8278341665290667,0.40522457229550235,0,subprime
2026-06-09,0.4241089114187038,0.15889577743314803,0,subprime
2026-06-09,-0.9271650181140206,0.0,0,prime
2026-06-09,0.49916446746589604,0.3570031319719714,0,subprime
2026-06-09,-1.4394376771581394,0.0,0,prime
2026-06-09,0.03239754425060499,0.36983654733746274,0,prime
2026-06-09,0.40565480066799425,0.5425399603293359,0,subprime
2026-06-09,-0.9746335837729942,0.7930072183155527,0,prime
2026-06-09,-1.5883232429602283,0.5081999358138061,1,subprime
2026-06-09,0.8853485936982252,0.0801661592452135,0,prime
2026-06-09,-0.5091110309917141,0.9832662413646073,1,prime
2026-06-09,0.2407834249859235,0.9171821542069938,1,subprime
2026-06-09,-1.0311044369908615,0.6187303367441783,0,prime
2026-06-09,-0.7627344415445224,0.27483698718347765,0,subprime
2026-06-09,-0.5216601594596733,0.7103111951230424,1,subprime
2026-06-09,-0.5031413746136254,0.7578529746004933,1,prime
2026-06-09,0.09338431334923576,0.15929048469889356,0,subprime
2026-06-09,-0.5813503300016718,1.0,1,subprime
2026-06-09,1.3448865221077688,0.5492318448288451,0,subprime
2026-06-09,0.32364147749005867,0.07273706824362178,0,prime
2026-06-09,0.16254952041677936,0.7722487299562577,1,prime
2026-06-09,2.12030692822278,0.10615439219293826,0,prime
2026-06-09,0.41985340292573825,0.2744954166427528,0,prime
2026-06-09,-1.4272639444349784,0.9712345505888966,1,prime
2026-06-09,0.03587045895816922,0.03953330046656234,1,prime
2026-06-09,-1.8497252745547421,0.835128394298267,1,prime
2026-06-09,1.3331937880125182,0.0,0,prime
2026-06-09,-0.6011868061185942,0.8431896449971685,1,prime
2026-06-09,-0.07052735684383812,0.8381150310248754,1,subprime
2026-06-09,-0.3452091441960059,0.0,0,prime
2026-06-09,0.14848546974259505,0.9747975203968788,1,prime
2026-06-09,1.4557327034703051,1.0,1,prime
2026-06-09,0.035704037991987465,0.4630194579364512,1,prime
2026-06-09,0.8095386699545989,0.010069355582685235,0,subprime
2026-06-09,-0.1679145971202035,0.0,0,prime
2026-06-09,0.32999486393740757,0.13300616469535914,0,prime
2026-06-09,-0.5740035249142488,0.4014242257827708,0,subprime
2026-06-09,-0.6615542080711616,0.15301924314511495,0,prime
2026-06-09,0.8531917163738795,1.0,1,prime
2026-06-09,0.6704577420582335,0.5474680489988961,1,subprime
2026-06-09,-1.357331809479269,1.0,1,prime
2026-06-09,-0.6620113650319072,0.07316847400129442,0,subprime
2026-06-09,-0.37776202942992526,0.2940542111853728,0,prime
2026-06-09,0.3028227440353199,0.12658549909933775,0,prime
2026-06-09,1.2814149146983707,0.7390170712479008,1,prime
2026-06-09,0.46636808441986877,0.7742889482628652,1,subprime
2026-06-09,-1.2093294831203696,0.32304096418403644,0,subprime
2026-06-09,-0.4399570144906792,0.6601111427217822,1,prime
2026-06-09,-0.6625895843054459,0.15222322025616458,0,prime
2026-06-09,-0.19393568220010227,0.44679542647889725,0,prime
2026-06-09,-0.3723867962752705,0.5154579650767295,0,prime
2026-06-09,-0.332597364846358,0.4380427150901751,0,subprime
2026-06-09,1.4023287050064654,0.34060397705292417,1,prime
2026-06-10,0.3115295202565021,0.6884026379759579,0,subprime
2026-06-10,-1.2891856626670017,0.5010478454299399,1,prime
2026-06-10,-0.2843563791496312,0.6500056681154368,1,prime
2026-06-10,0.8812938311407051,0.0,0,subprime
2026-06-10,-0.32864029022555713,0.5341894925609072,0,prime
2026-06-10,-0.3117002633493198,0.8878633469766936,1,prime
2026-06-10,1.5601358975698274,0.17123639654743644,0,subprime
2026-06-10,-1.4877251089978696,0.6831001294658134,1,prime
2026-06-10,-2.1608070666774277,0.798056720718061,1,prime
2026-06-10,-0.3540323247609213,0.9928027290908525,1,prime
2026-06-10,-0.03430643330206467,0.35687373969489966,1,subprime
2026-06-10,-0.04671790861511788,0.26027756548474723,0,prime
2026-06-10,0.3306266554386134,0.546651844820183,1,prime
2026-06-10,-1.5226225027552203,0.76380216997236,1,prime
2026-06-10,1.2145713501558675,0.7301206734741839,1,subprime
2026-06-10,1.4678821534441606,0.8301715814712236,1,prime
2026-06-10,0.022557931686305255,0.128765452902608,0,prime
2026-06-10,1.2224569357861732,0.7192182471733626,0,prime
2026-06-10,-0.13540304379441936,0.19833166483567688,0,prime
2026-06-10,-0.4493210844298611,0.20982321524749295,0,subprime
2026-06-10,0.5457644744346809,0.6289313270054295,1,prime
2026-06-10,-0.24782771543971802,1.0,1,prime
2026-06-10,0.5474863888624365,0.2541863671929205,0,prime
2026-06-10,-0.22111995689250893,0.8499173837944365,1,prime
2026-06-10,-1.8451377471589208,0.22554202765046225,0,prime
2026-06-10,0.497898794561376,0.6124245746383652,1,prime
2026-06-10,0.47845178569389774,0.3405357097496167,1,subprime
2026-06-10,0.8138207049752916,0.33772420175413914,0,prime
2026-06-10,0.014374579080325073,0.5116296847238994,1,subprime
2026-06-10,-0.1497814846662652,0.13954572883188382,0,prime
2026-06-10,0.5932783458401073,0.2784186931385396,0,prime
2026-06-10,1.478359256309604,0.3480595810807472,0,prime
2026-06-10,-0.26367021428468057,0.2785661057091678,0,prime
2026-06-10,0.4680236845282353,0.49616354812361224,0,prime
2026-06-10,-0.3369570712868768,0.6673147015692334,1,prime
2026-06-10,-0.3930882533819694,0.8287571964493796,1,prime
2026-06-10,0.04876752485475655,0.3611531965720747,1,prime
2026-06-10,-0.8298216420889994,0.7594551243337266,1,prime
2026-06-10,0.37438346911638165,0.4720247011515047,1,prime
2026-06-10,0.6537881880059785,0.0578158356999863,0,prime
2026-06-10,-1.7936027089337296,0.0,0,subprime
2026-06-10,-0.22197355157112367,0.5497643744957597,1,prime
2026-06-10,-0.4589071878290621,1.0,1,prime
2026-06-10,0.43472783676350113,0.7261462654980348,1,prime
2026-06-10,0.4069442798957294,0.0,0,prime
2026-06-10,-0.06861543898931649,0.41310250378333435,0,prime
2026-06-10,0.2567829291611079,0.3000048318667218,0,subprime
2026-06-10,0.5129784184602277,0.3448067990527425,0,prime
2026-06-10,-0.12016854277634949,0.5191990150095924,0,subprime
2026-06-10,-1.452401951240145,0.0,0,subprime
2026-06-10,0.27780963067739783,0.5843739855135288,1,prime
2026-06-10,0.9143644909551654,1.0,1,subprime
2026-06-10,0.7326455937010671,1.0,1,subprime
2026-06-10,-1.7517463854959987,0.0,1,prime
2026-06-10,0.24072369287475653,0.9836343946263045,1,prime
2026-06-10,-0.5481264750657786,0.050353660153515695,0,subprime
2026-06-10,0.972993791627339,0.20468414966211634,0,prime
2026-06-10,-0.3737499825672394,0.0,0,subprime
2026-06-10,-0.10925620490303227,0.5689251409296623,0,prime
2026-06-10,-1.743940613908309,0.718978360123206,1,prime
2026-06-10,1.1199241894240863,0.0,0,subprime
2026-06-10,-2.0325401718267995,0.6977495826250395,0,prime
2026-06-10,1.5277043584529266,0.3710530247352698,0,subprime
2026-06-10,0.9529022748444383,0.8219093031527654,0,prime
2026-06-10,-1.4786344551761919,1.0,1,prime
2026-06-10,1.2903930983895817,0.17371690336628626,0,subprime
2026-06-10,-0.3596104871577397,0.0,0,prime
2026-06-10,-0.30328872062802525,1.0,1,prime
2026-06-10,-0.05903255164536712,0.4473684563246899,1,prime
2026-06-10,-0.22901282075209906,0.7110616685535732,1,subprime
2026-06-10,0.21183634413505317,0.8355417891252552,1,prime
2026-06-10,0.7733679216493694,0.9752211982440618,1,prime
2026-06-10,1.1044392775107437,0.8120664571655216,1,subprime
2026-06-10,-0.1440595453638321,0.1462734457557141,0,subprime
2026-06-10,-0.5671382821051371,0.6009379875998879,1,prime
2026-06-10,0.7793966756432258,0.04688327092470859,0,subprime
2026-06-10,-0.05230324887585108,0.1623314521829224,0,prime
2026-06-10,-0.3865399857647294,0.6557785015927349,1,subprime
2026-06-10,-1.6648285139756325,1.0,1,prime
2026-06-10,-0.8988004082554265,1.0,1,subprime
2026-06-10,-0.7128816318529277,0.5225646130305954,1,prime
2026-06-10,0.10384281082629282,0.684516906566988,1,subprime
2026-06-10,1.259244776957471,0.29631030527207436,1,prime
2026-06-10,0.14566195132931026,0.512746519965807,0,prime
2026-06-10,-1.063345778239612,0.7057677391432782,1,prime
2026-06-10,-0.8246738287058297,0.6999662140734779,1,subprime
2026-06-10,0.2455252703184451,0.0,0,prime
2026-06-10,1.405707811310469,1.0,1,prime
2026-06-10,-1.1656690930736167,0.9132079066857852,1,prime
2026-06-10,1.1371312338829982,0.030480107204476692,0,prime
2026-06-10,-2.5425120715040808,0.5150889037792502,0,prime
2026-06-10,-1.649692129592034,0.3358189171260636,0,subprime
2026-06-10,0.3094532870722402,0.3973866316040311,0,prime
2026-06-10,-0.6448532776881383,0.3791506683924692,0,prime
2026-06-10,-0.5231704770206625,0.4366005898280722,0,prime
2026-06-10,-0.6426981771753943,0.19447870116584368,0,prime
2026-06-10,-0.22643591869386198,0.9243791744501026,1,prime
2026-06-10,-0.2433703183014751,0.3759721503258595,0,prime
2026-06-10,-1.140985529118486,0.13072980577052573,1,prime
2026-06-10,0.5973225873573982,0.15533066517247918,0,subprime
2026-06-10,-0.6901135473901913,0.499239625541796,0,prime
2026-06-10,0.02866123612396886,1.0,1,prime
2026-06-10,1.9531188552083176,0.8839431193205453,1,subprime
2026-06-10,0.2810283467558759,0.11963236250710382,0,subprime
2026-06-10,1.0850965029736812,0.29678930921978425,0,subprime
2026-06-10,0.2578324734978397,0.41844439004915146,0,prime
2026-06-10,0.9358945230143468,0.3911243855573934,0,prime
2026-06-10,-0.1791082606471083,0.14584844296336874,0,prime
2026-06-10,1.5713876826563344,0.11728020508380399,0,subprime
2026-06-10,-0.900563384789474,0.7703201147293144,1,subprime
2026-06-10,-1.350846692556572,0.0,0,subprime
2026-06-10,-1.5480886378779581,0.20465949023466262,0,prime
2026-06-10,-0.3321222684930561,0.0,0,subprime
2026-06-10,-0.08707970710906555,0.2805436859465423,0,prime
2026-06-10,-0.5426490410828706,0.09859620348163725,0,subprime
2026-06-10,-1.6683268443621142,0.43528301176083267,1,prime
2026-06-10,0.16843358948718098,0.5292520347514937,0,prime
2026-06-10,-0.3657961378587742,0.9371854473645673,1,prime
2026-06-10,0.9487304929979821,0.35208943697963235,0,prime
2026-06-10,0.8167718847175985,0.09305106120241594,0,prime
2026-06-10,0.24152390473544785,0.6691072134426357,1,prime
2026-06-10,0.0820932238720073,0.89588295741786,1,prime
2026-06-10,0.7248293318620505,0.7315977215852073,1,subprime
2026-06-10,0.05394838716910589,0.9270176910415,1,subprime
2026-06-10,-1.0025151720111438,0.25428002539715433,0,prime
2026-06-10,-0.2944804384978906,1.0,1,prime
2026-06-10,-0.16979943737720893,0.8321846887810405,1,subprime
2026-06-10,0.28698437133690524,0.72078357670176,1,prime
2026-06-10,0.3919509994562554,1.0,1,prime
2026-06-10,0.18035186503111203,0.8577200020531388,1,prime
2026-06-10,-0.09657493675957925,0.6182241378703877,1,subprime
2026-06-10,0.6285713137579245,0.8341924767376347,1,subprime
2026-06-10,0.11511687520247317,0.7298584947976797,1,prime
2026-06-10,0.8503165082821571,0.19649038371659458,0,prime
2026-06-10,0.5250492952027055,0.4333588415553483,0,subprime
2026-06-10,-0.9099977597260631,1.0,1,prime
2026-06-10,0.6406574904466644,0.0,0,prime
2026-06-10,0.768729161084781,0.9888984031856871,1,prime
2026-06-10,0.9313933675755025,0.8171283207835464,1,prime
2026-06-10,0.5642918385132741,0.09148640156192464,0,prime
2026-06-10,-0.9394066776057378,0.14877271165693018,0,prime
2026-06-10,-0.7295603300999182,0.7093634998322826,1,prime
2026-06-10,2.2926525932939485,0.0,0,prime
2026-06-10,-1.0836110926147915,1.0,1,subprime
2026-06-10,0.7667658186814373,0.6001514029044785,0,subprime
2026-06-10,-0.37798090333806766,0.3076613973928405,0,prime
2026-06-10,-0.5373382963395951,0.7180240288605179,1,subprime
2026-06-10,0.43359853833691986,0.42983196575710975,1,prime
2026-06-10,2.051557938788117,0.03968492270795837,0,prime
2026-06-10,-0.4833073628026221,1.0,1,prime
2026-06-10,1.8602095373336969,0.31997335844859287,0,subprime
2026-06-10,0.0026221971106333507,0.31100457744215276,0,prime
2026-06-10,0.5975646133125608,0.6960276006729322,1,subprime
2026-06-10,1.0365040109211738,0.8541848497438933,1,subprime
2026-06-10,0.5298115137328576,0.545055079040725,0,prime
2026-06-10,0.12355083948771173,0.5703273966260098,0,prime
2026-06-10,0.3406240391301779,0.6476379221712935,1,prime
2026-06-10,0.04123151066277789,0.5535137292084202,1,subprime
2026-06-10,0.8210312715393054,0.6389155475020599,1,prime
2026-06-10,-1.4428930647290092,0.4158682887571809,1,subprime
2026-06-10,0.18807222744399532,0.0,0,prime
2026-06-10,0.3848850212827456,0.8055927049135879,1,subprime
2026-06-10,-0.39398226430689487,0.31358008492571904,0,prime
2026-06-10,0.4314666379627571,0.6189961346731996,0,prime
2026-06-10,0.7765950685808118,0.46723394090853876,0,prime
2026-06-10,0.8908739713928425,1.0,1,subprime
2026-06-10,-0.966907538138505,0.856125348632077,1,prime
2026-06-10,-0.4758293864537254,0.7384656785112913,1,subprime
2026-06-10,-0.8269241261877961,0.8876722814378744,1,subprime
2026-06-10,-0.12084993250048516,0.884573258529206,1,prime
2026-06-10,1.522656229976877,0.7498015801344345,1,prime
2026-06-10,-0.4297703831388045,1.0,1,subprime
2026-06-10,-0.17986429043829055,0.0,0,prime
2026-06-10,-0.46129076019994425,1.0,1,prime
2026-06-10,1.0455874396049607,0.618756921909396,0,prime
2026-06-10,1.653631291456389,0.8806813162476822,1,prime
2026-06-10,0.47952490258224556,0.6598245449519288,0,prime
2026-06-10,0.3232048665868475,0.2953149200832186,0,prime
2026-06-10,0.7756408852163033,0.4038233571630149,1,prime
2026-06-10,-1.3596202229387466,0.34010546455911095,0,prime
2026-06-10,0.13895625816472304,0.565871571434799,1,prime
2026-06-10,-0.9644483767163288,0.0,0,prime
2026-06-10,0.5527277679398395,0.8224218418570906,1,prime
2026-06-10,-0.8716604831181567,0.42742751424908665,1,prime
2026-06-10,-1.091865592843409,0.2127403136399173,0,prime
2026-06-10,-0.7539652553003787,0.7320982204958593,1,subprime
2026-06-10,0.8434058686187724,0.647681441482831,0,prime
2026-06-10,0.6096430927096398,0.10812979661278398,0,prime
2026-06-10,0.23703177966619077,0.0,0,prime
2026-06-10,-1.6240036293973936,0.6082775455004417,0,prime
2026-06-10,-0.7379006216826253,0.0,0,prime
2026-06-10,0.6824370228097298,1.0,1,prime
2026-06-10,0.007887745953989117,0.5153649247210559,1,prime
2026-06-10,1.2437836825969506,0.9978429290256446,1,prime
2026-06-10,0.31378962988786635,0.09017967279906089,0,prime
2026-06-10,-0.3206640342176093,0.547472323998472,0,subprime
2026-06-10,-2.081818339067983,0.08708804528744638,0,prime
2026-06-10,-1.0950876053162326,0.24321317210489343,0,prime
2026-06-10,0.3387157309139861,0.0,0,prime
2026-06-10,0.4871432663301247,0.4243112188059301,0,subprime
2026-06-10,0.5523855219100753,0.8601928718268566,1,prime
2026-06-10,-0.31323085436872494,0.5834290738218355,0,prime
2026-06-10,-0.93035917667109,0.0,0,prime
2026-06-10,0.39070430174831644,0.313875744303415,0,prime
2026-06-10,0.323228573657704,1.0,1,prime
2026-06-10,0.5894793587972774,0.888826310546708,1,subprime
2026-06-10,-0.783474975472511,1.0,1,prime
2026-06-10,0.6381653664481909,0.8233174592805255,1,subprime
2026-06-10,-2.546889418876662,0.6905828060074727,1,prime
2026-06-10,0.8524982918225579,0.6106753020222959,1,prime
2026-06-10,-0.5202173266676553,0.8679019831061237,1,subprime
2026-06-10,-0.07771695540360639,1.0,1,subprime
2026-06-10,-0.4655416549601116,0.0,0,prime
2026-06-10,-0.5576940473830764,0.5670293352867968,1,prime
2026-06-10,-0.017140119413343206,0.23880367565843508,0,subprime
2026-06-10,-0.11703537946061579,0.7386582220617371,1,prime
2026-06-10,-0.7053336001157252,0.4948214151726782,0,prime
2026-06-10,-2.3441485259617405,0.5956293812564909,1,prime
2026-06-10,1.0637610607281012,0.40075278711198975,1,prime
2026-06-10,1.671056666274539,0.6837465269219588,1,subprime
2026-06-10,0.19288597746993275,0.9191615500812405,1,prime
2026-06-10,0.535508415871409,0.3970866943668907,1,subprime
2026-06-10,0.8001646305377098,0.0,0,prime
2026-06-10,-1.0337733798979878,0.0,0,prime
2026-06-10,-1.2464607689410718,0.7285985031176572,0,subprime
2026-06-10,-0.04257752463866814,1.0,1,prime
2026-06-10,-1.5608018924327516,0.5766526056421959,0,prime
2026-06-10,-1.153102134081629,0.33334500399375905,1,prime
2026-06-10,0.5509195820226604,0.6347360867969273,1,prime
2026-06-10,0.2548946849402134,0.07026994157315689,0,prime
2026-06-10,-0.17196478710509172,0.9557932294994699,1,prime
2026-06-10,0.2788765640649726,0.4590404419745818,0,prime
2026-06-10,2.9847754056425466,0.6366377359309924,0,prime
2026-06-10,-0.17462258742391998,0.7354243588806114,1,prime
2026-06-10,0.9885679977250015,0.7147318666904136,1,prime
2026-06-10,-0.9905596720821663,0.8106758428445366,1,prime
2026-06-10,0.9822448537900017,0.08528621468370134,0,prime
2026-06-10,1.136779448748679,0.0,0,subprime
2026-06-10,-1.801551355413042,0.0,0,subprime
2026-06-10,0.15409600298868747,0.737717603581042,0,subprime
2026-06-10,-0.3510728338419087,0.17144221133705556,0,prime
2026-06-10,1.1289485541640856,0.0761685145030021,1,prime
2026-06-10,-1.6579721364914723,0.3015370267973027,0,subprime
2026-06-10,-0.6072196500064868,0.5668718994351516,1,prime
2026-06-10,0.33415008856587886,0.0,0,prime
2026-06-10,-2.272905342154839,0.21730096170390628,0,prime
2026-06-10,0.9560470703752605,0.9528997160571495,1,prime
2026-06-10,-0.31848640833085234,0.7673430637748188,1,prime
2026-06-10,-0.5822894973957118,1.0,1,prime
2026-06-10,1.188656937594172,1.0,1,subprime
2026-06-10,1.454529924091531,0.8236008530709619,1,subprime
2026-06-10,0.8645883013930422,0.6689616248002922,1,prime
2026-06-10,0.5619529623551672,0.3205919740010267,0,prime
2026-06-10,1.3173102717937302,1.0,1,prime
2026-06-10,-0.5046532107656319,0.3013088303256452,1,subprime
2026-06-10,0.46107298012939074,0.7626906932964282,1,prime
2026-06-10,0.6286878099120627,1.0,1,prime
2026-06-10,0.06666812281940768,0.0,0,prime
2026-06-10,-0.5855311365999571,1.0,1,prime
2026-06-10,-0.23538777849704784,0.4242005632396601,1,prime
2026-06-10,0.5027255001173229,0.636952076912891,1,prime
2026-06-10,1.4176975548692357,0.6132050124301771,1,prime
2026-06-10,-0.7817936321565906,0.9860561152255387,1,prime
2026-06-10,0.5838790578147851,0.777887222853452,1,subprime
2026-06-10,0.9605535319418463,0.0,0,subprime
2026-06-10,1.652548648927129,0.5372581656534681,1,subprime
2026-06-10,0.3502598743095933,0.08232230311788008,0,prime
2026-06-10,0.6386049316069677,0.5675217167369357,0,prime
2026-06-10,0.32376163872640357,1.0,1,prime
2026-06-10,-0.5013583299354256,0.7681911840238513,0,subprime
2026-06-10,0.43157694403472235,0.69310886656222,1,subprime
2026-06-10,0.43058493213083526,0.41999723729319977,1,prime
2026-06-10,2.4008751700952833,1.0,1,prime
2026-06-10,-0.5948777206267725,0.37048792877317666,1,subprime
2026-06-10,-0.748501085634213,1.0,1,subprime
2026-06-10,0.5689268815813967,0.7174684655499628,1,prime
2026-06-10,2.693111664513035,1.0,1,prime
2026-06-10,-1.172686243476219,0.7197160006709563,1,prime
2026-06-10,-1.5721369543390165,0.699989658678923,1,subprime
2026-06-10,-0.03204582613544527,1.0,1,prime
2026-06-10,-0.4195742240921762,0.0,0,prime
2026-06-10,-0.5679103355124522,0.4630088350802208,1,subprime
2026-06-10,-0.5123041489554425,0.2700507111641403,0,subprime
2026-06-10,0.7415594786594123,0.3738483733728345,1,prime
2026-06-10,-1.0322858598596338,0.49701252731141926,0,prime
2026-06-10,1.0238366579578433,0.21680157760364915,0,prime
2026-06-10,1.8591407764128118,0.7795172466090691,0,subprime
2026-06-10,-1.668198541500852,0.84272054031884,1,prime
2026-06-10,0.2540155636310376,0.3835288791651276,0,prime
2026-06-10,-2.5947372166825105,0.593564265187728,1,prime
2026-06-10,1.250381728022602,0.5086503067478317,1,prime
2026-06-10,1.0944747155523733,0.14623708107902045,0,subprime
2026-06-10,0.46933503389774295,1.0,1,subprime
2026-06-10,0.7998839395022435,0.7395068410715668,1,prime
2026-06-10,1.5601029671890196,0.36371395370954773,0,prime
2026-06-10,-0.2134787014791226,0.29527008200247,0,prime
2026-06-10,-0.5519253179699891,0.0,0,prime
2026-06-10,1.520862430534758,0.6675850749478863,1,prime
2026-06-10,-2.49953725832645,0.3539416793411221,1,prime
2026-06-10,-0.6866881796808766,0.9034882486783472,1,prime
2026-06-10,0.4882581369167265,0.6300391883703408,0,subprime
2026-06-10,-0.33668137102076573,0.0,1,subprime
2026-06-10,0.6785261269954742,0.12001151275209576,0,prime
2026-06-10,0.13199904916188773,0.1490644111427008,0,prime
2026-06-10,2.7886995889775443,0.8239282452694805,0,subprime
2026-06-10,0.5517358935335536,0.7372197647915406,0,prime
2026-06-10,0.7870328729058526,0.5784401385090456,1,prime
2026-06-10,-0.17260474687074848,0.28898746369456774,0,prime
2026-06-10,0.3266524319762136,0.6344541744376687,0,prime
2026-06-10,0.3715482979127846,0.44447570814803733,1,prime
2026-06-10,-0.05903903204599711,0.0,0,prime
2026-06-10,1.8384299091485892,0.9013399873277803,1,prime
2026-06-10,-0.723866745525268,1.0,1,prime
2026-06-10,0.7072938448455601,0.05811265035938751,1,subprime
2026-06-10,0.4124613334138579,0.6787477514639286,1,prime
2026-06-10,0.47418402103700363,0.34679612756407396,0,prime
2026-06-10,-0.3351652614867399,0.17255139758562954,0,subprime
2026-06-10,-1.3171161956140893,1.0,1,prime
2026-06-10,-0.7013114689891359,0.0,0,prime
2026-06-10,0.19162903622671085,1.0,1,prime
2026-06-10,0.3556788623191488,0.0,0,subprime
2026-06-10,0.13689325386894816,0.935819967576563,1,subprime
2026-06-10,0.8882899428835701,0.8035403002816713,1,subprime
2026-06-10,-0.24099478307561134,0.5559173377214418,1,prime
2026-06-10,-0.0913462252192044,0.35160015312614806,1,prime
2026-06-10,2.0400949952355116,0.51705507872099,1,prime
2026-06-10,-1.1900020687282933,0.0,0,prime
2026-06-10,0.21911782309180106,0.6823115475563628,1,subprime
2026-06-10,-0.21892575029674852,0.0,0,prime
2026-06-10,-0.11556961453773877,0.1296868020061776,0,prime
2026-06-10,0.26176689796177394,0.0,0,prime
2026-06-10,-0.13886436200119295,0.4173565598670981,0,prime
2026-06-10,-1.4392345319819682,0.0,0,prime
2026-06-10,-2.034418498954922,0.11269256664296816,0,prime
2026-06-10,-0.008343946561654984,1.0,1,prime
2026-06-10,-1.9342123883390976,0.7071449551269365,1,prime
2026-06-10,-0.8723342002253868,0.29955112870492673,0,prime
2026-06-10,0.7771248696957709,0.992060568199424,0,prime
2026-06-10,-0.8526206725732002,0.0,0,prime
2026-06-10,-0.3959320260489394,0.36830046713963566,0,prime
2026-06-10,-0.48057405478243126,0.08273331179857699,0,subprime
2026-06-10,0.6338064165932114,1.0,1,prime
2026-06-10,1.9085972180345836,0.12535577604813436,0,prime
2026-06-10,-2.050761681070948,0.6665037196708137,1,prime
2026-06-10,0.6973239406135957,0.8373366844984643,1,prime
2026-06-10,-0.4970568877027488,0.016841075111846876,0,prime
2026-06-10,0.521667456997858,0.28077966618080924,0,subprime
2026-06-10,-0.6604019584712368,1.0,1,subprime
2026-06-10,-0.057726727186200436,0.0,0,subprime
2026-06-10,0.5006334188318966,0.5069586122501846,1,subprime
2026-06-10,-0.5722845334709258,0.5472022890959976,0,subprime
2026-06-10,-1.4838259003911582,0.2746149059487214,1,prime
2026-06-10,-1.007788633942536,0.6614977171662377,1,prime
2026-06-10,-0.8811305615803031,0.9502527641644348,1,subprime
2026-06-10,1.1288321532804284,0.618605264935407,1,prime
2026-06-10,-0.856720267498131,0.0,0,subprime
2026-06-10,0.03139989210150154,0.7655136847224806,1,prime
2026-06-10,-0.4530796981145913,0.6603053743809956,1,prime
2026-06-10,1.42449293150609,0.0,0,prime
2026-06-10,1.352835859161226,0.6478250985034893,0,prime
2026-06-10,0.3159562568894771,0.11460965363359187,0,prime
2026-06-10,-1.1336057219577962,0.6036082804474142,1,prime
2026-06-10,0.2357632235142022,0.0,0,prime
2026-06-10,-0.2213369955160464,0.0,0,prime
2026-06-10,-1.103686005492503,0.5559442401404977,0,subprime
2026-06-10,0.3292863670521277,1.0,1,subprime
2026-06-10,1.1704655009496838,0.5423227755050115,0,prime
2026-06-10,-1.138713096444012,1.0,1,subprime
2026-06-10,0.6782245010021508,0.7910323358356135,1,prime
2026-06-10,0.9822246582284813,0.4029597425786433,0,prime
2026-06-10,-0.7801022042828264,0.3561037867259004,0,prime
2026-06-10,-0.14858068287812531,0.6007106060638571,1,prime
2026-06-10,0.37390052259631795,0.6581140844893338,0,prime
2026-06-10,-1.1373561305850928,1.0,1,subprime
2026-06-10,-0.9469073715762572,0.3945747283528993,0,prime
2026-06-10,-0.5900692489538238,0.955564518735953,1,prime
2026-06-10,0.01565199845127952,1.0,1,subprime
2026-06-10,0.15459350060588012,0.8411188974657855,1,prime
2026-06-10,0.22989504419593293,1.0,1,prime
2026-06-10,0.3229839274294689,0.5526902299181723,0,subprime
2026-06-10,1.2640158255960987,0.12419751346106825,0,prime
2026-06-10,0.4195480118702556,0.08777319750268325,0,subprime
2026-06-10,0.8216155835843657,0.0,0,subprime
2026-06-10,0.2613677217573204,0.2700544407101827,0,prime
2026-06-10,1.1847855997521761,0.6437310389027162,1,subprime
2026-06-10,2.8773604589180386,0.8213935411232014,1,prime
2026-06-10,-1.1960573122256712,0.5818619581457444,1,prime
2026-06-10,0.7441322256243588,0.0,0,prime
2026-06-10,-0.7152832449014056,0.2640400265173472,0,subprime
2026-06-10,-0.25183713153011866,0.0,0,subprime
2026-06-10,1.3368810898508723,0.2122060791533097,1,prime
2026-06-10,-0.005782386118898298,0.3003048023128708,1,prime
2026-06-10,-0.5500361003798091,1.0,1,prime
2026-06-10,0.5679216872724415,1.0,1,prime
2026-06-10,0.1801809056733146,0.4636849015201053,0,prime
2026-06-10,1.070468717640459,0.22322895733841092,0,prime
2026-06-10,0.9113091456222515,0.0,0,subprime
2026-06-10,1.6102593448845801,0.29507415563408446,1,prime
2026-06-10,-0.2768328764011287,0.9092632325701706,1,subprime
2026-06-10,-1.1692304247372887,0.27119216823571124,0,prime
2026-06-11,-0.8468704083810162,0.0,0,prime
2026-06-11,-0.3820618113293917,0.2790293617151238,0,prime
2026-06-11,-0.8914887397641705,0.3606715618890637,0,prime
2026-06-11,-0.15304912722654493,0.0,0,prime
2026-06-11,1.035645361267414,0.09145552583108721,0,prime
2026-06-11,-1.3546715012332182,0.8462291032319854,0,prime
2026-06-11,1.8828892914794961,0.7239897081224705,1,prime
2026-06-11,0.13228371592329943,0.3471083530828823,0,prime
2026-06-11,0.1820129160745172,0.8124300681624177,1,subprime
2026-06-11,0.7515654510382027,0.3467207533670285,0,prime
2026-06-11,0.5566385229115914,0.8092217594968117,1,subprime
2026-06-11,2.526441394539377,0.9905885377606518,1,prime
2026-06-11,1.7159206372023335,0.36226775293670055,0,prime
2026-06-11,0.9862920054316165,0.13676542368049838,0,prime
2026-06-11,0.6618132723036056,0.721344730733386,0,prime
2026-06-11,0.35850369403650006,1.0,1,prime
2026-06-11,-0.06389614718041531,0.8697965607696914,1,prime
2026-06-11,-0.2673257644613908,1.0,1,prime
2026-06-11,-1.3963526293931934,0.07553638579207364,0,prime
2026-06-11,0.12253904387066082,0.6311458481491423,0,prime
2026-06-11,-0.8368368098765225,0.7008442786987127,1,prime
2026-06-11,-0.3229717509015186,0.38151452939615216,0,subprime
2026-06-11,0.5440029153330677,0.5890541749937576,1,subprime
2026-06-11,-0.6058527836905049,0.8592698844475685,1,prime
2026-06-11,-1.3562452165732155,0.1723842894555544,0,subprime
2026-06-11,1.02330245507433,0.40990909188408536,0,prime
2026-06-11,-0.06605439218000483,0.7586916208291988,1,subprime
2026-06-11,0.1968479732830343,0.0,0,subprime
2026-06-11,-1.9658412697031589,1.0,1,subprime
2026-06-11,0.3071301448216988,0.836299660651275,1,subprime
2026-06-11,0.5541982610989594,0.21039406673505467,0,prime
2026-06-11,0.9116864912207017,0.0,0,prime
2026-06-11,-0.010832830079638929,0.0,0,prime
2026-06-11,-0.2986164457583466,0.6127022620818048,1,prime
2026-06-11,-0.8472537663593132,0.4286415460729676,0,prime
2026-06-11,0.7101185316324107,0.9403012345841087,1,prime
2026-06-11,1.038201058962305,0.0,0,prime
2026-06-11,-0.547521341071397,0.9109480350407226,1,prime
2026-06-11,-0.6821724268711155,0.680627552467683,1,prime
2026-06-11,1.0744579938249699,0.932918088146716,1,subprime
2026-06-11,-0.6704331748786607,0.2623358399928383,0,prime
2026-06-11,-0.6799863218238077,0.3109146694076656,0,subprime
2026-06-11,-1.980912805466814,1.0,1,prime
2026-06-11,-0.494875690086747,0.489239007425624,0,prime
2026-06-11,0.8871057841256568,0.8168931436180524,1,subprime
2026-06-11,-0.15886664373868647,0.20804036100897302,0,subprime
2026-06-11,1.1723300110584287,0.13748905545062617,0,prime
2026-06-11,0.9038664710815202,0.12636289164481307,0,prime
2026-06-11,0.939877566021826,0.07570689736926436,0,prime
2026-06-11,-0.15505467377798493,0.29034231701112356,0,prime
2026-06-11,-0.06902014829164813,1.0,1,prime
2026-06-11,0.5349371413712467,0.745920135918406,1,prime
2026-06-11,-0.4981082130697808,0.39542332528013613,0,prime
2026-06-11,0.9556485853388812,0.8432255918860825,1,prime
2026-06-11,-1.1611040224340547,0.5897783810513656,1,prime
2026-06-11,-0.8501713409066669,0.02884433689313265,0,prime
2026-06-11,1.1765152704748776,0.016339109863378998,0,prime
2026-06-11,-1.9795454734731752,1.0,1,subprime
2026-06-11,-0.9221886613523224,0.20329198892766887,0,prime
2026-06-11,-1.6506124997512386,0.21163294119570142,1,prime
2026-06-11,-0.23811052136913596,0.8465479423451225,1,subprime
2026-06-11,-2.08299827348474,0.20120806998310783,0,prime
2026-06-11,-0.3776275828966316,0.17335248046460966,0,prime
2026-06-11,-2.257768740216403,0.0,0,subprime
2026-06-11,1.4739821304122147,0.4157656379860506,0,subprime
2026-06-11,1.071862218464338,1.0,1,prime
2026-06-11,-1.0079257656036626,0.9504102930009264,1,subprime
2026-06-11,1.201578346871427,0.0,0,subprime
2026-06-11,-0.11964594731837518,0.3290307186136032,1,prime
2026-06-11,0.08405253868167929,0.920644810781945,1,subprime
2026-06-11,-0.7020200443064941,0.4586498091717621,0,prime
2026-06-11,-0.13821227406945857,0.5078664957628362,1,prime
2026-06-11,0.5698543715780574,0.633998910813852,1,prime
2026-06-11,-0.7008503444792171,0.0,0,prime
2026-06-11,-0.7217002403892929,1.0,1,subprime
2026-06-11,-1.1594347008000039,0.2091195717596524,0,prime
2026-06-11,1.498284124014086,0.3861091003849223,0,subprime
2026-06-11,0.9826414456848523,0.10534631892311241,0,prime
2026-06-11,-0.9287017542411572,0.7029670219209453,1,prime
2026-06-11,-0.9274632953087377,0.0,0,prime
2026-06-11,1.7598414496576955,1.0,1,prime
2026-06-11,-0.22067285362004727,0.030116414963208604,1,prime
2026-06-11,-0.30159557649951346,0.6740589512263577,1,prime
2026-06-11,-0.861659183444018,0.21745877499671912,0,prime
2026-06-11,0.9472069351840162,0.524590416968931,0,prime
2026-06-11,-2.2937237961232126,0.538153940509477,0,prime
2026-06-11,-1.9093396232068,0.6369822248166751,0,subprime
2026-06-11,0.9941529311191695,0.25080378135723713,0,prime
2026-06-11,-0.29227052845723545,1.0,1,prime
2026-06-11,0.13558614402562658,1.0,1,prime
2026-06-11,0.11353369685093692,1.0,1,prime
2026-06-11,-2.145577080870253,0.20117933592543144,0,subprime
2026-06-11,-0.342310007921867,0.23617170122891096,0,prime
2026-06-11,0.6843197034508727,0.3930472995557026,0,prime
2026-06-11,-0.9695124761615164,1.0,1,prime
2026-06-11,1.1368755054030375,1.0,1,prime
2026-06-11,0.8208260251307855,0.1432471195734022,0,prime
2026-06-11,0.5982569445352018,0.0,0,subprime
2026-06-11,-0.857766194165297,0.07410342725152178,0,prime
2026-06-11,1.2319997869987147,0.014164457304959188,0,subprime
2026-06-11,-1.3387330933506816,0.2978081991798349,1,prime
2026-06-11,0.9279672151544964,0.5818881959985813,1,prime
2026-06-11,1.2997129340337132,0.0811465090357307,0,prime
2026-06-11,-0.07459692932422649,0.965709456498568,1,prime
2026-06-11,-1.7741244036622557,0.0,0,prime
2026-06-11,0.33371415583509734,0.48855510850864176,0,prime
2026-06-11,0.8460987474381357,0.656911876282223,1,prime
2026-06-11,0.31051705090650644,0.7156623927554214,0,prime
2026-06-11,0.4928967004352309,0.4986097582007059,1,prime
2026-06-11,1.2307013358541334,1.0,1,subprime
2026-06-11,-0.7455486274968894,0.40998181274748696,1,subprime
2026-06-11,-0.04852119687771865,0.33522636606396655,0,prime
2026-06-11,-0.07817380188238587,0.059938186165118285,0,prime
2026-06-11,1.4372366493378366,0.810016053151565,1,prime
2026-06-11,-2.4620745794455843,0.33610481251885344,0,subprime
2026-06-11,0.8209801520937148,0.0,0,prime
2026-06-11,-0.30365505122737807,0.9817536252649287,1,prime
2026-06-11,-1.8538176869318463,0.0,0,prime
2026-06-11,-0.5930582479746059,0.04284785291706672,0,prime
2026-06-11,1.0514505092011912,1.0,1,prime
2026-06-11,2.458387095703446,0.4837521267127788,0,prime
2026-06-11,-0.0009286760729303894,0.5235354996049951,1,subprime
2026-06-11,0.02922007108704516,0.29448139044829813,0,prime
2026-06-11,-0.5225429910283038,0.19937895571176906,0,prime
2026-06-11,0.6256196590489396,0.1671266288849958,0,prime
2026-06-11,-1.248538348966967,0.0,0,prime
2026-06-11,-0.41786201197924133,0.20272518301318265,1,subprime
2026-06-11,0.10040440122722401,0.021282008848684225,0,subprime
2026-06-11,-0.00910769502988688,0.7183286513660272,1,prime
2026-06-11,3.233022705650621,0.0,0,subprime
2026-06-11,0.35310660470570415,0.09224628615462832,0,prime
2026-06-11,-1.452945536691674,0.6366541195551477,1,subprime
2026-06-11,-0.4458487210366187,0.9224345212638612,1,subprime
2026-06-11,-2.1018279642055804,0.7375476188595241,1,subprime
2026-06-11,-0.7112486759888926,0.273066626383239,1,prime
2026-06-11,0.3524467049668578,0.2518251609941684,0,prime
2026-06-11,1.1326477209686643,0.9955049416647401,1,subprime
2026-06-11,-0.233357257253351,0.7300758312710081,0,prime
2026-06-11,-1.701545773365112,0.33881580457056026,0,prime
2026-06-11,0.2491281552628452,0.23157126069544703,0,prime
2026-06-11,0.39909056546447463,1.0,1,prime
2026-06-11,0.24580077887199842,1.0,1,prime
2026-06-11,1.0838546151364408,0.14654168247064048,0,prime
2026-06-11,1.8461559461543087,0.1300418693944626,0,prime
2026-06-11,2.193981120162528,0.39326090653583023,0,prime
2026-06-11,-1.479404808940908,0.2516858866028078,0,prime
2026-06-11,0.2990209594840947,0.5245113580102749,1,prime
2026-06-11,-1.2300186385108434,0.6488463437062596,1,prime
2026-06-11,-1.3700668259889666,0.028059675342367835,0,prime
2026-06-11,-1.5859962122562326,0.9165127976472397,0,prime
2026-06-11,-0.18618379330457133,0.6292845687666839,0,prime
2026-06-11,0.5945468375263644,0.37110211011070554,0,subprime
2026-06-11,0.8019476658443399,0.6104886035261926,1,prime
2026-06-11,-0.2761182577227204,0.26565664196735783,0,prime
2026-06-11,0.5592128893380194,0.17004667994591136,0,prime
2026-06-11,-1.3201106143483687,0.9692126412869166,1,prime
2026-06-11,-1.4205892574645078,0.8988816406735134,1,prime
2026-06-11,0.9062274806573868,0.0,0,subprime
2026-06-11,-0.7265939074347211,0.48596205377242296,1,prime
2026-06-11,-0.7558298854190816,0.30273246534929665,0,subprime
2026-06-11,0.08514165848312565,0.0,0,prime
2026-06-11,2.278961061005475,0.0,0,prime
2026-06-11,0.19818769428311375,0.06634553613500052,0,subprime
2026-06-11,1.1775931433721374,1.0,1,subprime
2026-06-11,2.317742877369764,0.34418834758281325,0,prime
2026-06-11,0.6946066675497553,0.31747220553143063,0,prime
2026-06-11,0.19312554312990055,1.0,1,prime
2026-06-11,-1.947670504521977,0.9390650838811156,1,prime
2026-06-11,1.4869563825762455,1.0,1,prime
2026-06-11,0.4262983004134045,0.49336234317277555,0,subprime
2026-06-11,-0.3820895043047257,0.725428086733,1,prime
2026-06-11,0.2690845594407066,0.19180415011051566,0,prime
2026-06-11,0.3907838228590931,0.6168325912894239,1,subprime
2026-06-11,1.5376253640024256,0.09562190857969319,0,prime
2026-06-11,1.2999426634595892,0.3447181519690883,1,prime
2026-06-11,0.002175004131888827,0.47999529944742125,1,prime
2026-06-11,-0.00282332815637038,0.5811600828124782,1,prime
2026-06-11,-0.9897159108011839,0.022059625093485496,0,prime
2026-06-11,-1.0606139233024467,0.5201777304665348,0,subprime
2026-06-11,1.3894242741097262,1.0,1,subprime
2026-06-11,-0.7048068190829578,0.22968959726220134,0,subprime
2026-06-11,1.048985627396653,0.8209045670256234,1,subprime
2026-06-11,1.6858476000068165,0.9688067320639495,1,prime
2026-06-11,0.08322762016431931,0.18591462828602756,0,prime
2026-06-11,-0.2240766171785719,0.7402910589250905,1,prime
2026-06-11,0.791475740970283,0.3123043870831183,1,prime
2026-06-11,0.9775279922387161,0.5728472626609689,0,prime
2026-06-11,0.6436437471096319,0.7887479258312479,1,subprime
2026-06-11,0.7249076464501719,0.0,0,prime
2026-06-11,0.6854510307302606,1.0,1,subprime
2026-06-11,-1.062555914542116,1.0,1,prime
2026-06-11,0.17680102152299346,1.0,1,prime
2026-06-11,-0.8503402170447835,0.0,0,subprime
2026-06-11,-0.8116464940282383,0.5987135171413347,1,prime
2026-06-11,0.48935765308914214,1.0,1,subprime
2026-06-11,-0.2293000559507505,1.0,1,prime
2026-06-11,-0.5620614631922837,0.06496915176401263,0,prime
2026-06-11,-1.288667766222453,0.40726228608736614,0,prime
2026-06-11,-1.1735177669033483,0.7529829252389169,1,prime
2026-06-11,1.5230381727989226,0.0,0,prime
2026-06-11,0.8089784738461774,0.04567675667183904,0,subprime
2026-06-11,-0.1257114021423185,0.23725389722154402,0,prime
2026-06-11,-0.9544940996273775,0.801537642072182,1,prime
2026-06-11,1.4694613250433808,0.3321073009988647,1,prime
2026-06-11,0.8110590944560095,0.10011072034689428,1,prime
2026-06-11,0.1171954860147859,0.549907430476974,1,subprime
2026-06-11,-0.8938759940650202,1.0,1,prime
2026-06-11,-0.9919178128562627,0.1068643725242544,0,prime
2026-06-11,0.17360029658136034,0.0,0,prime
2026-06-11,-1.1013161212718137,0.3480470450908104,1,prime
2026-06-11,0.6965629512152247,0.9295664454714769,1,prime
2026-06-11,1.1169831588435026,0.275633945888673,0,prime
2026-06-11,0.3590022402353514,0.886616930795549,1,prime
2026-06-11,-1.947076881121704,0.5100854337753001,0,subprime
2026-06-11,1.6404387473845674,1.0,1,subprime
2026-06-11,1.1355435602827637,1.0,1,prime
2026-06-11,0.29176091174709373,0.709363055789163,1,prime
2026-06-11,2.0248344069985973,1.0,1,subprime
2026-06-11,-0.7931773972273306,0.8752630286992739,1,subprime
2026-06-11,0.32318726212527327,0.1047054453206751,0,subprime
2026-06-11,-1.8497887156279382,1.0,1,subprime
2026-06-11,-0.44835554990897775,0.6070474216338512,1,subprime
2026-06-11,-0.662747066228417,0.7275292662741273,1,prime
2026-06-11,0.5673746824756848,0.09102540638318216,0,prime
2026-06-11,-1.659144305473206,0.12156705816719154,0,subprime
2026-06-11,0.00592562120320119,0.8335502745672032,0,prime
2026-06-11,1.4577096989477,1.0,1,subprime
2026-06-11,-1.2859592009513168,0.8351244371986117,1,prime
2026-06-11,0.10414751287903204,0.9076855832226709,1,prime
2026-06-11,-1.4435782193359947,0.7832704828127759,1,prime
2026-06-11,0.5977783587361226,0.9086557911816978,1,subprime
2026-06-11,-0.42539900951534165,1.0,1,prime
2026-06-11,0.35392959164839943,0.1982558021056201,0,prime
2026-06-11,-0.8498719636689125,0.787473932646325,0,prime
2026-06-11,0.9874419737299088,0.5807351307414221,0,prime
2026-06-11,-1.2160485641005163,0.924316602070101,1,prime
2026-06-11,-0.17595120908819065,0.11106310999370249,0,subprime
2026-06-11,-0.3762522228274176,0.4967688401480118,0,subprime
2026-06-11,0.3985516661553211,1.0,1,prime
2026-06-11,0.8893254515109519,0.7407117156890796,1,subprime
2026-06-11,-0.48903115181587725,0.5212164285647192,1,prime
2026-06-11,-0.7458355355006591,0.5237142213989684,1,subprime
2026-06-11,-1.0282349777271436,0.307147216272713,0,prime
2026-06-11,0.08195600389939449,0.17170508745747276,0,prime
2026-06-11,-0.7913436902867597,0.27112802213939113,1,prime
2026-06-11,-2.2385302952290442,0.8074742844567558,1,subprime
2026-06-11,0.6851257156629015,0.0,0,prime
2026-06-11,-0.30963982158098624,0.7208338373966425,1,prime
2026-06-11,-0.8664899707930481,0.352438367723255,1,prime
2026-06-11,1.7316059613977142,0.0,0,prime
2026-06-11,-0.4257805808945596,0.5364411813967527,1,prime
2026-06-11,0.9212056681506695,1.0,1,prime
2026-06-11,-0.8733784174786422,0.20837372655769149,0,prime
2026-06-11,-1.5881488120974012,0.21987134458298813,0,prime
2026-06-11,-0.004910932993503341,1.0,1,subprime
2026-06-11,-0.24261571903293952,0.7026823381702103,1,prime
2026-06-11,-0.7045267242251233,0.5281545579305804,0,prime
2026-06-11,-0.6372020907823248,0.1773922567732938,0,subprime
2026-06-11,-0.046679971581604605,0.7279822718774132,1,prime
2026-06-11,-0.5537105114085336,1.0,0,subprime
2026-06-11,0.7183315937082045,0.6335766021421398,0,prime
2026-06-11,0.6335393166055225,0.0,0,prime
2026-06-11,-1.453952949784826,0.7852621607352089,1,prime
2026-06-11,-0.27218891705718173,0.6357066605950688,0,prime
2026-06-11,0.8832889508257034,0.5225655934790782,0,prime
2026-06-11,-1.2527166809684211,0.48549971735842345,1,prime
2026-06-11,-0.3343408436295853,0.11087384602639302,0,subprime
2026-06-11,-1.3054188594266851,0.0,0,subprime
2026-06-11,0.5265457704966584,0.6411512340069412,1,subprime
2026-06-11,0.2601879839628504,0.15055422823517406,0,subprime
2026-06-11,-1.3036864412354847,0.0,0,prime
2026-06-11,1.5595897370838419,0.42547242379314515,1,subprime
2026-06-11,0.16131157556617073,0.0,0,prime
2026-06-11,1.463325018516974,1.0,1,prime
2026-06-11,-2.580937193539613,0.38084992737068074,1,prime
2026-06-11,0.10062708867501541,1.0,1,prime
2026-06-11,0.7090823797171902,0.0,0,subprime
2026-06-11,-0.2830087058147713,0.6359528224268833,1,subprime
2026-06-11,0.7336726398406741,0.3045740920964432,0,prime
2026-06-11,0.8352664426100113,0.29801308467582505,1,subprime
2026-06-11,0.4065698953828005,0.41657915603055595,0,prime
2026-06-11,-1.4776180543024728,0.6811564260901058,1,prime
2026-06-11,0.8041226860307372,0.7100575476089886,1,prime
2026-06-11,-0.41025109838984614,0.9613804070570552,1,subprime
2026-06-11,-0.06962514107778055,0.4928726746980941,1,prime
2026-06-11,0.5646191941771088,0.15355927279377296,0,prime
2026-06-11,-0.8001062215618611,0.2082896076923566,0,prime
2026-06-11,-0.3456692297904419,0.3196177375216732,1,prime
2026-06-11,-2.6370237600880664,0.3940376652772764,1,prime
2026-06-11,-1.0031672734614132,0.7769625536271385,1,prime
2026-06-11,-0.1419623012714456,0.7648851384886949,1,prime
2026-06-11,-0.599716603681523,0.5573603720946898,0,prime
2026-06-11,-0.3910772432695344,0.4564157989274781,1,prime
2026-06-11,-1.1908815616496167,0.5384370740636955,0,prime
2026-06-11,0.24574465314798552,0.0,0,subprime
2026-06-11,-0.12093039981147491,0.573643025549678,1,subprime
2026-06-11,-2.462886384600737,0.24591408461422531,0,prime
2026-06-11,0.8498535560597854,0.6118944775605619,0,subprime
2026-06-11,-0.10397667572579963,0.4408038428816977,0,prime
2026-06-11,-0.02757909716071193,0.33137919379948433,0,prime
2026-06-11,-0.5982096560531083,0.8326735875122991,1,subprime
2026-06-11,1.615701463501309,0.5205410531056757,0,prime
2026-06-11,-0.053981687555165594,0.5696733232188064,1,prime
2026-06-11,0.030904359825673994,0.0,0,prime
2026-06-11,-0.9181282448505993,1.0,1,prime
2026-06-11,0.07812252580503103,0.5833702024457814,1,subprime
2026-06-11,-0.3759276515632688,0.5348633067640601,0,subprime
2026-06-11,0.7210609329380961,0.27451306968394246,0,prime
2026-06-11,-0.7819632731917523,0.30479501890566557,0,subprime
2026-06-11,0.6799427576200616,0.008058995062437735,0,subprime
2026-06-11,-2.8953323757339238,0.815420457580577,1,prime
2026-06-11,-1.8585083593779037,0.5897673526402456,0,prime
2026-06-11,-0.22875273433701476,0.0862441463461106,0,prime
2026-06-11,-0.18357013764670202,0.2510030222227931,0,subprime
2026-06-11,1.0900406495166162,0.46997014244257745,1,subprime
2026-06-11,-0.22757859776895065,0.0,0,subprime
2026-06-11,1.191422153678593,0.0,0,subprime
2026-06-11,0.40716082181587215,0.26620965611109304,0,prime
2026-06-11,0.8423763868612257,0.0854656751707428,0,prime
2026-06-11,0.007266246593719487,0.3514832663460701,0,prime
2026-06-11,-1.9598308218298501,0.19384620312971368,1,prime
2026-06-11,-0.7162199853558251,0.8661061572073185,0,prime
2026-06-11,0.9543107284367797,0.29855628833234954,0,prime
2026-06-11,1.1683486925635425,1.0,1,prime
2026-06-11,-1.1092909233066508,0.42339962408613896,0,prime
2026-06-11,-0.12716688290962597,0.9102442754824499,1,prime
2026-06-11,0.21373667299716329,0.9758964598814149,1,subprime
2026-06-11,0.1444195111439556,1.0,1,prime
2026-06-11,1.4995632588782934,0.6671342767869999,1,prime
2026-06-11,-0.33476274749522306,0.9853168797594696,1,subprime
2026-06-11,0.17124241474779375,0.0,0,subprime
2026-06-11,1.3122417794823247,0.0,0,prime
2026-06-11,0.7087165004246622,1.0,1,prime
2026-06-11,-0.40773964907420623,0.0,0,prime
2026-06-11,0.25223159427294706,0.0,0,prime
2026-06-11,-0.7196288044844665,0.28325710090061323,1,prime
2026-06-11,0.3956459307071869,0.19652460958426213,0,prime
2026-06-11,0.17165242744451692,0.08006418973177881,0,prime
2026-06-11,1.4025659324518043,0.5187142364862015,1,subprime
2026-06-11,-0.7573793540645222,0.0,0,subprime
2026-06-11,-1.062751083509123,0.41918236745044957,0,prime
2026-06-11,0.8295990316898991,0.9770890572075622,1,subprime
2026-06-11,-0.15254911734359292,0.0,0,subprime
2026-06-11,-1.687260624006538,0.3146958439704302,0,prime
2026-06-11,-0.5265925449253978,0.11520758568146526,0,prime
2026-06-11,-0.013044648366174983,0.05235385791048422,0,prime
2026-06-11,0.23534410747952306,0.9154970151404612,1,prime
2026-06-11,0.5314410549767928,0.27631948303727294,0,prime
2026-06-11,0.6844898880072514,0.10139290123159495,1,prime
2026-06-11,1.2159928134574334,0.4120902452325302,1,prime
2026-06-11,1.414673178438475,0.012413645516517163,0,prime
2026-06-11,-0.056740776395873355,0.3941862674865946,0,prime
2026-06-11,-0.7130237439367341,0.7581927778510194,0,subprime
2026-06-11,-0.14885781953683241,0.38690870594112414,0,subprime
2026-06-11,-1.837137543368969,0.9801472452009906,1,prime
2026-06-11,-0.6788820972434266,0.6589129740988966,1,prime
2026-06-11,0.07158066986901432,0.6781067364634588,1,subprime
2026-06-11,0.38046219429300315,1.0,1,prime
2026-06-11,0.1521168743958084,0.4169667214462815,0,subprime
2026-06-11,0.8987474784203308,0.6140952625806526,1,subprime
2026-06-11,0.3730369093968994,0.14890853838079732,0,prime
2026-06-11,0.10300224333423226,0.0,0,prime
2026-06-11,-0.6224158980054615,0.5925244521231854,1,subprime
2026-06-11,1.095703980759583,0.763249010164468,1,prime
2026-06-11,-0.818889489390721,0.0,0,prime
2026-06-11,0.7153813004367334,0.0,0,subprime
2026-06-11,0.3711883161923016,0.48465160878653807,0,prime
2026-06-11,-0.8701798710605291,0.0,0,prime
2026-06-11,-0.35111199395722387,0.24264430936096532,0,subprime
2026-06-11,1.324505056803042,0.18822177267192047,0,subprime
2026-06-11,-1.1634774311859912,1.0,1,prime
2026-06-11,-0.6100166881418634,0.4033724986941104,0,prime
2026-06-11,-0.8063289436270121,0.9328961791406148,1,prime
2026-06-11,0.294518207878394,0.39149412231754943,0,prime
2026-06-11,-1.1525242861671383,0.0,0,subprime
2026-06-11,-0.8019387562655347,0.0,0,prime
2026-06-11,-0.6837952725468245,0.7925894009834136,1,prime
2026-06-11,0.7659293528688721,0.08143435943113583,0,prime
2026-06-11,0.6759077801004104,0.0,0,subprime
2026-06-11,1.4865625773694982,0.9474984140955494,1,prime
2026-06-11,-1.507225289839859,0.609317118853765,1,prime
2026-06-11,-0.7387785079756055,0.23615160020492704,0,prime
2026-06-11,0.9281248907352198,0.4092767078041246,1,prime
2026-06-11,-0.2535576717044983,0.9736721074918949,1,prime
2026-06-11,-0.03389861281746433,0.8356015015877574,1,subprime
2026-06-11,-0.7164562038437704,1.0,1,subprime
2026-06-11,-0.5380414118198115,1.0,1,prime
2026-06-11,-0.028333545894908982,0.9398066432046498,1,subprime
2026-06-11,-0.04333584067017226,0.8755371621723519,1,subprime
2026-06-11,-2.030252549955031,0.0,1,prime
2026-06-11,0.8902507901009495,0.0,0,prime
2026-06-11,0.4446347740495395,1.0,1,prime
2026-06-11,-0.5800768888921117,0.7558807304223527,1,prime
2026-06-11,-0.7542417110925719,0.0,0,subprime
2026-06-11,-1.527392741762319,0.97820846674473,1,prime
2026-06-11,1.7727679936599543,0.9882374826920907,1,prime
2026-06-11,-0.193911242499753,0.22996333000811908,0,prime
2026-06-11,-0.304516113901824,0.5846889044213651,1,subprime
2026-06-11,2.4102199243977895,0.6458060975873686,1,subprime
2026-06-11,-1.302608494580464,0.0,0,prime
2026-06-12,-0.2884500554387081,0.8796722223469223,1,prime
2026-06-12,-0.4039806638658733,0.7176961674399156,0,prime
2026-06-12,0.12956397887404153,0.3559568694175409,0,subprime
2026-06-12,-0.3694645379564292,0.0,0,prime
2026-06-12,-0.31849601222755763,0.7554644198967877,1,prime
2026-06-12,-1.9553090845240344,0.5959365056780292,1,prime
2026-06-12,-0.9124671560573719,0.7608940285616398,1,prime
2026-06-12,0.015594252830120206,1.0,1,prime
2026-06-12,-0.29032664685178183,0.08161455645686708,0,subprime
2026-06-12,-0.9497056094142464,0.8155369437322522,0,subprime
2026-06-12,-0.5064304823927235,0.2150121471915342,0,prime
2026-06-12,-0.9285551795471833,0.2465528844656406,0,prime
2026-06-12,1.6917767835931448,0.5786644910211358,1,prime
2026-06-12,-0.5121652726119107,1.0,1,prime
2026-06-12,-0.2571958307003416,0.5641007654121477,1,subprime
2026-06-12,-0.7556414841848447,0.3874486056353125,1,prime
2026-06-12,0.13002413377854397,0.779842620121762,1,prime
2026-06-12,1.4048877282042367,0.7222760136854341,1,prime
2026-06-12,-0.14191737473635826,0.0,0,prime
2026-06-12,0.955235578810616,0.8283562308001116,1,subprime
2026-06-12,-1.4486098602036779,0.5080835068717835,1,subprime
2026-06-12,-0.3424334061763086,0.6498013299916637,1,subprime
2026-06-12,-0.38762193873725953,1.0,1,prime
2026-06-12,1.5335949318713153,0.936934584471733,1,prime
2026-06-12,-0.8761792610961567,1.0,1,subprime
2026-06-12,-0.034179544530763294,0.1837142135455913,0,subprime
2026-06-12,0.2250002666601576,0.0,0,prime
2026-06-12,1.021765381620413,0.565223039555655,1,subprime
2026-06-12,-1.834195658415864,0.9607128589807067,1,prime
2026-06-12,-1.0774287908345164,0.20442259818595915,0,prime
2026-06-12,0.34398348185325334,1.0,1,prime
2026-06-12,1.4669348876348263,0.4801548622436483,1,prime
2026-06-12,1.5129240060995024,0.0,0,prime
2026-06-12,0.5822471638370853,0.0,0,subprime
2026-06-12,0.9781886441117539,0.16053992540498865,0,prime
2026-06-12,-1.1174385085274408,0.570917548697394,1,prime
2026-06-12,0.47483328627324517,0.39490975009081764,0,prime
2026-06-12,-0.8669081532190229,0.8963209248424239,1,prime
2026-06-12,0.6554267136845225,0.38886023651253787,0,subprime
2026-06-12,0.6312024401760449,0.11898906953559099,0,prime
2026-06-12,-0.9128548449677125,1.0,1,prime
2026-06-12,-0.14673890919137914,0.0,0,prime
2026-06-12,-0.06278522631311051,0.12888617960348925,1,prime
2026-06-12,-0.3591103717146839,0.09656911476029464,0,prime
2026-06-12,0.9421256574237931,0.6008074149384222,1,prime
2026-06-12,-1.5447301673294573,0.3042033175335889,0,subprime
2026-06-12,0.9609207034792792,0.09410757472814096,0,prime
2026-06-12,-1.479879845619205,0.5347539429114869,0,prime
2026-06-12,2.2064127363157087,0.6784020664457172,0,prime
2026-06-12,-0.36233925751691204,0.7145241700842332,0,subprime
2026-06-12,-0.724740110100735,0.8203792511005006,1,prime
2026-06-12,-1.972768609527576,0.5283942694690653,0,prime
2026-06-12,2.19530494334001,0.3500297771615229,0,prime
2026-06-12,-0.46506444902865884,0.5355862713556576,1,subprime
2026-06-12,0.14609479549434268,1.0,1,subprime
2026-06-12,0.9798784962290163,0.17304462654256447,0,prime
2026-06-12,0.4152674334755322,0.7809265151660724,1,prime
2026-06-12,1.704915080971281,0.0,0,prime
2026-06-12,-0.3387595425679944,0.6231939094509245,0,subprime
2026-06-12,-1.9423674246640121,0.7786272304767753,1,subprime
2026-06-12,-0.3713876092059146,0.6931698391668395,0,prime
2026-06-12,0.044334474168964626,0.5565358439138386,1,prime
2026-06-12,-0.7805420262039986,1.0,1,subprime
2026-06-12,2.0330407837353923,1.0,1,prime
2026-06-12,-0.9882226278736206,0.14833479195389232,1,subprime
2026-06-12,-0.6848622037511103,1.0,1,subprime
2026-06-12,-1.087329060913663,0.4521378955133915,0,subprime
2026-06-12,-1.6292507560929883,1.0,1,subprime
2026-06-12,-0.5686920130164815,0.7547777351629978,1,prime
2026-06-12,0.12956106447097102,0.2750174100712846,1,subprime
2026-06-12,-0.7568887609078131,0.3429216707554257,0,subprime
2026-06-12,0.22341233015157402,0.473350137613955,1,prime
2026-06-12,0.3694617816274062,0.32985543312088444,1,prime
2026-06-12,-2.449963699651196,0.8383915381353089,1,prime
2026-06-12,0.2730381603968106,0.3458288442381865,0,prime
2026-06-12,-0.17748415128928213,0.8504461205798637,1,prime
2026-06-12,-0.9281631709660084,0.05158366635503184,0,prime
2026-06-12,-0.8285124541717593,0.8354907279453294,1,subprime
2026-06-12,-1.4942112339376492,0.8093382855529371,1,prime
2026-06-12,1.6058702866158505,0.4965490160997929,0,subprime
2026-06-12,-0.2941957967149312,1.0,1,prime
2026-06-12,-2.0770051875131297,0.0,0,prime
2026-06-12,-0.85251816688395,0.5806994052400485,1,subprime
2026-06-12,0.024202452513533233,0.7717568013914134,1,prime
2026-06-12,-0.5174237745100118,0.3490113535172853,0,subprime
2026-06-12,-0.8937181262857866,0.7559380653711933,1,prime
2026-06-12,-0.004300667910733397,0.6547998861239128,0,prime
2026-06-12,1.5782649393835397,1.0,1,prime
2026-06-12,0.7729415388166153,0.0,0,subprime
2026-06-12,0.8323349930588059,0.5787814016438227,1,prime
2026-06-12,0.28897671080653287,0.8432226347672293,1,subprime
2026-06-12,-0.4089019861574523,0.730651664784177,0,prime
2026-06-12,0.4258193969173223,0.6253187096806422,1,subprime
2026-06-12,1.1057715943390458,0.6708756992660767,0,prime
2026-06-12,0.32480891769219344,1.0,1,prime
2026-06-12,-0.9974690626604572,0.5063101384890653,1,subprime
2026-06-12,0.29418649350067544,1.0,1,subprime
2026-06-12,-1.1762227102950127,0.5327610586794469,0,prime
2026-06-12,1.001385948346219,0.4424152863624264,0,prime
2026-06-12,1.63558228430113,1.0,1,prime
2026-06-12,1.6530357627910683,0.729319179227226,1,subprime
2026-06-12,-0.4383347679079111,0.39335006324678645,0,prime
2026-06-12,0.27660241623217124,0.8706394078224255,0,subprime
2026-06-12,-0.5338324835593625,0.33317361353823793,0,prime
2026-06-12,0.19501328294732906,0.5789861042080282,0,prime
2026-06-12,0.5878417497882971,0.8048031050962708,1,prime
2026-06-12,-0.6223052243141911,0.8716510136049318,1,prime
2026-06-12,2.651594229356702,0.6711266440633811,1,subprime
2026-06-12,-0.811351287841126,0.4200158893636195,0,subprime
2026-06-12,0.7923230690971663,0.617864089159937,1,subprime
2026-06-12,-0.21148266898411003,0.031106230888796854,0,prime
2026-06-12,1.2293546886251603,0.5171135409392735,1,prime
2026-06-12,-1.3645927604199064,0.7572814481410645,1,prime
2026-06-12,0.0052053261059739585,0.32430272463840537,1,prime
2026-06-12,0.6436107782462178,0.7073905232883291,1,prime
2026-06-12,0.05333225351684316,0.2340217240897488,0,prime
2026-06-12,-2.167489842263159,0.8952621510442427,1,subprime
2026-06-12,0.776068020863581,0.2404734607739245,0,prime
2026-06-12,-0.0428603927033477,0.15839476418884313,1,subprime
2026-06-12,-0.3049085496188059,0.724330193782225,0,prime
2026-06-12,0.2409731010194622,0.2065710888037111,1,subprime
2026-06-12,0.06440426973517348,0.0,0,prime
2026-06-12,-0.5201000476454875,0.16639046132499927,0,prime
2026-06-12,-0.5246468687513188,0.8189554628329577,1,prime
2026-06-12,-0.043064072299864975,0.6822599992426555,1,prime
2026-06-12,0.7523588761620287,1.0,1,prime
2026-06-12,0.30791397916669977,1.0,1,prime
2026-06-12,0.4155504673115384,0.0,0,subprime
2026-06-12,-0.4438193884318369,0.3815926029330123,0,prime
2026-06-12,1.1459779909690362,0.0,0,subprime
2026-06-12,-0.09374104926603494,0.7135394554783928,1,prime
2026-06-12,0.5921715105299972,0.0,0,subprime
2026-06-12,0.5409143548377462,0.0,0,prime
2026-06-12,-0.3196010101324554,0.1342336204348078,0,subprime
2026-06-12,0.5233680623618622,0.33713064519963826,0,prime
2026-06-12,-1.7675310404951678,0.2321845781645922,0,subprime
2026-06-12,-0.8287948701003549,0.5125665126293333,0,subprime
2026-06-12,1.6877932971009173,0.2907825188991712,0,prime
2026-06-12,-0.5577055252236186,0.1554446388268358,0,prime
2026-06-12,0.3460737519319276,1.0,1,prime
2026-06-12,0.08188839567205876,0.2888314343090507,0,prime
2026-06-12,1.1284510164990005,0.3412964595794039,0,subprime
2026-06-12,0.6812352175978412,0.0,0,prime
2026-06-12,-0.11781756959200396,0.46491254934431586,1,subprime
2026-06-12,-0.15998813619269595,0.0,0,prime
2026-06-12,1.582503658781046,0.757681808860613,1,prime
2026-06-12,-1.7944504289436343,0.0,0,subprime
2026-06-12,0.22242036807936133,0.9581958550317895,1,prime
2026-06-12,0.6430864039987124,1.0,1,prime
2026-06-12,-1.4808366195622331,0.11054993148955142,0,prime
2026-06-12,-0.13170605776957842,1.0,1,prime
2026-06-12,-0.40615328017640856,0.8655391449354757,1,prime
2026-06-12,0.638041213537988,1.0,1,prime
2026-06-12,0.8886780064662789,0.0,0,prime
2026-06-12,-0.4238637077966731,0.9584714584562213,1,prime
2026-06-12,-1.1206425968661693,0.654954434266798,1,prime
2026-06-12,0.857546591571821,1.0,1,prime
2026-06-12,0.9996132624468517,0.045470514240709164,0,prime
2026-06-12,-0.9875853450204249,0.2002070348494393,0,prime
2026-06-12,-1.2326639132702775,0.07590571089329506,0,subprime
2026-06-12,-0.10868940552555538,0.0,0,subprime
2026-06-12,0.038137030175019355,0.5668356954404918,1,subprime
2026-06-12,-0.6099604061135531,0.2769761717464145,0,prime
2026-06-12,-0.2365273777858096,0.013312577264977116,0,prime
2026-06-12,-1.0794715283772016,0.9845583140881501,1,prime
2026-06-12,-0.07845477927090116,0.2015505335457024,0,prime
2026-06-12,-0.36169223650863075,0.7258088464718115,0,prime
2026-06-12,-0.6950645893801313,0.7078919589264451,0,prime
2026-06-12,-0.7436382099076095,0.9696799508572694,1,subprime
2026-06-12,-0.37491470664177234,0.3775178060783663,0,subprime
2026-06-12,-0.47033008761230816,0.21554918823795488,0,prime
2026-06-12,-0.2801566962647141,1.0,1,prime
2026-06-12,0.6961003613443881,1.0,1,subprime
2026-06-12,0.3276411139952407,1.0,1,subprime
2026-06-12,-0.17289545237972045,1.0,1,prime
2026-06-12,1.4613229299778276,0.9548823841290546,1,prime
2026-06-12,-0.009004030347133181,0.8538229168563229,1,subprime
2026-06-12,-1.5803165377316022,0.0,0,prime
2026-06-12,1.1021215909833841,0.5441781181039294,1,subprime
2026-06-12,1.542331651686483,0.19635200008172007,0,prime
2026-06-12,-0.5546738005655589,0.09261985381423926,0,prime
2026-06-12,0.8717311208311039,0.20778147701814265,0,prime
2026-06-12,-0.7953008978370851,0.767693110600391,1,prime
2026-06-12,-0.38466437457858726,0.29067984110496303,0,subprime
2026-06-12,1.730271518573699,0.7286048188430336,1,prime
2026-06-12,-1.4603588072632088,0.28932708694300907,0,subprime
2026-06-12,-1.1944880323431115,0.0,0,prime
2026-06-12,0.45796242444389595,0.6867778537434484,0,subprime
2026-06-12,0.36394419470215644,0.4011915972751482,0,subprime
2026-06-12,-0.6066459137871705,0.2654062865054093,1,prime
2026-06-12,-2.0103789535147025,1.0,1,prime
2026-06-12,-0.6858986725216545,0.8233142519267072,1,subprime
2026-06-12,-0.387000112331752,0.6480352861677692,0,subprime
2026-06-12,-1.2142860384153784,0.3491794989365629,0,prime
2026-06-12,0.37866137179578735,0.29907187478199787,0,subprime
2026-06-12,0.0010416364423344764,1.0,1,prime
2026-06-12,0.9270727386238875,1.0,1,subprime
2026-06-12,0.37684299593611076,0.0,0,prime
2026-06-12,-0.4842434862232103,0.4490198719786599,1,prime
2026-06-12,0.11997510299647395,0.5073547500557146,0,subprime
2026-06-12,1.5870171577699177,0.25699099881099047,0,prime
2026-06-12,-0.92022418649174,1.0,1,prime
2026-06-12,-1.27237446651362,0.2523397937040283,0,prime
2026-06-12,0.5436476462971798,0.0,0,subprime
2026-06-12,1.0923988746226172,0.896531025247921,1,prime
2026-06-12,-1.2411760266230467,0.047997457341313304,0,subprime
2026-06-12,0.9482256867945014,0.5183800428737853,1,prime
2026-06-12,0.2682786645033012,1.0,1,subprime
2026-06-12,1.4002028536397995,0.9013564704055785,1,prime
2026-06-12,1.289338558457135,0.2507655145886318,0,subprime
2026-06-12,-0.9275445740601894,0.5227100738560253,0,prime
2026-06-12,0.5510977374526922,0.948345844356113,1,prime
2026-06-12,1.395092940057623,0.7989235734672526,1,subprime
2026-06-12,0.38665133202420143,1.0,1,prime
2026-06-12,0.8061643289721011,0.2799664999547289,0,prime
2026-06-12,-0.196259906801216,0.3980191321809545,0,prime
2026-06-12,-1.9682513796736112,0.8165997574068362,1,subprime
2026-06-12,0.7111854823921089,0.2620262256156516,0,prime
2026-06-12,-1.1615976054401325,0.9078819791379878,1,subprime
2026-06-12,2.070276503817349,0.005485249671322995,0,prime
2026-06-12,-0.7855663060513661,1.0,1,prime
2026-06-12,-1.919133164538884,0.1962696246620212,0,prime
2026-06-12,-1.8222296777785738,0.09980266147344038,0,prime
2026-06-12,-1.022400084584868,0.26054370250167086,0,prime
2026-06-12,-1.748319276313949,0.670010091553922,1,prime
2026-06-12,-0.18215034918905773,1.0,1,prime
2026-06-12,0.8373743437720226,0.718151634991777,0,prime
2026-06-12,-0.5513301441971509,0.492502633708981,1,subprime
2026-06-12,-0.07469829796460042,0.37076966851427107,0,prime
2026-06-12,-0.7982998143272443,0.0,0,prime
2026-06-12,0.3774839169587241,0.5015073264835199,1,prime
2026-06-12,1.1530716169497117,0.604117760405938,0,subprime
2026-06-12,-0.6084650518210376,0.48560250695938323,0,prime
2026-06-12,-1.7203806084733217,0.0,0,prime
2026-06-12,0.5026495477783034,0.7675205911366727,1,prime
2026-06-12,2.1224711772610427,0.4411197654438769,0,prime
2026-06-12,0.610585551576711,0.2718712046978709,0,prime
2026-06-12,1.284762387474827,0.16877052311281893,0,prime
2026-06-12,-0.33485576027576225,0.6086137660489759,1,subprime
2026-06-12,1.5322260906615754,0.36837264178367135,1,prime
2026-06-12,0.9280129156695434,0.4292304418612354,0,prime
2026-06-12,0.5931104385214357,0.19260782263461348,0,prime
2026-06-12,1.6651704949404682,0.2885455213402208,1,subprime
2026-06-12,1.3443544098931541,0.6411602208719053,1,subprime
2026-06-12,0.1740323277258514,0.9483563977227858,1,prime
2026-06-12,-0.5930074338132919,0.16115392360035158,0,prime
2026-06-12,-1.313485566045365,0.26710199961633047,0,subprime
2026-06-12,-0.5795021087164678,0.6258671291750095,0,prime
2026-06-12,-0.02285514034014795,0.846642840416274,0,prime
2026-06-12,1.1579783462868094,0.28950625940136626,0,prime
2026-06-12,0.6330708375452424,0.7447069947295196,0,prime
2026-06-12,1.276337297707158,0.43794447310411877,0,subprime
2026-06-12,-1.2163740896011808,0.12154884582924708,0,prime
2026-06-12,-0.0915575051080343,0.25192295921640206,1,subprime
2026-06-12,-0.4472934039420004,0.279696585592894,0,prime
2026-06-12,-0.9371835283057829,0.7510709842049521,1,subprime
2026-06-12,-0.8460933365158896,0.0,0,prime
2026-06-12,-0.5918408164946032,0.8319639281924793,0,prime
2026-06-12,-0.6252365268354809,0.0,0,subprime
2026-06-12,-0.6830054112186223,1.0,1,subprime
2026-06-12,0.4696938234096386,0.9830715160578609,1,prime
2026-06-12,0.8182085282387647,0.547076146510922,0,subprime
2026-06-12,0.46949000584864375,0.0,0,prime
2026-06-12,-0.7635834295829417,0.0,0,subprime
2026-06-12,1.0311123368637731,0.04234499459852756,0,prime
2026-06-12,0.20522868652625506,1.0,1,prime
2026-06-12,-2.212747135903986,0.8498039370093227,1,prime
2026-06-12,-0.6981823594462732,0.5134774788602581,1,prime
2026-06-12,-1.5861338281645692,0.19422587375383163,0,prime
2026-06-12,-2.504060970224266,1.0,1,prime
2026-06-12,0.9041597461188908,1.0,1,prime
2026-06-12,0.02239479060950028,1.0,1,prime
2026-06-12,1.0659758099987902,0.22988210941039264,0,subprime
2026-06-12,0.9032066402522955,0.1939066027315186,0,prime
2026-06-12,0.19214004572347457,0.8060440296807408,1,prime
2026-06-12,0.5078456806812607,0.0,0,prime
2026-06-12,0.4951928407321576,0.7870051871684466,1,prime
2026-06-12,-0.25469187673517785,0.8746235436085897,1,prime
2026-06-12,1.0557173719052637,0.0,0,prime
2026-06-12,-0.022667668120659876,0.3702227755906008,0,prime
2026-06-12,-0.28830088159028305,0.886841615867773,1,subprime
2026-06-12,0.46303780189046373,0.7166169705535284,1,prime
2026-06-12,-0.1576324460520612,0.3011749617187387,1,prime
2026-06-12,1.5195285778167742,0.0,0,prime
2026-06-12,0.9661110687736167,0.730096415949435,1,prime
2026-06-12,1.0962170774662574,0.3191871519640622,0,prime
2026-06-12,1.2247837488931919,0.6446763352132627,0,prime
2026-06-12,1.252513126238357,0.0,0,prime
2026-06-12,0.957843275652182,0.5079917677041577,1,prime
2026-06-12,1.5009703009523288,0.5508341216239012,1,subprime
2026-06-12,-0.373443176957804,0.6306907234766865,1,prime
2026-06-12,0.8096936007756106,0.12963688254182382,0,prime
2026-06-12,-0.036508513809446884,0.6280157157674974,0,subprime
2026-06-12,0.18212157824565056,0.7850702182584992,1,subprime
2026-06-12,1.2196318717100523,0.0,1,prime
2026-06-12,-0.19157638059621204,0.5323457348053589,0,subprime
2026-06-12,1.2219571960031612,0.5874104529735967,1,prime
2026-06-12,0.7515700870350304,0.7202998718983219,1,prime
2026-06-12,-0.6279493766321521,0.3201037836433433,1,prime
2026-06-12,-1.6366710308556596,0.895231514133078,1,prime
2026-06-12,-0.11092963440006243,0.9831338525051316,1,prime
2026-06-12,0.19355258430047229,0.405008327972037,0,prime
2026-06-12,2.017126730644369,0.5172592399507043,1,subprime
2026-06-12,-0.004427741163178377,0.9106579033996507,1,prime
2026-06-12,0.19358721267026202,0.16617373047703046,0,prime
2026-06-12,-0.5672943436457915,1.0,1,prime
2026-06-12,1.05277619503491,0.16211529880097825,0,prime
2026-06-12,1.6148013198253792,0.49098726008263344,0,prime
2026-06-12,2.468854050353639,0.50075060857943,0,prime
2026-06-12,1.6118990682962098,0.021520530312299613,1,prime
2026-06-12,-0.2651872202404179,0.0,0,prime
2026-06-12,-0.2253975582275562,0.5536530746251546,1,prime
2026-06-12,-0.7465494984966694,0.8939854470545401,1,subprime
2026-06-12,0.9294965922477691,0.0,0,subprime
2026-06-12,-0.9887562726679322,1.0,1,prime
2026-06-12,0.7981276731825456,0.7033985127373893,0,subprime
2026-06-12,-1.0860880326149642,0.1598656288372689,0,prime
2026-06-12,1.254539031303662,0.8368928086510612,1,prime
2026-06-12,0.631458632962706,0.6614309715703294,0,subprime
2026-06-12,1.8974702702492519,0.32194841231478016,1,subprime
2026-06-12,1.7408931384959336,1.0,1,prime
2026-06-12,-0.4041587317038034,0.03713487372798854,0,prime
2026-06-12,1.3223848941163183,0.6674591666467888,1,prime
2026-06-12,0.09088330374233329,1.0,1,prime
2026-06-12,1.5205326289153434,0.291980885243478,1,prime
2026-06-12,-1.0161562175076042,0.8189019693744265,1,subprime
2026-06-12,0.4637643637204511,0.8409201600290379,0,subprime
2026-06-12,-0.0040812736645957975,0.5709478103319394,1,prime
2026-06-12,2.2320604820331615,1.0,1,prime
2026-06-12,-2.1712836827436637,0.24890501123488012,0,prime
2026-06-12,2.106985623436706,0.0,0,prime
2026-06-12,-0.25322784828565303,0.6162637396095207,0,prime
2026-06-12,-1.48441131955051,0.4523092577095359,1,prime
2026-06-12,0.4745337052997631,0.6227826275042702,1,subprime
2026-06-12,0.7146960443342429,0.3286801788973188,0,prime
2026-06-12,0.503434134537934,0.5973925986008699,0,prime
2026-06-12,1.4321249307220862,0.6354414364497538,1,prime
2026-06-12,0.3012906635582094,1.0,0,prime
2026-06-12,0.8835679964413473,0.4760563943794261,1,prime
2026-06-12,-0.30829539280309515,0.35828643848641883,0,subprime
2026-06-12,-0.4893894577084496,1.0,1,prime
2026-06-12,0.31354976771851334,1.0,1,prime
2026-06-12,-0.7288081681949788,0.9920179191617601,1,prime
2026-06-12,-0.6121437474723642,0.06826452379198811,0,subprime
2026-06-12,0.4035437165623105,1.0,1,subprime
2026-06-12,0.23925271243064955,0.48062304132051853,1,subprime
2026-06-12,0.5711542982415102,0.9349219347703824,1,prime
2026-06-12,1.05349261953252,0.502997866143299,0,subprime
2026-06-12,-0.3532255446678497,0.7407601788134693,1,subprime
2026-06-12,-2.065027898123939,1.0,1,prime
2026-06-12,-0.9754678386420208,0.0,0,subprime
2026-06-12,-0.9477976672498192,0.49331781933385416,1,prime
2026-06-12,-0.5223216821833815,0.0,0,subprime
2026-06-12,1.1412956787118398,0.0,0,prime
2026-06-12,-0.2773837584819276,1.0,1,prime
2026-06-12,0.5090213944311596,0.41604357615269555,1,prime
2026-06-12,0.9952246226560303,0.79125162990668,1,subprime
2026-06-12,-0.030671448197757707,0.3589171339082375,0,prime
2026-06-12,-1.4641726466055054,0.2435915061088182,0,subprime
2026-06-12,-1.118407725954297,1.0,1,prime
2026-06-12,0.21472646461252629,0.21415461826503968,0,prime
2026-06-12,-0.2676261934847643,0.9460858259200101,1,prime
2026-06-12,-0.005760411128810515,0.14071102775846733,0,subprime
2026-06-12,-0.6777181733048702,0.6429650793096783,1,prime
2026-06-12,1.7661767030082511,0.07183331309034532,0,prime
2026-06-12,-1.4552230969731912,0.14290266379324423,0,prime
2026-06-12,1.5450359864797107,0.97515107782151,1,prime
2026-06-12,0.20528017037093677,0.348843640818053,1,prime
2026-06-12,-0.4885125953455079,0.9726124152636664,1,prime
2026-06-12,0.5001427523173109,0.5051862822517073,0,subprime
2026-06-12,-0.4446069298089924,0.3337120649829778,0,subprime
2026-06-12,-0.06010873117920341,0.9783640743878717,1,prime
2026-06-12,-0.16028156695148968,0.43158703530571296,1,prime
2026-06-12,2.1943861066776793,0.6650971058865937,0,subprime
2026-06-12,-0.4664787516523083,0.5551590603860997,1,subprime
2026-06-12,1.0120992720286206,0.16024512368650087,0,prime
2026-06-12,-1.6130092461265475,1.0,1,subprime
2026-06-12,-0.6033347248508724,0.037233246127084674,0,prime
2026-06-12,-0.9486053442412486,0.4902324393856447,0,prime
2026-06-12,1.1994595640861496,0.05071992754405452,0,prime
2026-06-12,-1.4090057483767284,0.16619706544737264,0,subprime
2026-06-12,0.49289259477791375,0.018110921638261973,0,subprime
2026-06-12,-0.7461027940333206,0.6837896764319833,1,prime
2026-06-12,-0.40641696379736425,0.5260077139142766,1,prime
2026-06-12,-1.5212030069202804,0.6830014134343111,1,subprime
2026-06-12,-1.9550270396420486,0.3094076447451467,0,prime
2026-06-12,0.6666894718456228,0.4701467278471413,0,prime
2026-06-12,-0.5909985845673161,0.5742617357859539,0,prime
2026-06-12,-0.924875173950851,0.7485107276105281,1,prime
2026-06-12,0.43279462849008565,0.5110719357494449,0,prime
2026-06-12,-0.15455449164993249,0.4025933446922616,0,subprime
2026-06-12,-1.764092989546108,0.2445269328567507,0,prime
2026-06-12,-1.1604946591702117,0.6933013408985952,1,prime
2026-06-12,-2.342589951753981,0.0,0,prime
2026-06-12,-2.2154735823834506,0.2648016178245589,1,prime
2026-06-12,0.03827547560983302,0.41976592463333706,0,prime
2026-06-12,1.1299121134191155,0.7562293449780095,1,prime
2026-06-12,-0.3178450860516288,0.11361331877633012,0,prime
2026-06-12,0.7324975054072925,0.9139282552402319,1,subprime
2026-06-12,-1.062892411975961,0.8945924520364821,1,prime
2026-06-13,-1.027134403039346,0.5876199731684223,1,prime
2026-06-13,0.35810180233597844,0.3368334871940557,0,subprime
2026-06-13,-0.10684258871225484,0.4724839900752285,1,subprime
2026-06-13,-0.6747592841897254,1.0,1,subprime
2026-06-13,0.08545534303724309,0.0,0,prime
2026-06-13,-0.23854525610623023,0.0,0,prime
2026-06-13,0.8118570747360969,1.0,1,prime
2026-06-13,-1.3100692535145884,0.15952019313692561,0,subprime
2026-06-13,-0.299576097521766,0.7685672811411446,1,prime
2026-06-13,0.07302551810342399,0.8019465505308359,1,subprime
2026-06-13,0.48176419972033996,0.7947563610600096,0,prime
2026-06-13,-1.5788421026256148,0.8687799681938215,1,prime
2026-06-13,0.8988986237220037,0.48261255981618933,1,subprime
2026-06-13,0.015923717042246127,0.014025380058557246,1,prime
2026-06-13,1.2644684847795307,0.47131078107900226,0,subprime
2026-06-13,0.8727445358886363,0.45102994650253153,1,prime
2026-06-13,0.7436312462756681,1.0,1,prime
2026-06-13,-2.0713777196012613,0.39284385689653956,0,prime
2026-06-13,-0.5185965119947197,0.0,0,prime
2026-06-13,0.8884401067510572,0.03330422189807122,0,prime
2026-06-13,0.23381953184873636,0.930959576262518,1,prime
2026-06-13,0.12591684832266176,0.011132170432208849,0,prime
2026-06-13,-0.9910333877794525,0.43234509622035183,0,prime
2026-06-13,-0.556187280580944,0.7754707245371062,1,prime
2026-06-13,0.7761900015070796,0.6677064603534951,0,subprime
2026-06-13,1.088496967382295,0.26274403271833546,0,prime
2026-06-13,-0.16032074759376413,0.2097765146791311,0,prime
2026-06-13,-0.09446913340393975,0.21206695999226474,0,prime
2026-06-13,-0.5123802655304281,1.0,1,prime
2026-06-13,-0.38100755626105093,0.7360001537634524,0,prime
2026-06-13,-0.8647208868041435,0.1746839855452627,0,prime
2026-06-13,-1.483772199241977,1.0,1,prime
2026-06-13,0.3806453322075782,0.8974593388236425,1,subprime
2026-06-13,1.0431060200009488,1.0,1,prime
2026-06-13,-1.1250915202876017,1.0,1,subprime
2026-06-13,0.701558387886904,1.0,1,prime
2026-06-13,-0.2398558679277788,1.0,1,subprime
2026-06-13,0.8951012030835587,0.6791637255674804,1,subprime
2026-06-13,0.5908307114986353,0.0,0,subprime
2026-06-13,0.8090175528703473,0.4770525801583561,0,prime
2026-06-13,-1.5583176043981382,0.7836856315337241,1,prime
2026-06-13,-0.7854119768662889,0.7765227405025782,1,prime
2026-06-13,0.9469421090136239,1.0,1,prime
2026-06-13,0.19453246004370384,1.0,1,prime
2026-06-13,0.10978446647963142,0.7819326345795063,1,subprime
2026-06-13,-1.0985928478143552,0.04190070511747124,0,prime
2026-06-13,0.9438465714044748,0.2273581695619298,0,prime
2026-06-13,-1.4863479414134735,0.0,0,subprime
2026-06-13,1.2247374531959416,1.0,1,prime
2026-06-13,-1.1321782774843554,0.5533165695606701,0,prime
2026-06-13,-0.7726131033553357,0.0,0,prime
2026-06-13,-1.1372133199447667,0.9606514457941476,1,prime
2026-06-13,1.6921271912976958,0.057531246255297736,0,subprime
2026-06-13,0.2123561787396136,0.10671069926705454,0,prime
2026-06-13,-0.5395636091751339,0.8368796303490149,1,prime
2026-06-13,0.38482796459495877,0.1209262069364454,0,subprime
2026-06-13,-0.9301219755481009,0.0,0,prime
2026-06-13,-0.04834930931303789,0.32155549681829776,0,prime
2026-06-13,0.7007657718620993,0.2241210542284774,0,prime
2026-06-13,0.36943676276942206,1.0,1,prime
2026-06-13,-0.0030074680598853685,1.0,1,prime
2026-06-13,-0.7464428623445232,0.22133216677424525,0,subprime
2026-06-13,0.04893400694347908,0.6862972063420977,0,prime
2026-06-13,-0.03232526930169044,0.6426400606876305,0,prime
2026-06-13,-0.3013351218743415,0.6260749073390234,1,prime
2026-06-13,-0.3581392123911254,0.39160180609143,1,prime
2026-06-13,0.05088187337054284,0.8464029671768191,1,subprime
2026-06-13,0.763404020660461,0.5608949698073697,1,prime
2026-06-13,0.16120006565011868,0.23871373039640245,0,prime
2026-06-13,0.19464519274010428,0.2841529775403283,0,prime
2026-06-13,-0.38546134379032465,0.7934763031055827,1,subprime
2026-06-13,1.2774197514634063,0.0,0,prime
2026-06-13,0.8339573065938739,0.40746759842942015,1,subprime
2026-06-13,-0.8364326240483239,0.5914438364784521,1,subprime
2026-06-13,0.25004758088736684,0.0,0,subprime
2026-06-13,1.4631935755616248,0.5232386243115082,1,prime
2026-06-13,-2.355795344544109,0.035901705389787486,0,subprime
2026-06-13,0.6587573314176631,0.5971825086723872,0,prime
2026-06-13,-1.1627040693616586,0.7169397261754643,1,prime
2026-06-13,0.3469127764651225,0.4237010854234412,0,subprime
2026-06-13,0.5185323771483575,0.5803069732409852,1,prime
2026-06-13,1.0173367046662747,0.7411452748457975,0,prime
2026-06-13,0.477230770444364,0.07192373201651645,0,subprime
2026-06-13,0.21588102083474173,0.9080939787387028,1,prime
2026-06-13,0.4464959669577638,0.7542342059423505,1,prime
2026-06-13,-0.362694650302099,0.0,0,subprime
2026-06-13,0.027315213238046695,0.37065839669338124,1,prime
2026-06-13,-2.019048281499636,0.006805446089202333,0,prime
2026-06-13,0.21616673980046386,1.0,1,prime
2026-06-13,-0.15071492575434553,0.6210360715540658,1,prime
2026-06-13,-0.18229064580638196,0.5504654588005178,0,prime
2026-06-13,0.6230749220538431,0.261139201668368,0,prime
2026-06-13,0.9708212106401782,0.47847780628619613,1,prime
2026-06-13,-0.4015342727905175,0.0,0,prime
2026-06-13,0.9367247787986622,0.000498976887863295,0,prime
2026-06-13,-0.7827730526689806,0.39385303645250896,0,prime
2026-06-13,-0.35436768536542756,0.6621529386588199,1,prime
2026-06-13,1.7596461114248427,0.934312554536364,1,prime
2026-06-13,0.25779482789676755,0.3429074500395181,1,prime
2026-06-13,1.8606903200612677,0.14219873493124568,0,prime
2026-06-13,1.4472475503735156,0.39202942175532424,1,prime
2026-06-13,0.7681243649460892,0.6584185336167493,1,prime
2026-06-13,-0.018040485270156625,0.48584058724073476,1,prime
2026-06-13,0.16384210122204168,0.4973473392574997,1,subprime
2026-06-13,0.14571715435005345,1.0,1,subprime
2026-06-13,-1.8854939626853844,0.0,1,subprime
2026-06-13,-2.0500126046123444,0.34748316433494403,0,subprime
2026-06-13,-1.7591476612645462,0.8822035125477575,1,subprime
2026-06-13,0.6134657371795676,0.49630336210235965,0,prime
2026-06-13,0.2950785122716531,0.5567188538707311,1,prime
2026-06-13,0.11478572506748204,0.7311328437745155,1,prime
2026-06-13,-1.07225163094117,0.0,0,subprime
2026-06-13,0.9843585026418114,0.388325322667157,1,subprime
2026-06-13,-0.6953120841723708,0.516687318833308,0,subprime
2026-06-13,0.7018148221579594,1.0,1,prime
2026-06-13,-0.01954623453067103,1.0,1,prime
2026-06-13,-0.09345625159848843,1.0,1,prime
2026-06-13,-0.8087279728021785,1.0,1,prime
2026-06-13,1.2009094530251743,0.0,0,prime
2026-06-13,0.367169091453749,0.7593967661704979,0,prime
2026-06-13,0.49498333757111296,0.3077263514337757,1,prime
2026-06-13,0.7981587775574147,0.427821940564707,1,subprime
2026-06-13,-1.1874845643134366,0.11260757559782102,0,prime
2026-06-13,1.2299373687786939,0.7109431102685714,1,subprime
2026-06-13,0.4689146887478638,0.5811682618143912,1,subprime
2026-06-13,0.7495089633233248,1.0,1,prime
2026-06-13,-0.21540290616826327,0.1981677134342652,0,prime
2026-06-13,-0.9891820455997811,0.44473096028681935,0,prime
2026-06-13,-1.9867354045203673,0.1668925395063639,0,prime
2026-06-13,-1.6852949523695984,0.3503201140554524,1,subprime
2026-06-13,-1.550194414653124,0.5654683433383971,0,prime
2026-06-13,0.3654425503134559,0.22354752523404212,0,subprime
2026-06-13,0.23082355459820678,0.7751885137493206,1,prime
2026-06-13,-0.5999739033787433,0.3386770931252182,0,prime
2026-06-13,-0.655297387581818,0.014951483861331383,0,prime
2026-06-13,1.360188460684794,0.6540553183478799,1,prime
2026-06-13,-0.8983556687725934,0.2584099929264867,1,prime
2026-06-13,-0.33570371921641373,0.6790639739790386,1,prime
2026-06-13,1.7176524439034542,0.9956392552814526,1,prime
2026-06-13,-0.3322346465533786,0.8483063113317849,1,subprime
2026-06-13,-0.16371498110729207,0.9504067674969083,0,prime
2026-06-13,1.552411848481193,1.0,1,prime
2026-06-13,-1.7198199006914237,0.6087809419221499,0,subprime
2026-06-13,0.2067795901384314,0.0,0,prime
2026-06-13,0.9216696129841765,0.0,0,prime
2026-06-13,1.0654573042046236,0.48619038596080394,0,subprime
2026-06-13,1.5458614821380947,0.11530495128901175,0,prime
2026-06-13,-0.471906835279571,0.0,0,prime
2026-06-13,-0.7121279151895773,0.0917445492031477,0,prime
2026-06-13,0.01858389347950553,0.6350484088911831,1,subprime
2026-06-13,-1.6802428342422533,0.46987155606616526,1,subprime
2026-06-13,0.26109450094434894,0.8567768684851039,1,subprime
2026-06-13,0.8294730452575506,0.0,0,subprime
2026-06-13,0.4427494754930807,0.6242880583734036,1,prime
2026-06-13,2.047190362709048,0.0,0,subprime
2026-06-13,-0.7320410328328791,0.8140900708864482,1,prime
2026-06-13,0.17047480606660986,0.6136280670439289,1,subprime
2026-06-13,-0.4147237480795736,0.901184318539469,1,subprime
2026-06-13,-0.6285599757769917,0.00832948224513741,0,prime
2026-06-13,-0.5366302970806719,0.0,0,prime
2026-06-13,0.47418061037216014,0.7689525160995005,1,prime
2026-06-13,-0.9809335146473589,1.0,1,subprime
2026-06-13,0.572166538741174,0.3652522617660298,0,subprime
2026-06-13,0.9988428877797294,0.44974818281603424,0,prime
2026-06-13,-0.5084088589446324,0.9284698541997743,0,prime
2026-06-13,0.16043197837400647,0.9047200089571951,1,subprime
2026-06-13,-0.4004341445628008,0.45588388465939,0,subprime
2026-06-13,-0.6695952549580269,0.5345586085848794,1,prime
2026-06-13,-0.35456849243629596,0.0,0,subprime
2026-06-13,-1.2963016177603202,0.4679664623928061,1,prime
2026-06-13,-1.1122987111328204,0.7016904254241234,0,subprime
2026-06-13,-1.2719411162317507,0.9769378537847572,1,prime
2026-06-13,-0.6355600536010282,0.16872232720212693,0,subprime
2026-06-13,0.2561045446668452,0.0,0,prime
2026-06-13,-0.7563046435091901,0.7090349586589065,1,prime
2026-06-13,-0.09495277965277961,0.06020365671664138,0,prime
2026-06-13,-2.2345540067361265,1.0,1,prime
2026-06-13,0.39876665842311937,0.7037322748965718,0,prime
2026-06-13,0.038137692726867074,0.9827305521106355,1,prime
2026-06-13,-0.001920631820613206,0.641352052465107,1,prime
2026-06-13,1.6633258550546042,0.8819014745621524,1,subprime
2026-06-13,-0.7140783416967859,0.4889497583967581,1,prime
2026-06-13,-1.543187712098999,0.11519960726958607,0,prime
2026-06-13,1.822379815723026,0.0,0,prime
2026-06-13,1.2020341555291838,0.47892207677721144,0,prime
2026-06-13,0.9062284327745145,0.0,0,prime
2026-06-13,-1.0276624771916796,0.5457943079769078,1,prime
2026-06-13,-0.09085388967705375,0.40627711658023175,0,subprime
2026-06-13,-1.2125096209226474,0.5823739732498998,1,prime
2026-06-13,1.0965201377823683,0.408123770572521,0,prime
2026-06-13,-0.055407163245569165,0.9376150381825298,1,prime
2026-06-13,0.1483362838787088,0.0,0,prime
2026-06-13,0.26736980574862174,0.5453825080106398,0,prime
2026-06-13,0.010176809185549708,0.0,0,prime
2026-06-13,0.11587909595482543,1.0,1,prime
2026-06-13,-0.8356943656639136,0.1685872364203729,0,subprime
2026-06-13,0.6151599277081489,0.00700838631774256,0,prime
2026-06-13,-0.6783220225169995,0.1108207790217424,0,prime
2026-06-13,-0.7487058933603468,1.0,1,subprime
2026-06-13,-0.16760916991466446,1.0,1,prime
2026-06-13,0.07489083650658773,0.847379746727613,1,subprime
2026-06-13,-0.6193442616341563,0.24296613143585843,0,subprime
2026-06-13,-0.8769622654860504,0.9316307809587558,1,prime
2026-06-13,-0.14149571712743694,0.8713619597251906,0,subprime
2026-06-13,-0.11263355783093233,0.4215447433060057,1,subprime
2026-06-13,0.5429257398497718,0.016380537844887466,0,prime
2026-06-13,1.224788436036796,0.20398277495392653,0,prime
2026-06-13,-1.2696909809764567,0.45974587104717335,1,prime
2026-06-13,0.9601313590000962,0.6344311572828985,1,prime
2026-06-13,0.8273490914675389,0.855130936712263,1,prime
2026-06-13,-0.8783975394339215,0.01621372660205836,0,prime
2026-06-13,0.9447153216926876,0.7586938394859176,1,prime
2026-06-13,-0.8746644387115357,0.0,0,prime
2026-06-13,1.5302049194641554,0.4943202679764811,0,prime
2026-06-13,0.14457718548831375,1.0,1,prime
2026-06-13,0.14223150981561739,0.9941893809737627,1,prime
2026-06-13,1.6489926941055555,0.0,0,prime
2026-06-13,2.4694708861653143,0.8177714367986436,1,prime
2026-06-13,-0.6276401840724324,0.8505938880656457,0,prime
2026-06-13,0.5283526990372569,0.9084424207981787,1,subprime
2026-06-13,1.098500864928758,0.011868930459862287,0,subprime
2026-06-13,0.9198332131500431,0.14023923184350084,0,prime
2026-06-13,-0.4865073412196139,0.24925261057218487,0,prime
2026-06-13,-0.22044727852782803,0.7957993707737436,1,subprime
2026-06-13,-0.23439882818548533,0.0,0,prime
2026-06-13,0.2866304111836763,1.0,1,prime
2026-06-13,2.773041942553446,0.9039514578177087,1,prime
2026-06-13,-0.12477691049018261,0.09849476347389588,0,subprime
2026-06-13,0.24268868678485828,0.47165160805330875,0,subprime
2026-06-13,-0.6140590819301506,0.46828371739532915,0,prime
2026-06-13,-0.5678189067885716,0.7310746491606487,1,prime
2026-06-13,-0.08085118420395385,0.6680345472985145,1,subprime
2026-06-13,1.4497228905060093,0.9273290546244081,1,prime
2026-06-13,-0.656306275716386,0.1894189058932485,0,prime
2026-06-13,0.2725075521205542,0.6644323246186328,1,subprime
2026-06-13,-0.7208461230246901,0.3770354160324486,0,subprime
2026-06-13,0.018317230222339918,0.9478814985917012,1,prime
2026-06-13,0.5695309293442076,0.6239660158922902,0,subprime
2026-06-13,-1.5872131606795867,0.11806223013095238,0,prime
2026-06-13,0.016276870753050947,0.38121337159494134,1,prime
2026-06-13,-0.401011104651539,0.0,0,subprime
2026-06-13,0.8103199989414598,0.7609648277829417,0,prime
2026-06-13,0.1910257791384886,0.18297778257202257,0,prime
2026-06-13,-0.055850130965178,0.0,0,prime
2026-06-13,-2.095670907400499,0.6673888878078035,1,subprime
2026-06-13,1.183798186410489,1.0,1,prime
2026-06-13,-1.2732899864942315,0.520506193088466,1,prime
2026-06-13,-0.5944286198072297,0.9021858337119304,1,prime
2026-06-13,-0.6121972268720343,0.9576709111141327,1,prime
2026-06-13,0.20884944618600515,0.5076064565715988,1,prime
2026-06-13,-2.0002028649750527,0.5218252739643193,0,subprime
2026-06-13,-1.5738198635408212,0.33590267826336223,0,prime
2026-06-13,1.0891951143016656,0.4144267457438042,0,prime
2026-06-13,-1.1674115660319981,0.0,0,prime
2026-06-13,-0.31298826888450904,1.0,1,prime
2026-06-13,0.28987116108655864,0.0,0,prime
2026-06-13,-1.2672189412710566,0.5384256779707106,0,prime
2026-06-13,0.7275429249014386,0.74159647150986,1,prime
2026-06-13,-0.05560258185342186,0.06163145324871441,0,prime
2026-06-13,-0.824204067534923,1.0,1,subprime
2026-06-13,1.2488291251516328,0.696856773146614,0,prime
2026-06-13,0.8185999347748124,0.16532626375957504,0,prime
2026-06-13,0.3287391411870929,0.6390433592577818,1,subprime
2026-06-13,0.8095256329384876,0.0,0,prime
2026-06-13,-1.4680702388916702,0.27313383177742634,0,prime
2026-06-13,-0.26730026947867563,0.8603472841796367,1,subprime
2026-06-13,-1.5493307487914731,0.29291308203197014,1,prime
2026-06-13,0.10093484517777888,0.4024807255001246,0,subprime
2026-06-13,-0.0895895032277948,0.36069053245954735,0,subprime
2026-06-13,0.14667759840722866,0.7834489999010943,1,subprime
2026-06-13,0.2396765482293222,0.0,0,prime
2026-06-13,-1.3748565059212516,0.4022800104527842,1,subprime
2026-06-13,-0.4904642612020699,0.3819096963004163,1,subprime
2026-06-13,-0.26514577838465453,0.3918794526623373,0,prime
2026-06-13,0.6885907501075057,0.9062728969203132,1,subprime
2026-06-13,-0.16390644729498932,0.5587148863357736,0,prime
2026-06-13,-0.5425049426719643,0.6482498544574691,1,prime
2026-06-13,-0.660886606637025,0.0,1,prime
2026-06-13,-0.17466871393610384,1.0,1,subprime
2026-06-13,0.9027661797006925,1.0,1,prime
2026-06-13,-0.2202553977241926,0.0,0,subprime
2026-06-13,-2.165169858036501,0.1895355192139744,0,prime
2026-06-13,-0.5271501720525459,1.0,1,prime
2026-06-13,1.2201045667445325,0.0,0,prime
2026-06-13,-1.5634399366923404,0.5407018679149636,0,subprime
2026-06-13,0.6056880252973326,0.0,0,subprime
2026-06-13,1.554386819419086,0.21822745109253772,0,prime
2026-06-13,1.0683850464062514,0.6985514172162839,1,prime
2026-06-13,1.4905995730124142,0.9229342595088377,1,prime
2026-06-13,1.0308884972328691,0.0,0,prime
2026-06-13,1.7331182807975216,0.3651558810983193,0,prime
2026-06-13,0.2860050410650753,0.13251495494504967,0,subprime
2026-06-13,0.22117196896430313,0.0,0,prime
2026-06-13,-0.5593668953711488,0.9505695843618553,1,prime
2026-06-13,-0.9163858179991653,0.6532918430086456,0,prime
2026-06-13,1.2262898597835192,0.7058188543416141,1,subprime
2026-06-13,0.5973002744919378,0.9088929495431339,1,subprime
2026-06-13,1.0957792947606424,0.0,0,prime
2026-06-13,1.0019906602626258,0.9967852608298445,1,prime
2026-06-13,-1.6546634976461518,0.6042530194474037,1,prime
2026-06-13,-1.2547569238041387,0.3925165200979573,0,subprime
2026-06-13,-1.4227435394042665,0.08589548918610154,0,prime
2026-06-13,-1.4195067970884778,0.896012407463758,0,prime
2026-06-13,-0.28397401832935676,0.7237232910195319,1,prime
2026-06-13,-1.2885351067512807,1.0,1,subprime
2026-06-13,-0.3647194610680294,0.8739440341936767,1,prime
2026-06-13,0.2801382494881258,0.48040224241975366,0,prime
2026-06-13,0.4853442041125935,0.5250229196952939,1,prime
2026-06-13,-1.9218965743987062,0.7725868491746943,1,subprime
2026-06-13,-0.7790369571329412,0.8287365780947898,1,subprime
2026-06-13,0.8129864473235849,0.7490568408303019,0,subprime
2026-06-13,-1.4450651185993906,0.6800800718082237,1,subprime
2026-06-13,-1.3349782661624279,0.6741259567232603,1,prime
2026-06-13,0.8250763294044419,0.6847384356034039,1,subprime
2026-06-13,-0.031871278624612746,0.14913089605264745,0,prime
2026-06-13,0.4332443965759669,0.6597674762994691,1,prime
2026-06-13,1.2532914221595293,1.0,1,prime
2026-06-13,0.6577666769463826,0.018106988342062647,0,prime
2026-06-13,-0.7052223743362517,1.0,1,prime
2026-06-13,-1.0900878642501488,1.0,1,subprime
2026-06-13,0.8265515315117424,0.6385752647375993,1,subprime
2026-06-13,-1.05539288976957,0.28005645334540513,0,prime
2026-06-13,-1.2717674067779683,0.1616654483397726,0,subprime
2026-06-13,-0.685611907478942,0.5290625163528389,1,prime
2026-06-13,-1.3735302700259338,0.7725408131802795,1,prime
2026-06-13,1.6820910448559587,0.49918211463135354,0,prime
2026-06-13,-0.03392487516746818,1.0,1,prime
2026-06-13,0.7051438690805544,0.11221524934453256,0,subprime
2026-06-13,-0.45732901177530244,0.5624142633358991,1,prime
2026-06-13,-0.0052871495055084915,0.0,0,prime
2026-06-13,1.1760104071378203,0.2748137692328033,0,prime
2026-06-13,-0.8110174784009617,0.41886624866750344,0,prime
2026-06-13,-0.2858943876035296,0.07045285512228622,0,subprime
2026-06-13,1.251011789476717,0.7998542860191672,1,prime
2026-06-13,-0.6419172840619365,0.7511823996832149,1,prime
2026-06-13,0.4431655516034786,0.5120902181600948,0,prime
2026-06-13,1.0180082638525032,0.6039616252151861,1,prime
2026-06-13,-0.16075795657522973,0.24528363285947352,0,subprime
2026-06-13,0.580010014540408,0.9694458730103725,1,subprime
2026-06-13,0.6233663261617182,0.5280873537738388,1,prime
2026-06-13,1.307719201916852,0.23571424706685762,1,subprime
2026-06-13,0.09213059756804294,0.5303642697334643,0,prime
2026-06-13,0.6071404533084389,1.0,1,prime
2026-06-13,-0.4080759353894693,0.7277861706137597,1,subprime
2026-06-13,0.6845953890750267,0.9076564096820932,1,subprime
2026-06-13,-1.1662837692686447,0.37895367004858144,1,prime
2026-06-13,-0.362917023736323,0.6248139792889347,1,prime
2026-06-13,0.14260449707643094,1.0,1,prime
2026-06-13,0.24454402496746266,1.0,1,prime
2026-06-13,0.21096810161393303,0.4012595005018662,0,prime
2026-06-13,-0.4373747224900179,0.9186788999143238,1,prime
2026-06-13,-0.9592288919152729,1.0,1,subprime
2026-06-13,0.4515589807665726,0.3166039982034521,1,prime
2026-06-13,0.35670506053376194,1.0,1,subprime
2026-06-13,0.49297135171224077,0.39072009482108105,0,prime
2026-06-13,-1.191972540068118,0.20274747142737107,0,subprime
2026-06-13,0.5272525619038629,0.7917400769034045,1,prime
2026-06-13,-3.160947232175837,0.3764873644816549,1,prime
2026-06-13,-0.8303634600752748,0.517515510702673,0,prime
2026-06-13,0.03680290605425719,0.4576262885288192,1,subprime
2026-06-13,0.9843144039401025,0.0,0,prime
2026-06-13,3.1589051739353198,0.10712357038921308,0,prime
2026-06-13,-0.6451079333313361,0.5178486645466001,0,prime
2026-06-13,-1.326291478366596,0.39735621482242456,0,prime
2026-06-13,0.7160464850634841,0.4397339009825039,1,prime
2026-06-13,0.2375357550748063,1.0,1,subprime
2026-06-13,1.3281183401617946,1.0,1,prime
2026-06-13,-0.5840647054699828,0.3412473417786239,0,subprime
2026-06-13,-0.7358765683647682,0.5852244122777355,0,subprime
2026-06-13,0.9378890691876444,0.07205841926872034,0,prime
2026-06-13,-0.4260216728718445,0.9147184822922377,1,prime
2026-06-13,0.5431492689846352,0.9907430203702751,0,subprime
2026-06-13,-1.5258324852526104,0.12544639465157306,0,prime
2026-06-13,-0.7729000472013959,0.08108719517064175,0,prime
2026-06-13,-2.0184253777088648,0.7888801588118817,1,subprime
2026-06-13,-1.1657558466221045,0.2430233531222784,1,prime
2026-06-13,-0.06339795269732985,0.8006601310415259,1,prime
2026-06-13,-0.9336421257860923,0.3057143738936882,0,subprime
2026-06-13,0.8289869026373616,0.0,1,prime
2026-06-13,-2.202667484747392,0.49650210886965385,1,prime
2026-06-13,0.025185772808630782,0.46947604499624107,1,prime
2026-06-13,0.48604316954915555,0.3789461973680779,0,prime
2026-06-13,-0.32140336158228566,0.8262346181859967,1,subprime
2026-06-13,1.88962708222865,0.6804332688411775,1,prime
2026-06-13,0.2700007073761516,0.8630325097100345,1,prime
2026-06-13,0.3778032970374294,0.49874257663919674,0,prime
2026-06-13,-0.3104487611061476,0.08039311296622076,0,prime
2026-06-13,-2.5378941795845753,0.42672853359751434,1,prime
2026-06-13,-0.47698624222636815,0.3050115139734043,0,subprime
2026-06-13,0.9434028524280943,0.40378835753089576,1,prime
2026-06-13,0.99125853257146,0.6417689257600678,1,subprime
2026-06-13,-0.2275283635825662,0.3606043463092705,1,prime
2026-06-13,1.1877248968575027,0.37384261111104544,0,prime
2026-06-13,0.7315663878441087,0.0,0,prime
2026-06-13,-0.252681282153429,0.5741553852384929,0,prime
2026-06-13,-0.28380393432111484,0.15974981141912495,0,prime
2026-06-13,0.05119594067854029,0.8678367721857501,1,prime
2026-06-13,-0.49479093143860553,0.11110709461409346,0,subprime
2026-06-13,0.44937091973977167,0.6246970992459676,0,subprime
2026-06-13,-2.69245275685984,0.4584951516579106,1,prime
2026-06-14,-0.3944358350898909,0.5652491158921676,1,subprime
2026-06-14,-1.2947127737603747,0.23266858256696893,0,prime
2026-06-14,-0.25184424873592326,0.8829890513443139,1,prime
2026-06-14,0.21309697350353515,0.7956936567966008,0,prime
2026-06-14,0.6552959036768166,0.5840876170953181,1,subprime
2026-06-14,0.07469393261044358,1.0,1,prime
2026-06-14,0.007497980258274422,0.0,0,subprime
2026-06-14,2.1861306318231803,0.7950926029521638,1,prime
2026-06-14,-3.2611763108138025,0.09749215396553665,0,subprime
2026-06-14,-1.1989192546256329,1.0,1,prime
2026-06-14,-0.7260781038301618,0.5220565193871824,0,prime
2026-06-14,0.6147427044397245,0.4707992795811039,0,subprime
2026-06-14,-0.23640514430716048,0.34536147399582806,0,prime
2026-06-14,-1.6606362472153082,0.8058592954070027,1,subprime
2026-06-14,1.4933304064672879,0.09553754021272365,0,subprime
2026-06-14,-0.43574345652669516,1.0,1,prime
2026-06-14,0.6710821587898042,0.0,0,subprime
2026-06-14,-0.22121101369534069,0.20247099801752738,0,prime
2026-06-14,-0.39368711582950855,0.8520510915468906,1,prime
2026-06-14,-0.482476960947368,0.2885775944696799,0,prime
2026-06-14,1.2595635285263116,0.08899787107183987,0,subprime
2026-06-14,3.082758543484059,0.2876961661546009,0,prime
2026-06-14,0.1694102373583278,0.0,0,subprime
2026-06-14,0.5512293258751336,0.0,0,subprime
2026-06-14,0.6647374368768316,1.0,1,prime
2026-06-14,0.4430333076919157,0.2558461505036114,0,prime
2026-06-14,0.27130600073230904,0.3900089299324435,0,prime
2026-06-14,-0.3391292815588106,0.8726243452978872,0,prime
2026-06-14,-0.9328334640778777,0.36591292661525754,1,prime
2026-06-14,1.5127352435521262,0.9153529186592362,1,subprime
2026-06-14,0.7475125055681333,0.0,0,prime
2026-06-14,0.11636342359527573,0.4211140655888575,1,prime
2026-06-14,-1.6678055773338911,1.0,1,subprime
2026-06-14,0.9381967846234276,0.0,0,subprime
2026-06-14,-1.7981829934349647,0.3621808150614625,0,prime
2026-06-14,-0.3560070479368203,0.31213651158662226,0,prime
2026-06-14,0.045312893981453835,0.8140993309096343,1,prime
2026-06-14,1.9459288922928584,1.0,1,prime
2026-06-14,0.2637456982472707,0.7713059718178409,0,prime
2026-06-14,0.9366416263427045,0.0,0,subprime
2026-06-14,0.48014731982083547,0.1269969094985649,0,prime
2026-06-14,1.719341926883432,0.0,0,subprime
2026-06-14,-0.022035260623665034,0.09965193873196684,0,prime
2026-06-14,-0.3611949244762515,0.4115453728605252,1,subprime
2026-06-14,0.2574204278111574,0.14274208239723568,0,subprime
2026-06-14,-0.7523206644834897,0.9886279981985165,1,prime
2026-06-14,2.0390007504834466,0.09682010825528742,1,subprime
2026-06-14,0.19658162947169489,0.058875145800963063,0,prime
2026-06-14,0.3114751406393373,1.0,1,prime
2026-06-14,-0.8704949552506863,0.7028823925635179,1,prime
2026-06-14,0.3859393787575277,0.10593676124580284,0,prime
2026-06-14,1.1176946337843336,0.6198344657769828,0,subprime
2026-06-14,0.3131022349999201,0.7547913924556512,1,subprime
2026-06-14,-0.9900143102289592,0.1446872793870818,1,prime
2026-06-14,0.6950292311822149,0.8544002378209511,0,prime
2026-06-14,0.80837058289682,0.7683922355346811,1,prime
2026-06-14,1.095873405405664,0.9913288300488323,1,subprime
2026-06-14,0.9276494154836471,0.0,0,subprime
2026-06-14,-0.3213168082337386,1.0,1,prime
2026-06-14,-1.298138124150764,0.34269897024713514,0,prime
2026-06-14,-2.6345489424520765,0.0,0,subprime
2026-06-14,-1.3049451185947152,0.6608937400798784,1,prime
2026-06-14,-2.3568930385392215,0.3906608341678125,0,prime
2026-06-14,3.141721930594154,0.1370577348882955,0,prime
2026-06-14,-2.142535713111349,0.05974726187399204,0,prime
2026-06-14,-0.7654315350828297,0.0,0,prime
2026-06-14,-0.24499268831533544,0.16210362729923683,0,prime
2026-06-14,-1.5349345280026316,0.8017450710468672,1,subprime
2026-06-14,1.858667234359925,0.16761548498513235,1,prime
2026-06-14,-0.9889930235219121,1.0,1,subprime
2026-06-14,-1.5899616140851125,0.5772049045999781,1,prime
2026-06-14,0.27110853143356345,0.11698057155963835,0,prime
2026-06-14,-0.6034133624902137,0.0,0,prime
2026-06-14,-1.0770498412275922,0.5863678837749691,1,prime
2026-06-14,-0.7842080539043429,0.69955131855992,1,prime
2026-06-14,-0.7083621410367967,0.508769242070204,1,prime
2026-06-14,0.7268525009468946,0.3291159469480117,0,prime
2026-06-14,0.7317861992203963,0.8766727537417083,1,prime
2026-06-14,-0.8764829111992798,0.014338097478524547,0,subprime
2026-06-14,-1.1379192726786527,0.3653891634613553,0,prime
2026-06-14,0.38596896214617166,0.009423567055110743,0,prime
2026-06-14,-0.683655785231536,0.36877036412257613,0,prime
2026-06-14,-0.2958832357495082,1.0,1,subprime
2026-06-14,0.12429189200376725,0.8849001151285996,1,subprime
2026-06-14,0.06589615438706319,0.9267753779560091,1,subprime
2026-06-14,0.2445454539987079,0.5845217793659747,1,prime
2026-06-14,-2.337210462018774,0.9661151370261808,1,prime
2026-06-14,1.2689227645390944,0.4582049760004649,1,subprime
2026-06-14,-2.109877492525229,1.0,1,subprime
2026-06-14,-1.4440403557482286,0.11155772764143079,1,prime
2026-06-14,-0.6713041638686682,0.1465276514493527,0,subprime
2026-06-14,0.17596619479605877,0.4304436080460823,0,prime
2026-06-14,-0.32237951812994625,0.6319423572839924,1,prime
2026-06-14,-0.45489238621605194,0.3795973621103885,0,prime
2026-06-14,-1.162988912879966,0.7316566943777462,0,subprime
2026-06-14,0.2942747495561304,0.7442111728207333,0,prime
2026-06-14,1.7991166941682688,0.6519449009469797,1,prime
2026-06-14,1.2961378852820105,0.48932678867312435,1,subprime
2026-06-14,-0.5059657307698588,0.4920260026868619,1,subprime
2026-06-14,-1.322876227318061,0.1365362848008423,0,prime
2026-06-14,0.47133978685242134,1.0,1,prime
2026-06-14,-0.45442996406525765,0.10423492890670677,0,subprime
2026-06-14,0.35348238255811043,0.07206624739733183,0,prime
2026-06-14,-1.436605909652341,1.0,1,prime
2026-06-14,-1.5816165675145133,0.6704256193608752,1,prime
2026-06-14,0.040948994018086535,0.6379896849329789,1,prime
2026-06-14,1.2415190725274163,0.7867868769532398,1,prime
2026-06-14,0.15877885776402714,0.0,0,subprime
2026-06-14,-0.35887764945542294,0.5336364005322903,0,subprime
2026-06-14,-0.29155188405379734,0.2744550657644289,0,prime
2026-06-14,-0.1523604936733919,0.5306692509170038,0,prime
2026-06-14,0.3686204071016332,0.07971475715445184,0,subprime
2026-06-14,0.6870079063868695,0.8660939937084088,1,prime
2026-06-14,0.2332249728131352,0.8047152664848577,1,prime
2026-06-14,-2.7777495180497236,0.8525775703514913,1,prime
2026-06-14,-0.40762684034334745,0.511345019049835,0,prime
2026-06-14,-0.43683839638929567,0.0,0,prime
2026-06-14,-0.8031853429260604,0.47967123315963467,1,subprime
2026-06-14,-1.0005452117377476,0.6945861414221748,0,prime
2026-06-14,-1.2078874843390186,0.68035610291178,1,prime
2026-06-14,0.7850982263061608,0.8444377884710113,1,prime
2026-06-14,0.7249853792329203,0.0,0,prime
2026-06-14,0.23794885246677894,0.8615731401685363,1,prime
2026-06-14,-0.9826483863242929,0.8091559082205937,0,prime
2026-06-14,0.17526989985328695,0.8080665652270503,1,prime
2026-06-14,0.8773308093402691,0.0,0,prime
2026-06-14,-1.2021428312695652,0.16413840990607886,0,prime
2026-06-14,-1.2976636170523979,0.5059831201123137,1,prime
2026-06-14,0.8822040013039842,0.8467101149750348,1,prime
2026-06-14,1.5056830960110967,0.22699574977681092,0,subprime
2026-06-14,-0.18370227401960634,0.0,0,prime
2026-06-14,0.1381211928404901,0.4340754848775469,0,prime
2026-06-14,-1.1831969140348282,0.09161669413514345,0,prime
2026-06-14,1.3362356763870202,0.8227495231957204,1,prime
2026-06-14,-0.5633748013943971,0.5331369179270172,0,prime
2026-06-14,-0.060223477941038335,0.11948042982072753,0,prime
2026-06-14,0.1886917957350553,0.49331035558135117,0,subprime
2026-06-14,-0.5736285111838777,0.6145971246963942,0,subprime
2026-06-14,0.2663477886567913,0.12545529496998986,1,subprime
2026-06-14,0.6151594826706054,0.3280048673568461,1,prime
2026-06-14,-0.8271944634093535,1.0,1,subprime
2026-06-14,0.6572229690472664,1.0,1,prime
2026-06-14,0.9898227634351648,0.0,0,subprime
2026-06-14,0.2116193919513416,0.0,0,prime
2026-06-14,0.45663350553836274,0.5428114683636325,0,prime
2026-06-14,0.7263660602940722,0.8336768299298397,0,subprime
2026-06-14,-0.4313072815460388,0.0,0,prime
2026-06-14,-0.5008577213707913,0.1393116775247939,0,subprime
2026-06-14,-0.27323658971488113,0.2362540147047702,0,prime
2026-06-14,0.33662957875696664,0.47449016469385247,0,prime
2026-06-14,0.37278753665615144,0.716783187105717,1,prime
2026-06-14,-0.990751561232252,0.39083676356265906,1,subprime
2026-06-14,0.3355536154340935,0.0,0,prime
2026-06-14,0.7783566626219657,0.66892744351229,1,subprime
2026-06-14,-0.1870377122402679,0.0,0,prime
2026-06-14,-0.07980546735223475,0.7917595680538028,1,subprime
2026-06-14,-0.33290315170524154,0.7537000718566232,0,subprime
2026-06-14,1.1094591415908839,0.8196302080283898,1,subprime
2026-06-14,-0.07162043519153004,0.5119053850925441,0,prime
2026-06-14,0.9255773306923366,0.280106443954454,0,subprime
2026-06-14,-0.22615812140021824,0.5574471131290133,1,prime
2026-06-14,-0.16060379654890808,1.0,1,prime
2026-06-14,0.30271431066726806,0.17045445291780886,0,prime
2026-06-14,-0.06608975747375613,0.4040745107134691,0,subprime
2026-06-14,0.4635262242007789,0.6174355073640689,0,prime
2026-06-14,0.9290689073437937,0.34291155359002623,0,prime
2026-06-14,1.5937926166683078,1.0,1,prime
2026-06-14,-0.7545547606233812,0.0,0,prime
2026-06-14,-1.063914500343439,0.0,0,subprime
2026-06-14,0.5712802416223587,0.38120601699615403,1,subprime
2026-06-14,0.11284350179582817,0.4009307037298673,0,subprime
2026-06-14,1.4411388210219376,0.22110193046778326,0,prime
2026-06-14,-1.6520042312784962,0.7762963665576208,1,subprime
2026-06-14,-1.0201241309870421,1.0,1,subprime
2026-06-14,-0.13588088934891449,0.763370574442022,1,prime
2026-06-14,-1.7243887415817105,1.0,1,prime
2026-06-14,0.21573043612616227,0.9807940265466362,1,prime
2026-06-14,0.20667443867187993,0.4981008085109069,1,prime
2026-06-14,0.531607782225157,0.9098278278670308,1,prime
2026-06-14,-0.683769519516912,0.6338965055286482,1,subprime
2026-06-14,-1.3194273814145996,0.031923823660063244,0,prime
2026-06-14,-0.6744084343400095,0.5860865846189689,0,prime
2026-06-14,1.9659265267543533,1.0,1,prime
2026-06-14,-1.2050427438012004,0.7890546882471342,0,prime
2026-06-14,-0.9590362059313823,0.2549654199929685,0,prime
2026-06-14,-2.2903838038269337,0.41478419589100846,0,prime
2026-06-14,-0.07326021430271226,0.45706378676578185,0,prime
2026-06-14,1.4847205792711096,1.0,1,subprime
2026-06-14,1.4205405064193741,0.5801294154046852,0,prime
2026-06-14,0.24660273856394138,0.5679746248262718,1,subprime
2026-06-14,1.3135698619630432,0.4232569743233112,1,prime
2026-06-14,2.032957734386767,1.0,1,prime
2026-06-14,0.1845239775254208,0.2721409765931886,0,prime
2026-06-14,1.3408706694277241,0.02229569732080869,0,prime
2026-06-14,0.07515373986783556,0.8561933494354595,1,prime
2026-06-14,-0.08909570733610464,0.24624814850990626,0,prime
2026-06-14,1.1146773285873384,0.48943473098213114,1,subprime
2026-06-14,0.5697174261816231,0.6156458164060361,1,prime
2026-06-14,-0.6114303961500449,0.7882503506694858,1,prime
2026-06-14,1.8121937206339367,0.5246031303742289,0,prime
2026-06-14,0.5388904693936075,0.07558347797205717,0,prime
2026-06-14,-0.6922879356596887,0.9287753006640642,1,prime
2026-06-14,0.2848683310699303,0.47792071439701467,1,prime
2026-06-14,-1.2862086950702571,1.0,1,subprime
2026-06-14,-0.29369036278063565,0.5943125350955558,1,subprime
2026-06-14,-0.635755230426824,0.8363272891054627,1,prime
2026-06-14,1.3040093792376273,0.0,0,prime
2026-06-14,1.2170244100993433,0.0,0,prime
2026-06-14,2.3840224686255658,0.15520716176982208,0,prime
2026-06-14,0.8876727025699781,0.9020480689891088,0,prime
2026-06-14,-0.0029562731356261966,0.0,0,subprime
2026-06-14,-0.7169297607690391,0.1997293340312411,0,subprime
2026-06-14,0.03917606080715267,0.777351144419571,1,prime
2026-06-14,0.7842622039088176,0.2552009710065806,0,prime
2026-06-14,-1.203076855872477,0.4563639166527379,1,prime
2026-06-14,1.9102051379371083,0.7558598325178653,1,prime
2026-06-14,-0.4392477310551825,0.19100664072204784,0,subprime
2026-06-14,0.2935736403701875,0.0,0,prime
2026-06-14,0.754292760068552,0.0,0,prime
2026-06-14,0.15963345948473617,0.4824472203635688,0,prime
2026-06-14,-1.5144198829617774,0.4031498940962738,0,subprime
2026-06-14,-1.6463589557785978,0.5828099439448259,0,prime
2026-06-14,1.0280394889625248,0.6792984162390372,1,prime
2026-06-14,1.4953298895223432,0.4359930662339832,0,prime
2026-06-14,-1.2691803249624913,0.9436349197598072,1,prime
2026-06-14,1.5459509674050103,0.17237492001383706,0,prime
2026-06-14,0.7474624110832242,0.4802460492560907,1,prime
2026-06-14,-1.2948987114004016,0.9299575792950581,1,prime
2026-06-14,0.39594965511588853,0.6594934974658667,1,subprime
2026-06-14,0.13953597175222893,0.3862353186918307,0,prime
2026-06-14,-1.1259010171283126,0.4965510393445288,0,prime
2026-06-14,-0.5581976705345809,0.0007785991439770434,1,prime
2026-06-14,-0.1433275001065614,0.0,0,subprime
2026-06-14,0.9712547331851141,0.914398767929948,1,prime
2026-06-14,-1.9061095565082349,0.0,0,prime
2026-06-14,1.7538458194697577,0.5835925964441685,0,prime
2026-06-14,-1.3058231508413924,0.10665175787140169,0,prime
2026-06-14,-0.2245817462335501,0.0,0,prime
2026-06-14,-1.0326360382282547,0.14320858147540708,0,prime
2026-06-14,-0.9520450720621075,1.0,1,subprime
2026-06-14,0.8283192025595002,0.6456554577808865,1,prime
2026-06-14,-0.41301056246788526,0.0,0,subprime
2026-06-14,0.2793502195027419,0.4664200427117774,0,prime
2026-06-14,0.9243777446208044,0.5718669688349818,0,prime
2026-06-14,1.8769874244935234,0.32288084428798625,1,prime
2026-06-14,-0.4540498016192572,0.6757671442826829,1,prime
2026-06-14,-0.03153501418425639,0.0,0,prime
2026-06-14,-0.951407230583538,0.6367966891600466,1,subprime
2026-06-14,0.23102864566281128,0.43511889481709354,0,prime
2026-06-14,0.5879716646801962,0.6493033899089098,1,prime
2026-06-14,-0.6191854804030895,0.2672332383177518,1,prime
2026-06-14,0.6352564427487616,0.0,0,prime
2026-06-14,-0.44224464227108873,0.16824626486723127,1,prime
2026-06-14,0.0007220179318848831,0.4249880872154721,0,subprime
2026-06-14,-1.3592512922380338,0.28775499579809827,0,prime
2026-06-14,0.32728791349123715,0.9713172123481862,1,prime
2026-06-14,-0.8645703433850686,0.44813693641267416,0,subprime
2026-06-14,-0.8975662211806249,0.7950355829027927,1,prime
2026-06-14,0.44828743262036475,0.23403189087265008,1,prime
2026-06-14,2.0367043819369095,0.3289368121357338,1,prime
2026-06-14,1.3876096523242292,0.03529784852381071,0,prime
2026-06-14,1.983631298631484,0.4710359164963553,1,prime
2026-06-14,-1.4300243964769521,0.8294399452372807,0,prime
2026-06-14,-0.02727969590886305,0.0,0,prime
2026-06-14,0.07273057778695625,0.240689151599199,0,prime
2026-06-14,0.02816119126132728,0.039727208691389654,0,subprime
2026-06-14,0.6942828050377771,0.8860600454816351,1,prime
2026-06-14,0.3450982603033911,0.1348428910853396,0,prime
2026-06-14,0.8352044597901369,0.33625372069341913,0,subprime
2026-06-14,-0.6135859254895768,0.30797305132586505,0,prime
2026-06-14,0.519213891281886,1.0,1,subprime
2026-06-14,2.590793070674702,0.6589391435254335,0,prime
2026-06-14,1.6963753929074503,0.08241271667415487,0,prime
2026-06-14,-0.01439063167549007,0.6503563691167837,1,prime
2026-06-14,-1.1449008107924732,1.0,1,prime
2026-06-14,-0.028863662777569965,0.8768251908818664,1,prime
2026-06-14,0.0772024616690022,1.0,1,prime
2026-06-14,0.7501300627390826,0.7817836557908373,1,prime
2026-06-14,2.0847132970538307,0.3417370818345334,0,prime
2026-06-14,0.49685229434695666,0.7906864861667162,1,subprime
2026-06-14,1.2778565403668773,0.27055344649218405,0,prime
2026-06-14,-1.5948726824679023,0.18185279626795045,0,prime
2026-06-14,-0.078839238854155,0.08873270612671902,1,subprime
2026-06-14,0.6050587042494825,1.0,1,prime
2026-06-14,0.32733387814219095,0.1291244527402596,0,prime
2026-06-14,1.1410404095445807,0.0,0,prime
2026-06-14,-0.08115805137399615,0.6395929962905496,0,prime
2026-06-14,-0.47667264678061505,0.4457303307697978,0,subprime
2026-06-14,-2.0035555528289106,0.21156611805841022,0,prime
2026-06-14,1.4949927726028815,0.4381629716761154,0,prime
2026-06-14,-0.9607376498206097,0.0,0,subprime
2026-06-14,-0.45622317274846536,0.8666673655273395,1,subprime
2026-06-14,-0.35235640684719505,0.544574222696734,1,prime
2026-06-14,0.4938517244454046,0.8833409273267332,1,prime
2026-06-14,0.6465562151341742,0.21979554357024772,0,prime
2026-06-14,0.06333209001874489,0.0038875186587671584,0,prime
2026-06-14,0.27176113008513625,0.030306114940559126,0,prime
2026-06-14,0.5056864812064995,0.10739476340029239,0,prime
2026-06-14,2.331228300830966,0.0,0,prime
2026-06-14,1.4789922798733754,0.7535106985759247,1,prime
2026-06-14,0.4820224124783873,0.7687400406113332,1,prime
2026-06-14,-1.168887314221049,1.0,1,subprime
2026-06-14,-0.1072466621421055,0.3146267800388821,0,prime
2026-06-14,-0.2742002123566348,0.0,0,prime
2026-06-14,0.07956324905754111,0.0,0,prime
2026-06-14,0.02146109602733692,0.18750182715308547,0,prime
2026-06-14,0.340125676825809,0.7981817501707469,1,prime
2026-06-14,-0.5785387206612065,0.0,0,prime
2026-06-14,-1.5304563855167963,0.23155448538305176,0,subprime
2026-06-14,-0.9362116321351869,0.4586783250936189,1,prime
2026-06-14,-1.0651319394997971,0.2224788277206613,0,prime
2026-06-14,-0.5945666784839526,0.5910468009287102,0,subprime
2026-06-14,1.2765912954233272,0.6707664961965226,1,subprime
2026-06-14,-3.480175959064935,0.7527990308165274,1,subprime
2026-06-14,0.37980034589428185,0.0,0,prime
2026-06-14,-0.797215563358399,0.11297799856657464,1,prime
2026-06-14,-1.9400617174016035,0.5781280747647981,0,prime
2026-06-14,1.5659268815415173,0.3476995216024705,1,subprime
2026-06-14,0.13177884927252145,0.7963857026466862,1,prime
2026-06-14,-0.3882918571036074,0.16958631762736648,0,subprime
2026-06-14,1.4297023607833776,1.0,1,prime
2026-06-14,0.2361644152847921,0.0,0,subprime
2026-06-14,0.6069159035162676,0.8565279157714705,1,prime
2026-06-14,-1.1837103216425315,0.5886500724597534,1,subprime
2026-06-14,1.9787927412032988,0.7549157394194873,1,subprime
2026-06-14,-0.3001767448214032,0.6788489940495256,1,prime
2026-06-14,-0.7819171030928822,0.9790151629703112,1,prime
2026-06-14,0.7163616750865226,0.836638779700771,0,subprime
2026-06-14,0.3983311496883497,0.7402926988923264,1,prime
2026-06-14,1.5853004028503384,1.0,1,prime
2026-06-14,0.08832444328663654,0.0,0,prime
2026-06-14,-1.4750363369871158,0.0,0,subprime
2026-06-14,0.6641720404301703,1.0,1,prime
2026-06-14,0.13289313932819882,0.5241073842386216,1,prime
2026-06-14,-0.17400445758820124,0.592226600805101,1,prime
2026-06-14,0.36554165626602136,0.5474463830261653,0,subprime
2026-06-14,-1.0783777726811268,0.0,0,prime
2026-06-14,-2.4719279636421794,0.01802037373085083,0,subprime
2026-06-14,-1.2279554795635947,0.07267079849662769,0,prime
2026-06-14,1.9235612880945454,0.0,0,prime
2026-06-14,-0.5469452703107078,0.4099595182449898,1,subprime
2026-06-14,1.0928242677533562,0.450745526607897,1,prime
2026-06-14,-0.09565927044933838,0.7475005903713339,0,subprime
2026-06-14,0.32436733136105766,0.0,0,prime
2026-06-14,0.6069377585096042,0.41384658621527015,0,prime
2026-06-14,0.39956733725083826,0.11748376483021061,0,prime
2026-06-14,0.014607797220175547,1.0,1,prime
2026-06-14,0.8508207625226513,0.8084083970646397,1,subprime
2026-06-14,-0.9377909338540622,0.8491169009586421,1,prime
2026-06-14,-0.5774202634695585,0.0,0,prime
2026-06-14,-0.9109640187731185,0.44404529584628005,0,subprime
2026-06-14,-1.006007689045902,1.0,1,subprime
2026-06-14,-0.6390218178131224,0.021258149737101217,0,prime
2026-06-14,-0.657136378096723,0.0,0,prime
2026-06-14,0.7845324590015125,0.5798527163971262,1,prime
2026-06-14,0.19834549955279746,0.1185741629754473,0,prime
2026-06-14,-0.15020526018518446,0.6281672548925183,1,subprime
2026-06-14,0.6596475699151608,0.9106835862980218,1,prime
2026-06-14,-2.132009111374195,0.5113021347063267,0,prime
2026-06-14,-0.13450566106110895,0.8575474557766304,1,prime
2026-06-14,-0.43727787281805347,0.4205184613582868,1,prime
2026-06-14,-0.044918480086853896,0.6366896622437864,1,subprime
2026-06-14,1.6453212979406224,0.8603460737567601,1,prime
2026-06-14,0.7257133026733593,0.20645437304306813,1,prime
2026-06-14,0.9261810441938099,0.46033230545991977,1,prime
2026-06-14,0.1743203780834613,1.0,1,subprime
2026-06-14,-0.48071518698963694,0.6384222307368669,0,prime
2026-06-14,-1.2044899807712544,1.0,1,prime
2026-06-14,-0.71016631173196,0.8096156900098467,1,prime
2026-06-14,0.9705855958201488,0.450840623258834,0,prime
2026-06-14,-0.026018836479457633,0.0,0,subprime
2026-06-14,0.26839499293113306,0.40888924697954165,0,prime
2026-06-14,-0.0027464996678141836,0.0,0,prime
2026-06-14,0.5304415789285726,0.7010387950452527,0,prime
2026-06-14,-0.4124871975462459,0.7795835520251364,1,subprime
2026-06-14,0.020950098476113944,0.0,0,prime
2026-06-14,-2.410823341458514,0.1493578305610147,1,prime
2026-06-14,-1.152156589766481,0.6711355779186609,1,prime
2026-06-14,-1.1567963921016369,0.04783140554986637,0,subprime
2026-06-14,-0.5111709357015757,0.49679720855490567,1,prime
2026-06-14,0.14879052289459455,0.1064960493051868,0,subprime
2026-06-14,0.36634607617312354,0.8420595114302541,1,prime
2026-06-14,0.08678727478722705,0.2767516837938334,0,prime
2026-06-14,0.96784325587747,0.6594206777276456,1,prime
2026-06-14,0.35709378132874414,0.0,0,prime
2026-06-14,-0.09347107528693159,0.009728495848097651,1,prime
2026-06-14,1.1006621993163155,0.4970188548182316,1,subprime
2026-06-14,-0.2931808576300062,0.7543772891771261,1,subprime
2026-06-14,-1.5072152779234826,0.30304970243317114,1,prime
2026-06-14,0.5749734652999929,1.0,1,prime
2026-06-14,0.7387208012132824,0.7146145783403581,0,prime
2026-06-14,0.970007359025833,0.035005777747247585,0,subprime
2026-06-14,-0.4120353148481444,0.0,0,prime
2026-06-14,0.08834427414282313,0.31944242781310284,1,prime
2026-06-14,-2.4079881218259214,0.4141330217087166,0,prime
2026-06-14,0.8010388163527115,0.0,0,prime
2026-06-14,0.03750382487661801,0.0,0,prime
2026-06-14,1.5379499179341496,0.35705271920802434,0,subprime
2026-06-14,0.13883736949403552,0.891101674964097,1,prime
2026-06-14,0.8059083689033582,0.0,0,prime
2026-06-15,0.2209543617958694,0.3313643630497853,0,prime
2026-06-15,0.22254472845516415,0.0767235965698767,1,prime
2026-06-15,-0.16454517755791573,0.795433031518159,1,prime
2026-06-15,0.3805512644610832,0.510137042518731,1,prime
2026-06-15,0.08470422475094544,0.5864937852271569,1,prime
2026-06-15,0.07700993965982238,0.8248575334537146,1,prime
2026-06-15,-0.7669805028512728,0.8435289330446839,1,prime
2026-06-15,0.5482141991889875,0.7068928458655147,1,subprime
2026-06-15,-2.4591495741363563,0.9735074261086059,1,prime
2026-06-15,-1.8802657643215441,0.306069990992405,0,subprime
2026-06-15,-1.859147417367284,0.8079724382426431,1,subprime
2026-06-15,1.3218091942007086,0.5958977156099641,1,prime
2026-06-15,-0.16109249007354798,1.0,1,prime
2026-06-15,0.6731989869912621,0.22629822659706655,0,prime
2026-06-15,0.08905039834004516,0.8056775526620306,1,prime
2026-06-15,-0.3654234302519357,0.684495435213943,1,prime
2026-06-15,0.09853542848799995,0.12619357453615113,0,prime
2026-06-15,-2.3622149258481184,1.0,1,prime
2026-06-15,-1.6530101548514582,0.0,0,prime
2026-06-15,-1.12780329736494,0.4443455089461965,1,prime
2026-06-15,1.440820441334003,0.5459887631421592,1,prime
2026-06-15,1.8005707892898204,0.15969304779831237,0,prime
2026-06-15,1.3909133049543683,0.2657848270019999,1,prime
2026-06-15,-0.5940580729755341,0.0,0,prime
2026-06-15,0.2068975335002053,1.0,1,subprime
2026-06-15,-0.4513268807715506,1.0,1,prime
2026-06-15,-0.677015597078481,0.2358120987708732,0,prime
2026-06-15,-0.04655885380080106,1.0,0,prime
2026-06-15,0.36400261937921974,0.26607374745166523,0,prime
2026-06-15,-1.9061699967412742,0.32496919939833346,0,prime
2026-06-15,0.4175931484774527,0.2763454724285285,1,prime
2026-06-15,0.3309384371888525,1.0,1,prime
2026-06-15,0.9575792700679456,0.1581473484135827,1,prime
2026-06-15,-0.36134898853484104,1.0,1,prime
2026-06-15,-0.35950950190074427,0.3832284360492663,0,prime
2026-06-15,1.2580429085579188,0.31449730559690614,0,prime
2026-06-15,0.01743082692671772,0.6391975853787097,1,subprime
2026-06-15,1.080420481533862,0.21384154567512811,0,subprime
2026-06-15,0.23223128549224634,0.879058409938698,0,prime
2026-06-15,0.26157498128093404,0.2578840110026174,0,prime
2026-06-15,0.767470508055054,0.014399967669811803,0,prime
2026-06-15,0.9375234824082553,0.8203231866858984,1,prime
2026-06-15,-0.7650131942571502,0.06452713978975255,1,prime
2026-06-15,-0.31161149358796,0.5281074831342961,1,subprime
2026-06-15,0.7679885826236671,0.11913765712365273,0,prime
2026-06-15,1.2048370978353573,0.63003614880787,1,prime
2026-06-15,-0.18358167556849486,1.0,1,subprime
2026-06-15,0.19696239507437507,0.17275493862555155,0,prime
2026-06-15,2.571217180452755,0.0,0,prime
2026-06-15,0.8233601682932807,0.12751052104981483,0,prime
2026-06-15,0.34318700321111206,0.3975027743469334,1,prime
2026-06-15,-0.659996278084723,0.919594706940864,1,prime
2026-06-15,0.11322934827223907,0.9804003333982935,1,subprime
2026-06-15,0.7057057607721828,0.73012252999625,1,subprime
2026-06-15,1.0304394702797897,0.7003048106883123,1,prime
2026-06-15,0.34559252375175065,0.0,0,prime
2026-06-15,0.8108414679786973,0.05595926418349595,1,subprime
2026-06-15,-1.8990159370624253,0.2441417152775598,1,prime
2026-06-15,1.6609586065623447,0.5485340415104948,0,prime
2026-06-15,-0.6058529984047826,0.0,0,subprime
2026-06-15,-0.7914916811803505,0.5622286510585945,1,subprime
2026-06-15,2.1086193570654124,0.024001957983281613,0,prime
2026-06-15,-0.2398917954659669,1.0,1,subprime
2026-06-15,-0.4409221953711633,0.8991508909554123,1,prime
2026-06-15,-0.07920205733821656,0.7542865000439057,1,prime
2026-06-15,1.9660841246257759,1.0,1,prime
2026-06-15,0.27822766202582355,0.9916599619067662,1,prime
2026-06-15,0.4738743995880942,0.2639324981965094,0,prime
2026-06-15,-0.5434294545084073,0.690049556188994,0,subprime
2026-06-15,-0.04115606265800016,0.28486588417041553,0,prime
2026-06-15,-0.7995467701528617,0.2979568515542959,0,prime
2026-06-15,1.2237739914385946,0.4573321113757433,0,subprime
2026-06-15,2.001408637736132,0.10839297870305403,0,prime
2026-06-15,-0.10000960376943649,1.0,1,subprime
2026-06-15,0.6610584322785853,0.02643486783139859,1,prime
2026-06-15,1.0975717200221184,0.8845395817319288,1,prime
2026-06-15,0.7853525938728358,0.19300693020077414,0,subprime
2026-06-15,-1.1548858931979642,0.6614245226475006,1,subprime
2026-06-15,0.42037868639054565,0.7385840734201483,0,prime
2026-06-15,-0.6695579085529778,0.20353965210499422,0,subprime
2026-06-15,-0.6334825907524849,0.4855510458002259,1,prime
2026-06-15,-1.6754995197277784,0.7980211980820202,1,prime
2026-06-15,-0.16063520344565668,1.0,1,prime
2026-06-15,-0.2694445163646528,0.12103945325523431,0,prime
2026-06-15,-0.08077339429100198,0.6708128368996027,1,prime
2026-06-15,-0.8309727459474197,0.8796505966856962,1,subprime
2026-06-15,-0.07708057798201126,0.04614051707777733,0,prime
2026-06-15,-0.8974948826086437,0.8794401242758281,1,subprime
2026-06-15,-0.45296146697092304,0.0,0,prime
2026-06-15,-0.10927835263970526,0.0,1,prime
2026-06-15,-0.45708292192472993,0.36386746797641123,1,prime
2026-06-15,2.1239077714793577,0.025258394809523188,0,subprime
2026-06-15,-1.0135838633793042,0.4529480295326591,0,prime
2026-06-15,0.23171925392304932,1.0,1,subprime
2026-06-15,-0.010586830704727985,0.6951384695267196,1,subprime
2026-06-15,-0.4903106250953886,0.9186684916628263,0,subprime
2026-06-15,0.14255913889102195,1.0,1,subprime
2026-06-15,1.819431174361957,0.03844925531353452,0,subprime
2026-06-15,-0.2343462997790256,0.0,0,prime
2026-06-15,0.8612328176383623,0.9067871872328863,0,prime
2026-06-15,0.9854072057205401,0.5382247101355191,1,prime
2026-06-15,-0.1045361548418916,0.0,0,prime
2026-06-15,-0.6784732336737502,0.7011227235729727,1,prime
2026-06-15,-0.5715459169832989,1.0,1,subprime
2026-06-15,0.11358183474782126,0.07588439119312007,0,prime
2026-06-15,0.5665045688137915,0.5094920533511835,1,prime
2026-06-15,0.5984956213281729,0.5256859343513163,0,prime
2026-06-15,0.1680902663839581,1.0,1,prime
2026-06-15,0.19411339809378153,0.5164741842777872,0,prime
2026-06-15,1.2530563873049858,1.0,1,prime
2026-06-15,1.7781278947523755,1.0,1,prime
2026-06-15,-0.7254839125486172,0.6503327755254714,1,subprime
2026-06-15,0.28754138138592944,0.9242982847938964,1,prime
2026-06-15,-2.1290415818466046,0.9523100728678082,1,subprime
2026-06-15,-1.132150121726369,0.3750257818234694,1,prime
2026-06-15,0.7260730631229879,0.32358097983136896,0,subprime
2026-06-15,-1.1416169159104825,0.07478506277818428,0,prime
2026-06-15,0.7359234979356936,0.5987345050646027,1,subprime
2026-06-15,1.261210797859103,0.911232630663088,1,prime
2026-06-15,-1.4934803254908722,0.0,0,prime
2026-06-15,0.4395715621872667,0.4864199256405316,1,prime
2026-06-15,0.40463564485226416,1.0,1,prime
2026-06-15,-0.1557615451782668,0.9952068252679327,1,prime
2026-06-15,0.20926169063273964,0.4384049377550742,1,prime
2026-06-15,-0.4192896786627878,0.7322540463103352,1,subprime
2026-06-15,1.3382581460210494,0.6768675319336627,0,subprime
2026-06-15,-1.676114057236132,1.0,1,subprime
2026-06-15,1.1549004701863201,0.5824000556879868,1,prime
2026-06-15,-0.47997026594636943,0.29989335929692973,1,prime
2026-06-15,-0.41786761215465074,1.0,1,prime
2026-06-15,-0.3483999444160899,0.8143015796552121,1,subprime
2026-06-15,-0.23341339952799067,0.5190871598531228,0,prime
2026-06-15,1.5275478848404072,0.5331864285398584,1,prime
2026-06-15,-0.2717377114156135,0.7379898406263922,1,prime
2026-06-15,-0.5103803985397256,0.0,0,subprime
2026-06-15,2.182941841839576,1.0,1,prime
2026-06-15,1.3132074364345818,1.0,1,prime
2026-06-15,-0.5276914617711481,1.0,1,subprime
2026-06-15,0.8188647814675297,0.6738723716751145,1,prime
2026-06-15,1.2925739741093054,0.44032834948773547,0,prime
2026-06-15,-0.32605591955502505,0.0409566714828605,0,subprime
2026-06-15,0.9345486615851559,0.0,0,prime
2026-06-15,-0.3606968018286835,0.2632499612797329,0,subprime
2026-06-15,-1.6611790933369919,1.0,1,prime
2026-06-15,2.010474054546881,0.470710305690584,0,prime
2026-06-15,-1.1919681267535323,0.9741958192843327,0,prime
2026-06-15,-0.3774216624188974,0.629534465049101,1,prime
2026-06-15,-0.21881891328950395,0.49217789874289675,1,prime
2026-06-15,-1.3868685763903237,0.9006963938229694,1,prime
2026-06-15,-0.4061466095701452,0.32159390034712637,0,prime
2026-06-15,-0.9862935162571576,0.0,0,prime
2026-06-15,-0.20545023138368634,0.0,0,prime
2026-06-15,0.21870712941533002,0.0,0,prime
2026-06-15,1.1217692356217375,0.787486863646563,0,prime
2026-06-15,-0.7014232023888038,0.4050227805867737,1,subprime
2026-06-15,0.044494232542782675,0.2750073750467089,0,prime
2026-06-15,1.2794111908329242,0.29163074284204854,1,prime
2026-06-15,-1.2449578758578252,1.0,1,prime
2026-06-15,0.49114368704984357,0.6498592322463361,1,subprime
2026-06-15,-1.7510504780115372,0.3890951891064542,1,prime
2026-06-15,-0.7620023395170724,0.10072910513679972,0,prime
2026-06-15,0.40495973733522267,0.0,0,prime
2026-06-15,-1.101049322584676,0.3805237423153086,0,prime
2026-06-15,-1.4260466930042826,0.6224484374881758,0,prime
2026-06-15,1.8050381403942584,0.767771820448477,1,subprime
2026-06-15,0.7680060414953294,0.9351051030800016,1,subprime
2026-06-15,-0.8939128895751098,0.9910148786712265,1,prime
2026-06-15,0.34922603633930055,0.5952998586476435,0,prime
2026-06-15,-0.13787190578779843,0.7054844924778361,1,subprime
2026-06-15,-3.8705544642787384,0.09926073729163631,1,subprime
2026-06-15,0.2739304369065781,0.27300680937651856,0,subprime
2026-06-15,1.1640018535966705,0.3983499704179767,0,prime
2026-06-15,-0.8448400860767371,0.7642353339765384,1,subprime
2026-06-15,-0.6664363538784621,0.9661704845277648,1,subprime
2026-06-15,-0.500763619052806,0.43750551493403356,1,subprime
2026-06-15,0.7665484480674037,0.40093152152578854,1,prime
2026-06-15,-1.9421124955902427,0.10343352986896037,0,subprime
2026-06-15,0.09062899416047758,0.0,0,prime
2026-06-15,-1.4034845789751818,0.7206033421962509,1,prime
2026-06-15,0.9374899471786785,0.3793455710829297,1,subprime
2026-06-15,-0.8097803365706264,0.2927852341803567,0,prime
2026-06-15,0.8348416268858667,0.2840191229721154,1,prime
2026-06-15,0.319078576102361,0.4901489427582706,1,prime
2026-06-15,-0.43653369412245485,0.9053488979013842,0,prime
2026-06-15,0.35961188554763357,1.0,1,prime
2026-06-15,-0.1087169354583468,0.0,0,prime
2026-06-15,0.7725523251181954,0.28742287465279504,0,subprime
2026-06-15,-0.06432647920382403,0.4749240775147976,0,subprime
2026-06-15,0.8997246229646733,0.7551749173588633,1,prime
2026-06-15,0.21411118856125588,0.4552365957469885,0,prime
2026-06-15,-0.43272450133387136,0.9014104551282311,1,prime
2026-06-15,1.400355718579072,0.5500235525335619,0,prime
2026-06-15,-0.8360382669338545,1.0,1,prime
2026-06-15,-1.4166008952823492,0.7811266184779513,1,subprime
2026-06-15,-0.570213341663475,0.793817532804612,1,prime
2026-06-15,-0.8757254514394492,0.33043395931160907,0,subprime
2026-06-15,-0.4176038290112085,0.177572318538434,0,prime
2026-06-15,-0.5197932306140723,0.27219081957823243,0,subprime
2026-06-15,-0.09191087886590552,0.10783020503712491,0,subprime
2026-06-15,0.7101249882660194,0.012923812492089931,0,prime
2026-06-15,1.549473266292848,0.7284631595834428,1,prime
2026-06-15,1.0426891546252524,0.8042126196062002,1,subprime
2026-06-15,-2.637753340088003,0.4750161033167229,0,prime
2026-06-15,-1.2665884244640275,0.4741988441239946,0,prime
2026-06-15,0.15109591607762646,0.7431299105754284,1,subprime
2026-06-15,-0.21902269305737387,1.0,1,subprime
2026-06-15,1.239104898815567,0.9856812736861633,1,prime
2026-06-15,-1.4103274683834575,0.0,0,prime
2026-06-15,1.069687375295624,1.0,1,prime
2026-06-15,-0.673915688189226,0.0,0,prime
2026-06-15,0.38307119494221903,0.6190279661408846,0,prime
2026-06-15,0.7567950043491212,0.259584366980829,1,prime
2026-06-15,-0.3098704789990416,0.27031533149085146,0,prime
2026-06-15,0.8019932485896551,0.4159943628566254,1,subprime
2026-06-15,1.1774783563173752,1.0,1,prime
2026-06-15,0.7228934202898734,0.025449408926224326,0,prime
2026-06-15,1.2419142946260557,0.4808568381086466,1,subprime
2026-06-15,0.5082325925383232,0.9983206045692371,1,prime
2026-06-15,-1.051129201481419,0.5376681541799846,0,subprime
2026-06-15,1.2241385569170555,0.6648137652870314,1,prime
2026-06-15,0.17718723263339198,0.14629152643721266,0,prime
2026-06-15,-1.0697713222908942,0.5303707705328662,0,subprime
2026-06-15,0.042634300317697736,0.4024546174363853,1,prime
2026-06-15,1.4028340787058668,0.26495553351411966,0,prime
2026-06-15,-0.04277862911628101,0.0,0,prime
2026-06-15,1.4580685105764628,0.5891478756788026,1,prime
2026-06-15,1.6469691887133444,1.0,1,prime
2026-06-15,-0.27017222306829397,0.6053127604809992,1,subprime
2026-06-15,-0.12245304655123888,0.8441590841432326,1,subprime
2026-06-15,-0.4749238254603322,0.07590626482730467,0,subprime
2026-06-15,-0.771803858798998,1.0,1,prime
2026-06-15,0.9789215354066371,1.0,1,subprime
2026-06-15,-1.0281118073522806,0.8539689057079649,1,subprime
2026-06-15,-0.029876501690119447,0.7460667065134018,0,prime
2026-06-15,0.2106805983066575,0.8130083748513045,1,subprime
2026-06-15,0.290260713400553,0.6184226030561781,1,subprime
2026-06-15,0.8351729733049053,0.5307677310292747,0,prime
2026-06-15,0.34846673084419977,1.0,1,prime
2026-06-15,-0.04492217297492212,0.34620892344495136,0,prime
2026-06-15,-2.078861191440707,0.271227586682155,0,prime
2026-06-15,-1.8652660662403258,1.0,1,subprime
2026-06-15,-1.3690854392157588,0.3623198460457805,0,prime
2026-06-15,1.2833851919147587,1.0,1,subprime
2026-06-15,-0.2918324994733125,0.6466247669868759,1,prime
2026-06-15,1.7582469951101016,0.5243353449063768,0,prime
2026-06-15,0.08147066111717967,0.13282690987563311,0,subprime
2026-06-15,1.2041056820502853,0.3630130332885422,0,prime
2026-06-15,-0.5741113282103084,0.05333723250422556,0,prime
2026-06-15,1.482228903975849,0.43121240987834186,0,prime
2026-06-15,0.7831090809072232,0.8055755790653575,1,prime
2026-06-15,-0.13716083552878885,0.9419738051631065,1,prime
2026-06-15,0.3934382439682404,1.0,1,prime
2026-06-15,-0.2916502814655178,0.7713471980532027,1,prime
2026-06-15,-0.06850716126761229,0.9344214862818138,1,prime
2026-06-15,-1.6001333743695425,0.17519960812297147,0,prime
2026-06-15,-0.5563514536294609,1.0,1,prime
2026-06-15,0.8267481720768278,1.0,1,prime
2026-06-15,0.5103827597455014,0.17661497596069786,0,subprime
2026-06-15,-1.265199610346153,0.7066854007238502,1,prime
2026-06-15,-0.4228863036715207,0.24325176744529659,0,prime
2026-06-15,-0.06790761604499232,0.8112485612299946,1,subprime
2026-06-15,-0.2185042276080751,0.8261211613100546,1,subprime
2026-06-15,-0.5513878690224914,0.045125872232455067,0,prime
2026-06-15,0.5633786571972579,0.8225389452504825,1,prime
2026-06-15,-2.533628286114444,0.3989495787521393,0,prime
2026-06-15,-0.16052112858832646,0.8254153824213435,1,prime
2026-06-15,-2.0208483998852538,0.26015654631836094,0,prime
2026-06-15,0.5294891111427318,0.3905080021170936,0,subprime
2026-06-15,0.7311690182635336,0.5334097782675056,0,subprime
2026-06-15,1.874691921616535,0.13325358571522045,0,subprime
2026-06-15,-0.9795769172627276,0.8081780990395544,1,prime
2026-06-15,-1.0930174119027316,0.4078668418675766,0,prime
2026-06-15,0.5276537270815642,0.14682416527659298,0,prime
2026-06-15,0.6454784193397375,0.579571840769495,0,prime
2026-06-15,-0.7677816374403654,0.43444073589024906,1,prime
2026-06-15,-0.220729976545096,0.5318589011701871,1,subprime
2026-06-15,0.6017294330442179,0.9491325596458963,1,prime
2026-06-15,0.27865540213296663,0.9432348720752044,1,subprime
2026-06-15,0.570864923213952,0.6789987494557937,1,prime
2026-06-15,-1.0511801702592185,0.5766918393666454,1,prime
2026-06-15,-2.2462829613637023,0.9756733952400183,0,prime
2026-06-15,0.34982103355062916,0.08062657262443892,0,prime
2026-06-15,-0.11837312245200039,1.0,1,prime
2026-06-15,-0.5796233057408542,0.5125717997344243,0,prime
2026-06-15,-0.6156681532007106,0.05398511187742283,1,prime
2026-06-15,1.6079779862987698,0.838482568787239,1,subprime
2026-06-15,1.3551970905280588,0.8030836295295093,1,subprime
2026-06-15,-0.5640379023853668,0.267772208194221,1,prime
2026-06-15,-0.944517409938049,0.5681993837947111,1,subprime
2026-06-15,-0.31850884443262334,0.0,1,prime
2026-06-15,1.5942356280025047,1.0,1,subprime
2026-06-15,-1.367550263801045,1.0,1,prime
2026-06-15,1.3961679192595469,0.0,0,prime
2026-06-15,-0.21991744050979561,0.16344292752964923,0,prime
2026-06-15,1.1831285174887787,0.055643989226783486,1,prime
2026-06-15,-0.9713647910130727,1.0,1,prime
2026-06-15,0.41856023097715694,0.0,0,subprime
2026-06-15,-0.8148071082315523,0.37247000367977434,0,prime
2026-06-15,0.13661441248395897,0.5773891473468005,1,prime
2026-06-15,-0.7564717757984973,0.7284640500299638,0,prime
2026-06-15,-1.33528486458885,0.23643621396401832,0,prime
2026-06-15,0.2660278644209527,0.20625952416208698,0,prime
2026-06-15,-0.18590226588041905,0.16070279431535056,0,prime
2026-06-15,1.4548615982194608,0.8402863514887167,1,prime
2026-06-15,-0.6333363967512494,0.7845054054765345,1,prime
2026-06-15,-2.1683262421505782,0.6028147509337826,0,prime
2026-06-15,-0.5000983129705128,0.06730877603363031,0,prime
2026-06-15,0.3523964637867914,0.4601113601424268,1,prime
2026-06-15,1.60987670074198,0.8118248710899318,0,prime
2026-06-15,-0.8758936816839533,0.528333500190203,0,subprime
2026-06-15,0.10890318952461182,0.37915313873246814,0,prime
2026-06-15,0.25545416282355715,0.987690984930376,1,prime
2026-06-15,-0.9191310116970409,0.43101557240251376,0,prime
2026-06-15,-0.4853902058340017,0.3146118836652596,0,prime
2026-06-15,1.363294029702516,0.27629435404152203,0,prime
2026-06-15,1.419780431114301,0.059065826629790014,0,prime
2026-06-15,0.23642636271169715,0.5173945756478912,1,prime
2026-06-15,-1.2956044013182755,0.511185149124896,0,subprime
2026-06-15,-0.8066472146064351,0.3162537803347409,0,prime
2026-06-15,1.4276211703786637,0.2140883626445112,0,prime
2026-06-15,-0.45698940587075154,0.0952008409605728,0,prime
2026-06-15,1.4004836995658623,0.516298559525604,0,prime
2026-06-15,0.3627229953588905,0.19118547786056897,0,subprime
2026-06-15,-0.5447674657523003,0.8312395387605056,1,prime
2026-06-15,-0.008527373804320143,0.0,0,subprime
2026-06-15,0.19018462077429918,1.0,1,prime
2026-06-15,-0.36550261617020235,0.21561700810775683,0,prime
2026-06-15,0.5872983660360954,0.6787192269678042,0,prime
2026-06-15,-0.13543582364432488,0.4374579206363164,0,prime
2026-06-15,-1.3221237208556187,0.17859045445968613,1,prime
2026-06-15,1.3502127046689023,0.0,0,prime
2026-06-15,-1.0958206529144265,0.6134661815602652,0,subprime
2026-06-15,-0.8793336111809739,0.5701084979360872,0,prime
2026-06-15,1.2422502636749904,0.6155986491893654,0,prime
2026-06-15,-1.640967450367069,0.14944340941230427,1,prime
2026-06-15,0.2916197123937497,0.1676180802247497,0,subprime
2026-06-15,1.4115580128630842,0.7972594589993263,1,prime
2026-06-15,-1.3948582407906738,0.2735441646553006,0,prime
2026-06-15,0.6690769753653296,1.0,1,subprime
2026-06-15,-0.7444156949652179,0.7037497648792289,1,prime
2026-06-15,1.0634088146957705,1.0,1,prime
2026-06-15,-2.120013734595661,0.6730574834280867,0,prime
2026-06-15,0.18673099835639775,0.0,0,prime
2026-06-15,0.670182061155123,0.1290472612907894,0,subprime
2026-06-15,-0.13092740660595723,0.820845044056142,0,prime
2026-06-15,0.8861558148498553,0.2233043352444046,0,prime
2026-06-15,0.8623755627835912,0.2196430662613425,0,subprime
2026-06-15,0.9339361387349913,0.613263704140665,1,prime
2026-06-15,-0.5498336375532075,0.7422657582153296,0,prime
2026-06-15,-0.9029091576279481,0.9413327841282311,1,prime
2026-06-15,-1.385501337068943,0.7643545306131082,0,prime
2026-06-15,-0.26992997092009274,0.2927734373054505,0,prime
2026-06-15,-1.7568893353362502,0.6035677864428979,1,prime
2026-06-15,-0.4396585868874374,0.8961530744476754,1,prime
2026-06-15,-1.3934350836084148,0.11372047257474477,0,prime
2026-06-15,1.6740674306518755,0.3566217847829123,0,subprime
2026-06-15,1.842788251943069,0.0763898530564954,0,subprime
2026-06-15,-1.0689026716336811,0.006671821011521667,0,prime
2026-06-15,-1.6915605229243844,0.43782075837277656,0,subprime
2026-06-15,0.8310608477049192,0.46943835371402426,1,prime
2026-06-15,-1.1366840172704098,0.008047654253384356,0,prime
2026-06-15,0.410956555746668,0.0910333290235108,0,prime
2026-06-15,-1.7443083318475352,0.48906997588724094,1,prime
2026-06-15,-0.264949054925988,0.26639143016203776,0,prime
2026-06-15,-0.1703034857165858,0.748369785127181,1,prime
2026-06-15,-0.3038981121020011,0.5932311554188056,1,subprime
2026-06-15,-1.2426622498808944,1.0,1,prime
2026-06-15,0.006338070635452278,0.6316393041913415,0,prime
2026-06-15,0.48614824485419367,0.1627769648839906,0,subprime
2026-06-15,-1.0912344436527817,0.3205048101096968,1,prime
2026-06-15,1.1658435103458111,0.6711512404858377,1,subprime
2026-06-15,-0.8626786272134684,0.4250024046959141,0,prime
2026-06-15,0.5350378466909934,0.4765480170554091,1,subprime
2026-06-15,-1.0510898502482005,0.4856396596584767,0,subprime
2026-06-15,0.25752982622123555,0.5303924685251538,1,subprime
2026-06-15,0.05345664595002969,0.5326857410779368,0,prime
2026-06-15,-1.0146301301294143,1.0,1,subprime
2026-06-15,-0.26314747187876797,1.0,1,prime
2026-06-15,-1.4459786525302836,0.7033917300823211,1,prime
2026-06-15,0.37993891523542156,0.13743530394604883,0,prime
2026-06-15,-0.7515760694102588,0.5220433202780002,0,subprime
2026-06-15,-2.393792236296563,0.8527647941598429,1,prime
2026-06-15,0.13644958508649155,0.266823725714745,0,prime
2026-06-15,-1.2570634143856365,1.0,1,prime
2026-06-15,-0.14135505794022657,0.924347868013057,1,subprime
2026-06-15,-2.002550389089593,1.0,1,prime
2026-06-15,0.5220374671015331,0.12304574744059318,0,prime
2026-06-15,0.23632830180770173,1.0,0,prime
2026-06-15,0.5615585199099581,1.0,1,prime
2026-06-15,1.576262143362252,0.44432918909261165,1,prime
2026-06-15,0.4034322014816893,0.6335755430951223,1,prime
2026-06-15,0.14960806387765177,0.0,0,prime
2026-06-15,0.19508401535350597,0.15043933795521558,1,prime
2026-06-15,-0.4737146981065786,0.9531754190692934,1,prime
2026-06-15,-0.3353637502596461,0.6177325975777574,1,prime
2026-06-15,0.6951923140338533,0.29962726931643,0,subprime
2026-06-15,0.004600632582478114,1.0,1,subprime
2026-06-15,1.4945976501550342,0.6750390391205926,1,subprime
2026-06-15,-0.4235965296212257,0.5278968436862767,0,prime
2026-06-15,0.6942942400221798,0.723410594021354,1,prime
2026-06-16,-0.5378654429775778,0.44885952510568883,0,subprime
2026-06-16,0.6331874966051821,0.31932114420535934,0,prime
2026-06-16,-1.3257507619560298,0.35355376301335745,0,subprime
2026-06-16,0.2635087492619779,0.0075186462513731345,0,prime
2026-06-16,0.38761447474756766,0.7901301770908798,1,prime
2026-06-16,0.2823584105200631,0.4956062037116118,1,prime
2026-06-16,-0.3610072433880691,0.2505616836053915,0,subprime
2026-06-16,0.020890774095927885,1.0,1,prime
2026-06-16,0.5365111606076584,0.5197601936158597,0,prime
2026-06-16,-0.49840685244651206,0.2178916178690914,0,prime
2026-06-16,-0.1782231154807893,1.0,1,prime
2026-06-16,-0.3536692227851106,0.6344375511155296,0,subprime
2026-06-16,0.537697253880809,0.7797247127636047,1,subprime
2026-06-16,0.3761296716654733,0.7068770245739917,1,prime
2026-06-16,0.5975618582672951,0.7382713045223179,1,prime
2026-06-16,1.5120087704914484,0.947332058986454,1,subprime
2026-06-16,-0.09408075379994989,0.8840432395104145,1,prime
2026-06-16,-1.2125410935193541,1.0,1,prime
2026-06-16,-0.05455263257440521,0.8990364202496365,0,subprime
2026-06-16,-0.9496935453313404,0.1529212168908289,0,subprime
2026-06-16,-1.0352576073643756,1.0,1,prime
2026-06-16,-0.12558611945675574,0.453796477234877,1,prime
2026-06-16,0.4331488684861084,0.41139904125367743,1,prime
2026-06-16,0.0872838207665232,0.6250162896501453,0,prime
2026-06-16,0.3826866466378028,0.6894415307663113,1,prime
2026-06-16,1.9005996426578335,0.2647481666343601,0,prime
2026-06-16,-0.9586418260286105,0.4738591325653554,0,subprime
2026-06-16,-0.33713880460150086,0.5212543495196158,1,prime
2026-06-16,0.3362366078710598,1.0,1,prime
2026-06-16,-1.7612052944402758,0.457735935222236,0,prime
2026-06-16,0.7653565956760737,0.0,0,prime
2026-06-16,0.3171369507502618,0.6890971127720964,0,prime
2026-06-16,2.667676654951897,0.0012130806936229144,0,subprime
2026-06-16,-0.18155732147495435,0.1471757045263533,1,prime
2026-06-16,-0.21765012155055294,0.4749371639857796,1,prime
2026-06-16,0.5833900773726766,0.30862274395192435,0,prime
2026-06-16,-0.6009720984116993,0.9638100752782617,1,prime
2026-06-16,-0.29460620245233143,0.936424266014567,1,subprime
2026-06-16,1.2696848345828362,1.0,1,prime
2026-06-16,-1.8760618796550397,0.5141490463347294,0,prime
2026-06-16,-0.0032886573059416353,0.43838210244166653,0,prime
2026-06-16,1.7476314022924186,0.8193121053452442,1,prime
2026-06-16,0.9332729630569588,0.0532440026670061,0,prime
2026-06-16,-2.0351143061419137,1.0,1,subprime
2026-06-16,0.0006850325827532516,0.8107339649501614,1,prime
2026-06-16,-0.6276210660144844,0.8402731301522907,1,prime
2026-06-16,-1.4602953037954423,0.008092005106308892,0,prime
2026-06-16,0.6372994850759086,0.722568875649554,1,prime
2026-06-16,0.3205401065522169,0.7200104131044989,1,prime
2026-06-16,0.2876231363625462,0.8170145253882058,1,prime
2026-06-16,-1.444286236355234,0.5655570528456646,1,prime
2026-06-16,-1.0600523634204444,0.0,0,subprime
2026-06-16,0.6351532981263821,0.12768367159949462,0,prime
2026-06-16,0.5414724973751621,0.4690562356615417,0,subprime
2026-06-16,0.40576985134146093,0.0666589397344198,0,subprime
2026-06-16,-0.42639488404915876,1.0,1,prime
2026-06-16,-0.8071850580105757,0.7557561351986846,0,prime
2026-06-16,-0.3782803107389911,1.0,1,prime
2026-06-16,-0.3977482590541909,0.046180532551604814,1,subprime
2026-06-16,0.6669517604322985,0.3433070902919094,1,subprime
2026-06-16,-1.4426262956464553,0.13504828426693694,1,subprime
2026-06-16,0.3940247720232704,0.03765804887075386,0,prime
2026-06-16,0.43484576344666676,0.0,0,subprime
2026-06-16,-0.6658199028389991,0.7987577651093549,1,prime
2026-06-16,1.1237659967796247,0.8069522336727953,1,prime
2026-06-16,-0.1437473208721888,0.26055091623628973,0,subprime
2026-06-16,-0.6461495616106384,0.23752127586340938,0,subprime
2026-06-16,-1.3531847058376014,0.45258711036553584,1,subprime
2026-06-16,-0.4650705939453091,1.0,1,prime
2026-06-16,1.5422858366429872,0.6384006670252134,1,prime
2026-06-16,0.6516918743141153,0.1780034751655083,1,prime
2026-06-16,-0.2206260863168755,0.40295712245444393,0,prime
2026-06-16,1.1206673803611193,0.5433865516410413,1,prime
2026-06-16,1.8677109090068615,0.42211676351143473,1,subprime
2026-06-16,-0.31995431256738205,0.570895376352062,0,prime
2026-06-16,-1.6359992033778505,0.552388195380298,1,prime
2026-06-16,-1.8422405047931016,0.611041627767007,0,subprime
2026-06-16,1.233481618273091,0.829908580541079,1,subprime
2026-06-16,-0.7149180843652122,0.36001467320279523,0,prime
2026-06-16,-1.9021190586129073,0.0,0,prime
2026-06-16,0.2330410994842656,0.8038152749754269,1,subprime
2026-06-16,-0.40004178460767814,1.0,1,prime
2026-06-16,-1.9479005415237411,0.668789187156407,1,prime
2026-06-16,-0.15538878247715823,1.0,1,prime
2026-06-16,-0.7099381429643994,0.9580129824640085,1,subprime
2026-06-16,1.3956767523998708,0.3371076710202595,0,prime
2026-06-16,1.1077390832578902,0.2281975799263515,0,prime
2026-06-16,-0.379905390021084,0.8909619357853461,1,subprime
2026-06-16,1.745635127600453,1.0,1,subprime
2026-06-16,-0.10983098629123059,0.3691692199860773,0,prime
2026-06-16,1.4007583923875098,0.36530324508150225,1,subprime
2026-06-16,-0.18710045815539358,1.0,1,prime
2026-06-16,-0.7378138286335385,0.7375455995763645,1,subprime
2026-06-16,-0.3057146538395144,0.6032862081354784,1,prime
2026-06-16,0.8077087390477521,0.38596121721070803,0,prime
2026-06-16,-0.6969855573475822,1.0,1,subprime
2026-06-16,-1.6948477245142826,0.6637748180540531,0,subprime
2026-06-16,1.2318238385444928,0.4037809567573579,0,prime
2026-06-16,-0.6621475685103003,0.42577132728073214,1,subprime
2026-06-16,0.23791916867710147,0.6617546828779767,1,prime
2026-06-16,-2.1739987726454095,0.2540900777709998,1,prime
2026-06-16,-0.7371510961024252,0.6996837684318125,0,subprime
2026-06-16,0.5458010575744153,0.13470419917981957,0,prime
2026-06-16,0.9362044521339726,0.15842150002965524,0,prime
2026-06-16,-0.9592526603713256,0.6103372483601548,1,prime
2026-06-16,0.22561238748912046,0.8630890047921225,1,subprime
2026-06-16,-0.012141303308620791,0.2961393712320419,0,prime
2026-06-16,-1.1987083345979737,0.0,0,subprime
2026-06-16,-0.4873328169867595,0.5573806171134252,0,prime
2026-06-16,-1.5342915559527763,0.40922505551674143,0,prime
2026-06-16,-1.069834207160876,0.3083302648082673,0,prime
2026-06-16,-0.2354459046259556,0.28948067236949254,0,prime
2026-06-16,-1.350519155395842,1.0,1,subprime
2026-06-16,-1.6821825036370552,0.9329607219100011,0,subprime
2026-06-16,0.44995636571127695,0.9736114560942755,1,subprime
2026-06-16,0.43034873962566317,0.514254682486257,1,prime
2026-06-16,-0.1791219965215827,0.4422458223504217,1,subprime
2026-06-16,-0.1775761624863734,0.776826220616313,0,prime
2026-06-16,0.805439143240645,0.9179590814453332,1,prime
2026-06-16,-1.987456839778596,0.6403319080737149,1,subprime
2026-06-16,1.455270852825444,0.5381762074545364,0,prime
2026-06-16,0.4458427216233172,0.5866041116387186,1,prime
2026-06-16,-0.42827640108297355,0.8001048981985887,1,subprime
2026-06-16,-0.946776582072669,0.6777061809737936,0,prime
2026-06-16,-1.5699507059934603,0.7624053635395244,1,prime
2026-06-16,-0.898431875206051,0.7700633051208912,1,prime
2026-06-16,-0.9223014485861503,0.439086106916057,0,subprime
2026-06-16,0.12257238211845405,0.4063441785280846,0,prime
2026-06-16,-1.0761252354872048,0.5364170887507766,0,subprime
2026-06-16,-0.143737820990521,0.0,0,prime
2026-06-16,0.6512061535872916,0.9477347947775275,1,prime
2026-06-16,0.7482319695352182,0.0,0,subprime
2026-06-16,0.32765755047196937,0.487440936954797,1,prime
2026-06-16,-0.06734203857478187,0.0,0,prime
2026-06-16,0.2141776527056886,1.0,1,prime
2026-06-16,1.1172841530962703,0.6779755027321287,0,subprime
2026-06-16,1.1777575048083726,0.0,0,prime
2026-06-16,-0.9099011630038798,0.9091090753628643,1,prime
2026-06-16,-0.30223670251562773,0.5212711341985344,1,prime
2026-06-16,0.6198912706193119,0.1679086082433942,0,prime
2026-06-16,1.5946381769160696,0.33400033681791913,0,subprime
2026-06-16,0.3755117979170976,0.0,0,prime
2026-06-16,1.1542869147497974,0.2065612574360428,1,prime
2026-06-16,0.8487413365868088,0.0,1,subprime
2026-06-16,-0.9156688251678141,0.0,0,prime
2026-06-16,0.4460671160186212,0.8393095361589406,1,subprime
2026-06-16,-2.1092663660506377,0.6999145292329125,1,subprime
2026-06-16,-0.6625017186873475,0.31015573909185296,0,subprime
2026-06-16,-0.14488312659780708,0.06838661112481606,0,prime
2026-06-16,-0.23722052823928547,0.15069286098089346,0,prime
2026-06-16,-1.4584892586147866,0.3289809853888342,0,subprime
2026-06-16,-0.6711516424291811,0.5038577216271258,1,prime
2026-06-16,1.6549743958727785,0.2230583039813097,0,prime
2026-06-16,0.4491147980604849,0.14336468025289212,0,subprime
2026-06-16,0.48707420001638385,0.6536205593750446,1,prime
2026-06-16,0.7373027278193582,0.5612499323912477,1,subprime
2026-06-16,1.5932203565259624,0.3927232199754654,1,prime
2026-06-16,-1.2811845847341758,0.23499362480444871,0,prime
2026-06-16,0.5287277735084953,0.49225929005414165,1,prime
2026-06-16,-0.21055541759842786,0.9965260260204174,1,prime
2026-06-16,-0.9341938741279997,0.0,0,subprime
2026-06-16,-1.9954144837103187,0.7602164899323283,1,prime
2026-06-16,-0.47763308314936126,0.559568085604608,1,prime
2026-06-16,0.4123298723642215,0.6667469872389777,1,subprime
2026-06-16,0.29723782290014095,0.8680596587363274,1,prime
2026-06-16,0.23131328761052694,0.9729759469509173,1,prime
2026-06-16,1.4703431245954335,0.5938802652366661,1,prime
2026-06-16,1.0043108617674765,0.6669210934876948,0,prime
2026-06-16,0.3112352972077093,0.0,0,prime
2026-06-16,-0.3969410694736905,0.3511954935960595,0,prime
2026-06-16,-1.0529529131152588,0.7462103803301716,1,prime
2026-06-16,0.3414376389756277,0.9911919045234128,1,prime
2026-06-16,-0.35580094066113105,0.44210019055672284,0,subprime
2026-06-16,0.7442432553087491,0.0,1,prime
2026-06-16,0.25026616978328925,0.24217278446584117,0,prime
2026-06-16,0.7610011554654811,0.14839045388570954,0,prime
2026-06-16,-0.8288716659543074,0.22040533950356211,0,prime
2026-06-16,-0.27322859074688816,0.0,0,prime
2026-06-16,-1.2858802443029203,1.0,1,prime
2026-06-16,-0.0937117767273516,0.5166909214442588,1,prime
2026-06-16,0.07904404174624519,0.45796406361936737,0,prime
2026-06-16,1.4553538778987247,0.06518325608792144,0,prime
2026-06-16,0.4111001835658106,1.0,1,prime
2026-06-16,-0.12276697197149797,0.8750373878421815,1,prime
2026-06-16,-1.6041127072150656,0.18142912021306834,1,prime
2026-06-16,-0.13824979965466802,0.7701133856203685,1,subprime
2026-06-16,-0.4288432195273817,0.2516119205930243,0,subprime
2026-06-16,-0.7126821624292404,0.022120567372652916,0,prime
2026-06-16,-0.07268513361953796,0.0,0,prime
2026-06-16,0.3491101560772111,0.9891750936056016,1,prime
2026-06-16,1.1003329170380447,0.5122280434115599,0,prime
2026-06-16,-2.1317971310969104,1.0,1,subprime
2026-06-16,-1.991084190665306,0.06554721129458416,0,prime
2026-06-16,-0.17238053737340142,0.9465103070259167,0,prime
2026-06-16,-0.14809147490607005,0.0,0,prime
2026-06-16,0.7791386429155893,0.8282018372154814,1,prime
2026-06-16,0.38037728751846783,1.0,1,subprime
2026-06-16,0.3666621771957214,0.6051189749534422,1,prime
2026-06-16,0.7455512444699199,0.0,0,subprime
2026-06-16,-0.8979853511350451,0.696814827543129,0,prime
2026-06-16,1.427622572027412,0.0,0,prime
2026-06-16,1.2044655033724911,0.5072575587380843,0,subprime
2026-06-16,-0.053697757655945436,0.5656868893956791,1,subprime
2026-06-16,0.6997066228605118,0.7109477856769439,1,prime
2026-06-16,-0.011804876120074779,0.6270315649764509,0,prime
2026-06-16,0.701006139858791,0.0,0,subprime
2026-06-16,1.7844935655892489,0.2603671227571464,0,prime
2026-06-16,0.2750977444170477,1.0,1,prime
2026-06-16,-0.6516525782833549,0.2872433509695565,0,prime
2026-06-16,-0.7992651225894419,0.6108516065817301,1,prime
2026-06-16,2.1461840459908124,0.20833342668805693,0,prime
2026-06-16,-1.5083278752448812,0.17000685530846416,0,prime
2026-06-16,0.9354487643384484,0.09689032474486492,1,subprime
2026-06-16,0.7877588688392513,0.0,0,subprime
2026-06-16,-1.5138934350378128,0.1234669738827161,1,subprime
2026-06-16,-0.34435982063129644,0.36413148665568534,0,prime
2026-06-16,0.7730647207859312,1.0,1,subprime
2026-06-16,0.9059004075752681,0.23330702474262677,0,prime
2026-06-16,-0.5831941935261451,0.8861007630674295,1,subprime
2026-06-16,0.8335872157695765,0.08269909534541678,0,prime
2026-06-16,1.6052015663968973,0.0,0,prime
2026-06-16,0.1589416445869915,0.6966461974858562,1,prime
2026-06-16,-0.9079733824447633,0.8577925940718281,1,prime
2026-06-16,-0.8182956832636958,0.0,0,prime
2026-06-16,-0.4996189065064264,0.26952529508374834,0,prime
2026-06-16,0.637312748712604,0.2894317014862695,1,prime
2026-06-16,0.4217973091752465,0.930391069709241,1,prime
2026-06-16,0.07350493969797423,0.18937049524075744,0,subprime
2026-06-16,-1.121296181316638,0.48434397039931265,1,prime
2026-06-16,2.1367309770481744,0.0,0,prime
2026-06-16,-0.14645444276949726,0.2215019174573285,1,prime
2026-06-16,-0.5133873596669436,0.21099905119365994,0,prime
2026-06-16,-1.0883149692807192,0.35187222578391625,1,subprime
2026-06-16,0.6891149235669928,0.05854367803136237,0,subprime
2026-06-16,-0.6486476581590731,0.3071560914765357,1,subprime
2026-06-16,0.0004943856015847186,1.0,1,prime
2026-06-16,0.03944882706737229,0.8412173228531061,1,prime
2026-06-16,-0.04447069612375,0.5753717729465155,1,subprime
2026-06-16,-0.9156034965842839,0.17963772204431955,0,subprime
2026-06-16,1.3144361204991586,0.08679172513136052,0,subprime
2026-06-16,-0.23125629034341122,0.6489379997168083,1,prime
2026-06-16,1.0827513683757644,0.2534190634720483,0,prime
2026-06-16,-0.49781259787988547,0.36744628470557983,1,prime
2026-06-16,-0.58422253351788,0.46038702862996583,0,prime
2026-06-16,1.58869736212949,0.4313326441031641,0,prime
2026-06-16,0.9481272488162754,0.19923401715672506,0,prime
2026-06-16,-0.0508841852755595,0.5081967002493453,1,subprime
2026-06-16,0.6862376970981489,0.42229333897703053,0,subprime
2026-06-16,-0.08501071846738523,1.0,1,prime
2026-06-16,-0.37526438905715925,1.0,1,prime
2026-06-16,-0.0816574613387114,0.3477093810189015,1,prime
2026-06-16,0.6864920172623582,1.0,1,prime
2026-06-16,0.3079249385148345,0.4081723956053251,0,prime
2026-06-16,1.7819127903892025,0.6760782855418243,1,subprime
2026-06-16,-1.0521385757520583,0.19405468311014865,0,prime
2026-06-16,-0.30309952350785707,0.21350135434775172,0,subprime
2026-06-16,0.6071002772699857,1.0,1,prime
2026-06-16,-0.09639307536234616,0.700519646584582,1,prime
2026-06-16,0.44571287287865463,0.37846777328465364,0,prime
2026-06-16,-1.7371461197231957,0.24328138206512284,1,subprime
2026-06-16,-0.993466051858218,0.17018798933332335,0,prime
2026-06-16,0.7687245512577187,0.380173579162215,1,prime
2026-06-16,-0.4137765505420407,0.0,0,prime
2026-06-16,-1.4615143834576194,0.19015945170292908,0,prime
2026-06-16,0.3542756789097118,1.0,1,subprime
2026-06-16,2.683749565320892,0.15905821292865155,0,prime
2026-06-16,-0.3450285443061252,0.6504607209504644,1,prime
2026-06-16,1.0047092196932366,0.0,0,prime
2026-06-16,-0.11741427936418997,0.20133660998698566,1,prime
2026-06-16,-0.2362649816105381,0.0,0,subprime
2026-06-16,1.0007022440273847,0.8176926960672208,1,subprime
2026-06-16,-1.6853161486129609,0.7955504992100805,1,prime
2026-06-16,1.0497769800668544,0.4268661051994143,0,subprime
2026-06-16,-0.1379198225512187,0.5749374067278261,1,subprime
2026-06-16,-0.7098729411776038,0.184999736644943,0,prime
2026-06-16,1.8720326302606254,0.0,0,subprime
2026-06-16,0.5750007261871003,0.0,0,prime
2026-06-16,0.8092712301920462,0.015182438391496966,0,prime
2026-06-16,1.9216502965945488,0.3517935268893907,0,subprime
2026-06-16,1.4467893994078325,0.11253420122274893,1,prime
2026-06-16,2.055974705765533,1.0,1,prime
2026-06-16,-1.5396700635465708,0.0,0,prime
2026-06-16,0.7684387153551642,1.0,1,prime
2026-06-16,0.2094406412650514,1.0,1,prime
2026-06-16,0.38894237776385704,0.5449419533137672,1,prime
2026-06-16,1.0563865444397067,0.5348962448890152,1,prime
2026-06-16,1.1674648202775686,0.8493734635204842,1,subprime
2026-06-16,-1.1372290441737185,0.05241120930463827,0,prime
2026-06-16,-0.591138805691904,0.5487018389343733,1,subprime
2026-06-16,-1.0524860641346643,1.0,1,prime
2026-06-16,0.3386352723615563,0.0,0,prime
2026-06-16,0.19595947154478255,0.8064754732372982,1,prime
2026-06-16,1.3853312154981656,0.7584420589524261,1,prime
2026-06-16,-0.7948289488888074,0.6295786749247221,0,subprime
2026-06-16,-1.4193153920502288,0.2574160165261892,0,subprime
2026-06-16,0.47601516343142486,0.21108674814203973,0,subprime
2026-06-16,-2.586376363877932,0.3373974987487927,0,prime
2026-06-16,-0.0067274053219243575,0.0,0,prime
2026-06-16,-0.25977055344468897,0.5260178367313326,1,prime
2026-06-16,0.6111758849252977,0.0819816993417874,0,subprime
2026-06-16,-0.8616272359834519,0.207455895402194,0,prime
2026-06-16,-1.0007819345032019,0.3762064200730629,0,subprime
2026-06-16,0.208770970062558,0.823186972873532,1,prime
2026-06-16,-1.8290218640151146,1.0,0,subprime
2026-06-16,-0.9725708799463062,0.7935542369157467,1,prime
2026-06-16,0.08662736843513487,0.0,0,prime
2026-06-16,-0.1824785345840307,0.7353608284187685,1,prime
2026-06-16,0.4052336371411834,0.6850157459775829,1,prime
2026-06-16,-0.8810664198064165,0.5799828258127763,1,prime
2026-06-16,0.8175709167974835,0.9705922698053517,1,subprime
2026-06-16,0.2191500198361908,0.3493105700354998,0,prime
2026-06-16,-0.3651804911037631,0.22220965839572682,1,prime
2026-06-16,-0.7250739396127212,0.8780172508543804,1,subprime
2026-06-16,-1.0148170907951222,0.19555726557753483,1,prime
2026-06-16,1.6431781533755725,0.39342248257329504,0,prime
2026-06-16,0.010588101511939814,0.5756679003345399,1,subprime
2026-06-16,-0.5817992549675611,0.39781585599938163,0,prime
2026-06-16,-0.6123235251378595,0.39596256489466236,1,subprime
2026-06-16,1.18644596491364,0.25946123825162115,1,prime
2026-06-16,0.32986906359223817,0.48733443009848854,0,prime
2026-06-16,-2.2632977177797744,0.4623651013030458,1,prime
2026-06-16,1.1865724525374548,0.6536368962369846,1,subprime
2026-06-16,0.8081611852054098,0.3740717627255422,0,subprime
2026-06-16,0.6291457636979947,0.6335399181963168,1,subprime
2026-06-16,-1.029997595646575,0.5463436308121675,0,prime
2026-06-16,-0.4664904605056281,0.4432178453471792,1,prime
2026-06-16,-0.2377899999849348,0.29484548797241805,0,prime
2026-06-16,0.5542391890451552,0.7831127477252817,1,subprime
2026-06-16,-0.3315556409275512,0.9207269741313221,0,subprime
2026-06-16,0.025553455897007603,1.0,1,prime
2026-06-16,0.18486362405637577,0.7819806459628192,0,subprime
2026-06-16,-0.051395901994320405,0.49865435757167414,1,prime
2026-06-16,0.0480002226792244,0.0422487853990694,1,prime
2026-06-16,-0.8888026488185404,0.42077559724127833,0,prime
2026-06-16,1.397011129245098,0.6644445676512687,1,subprime
2026-06-16,1.1772456853696898,0.41863066695252743,1,subprime
2026-06-16,-0.03534172210836102,0.23525171912027673,0,subprime
2026-06-16,-0.0352833139044826,0.57621706818667,1,subprime
2026-06-16,-0.24547831335500303,0.9847372984883471,1,prime
2026-06-16,-1.2572625844623926,0.9465897043456375,1,prime
2026-06-16,1.158171585765054,0.5405491332746293,0,prime
2026-06-16,-0.9117903706551108,0.0,0,prime
2026-06-16,0.655920555135637,0.5550111245010603,0,subprime
2026-06-16,-0.8682088450701098,0.48824979404941415,1,subprime
2026-06-16,-0.21218947455648124,0.5263921395803397,1,subprime
2026-06-16,0.2519556317870515,0.07920304265620826,1,prime
2026-06-16,-0.8573227016758195,0.0,0,subprime
2026-06-16,-0.5503552917013846,0.2921328521276503,0,prime
2026-06-16,-1.2933385079240436,0.0,0,prime
2026-06-16,1.5779467508111094,0.4734215757363667,0,subprime
2026-06-16,-0.3164311772221512,1.0,1,prime
2026-06-16,1.6811227734897354,0.269876823809022,0,prime
2026-06-16,-0.17472379879381833,0.38528828333519033,1,prime
2026-06-16,-0.7996195689999337,0.0,0,subprime
2026-06-16,1.0285641705550617,0.9329749572479255,1,prime
2026-06-16,-0.9900543243430205,0.9802904678737604,1,subprime
2026-06-16,0.5846454129080809,0.4350003798265397,0,prime
2026-06-16,-1.999452076898278,0.724908999628534,0,subprime
2026-06-16,-1.655439026482715,0.536665316711714,0,prime
2026-06-16,-0.6557791650783459,0.2875734241061496,1,prime
2026-06-16,-1.6390708700191312,0.04480086518015722,0,prime
2026-06-16,-0.3004747522745361,0.39995571826186377,1,prime
2026-06-16,0.2582557606868663,0.8247316874556854,1,prime
2026-06-16,1.0922451620444589,0.9010781312497285,0,prime
2026-06-16,-0.46013639670307205,0.9826400051298195,1,subprime
2026-06-16,-0.14628667623503974,0.5207210312027895,0,subprime
2026-06-16,-0.7575352704549261,0.4662072541936953,0,prime
2026-06-16,-0.5686949645520853,0.0,0,prime
2026-06-16,-0.22639484078452934,0.676286406354331,1,subprime
2026-06-16,0.6002244061084017,0.7049041823966962,1,prime
2026-06-16,0.962064312786165,0.22448696479503394,1,prime
2026-06-16,-1.4210196395985222,0.0,0,subprime
2026-06-16,-1.7257416297674368,0.0,0,prime
2026-06-16,0.48779869265556614,0.2643414265207751,0,prime
2026-06-16,-0.20657309747136104,0.4445379546309495,0,prime
2026-06-16,-0.5253791515287317,1.0,1,subprime
2026-06-16,0.23493663428584588,1.0,1,prime
2026-06-16,0.1953465113700374,0.0,0,prime
2026-06-16,-2.2931407786528486,0.34891502526971685,0,prime
2026-06-16,-0.027480099117242154,1.0,1,subprime
2026-06-16,1.9372524197435106,0.6485432230313983,1,prime
2026-06-16,0.4888244083308207,0.25317289728082654,0,prime
2026-06-16,-1.156657944199998,1.0,1,prime
2026-06-16,0.8739519519146645,1.0,1,prime
2026-06-16,-0.24487228120817744,0.624285588350179,1,prime
2026-06-16,1.6131190065171883,0.5437906747517893,1,subprime
2026-06-16,-0.1294858032718931,0.19223084333865517,0,prime
2026-06-16,-0.7486662769031565,1.0,1,prime
2026-06-16,-1.48210561159774,0.49992962653570155,1,prime
2026-06-16,-1.317159715546754,0.0,0,prime
2026-06-16,-1.226580632438902,1.0,1,subprime
2026-06-16,0.27255253852579375,0.0,0,subprime
2026-06-16,-0.07719943922708282,0.4228837786157652,0,subprime
2026-06-16,-0.705861714904519,1.0,1,prime
2026-06-16,1.5725436955185292,0.7788928167295482,1,subprime
2026-06-16,0.1989641361245123,0.14163244314635143,0,subprime
2026-06-16,1.4471417110272318,1.0,1,subprime
2026-06-16,1.2809084583223032,0.15085376219266827,0,prime
2026-06-16,1.6185128404789781,0.4788261587315137,1,prime
2026-06-16,-1.5209374609099995,0.6941420419863543,1,prime
2026-06-17,1.2958536837067656,0.29946462240055405,0,prime
2026-06-17,-0.27516796249774883,0.18797436612516444,0,prime
2026-06-17,1.540498950852802,0.8488975368037686,1,prime
2026-06-17,-0.9798384782898883,0.41939410704521873,1,prime
2026-06-17,-1.5918801494487507,0.0,0,prime
2026-06-17,0.9003639370857988,1.0,1,prime
2026-06-17,-1.9872409127217427,0.2549999411249018,0,subprime
2026-06-17,-0.33964571258446663,0.6132070777340334,1,subprime
2026-06-17,1.7210355247077433,0.22708915943890529,1,subprime
2026-06-17,-0.15584256504266703,0.0,0,prime
2026-06-17,1.8387521798898696,0.8907563901118726,1,prime
2026-06-17,0.7511515836594089,0.0,0,prime
2026-06-17,0.10419538358983428,0.9546224381600337,1,prime
2026-06-17,0.6066129845346361,0.2119272519786251,0,prime
2026-06-17,1.887092777739182,0.5282372684431849,0,prime
2026-06-17,0.37951249882077476,0.5029911166673812,1,prime
2026-06-17,-0.22880283935775828,0.5084560318393507,0,prime
2026-06-17,1.043681003808961,0.0,0,prime
2026-06-17,-0.6388266364863427,0.9218986380604458,1,prime
2026-06-17,0.6604069753331977,1.0,1,subprime
2026-06-17,-0.6322744242510036,1.0,1,subprime
2026-06-17,-0.19039275404345046,1.0,1,subprime
2026-06-17,-0.6720631761685826,0.0,0,prime
2026-06-17,-1.0920808480369377,0.5016571084227368,1,prime
2026-06-17,-0.1213296595107458,0.14474838318526173,0,prime
2026-06-17,0.7980808794464586,0.9140823312727138,1,prime
2026-06-17,-0.08380738297023885,0.20543538805281392,0,prime
2026-06-17,0.8488971757004289,0.0,0,prime
2026-06-17,0.5007650539921539,1.0,1,prime
2026-06-17,1.0301803156422278,0.6955872661735591,1,subprime
2026-06-17,-0.09902802268148714,0.0,0,prime
2026-06-17,-1.8718015376058763,0.5060617951790906,0,prime
2026-06-17,1.337518921440837,0.09370571194811397,0,prime
2026-06-17,-0.059459329863463396,0.0,0,prime
2026-06-17,0.027384531698511853,0.5970252368487291,1,prime
2026-06-17,-0.28254545989353586,0.8200701883450525,1,prime
2026-06-17,0.16905265891491497,0.8388585535031139,1,subprime
2026-06-17,-0.2168386582615123,0.1908122306613011,0,prime
2026-06-17,0.23755913546976878,0.5742618509136717,1,prime
2026-06-17,-1.6393716280348125,0.0,0,prime
2026-06-17,-1.7935580411126744,0.0,0,prime
2026-06-17,-0.7093830738270538,0.418053260572754,0,subprime
2026-06-17,1.388517171261108,0.41114315961410663,1,prime
2026-06-17,-0.315455584421853,0.0,0,subprime
2026-06-17,1.0239664705814042,0.0,0,prime
2026-06-17,-0.011250589156893063,0.5764228369470927,1,prime
2026-06-17,-0.714865351452236,0.016859439605126564,0,prime
2026-06-17,-1.2177876690144258,0.8537440959566214,1,prime
2026-06-17,-0.060421696829232534,0.8683659522715058,1,subprime
2026-06-17,0.046268320356996004,0.23476596847464462,0,prime
2026-06-17,0.5628572474448652,0.7399628838127703,0,subprime
2026-06-17,0.17785771041633963,0.21419884670880682,0,prime
2026-06-17,-0.09320667042401942,0.40734324534734506,1,subprime
2026-06-17,-0.27101418137832,0.9325457879765551,1,prime
2026-06-17,2.6720635905443166,0.0,1,prime
2026-06-17,-0.9088622905162757,0.30832680851877936,0,prime
2026-06-17,0.9207359479654287,0.7505627025171935,1,subprime
2026-06-17,-1.4910604565177195,0.6785121786740673,1,prime
2026-06-17,-0.22703624644651912,1.0,1,prime
2026-06-17,-0.23113269950135226,0.1827901455022797,0,prime
2026-06-17,0.5520320382168602,0.5353574827177242,1,prime
2026-06-17,-0.03545848231548412,0.3136996520834661,0,prime
2026-06-17,1.1157678505236965,0.03827470939448202,0,prime
2026-06-17,-0.09112899230062937,0.6298148663157596,1,prime
2026-06-17,-1.568398953089625,0.544092352245443,0,subprime
2026-06-17,0.9696007008129736,0.8538160105890009,1,prime
2026-06-17,-1.1002154934795287,0.03844148913661341,0,subprime
2026-06-17,0.4944163346690429,0.06589765091333724,0,subprime
2026-06-17,-1.1557079836930704,0.09785296793668397,0,prime
2026-06-17,-1.2069631913804761,0.34379158991525793,0,prime
2026-06-17,-0.27316963593257226,0.6011433218143974,1,prime
2026-06-17,0.48171441291050543,0.45282191226056934,0,prime
2026-06-17,-0.12935748746732195,0.24329143309505458,0,prime
2026-06-17,-1.8147349777513695,0.0,0,prime
2026-06-17,-0.36754775844179516,0.4796809127804755,0,prime
2026-06-17,-1.011178852073846,0.17590157229440828,0,prime
2026-06-17,0.4021221726238987,0.13951834452883569,0,subprime
2026-06-17,0.031947151095502314,0.10395404542016723,0,subprime
2026-06-17,-1.872696404824699,1.0,1,prime
2026-06-17,0.01437900964911217,0.21047901930922047,0,subprime
2026-06-17,-0.9548920132795293,0.010174095462217897,0,subprime
2026-06-17,0.648209813437755,0.22293060716914828,0,prime
2026-06-17,-0.6349250158951472,0.6530615937554742,1,prime
2026-06-17,0.020720337225579255,0.4788492865236804,0,prime
2026-06-17,-1.8170589949707028,0.07242653227554821,0,prime
2026-06-17,0.5439411606986609,0.6752482599349837,0,subprime
2026-06-17,0.0891348424177562,0.2453594398730379,0,subprime
2026-06-17,2.153859552938378,0.8879423652570696,0,subprime
2026-06-17,0.6987852970839574,0.6403918789159301,1,prime
2026-06-17,1.1293050725368052,0.26630075090406585,0,prime
2026-06-17,-0.5785794184098443,1.0,1,prime
2026-06-17,1.9802488627707042,1.0,1,prime
2026-06-17,-0.18443597901057285,0.8660911600475831,1,subprime
2026-06-17,-0.6942982754514336,0.25003939642571826,1,prime
2026-06-17,-1.806348272214701,0.8156332849079465,1,prime
2026-06-17,-0.8782370368379714,0.2736119933806429,1,prime
2026-06-17,-0.5533547072048324,1.0,1,subprime
2026-06-17,0.9123847167871633,0.7351661260690489,1,prime
2026-06-17,0.10856780352904198,0.0,0,prime
2026-06-17,0.5145176760439658,0.023511098878007813,0,prime
2026-06-17,-1.9005787146010753,0.3637156084746935,0,prime
2026-06-17,0.04154953883108573,0.4018114720096151,1,subprime
2026-06-17,0.753012283365066,0.4674880984521808,0,prime
2026-06-17,-0.8123217897517732,0.9592671828729015,1,subprime
2026-06-17,0.6082384434159196,0.6193537925814484,1,prime
2026-06-17,0.09215433848915805,0.3054046135878285,1,subprime
2026-06-17,1.1437348122134017,0.32856646523268074,0,subprime
2026-06-17,-1.3791477827309846,0.7625948833075775,0,prime
2026-06-17,-0.8363062545991924,1.0,1,prime
2026-06-17,0.6067906135758844,0.0,0,prime
2026-06-17,2.008487342797307,0.7208316508997714,1,prime
2026-06-17,-0.493693021339607,0.0,0,prime
2026-06-17,0.15006993810601804,0.5944177143745512,1,prime
2026-06-17,-2.014961741575492,0.0,0,subprime
2026-06-17,0.49297567392764857,0.8764937695932445,1,prime
2026-06-17,2.4353195058239168,0.9676768756502202,1,prime
2026-06-17,0.4764960354467686,0.13961160393465263,0,prime
2026-06-17,0.4275208016563944,0.915669805010261,1,subprime
2026-06-17,0.48603051173962153,0.21507277439858438,0,prime
2026-06-17,0.8308414641578055,0.5133847817302115,0,prime
2026-06-17,0.0037732318760384993,0.658787742170447,1,prime
2026-06-17,1.2522709969094739,0.019197631847251678,0,prime
2026-06-17,0.1724887626496595,0.7658194371662186,0,prime
2026-06-17,-1.7151046263680942,0.3354642915596961,0,prime
2026-06-17,0.5911348903729168,1.0,1,prime
2026-06-17,0.38212826770200653,0.6220497182563578,1,prime
2026-06-17,-1.018117862557122,0.0,0,prime
2026-06-17,-1.3333122110424784,1.0,1,prime
2026-06-17,0.6205516499436684,1.0,1,prime
2026-06-17,0.12847442218511473,0.003927654734157182,0,subprime
2026-06-17,0.29893404559144987,0.49302207439423745,1,prime
2026-06-17,0.16403662057244825,0.730944540358098,1,subprime
2026-06-17,0.7103813570836859,0.0,0,subprime
2026-06-17,0.02916686514773556,0.3845793178679636,0,subprime
2026-06-17,0.11977251136529517,0.0,0,prime
2026-06-17,0.6172404846696178,1.0,1,prime
2026-06-17,-0.9232321877861437,0.2289572798937554,0,subprime
2026-06-17,0.23564683709499645,0.9222133835112587,1,prime
2026-06-17,1.4881705778745553,1.0,1,prime
2026-06-17,0.020756205331282366,0.5396758854369776,1,subprime
2026-06-17,0.32900716845711575,0.0,0,prime
2026-06-17,0.47419450738125063,0.33892857384109215,0,prime
2026-06-17,0.9917206991727429,0.5516788387745921,1,prime
2026-06-17,-1.515262876966796,0.2387185427795147,0,prime
2026-06-17,0.6099489607919507,0.03293638661413126,0,subprime
2026-06-17,-0.5741712292723905,1.0,1,prime
2026-06-17,-0.33656735239343244,0.25460380270827704,0,prime
2026-06-17,-0.8843569422435694,0.0,0,subprime
2026-06-17,0.36713762662285615,0.0,0,prime
2026-06-17,0.07749073492008336,0.6697042901763466,1,prime
2026-06-17,0.985354928286096,0.751067076382463,1,prime
2026-06-17,-0.1851968028648931,0.2016509246635836,0,prime
2026-06-17,1.091549413769499,0.4833008537744509,0,subprime
2026-06-17,-0.4983839090406736,0.7910375484530189,1,prime
2026-06-17,1.7718042340944782,0.7209064557769886,0,subprime
2026-06-17,1.496601582997591,0.6273599865167975,1,prime
2026-06-17,0.07214660217973547,0.9252301287359035,1,prime
2026-06-17,-0.6831440844983507,0.9701474511885604,1,subprime
2026-06-17,0.05635994059560416,0.3674469522611747,1,prime
2026-06-17,-1.3998885891969508,1.0,1,prime
2026-06-17,-0.11558547797659563,0.726688125019438,0,prime
2026-06-17,-1.4979536476512487,0.9917529305500395,1,subprime
2026-06-17,-0.13512948191196705,0.614608771627877,0,prime
2026-06-17,0.5752916556965211,1.0,1,prime
2026-06-17,-0.8142995931927238,0.5097356245810337,1,prime
2026-06-17,-0.3719498922545422,1.0,1,subprime
2026-06-17,-0.3574211676424487,1.0,1,prime
2026-06-17,1.084811979805051,0.7749542687020922,1,subprime
2026-06-17,-0.7864455390845645,0.3456158993439578,0,prime
2026-06-17,-2.005836957687666,1.0,1,prime
2026-06-17,0.4057293402340202,1.0,1,prime
2026-06-17,0.534239217003571,1.0,1,prime
2026-06-17,-1.745653233517158,0.4005084290466345,0,subprime
2026-06-17,0.3232975400502763,0.2902841104808803,0,prime
2026-06-17,0.10168504576027967,0.19852178569963327,0,prime
2026-06-17,-2.652889543627071,0.0,1,prime
2026-06-17,1.9720402413229594,1.0,1,prime
2026-06-17,-1.4840101200192246,0.2538027080676388,0,prime
2026-06-17,-1.3494478080764913,0.31156551871471594,1,prime
2026-06-17,-1.5465464385712717,0.24415933492846184,0,subprime
2026-06-17,1.3439992339986562,0.9652746814088011,1,subprime
2026-06-17,0.5114201673395541,1.0,1,prime
2026-06-17,0.7875139182905264,0.28984259497117526,0,subprime
2026-06-17,-0.9734893465835409,0.9985308261914632,1,subprime
2026-06-17,0.8820257727497443,0.7630171053419781,1,subprime
2026-06-17,0.3489008186714864,0.6516882037790421,1,subprime
2026-06-17,-0.5136937543131769,1.0,1,prime
2026-06-17,2.140880790201849,1.0,0,subprime
2026-06-17,0.8904564879090643,0.7280210073946034,1,subprime
2026-06-17,0.6783530753527466,1.0,1,subprime
2026-06-17,1.2710003494504434,0.9432194742523556,1,prime
2026-06-17,0.14044662787643775,0.07553096535121806,0,prime
2026-06-17,-0.30161128437980284,1.0,1,prime
2026-06-17,-0.055203253563346585,0.0,0,prime
2026-06-17,-0.3643850781291028,0.6655008963096487,1,subprime
2026-06-17,-1.2475162400712423,0.6499016931913106,1,prime
2026-06-17,1.0928094552670076,0.0,0,subprime
2026-06-17,-0.6102514702879872,0.8661896987052493,1,subprime
2026-06-17,0.4623569895454114,0.6647537820368911,1,prime
2026-06-17,0.095587785218745,0.6208122661548883,0,subprime
2026-06-17,-0.7504306198293978,0.815484378044267,1,prime
2026-06-17,0.48702660074986226,0.4261323617754018,0,prime
2026-06-17,-0.628405349553414,0.5064397860238681,1,prime
2026-06-17,-0.32568257136703993,1.0,1,prime
2026-06-17,2.0659267437944027,1.0,1,prime
2026-06-17,0.1404424190396555,0.39408109507007016,0,prime
2026-06-17,-0.035099970147624455,0.23845033048418973,1,subprime
2026-06-17,1.5392554832980971,0.5742001060325614,1,prime
2026-06-17,-0.846671034022486,0.8197136331394888,1,prime
2026-06-17,0.9139559278952694,0.9512462653248568,1,prime
2026-06-17,-0.21978854201642078,0.26873661661008574,1,prime
2026-06-17,-1.2463956059741952,0.5475018196672965,1,prime
2026-06-17,2.0224028955424256,0.9198355151832855,1,subprime
2026-06-17,-0.9730703480030062,0.22095034813109357,0,prime
2026-06-17,0.18671675609041619,0.32015154285743447,1,prime
2026-06-17,0.03145187818172723,0.3537348762240374,0,prime
2026-06-17,-0.537849693549811,0.2959258814902419,1,prime
2026-06-17,-1.6942624186506345,0.0,0,prime
2026-06-17,-0.36040297811800653,0.7211788730757072,1,prime
2026-06-17,-0.4002829317065444,0.4006683646504686,1,prime
2026-06-17,0.7764363810086485,1.0,1,prime
2026-06-17,-0.38250855985863497,0.1918349311276006,0,subprime
2026-06-17,-0.26518001462448004,1.0,1,prime
2026-06-17,0.5228928282416548,0.6281403994157879,1,prime
2026-06-17,1.3171132611337324,0.0,0,prime
2026-06-17,-0.5124701643047184,0.7703499468508691,1,prime
2026-06-17,0.8376729368813873,0.15959881038899587,0,prime
2026-06-17,0.3219954075673683,0.7116324023682302,1,prime
2026-06-17,0.05855842790329673,0.4250719725111469,0,subprime
2026-06-17,0.3141379603946943,1.0,1,prime
2026-06-17,0.07746639501947378,0.13655673696262824,0,prime
2026-06-17,-0.6391886653366365,0.2438703516852969,0,prime
2026-06-17,-0.6696206931029125,0.2151543124218779,0,subprime
2026-06-17,1.6900811781086484,0.7191311878619613,1,subprime
2026-06-17,0.6302570887890373,0.7713089583295287,1,subprime
2026-06-17,1.2044964040407529,0.5121837273342258,1,prime
2026-06-17,-0.8246010164725367,0.334301502001794,0,prime
2026-06-17,1.4533287388428537,0.062145623313938136,0,prime
2026-06-17,-1.2219165098856912,0.0,0,prime
2026-06-17,-1.4938559930385262,0.6282382704018925,0,prime
2026-06-17,2.48534988251959,0.13587630609481854,0,subprime
2026-06-17,-2.2237259788165766,0.7574602625858399,1,subprime
2026-06-17,0.20042229460188063,0.44894595439769575,1,subprime
2026-06-17,-0.31096663363399996,0.8268782846474796,1,prime
2026-06-17,-1.1524924776388588,0.7490757252708102,1,subprime
2026-06-17,-1.0396258487586658,1.0,1,prime
2026-06-17,0.8962271525394666,0.38159516454748865,0,prime
2026-06-17,1.4877871395586175,0.6571582808438036,1,prime
2026-06-17,-1.2623104449084133,0.8360815442579275,1,prime
2026-06-17,0.6063517280162046,1.0,1,prime
2026-06-17,-0.5944811872225448,0.8358997421303728,1,prime
2026-06-17,0.6858125433384328,0.19157846904415338,0,subprime
2026-06-17,-1.5024160125754638,0.988389432604547,1,prime
2026-06-17,0.9242314855791948,0.0,0,prime
2026-06-17,-0.37449160398099257,1.0,1,prime
2026-06-17,0.4021305454883102,0.6823593129855792,0,prime
2026-06-17,0.0763859904927449,0.3788382756422101,0,subprime
2026-06-17,-0.3038693902131595,1.0,1,subprime
2026-06-17,-0.3563671058464269,0.9855839761897264,1,prime
2026-06-17,-0.07645317302917258,0.09133580702927743,0,prime
2026-06-17,-0.7866812932003238,0.18376462586392817,0,prime
2026-06-17,-0.54997911689665,0.8857701419643195,0,prime
2026-06-17,0.66229972870796,0.4988601724031416,1,prime
2026-06-17,-0.10169175703412893,1.0,1,prime
2026-06-17,0.7442234844864981,0.8904948338051641,1,prime
2026-06-17,-1.2968866704666568,0.34115701193656917,1,prime
2026-06-17,-0.05894993265610917,0.484307150611644,0,prime
2026-06-17,1.4961369010324181,0.5949346159566018,0,subprime
2026-06-17,-0.17927392019547383,1.0,1,subprime
2026-06-17,-0.7729019625643603,0.5485134104361103,0,subprime
2026-06-17,0.639066560544553,0.9960062141379733,0,prime
2026-06-17,-0.4699654274638234,1.0,1,subprime
2026-06-17,0.18241798039389606,0.8112470515331212,1,subprime
2026-06-17,-1.8092583464301364,0.0,0,prime
2026-06-17,-0.6913551273674238,0.0,0,prime
2026-06-17,-0.24869837083581464,0.7127051077393269,0,prime
2026-06-17,1.7775178365728672,0.023777297656069174,0,prime
2026-06-17,-0.3046222716601735,0.03045199914167207,0,subprime
2026-06-17,-2.2678404374776067,0.3172792336711091,0,prime
2026-06-17,-0.2085157296126036,0.0,0,prime
2026-06-17,-0.8033828352228246,0.31873442997034207,0,subprime
2026-06-17,0.7526882702281024,0.08674656518743559,0,subprime
2026-06-17,-0.4671572628801276,0.7640616104113395,1,prime
2026-06-17,-0.4568194373175702,0.14016258237199586,0,subprime
2026-06-17,0.23132602553892578,0.3274525145350467,0,prime
2026-06-17,0.4696890996743204,0.14125688788112573,0,prime
2026-06-17,-1.163066179400941,0.0,0,subprime
2026-06-17,0.5855191156692222,0.5944277233906725,0,subprime
2026-06-17,-0.30244040525179294,0.8913047645665783,1,subprime
2026-06-17,0.32993096673345595,0.0,0,prime
2026-06-17,0.43390080499422135,0.30647635492280595,0,subprime
2026-06-17,-0.3013668596711438,0.9468871975096634,1,prime
2026-06-17,-1.095722456177913,0.453701589064604,0,prime
2026-06-17,0.3145402154648682,0.8318668028396274,1,prime
2026-06-17,1.3700879102339316,0.5182467218248381,1,prime
2026-06-17,1.2863241618116088,0.0,0,prime
2026-06-17,-0.6208105569069697,0.06148443616433752,1,prime
2026-06-17,-0.22196375449901626,0.599575360621102,1,prime
2026-06-17,0.3394035743219682,0.0,0,subprime
2026-06-17,-0.32217019539703223,1.0,1,prime
2026-06-17,0.7243915793492095,0.5667545270717697,1,subprime
2026-06-17,0.8951387734331584,0.5739109496277173,1,prime
2026-06-17,-1.4518566544943265,0.3215488037162972,0,prime
2026-06-17,0.7976436694190917,0.5174665622149794,1,prime
2026-06-17,0.20544597836599865,0.5983065743205788,0,subprime
2026-06-17,1.4489446627047557,1.0,1,prime
2026-06-17,-0.4275972792159708,0.976512406006418,1,subprime
2026-06-17,2.340887792378152,0.8653711349152123,0,prime
2026-06-17,-1.1404963501324725,1.0,1,subprime
2026-06-17,1.0031514410242082,0.8366303554177008,1,subprime
2026-06-17,-0.3817861230580717,0.31714266995594514,0,subprime
2026-06-17,-0.8883776867019988,0.968820273242439,1,prime
2026-06-17,-0.4374288833494084,0.3057892066902513,1,prime
2026-06-17,1.1986964198105976,0.0,0,subprime
2026-06-17,-1.4306465117027696,0.1873670001166376,0,prime
2026-06-17,-0.4695491300279879,0.0,0,prime
2026-06-17,0.44380748886576743,0.959816071237009,1,prime
2026-06-17,1.6251996143054879,0.7363147599887644,0,prime
2026-06-17,0.9275628071874504,0.8107515753864991,1,subprime
2026-06-17,0.011054309586715973,0.5561179942673448,1,prime
2026-06-17,-0.06340014490784157,0.938450534011782,1,subprime
2026-06-17,1.5838784213564916,1.0,1,prime
2026-06-17,1.046102803137625,0.11488290257785305,1,prime
2026-06-17,-1.2768087458725281,0.855077298722887,1,prime
2026-06-17,-0.1980218617852409,0.6727195828376928,1,prime
2026-06-17,0.6214712235396381,0.0,0,prime
2026-06-17,1.221965855020398,0.0908853480807881,0,prime
2026-06-17,2.144634025828993,1.0,1,prime
2026-06-17,-0.22193406221805914,0.701488009214362,1,prime
2026-06-17,0.8199775894865723,0.8485859626197516,1,prime
2026-06-17,0.48435948145901936,0.0,0,subprime
2026-06-17,-1.8531191231669115,0.7368378280943731,1,prime
2026-06-17,-0.9403960317098214,0.8188135080388735,1,subprime
2026-06-17,-0.8551961234112765,0.08883128840926277,0,prime
2026-06-17,-0.8305306482455851,0.2199130561475126,0,subprime
2026-06-17,-0.8272875090425305,0.0,0,prime
2026-06-17,-0.10380107852076544,0.0,0,subprime
2026-06-17,-0.2377616113733192,0.14941026463160423,1,prime
2026-06-17,0.45300113771966205,0.7198236940564308,1,subprime
2026-06-17,-0.7927430598687147,0.0,0,subprime
2026-06-17,-1.1698007172599663,0.690772780574997,1,prime
2026-06-17,0.7510752249347626,0.836522983257315,1,subprime
2026-06-17,-0.24521835512885945,1.0,1,prime
2026-06-17,1.0637424898601893,0.14987497038522996,0,prime
2026-06-17,-1.510255544819722,0.0,0,prime
2026-06-17,-0.04813494713178762,0.40193998865502767,0,prime
2026-06-17,0.6560851820634271,0.7009203910973414,1,prime
2026-06-17,-0.8116611896902287,0.31373384898066015,0,prime
2026-06-17,2.4420076929961096,0.5198629073886527,0,subprime
2026-06-17,0.9040494124824151,0.42380146776626665,0,prime
2026-06-17,-1.8819945679439527,0.7228221412393441,1,prime
2026-06-17,-0.17331905468976516,0.3005990756104274,0,prime
2026-06-17,-0.8852195685063244,1.0,1,prime
2026-06-17,-1.9813033836548424,0.8692542592499686,1,prime
2026-06-17,0.2848219378523421,0.28515516386120965,0,prime
2026-06-17,1.2726739558007196,0.6952173540330293,0,prime
2026-06-17,0.5224714265633266,0.8054933103589287,1,prime
2026-06-17,0.38953145566543645,0.5609322997597269,0,prime
2026-06-17,0.9084288938375332,0.33042937642225345,0,subprime
2026-06-17,0.08880734472345211,0.0,0,prime
2026-06-17,0.10797705304782715,0.5580076752444026,0,prime
2026-06-17,-0.7220860663398229,0.1299028940793754,0,prime
2026-06-17,0.8899517953890065,0.0,0,prime
2026-06-17,-0.22529487072276794,0.04357271111592123,0,prime
2026-06-17,0.6902395110879865,0.0,0,subprime
2026-06-17,-0.5250181796536552,0.37265274196041376,1,prime
2026-06-17,0.12326747387470759,1.0,1,prime
2026-06-17,-0.8822661017960127,1.0,1,prime
2026-06-17,-0.019098739600769046,0.5316754998356688,0,subprime
2026-06-17,-0.33045488794861855,0.42346477549820316,0,prime
2026-06-17,-1.845897179831895,0.7980723919465115,1,prime
2026-06-17,-0.4910107559554395,0.168971516007367,0,prime
2026-06-17,0.77025550941036,0.6814774629194442,0,prime
2026-06-17,0.8767612343452469,1.0,1,prime
2026-06-17,0.044005894294842245,0.7390209777669147,1,prime
2026-06-17,0.49794198216638,0.5827863759181089,1,prime
2026-06-17,1.190840764320186,0.6127229109363366,0,subprime
2026-06-17,0.2974492849689619,1.0,1,subprime
2026-06-17,-0.08641058404875718,0.616611038764799,0,prime
2026-06-17,0.28681168076749713,0.160193994759522,0,subprime
2026-06-17,0.1305153593486721,0.7465441594511637,1,prime
2026-06-17,0.24282142736328075,1.0,1,prime
2026-06-17,0.31148327177967244,1.0,1,prime
2026-06-17,-0.3739423082782129,0.5114946510506229,0,prime
2026-06-17,1.8358088846569447,0.6669656628635998,1,subprime
2026-06-17,0.9892384238920336,0.7348661481271423,0,subprime
2026-06-17,-0.13950578573194283,0.4553433817427667,0,prime
2026-06-17,-2.3322154883032695,0.6280545937064708,1,subprime
2026-06-17,0.28951288939499104,0.0,0,subprime
2026-06-17,0.9614791721941836,0.38750835298354624,0,prime
2026-06-17,-0.5157379173443585,0.7672138532186806,1,subprime
2026-06-17,0.33175235182711005,0.5981065121195657,1,prime
2026-06-17,-0.44906046250840165,0.6029155730741931,0,prime
2026-06-17,-0.04856361845315658,0.8446316301380733,1,subprime
2026-06-17,0.5206915489610257,0.576503551076305,0,prime
2026-06-17,0.002479608872913162,0.8250808677006897,0,prime
2026-06-17,2.068627494559855,0.9716891324934955,1,prime
2026-06-17,-1.3263605338357336,0.0,0,subprime
2026-06-17,-1.4826147630998916,1.0,1,prime
2026-06-17,-1.1052732868233959,0.8421941661514668,1,prime
2026-06-18,-0.4183799242787349,0.15223030009664412,0,prime
2026-06-18,-0.5557459093831789,0.0,0,prime
2026-06-18,-1.0496396976322648,0.23460875757475533,0,subprime
2026-06-18,0.0310475568446492,0.9176185412482567,1,prime
2026-06-18,-0.03449172464984946,1.0,1,subprime
2026-06-18,-0.3224545768105605,0.16643299860928779,0,prime
2026-06-18,0.3309159186520147,0.7273842090483773,1,prime
2026-06-18,0.8721149190702908,0.7351873220059622,1,prime
2026-06-18,-0.2811112356511237,0.6790256138400235,1,prime
2026-06-18,-0.4800596834956908,0.2757485056092998,0,subprime
2026-06-18,0.5158562505056447,0.9030910694830112,1,subprime
2026-06-18,-0.33337602490845175,0.4754940499809555,1,prime
2026-06-18,0.22639728359322864,0.46346677861988095,0,subprime
2026-06-18,0.867644095310033,0.8529733609040452,0,prime
2026-06-18,-1.0516912329878596,0.7322063826766311,1,prime
2026-06-18,0.2996757078791915,0.1206056775660579,0,prime
2026-06-18,1.0106535647972321,0.026939229704519757,0,subprime
2026-06-18,1.3953122233966497,0.15556485795827635,0,subprime
2026-06-18,0.6720978335108437,0.05798404934256188,0,prime
2026-06-18,0.02942547697134976,0.6854608363852588,1,subprime
2026-06-18,0.7565193998897776,0.31929018678559135,1,prime
2026-06-18,-1.2926838820324071,0.3219586404109832,1,prime
2026-06-18,-0.8539700543607038,0.3941925636903292,0,subprime
2026-06-18,0.6127689517779873,0.76238190318023,1,prime
2026-06-18,-1.5285683248012405,0.2625188056757334,0,subprime
2026-06-18,-0.4700729139296726,0.7099768506996873,1,subprime
2026-06-18,0.7984803680426031,0.7286528086949895,1,subprime
2026-06-18,0.9148435039628459,0.5138678516714406,1,prime
2026-06-18,-0.3544819039812976,0.8645336233023896,1,subprime
2026-06-18,0.3279027809933086,0.5023973963138997,1,subprime
2026-06-18,0.1419097863588726,0.8979625327511765,1,subprime
2026-06-18,-1.4642004199454093,0.6693280230741401,1,prime
2026-06-18,0.44180630070284904,0.5452488882781316,0,subprime
2026-06-18,-1.6186501170930248,0.45160946640601013,0,prime
2026-06-18,-0.9680815353277414,0.32638808233105543,0,prime
2026-06-18,-0.2996982497515271,0.6080658558384936,0,subprime
2026-06-18,0.51304199117716,0.29565970613674686,0,subprime
2026-06-18,-0.30318971271741163,0.43729512702863016,0,subprime
2026-06-18,1.2421438912507916,0.2834190323625912,0,prime
2026-06-18,-2.050197541654104,0.7750263106654599,1,prime
2026-06-18,0.021725302983730838,0.25814261636155234,0,prime
2026-06-18,-0.9440851369454775,0.4114042347340111,0,prime
2026-06-18,2.0771630362470463,0.7603403499642353,1,prime
2026-06-18,-1.5156725812034222,0.3538445426167345,1,prime
2026-06-18,1.4647404203858754,0.22890122878072275,0,prime
2026-06-18,-0.45793130355739686,0.0,0,prime
2026-06-18,2.2993330290845972,0.3252547084889232,0,prime
2026-06-18,-2.0992644976306467,0.377485453177003,1,prime
2026-06-18,-2.267781625662889,0.0,0,prime
2026-06-18,0.6505150782343365,0.8358877382824558,1,prime
2026-06-18,-1.1113170411684492,0.1771142454225726,1,subprime
2026-06-18,-0.3321661508917137,0.9260315008153976,1,prime
2026-06-18,0.30589203563122536,0.9431846673374622,1,prime
2026-06-18,0.7481108099506901,0.20501353596822874,0,prime
2026-06-18,-0.4884136609756128,0.8245983136385594,1,prime
2026-06-18,-1.5179633070726262,1.0,1,subprime
2026-06-18,-1.5130744547022899,0.8601666929884652,0,prime
2026-06-18,0.2964698422280325,1.0,1,subprime
2026-06-18,0.5455622141077653,0.366081280073301,0,prime
2026-06-18,-1.385135649084613,0.38004560142415655,0,subprime
2026-06-18,-0.9652031699594494,0.7290272871224157,1,subprime
2026-06-18,0.9569215745223942,0.5849858499030682,1,prime
2026-06-18,-0.06252554350125065,0.8365110238870976,1,subprime
2026-06-18,1.2177962255407653,0.5629841337871155,0,subprime
2026-06-18,1.0397568322760151,0.9325193928381569,1,prime
2026-06-18,-0.349435796666443,0.9246920886422818,1,prime
2026-06-18,0.7547003963408687,0.0,0,prime
2026-06-18,1.4351122543128119,0.6714845044818107,1,prime
2026-06-18,-0.18903071534739227,0.0,0,prime
2026-06-18,1.5003627509686464,0.8242831057642623,1,prime
2026-06-18,-0.8917467926327262,0.41902765108783335,0,prime
2026-06-18,0.2249558525267563,0.20867426651885673,0,subprime
2026-06-18,0.9950325432534389,0.15785124726913333,0,prime
2026-06-18,-1.5706421907092722,1.0,1,prime
2026-06-18,-0.3209425884663121,0.406536387431536,0,prime
2026-06-18,-0.05941458389428231,0.6583593803093664,0,subprime
2026-06-18,0.6202869777015599,0.8741299004243047,1,prime
2026-06-18,1.370002006567515,0.9242357017120306,1,subprime
2026-06-18,0.2622767887881821,0.6261654908840624,1,subprime
2026-06-18,-0.3500422607753104,0.0,0,prime
2026-06-18,0.5276788448375358,0.53417459569413,1,subprime
2026-06-18,-0.2817223943710702,0.7741973306834236,1,prime
2026-06-18,0.23406324012065874,0.37992599142482675,0,subprime
2026-06-18,-0.5672405913556344,0.8696046295572637,1,prime
2026-06-18,0.6988231025937669,0.0,0,prime
2026-06-18,-0.6012934532611925,0.5088340051896695,1,prime
2026-06-18,0.5049654236779545,0.3606559135113983,1,prime
2026-06-18,-0.5281783817962707,0.7298947223321628,1,prime
2026-06-18,1.10656549127313,0.0,0,prime
2026-06-18,0.44324642003727743,0.7507304955265612,1,subprime
2026-06-18,-0.14245074350274564,0.6125714898021408,1,subprime
2026-06-18,0.49507835296377584,1.0,1,subprime
2026-06-18,1.0765892336511953,0.4110077660859408,1,prime
2026-06-18,-2.494056957310921,0.5700405085977773,1,subprime
2026-06-18,0.7082619737241943,0.0,0,prime
2026-06-18,0.8742154543430284,0.20440621976016451,0,prime
2026-06-18,-0.13596398913696292,0.7654375562880915,1,prime
2026-06-18,-0.8614123398393911,0.03679077300492903,0,subprime
2026-06-18,1.3514621056268505,1.0,1,subprime
2026-06-18,1.122288667832317,0.11592955940961702,0,prime
2026-06-18,0.097002141657943,0.49699477561567973,1,prime
2026-06-18,-0.11321683476456754,0.5406351442160456,1,prime
2026-06-18,1.6873602734820863,0.5987510916829943,0,subprime
2026-06-18,-0.8622455415807541,0.3870070475899041,0,subprime
2026-06-18,1.5277843661563393,0.31094263298527475,0,subprime
2026-06-18,0.5335833407151479,1.0,1,prime
2026-06-18,-0.8224386562803206,0.0,0,prime
2026-06-18,-0.6368292392346222,0.3902063766131511,1,prime
2026-06-18,-1.202919534520834,0.7393513578769032,1,subprime
2026-06-18,-0.810894466457923,0.5790382306387866,1,subprime
2026-06-18,0.40900038194204563,0.5371447061225982,0,prime
2026-06-18,1.8758002177347675,0.0,0,subprime
2026-06-18,-0.0228095267776711,0.39266170669611056,0,prime
2026-06-18,-0.6305231768892128,0.4766260617466615,1,subprime
2026-06-18,-0.5911409179782645,0.6727376701518633,0,prime
2026-06-18,0.06986940416506045,0.0,0,prime
2026-06-18,0.8280873766850945,0.10683514423394175,0,prime
2026-06-18,-0.6613038664876401,0.3254604730514836,0,prime
2026-06-18,1.5875566591592323,0.034611257691488845,0,prime
2026-06-18,1.3097808676863965,0.19409280209019952,0,subprime
2026-06-18,-0.2590426896011288,0.600532663291741,0,prime
2026-06-18,0.18068957962894897,0.0,0,subprime
2026-06-18,0.4540779440003043,0.691959676180856,1,prime
2026-06-18,-0.5630790716181283,0.2657002225127992,0,prime
2026-06-18,0.4895208007315485,0.35207849134600916,0,prime
2026-06-18,0.15900112987615783,0.0,0,subprime
2026-06-18,1.3535028514685932,0.8167873565734719,0,subprime
2026-06-18,-0.008216714193520479,1.0,1,prime
2026-06-18,0.2470091618329759,1.0,1,prime
2026-06-18,-0.5193930641500777,0.0,0,subprime
2026-06-18,0.35429202399136894,0.9968009660918732,1,subprime
2026-06-18,-1.5317301178803282,1.0,1,subprime
2026-06-18,-1.5457041891535483,0.9325433708038191,1,prime
2026-06-18,-0.5344535615442336,0.0,0,prime
2026-06-18,0.8483702381411291,0.0,0,subprime
2026-06-18,-0.3399635975101015,0.6738870381613192,1,prime
2026-06-18,0.6528892369971054,0.2787927852388674,0,prime
2026-06-18,-0.9166632983126879,0.5322762127092449,0,prime
2026-06-18,0.6936003767563245,0.3586208982482263,0,prime
2026-06-18,-1.524860972427153,1.0,1,prime
2026-06-18,-0.005785631192443917,0.08378776196772939,0,subprime
2026-06-18,-1.4362906640016049,0.7077163523428192,1,prime
2026-06-18,0.5035514241540844,1.0,1,subprime
2026-06-18,-0.5430906328714545,0.15745264300788403,0,prime
2026-06-18,-0.3526066136361589,0.8447048262665889,1,prime
2026-06-18,-1.8805542829153221,0.6894055311183394,1,prime
2026-06-18,0.22504686671267893,0.37988725116471356,0,prime
2026-06-18,-0.5833341216004789,0.0,0,subprime
2026-06-18,-0.7509568012717712,0.0657486590013324,0,prime
2026-06-18,0.4507764536959805,0.6382864982568281,1,prime
2026-06-18,0.6537573049709785,0.3390379086733825,1,prime
2026-06-18,-1.115255906914551,0.24378442000888678,0,prime
2026-06-18,-1.4230064488648415,0.8466730013037725,1,subprime
2026-06-18,-0.4108423391024471,1.0,1,prime
2026-06-18,1.3328595988305443,0.0,0,subprime
2026-06-18,-0.8245384512974634,0.3357619285873167,0,prime
2026-06-18,-1.5611414532173884,0.6271534860669705,1,prime
2026-06-18,-0.5455768008825918,0.44333680375070067,1,subprime
2026-06-18,-1.08581638983294,0.24432987050242286,0,prime
2026-06-18,-1.4329088661025349,0.22583775976545523,0,prime
2026-06-18,-1.5538898987945982,0.6775919059546512,1,prime
2026-06-18,0.6140438948952491,0.8275886095039895,0,prime
2026-06-18,0.07281912006645475,0.0,0,prime
2026-06-18,0.24063053305462795,0.18086253110588535,0,subprime
2026-06-18,1.106542592196545,0.2024958152072193,0,prime
2026-06-18,1.450447108203313,0.9185634028248242,1,prime
2026-06-18,1.450571302615229,0.24477128530853642,0,prime
2026-06-18,-0.084085782639251,0.0,0,prime
2026-06-18,0.9815472460244721,0.4983961480794195,0,subprime
2026-06-18,1.3520010448146733,0.8249284723296629,1,subprime
2026-06-18,0.8708118517871963,1.0,1,prime
2026-06-18,0.7362209282342695,0.701200915542628,1,subprime
2026-06-18,2.5609275750786504,0.02848071606457525,0,prime
2026-06-18,-1.1291310935972143,0.49379637116052216,1,prime
2026-06-18,0.14640427861644945,0.16405970820629204,0,subprime
2026-06-18,-0.5543059564402805,0.5641646432951438,1,prime
2026-06-18,1.6220125138387884,0.8862993281946613,1,subprime
2026-06-18,-0.20351000034126254,0.5284621597059846,0,prime
2026-06-18,0.29241137523789074,0.39271114637926874,0,subprime
2026-06-18,0.02033523991086061,0.2242282253829983,0,subprime
2026-06-18,0.14896362473337704,0.8815463358027334,1,prime
2026-06-18,2.237941390473892,0.8606206969221726,1,prime
2026-06-18,-0.35133925526493237,0.8166221154162261,1,subprime
2026-06-18,-0.5516138448076303,0.5683579842422458,1,subprime
2026-06-18,-1.6768644075865546,0.08031900980617057,0,prime
2026-06-18,0.10601308039082655,0.4056528391803944,0,subprime
2026-06-18,-1.487359774834707,0.8275395121244272,0,subprime
2026-06-18,-1.1524314835102278,0.22487314401237357,0,subprime
2026-06-18,-0.14917621827980598,0.8327727694353617,1,subprime
2026-06-18,-0.11612509007640777,0.04218194777598627,0,prime
2026-06-18,0.4809113982269416,0.5910199112607476,1,subprime
2026-06-18,-0.04895519040086232,0.49568106846315274,0,subprime
2026-06-18,0.06386182941477683,1.0,1,subprime
2026-06-18,0.536405047806694,0.0,0,subprime
2026-06-18,-1.0963101439825447,1.0,1,prime
2026-06-18,-0.83611805183369,0.6061077102504335,0,prime
2026-06-18,-0.31257976492499334,0.7038564994977318,1,prime
2026-06-18,-1.8719084486698783,0.009650472695510254,0,prime
2026-06-18,-0.3106383456435251,0.0,0,prime
2026-06-18,-0.6321181053336555,0.0,0,prime
2026-06-18,0.9921933589035236,0.8585492473477057,1,subprime
2026-06-18,1.2566337325555272,0.08414922612886708,0,prime
2026-06-18,-0.46328216069776934,0.7756219664949717,1,prime
2026-06-18,-0.13032645860403677,0.3515056496583375,0,subprime
2026-06-18,0.2940155052011521,1.0,1,subprime
2026-06-18,-0.8119679186209051,0.8069207821133336,1,prime
2026-06-18,-1.6455939811731501,0.9556037509066786,1,prime
2026-06-18,-0.543299924864199,0.3111260594605123,0,prime
2026-06-18,1.9594234393520027,0.42443897825769833,1,subprime
2026-06-18,0.180994050964679,0.6012623849674279,0,prime
2026-06-18,-0.7483887604074541,0.3457801611191563,0,prime
2026-06-18,1.1325740799551842,0.6182723968616164,1,prime
2026-06-18,-0.5288303467936256,1.0,1,subprime
2026-06-18,-2.6787707829259584,0.8625430835854451,1,prime
2026-06-18,0.5143047165921852,0.6803474967844276,0,prime
2026-06-18,-2.079097656714471,0.0,0,prime
2026-06-18,-0.560063711197833,0.00937283419124843,0,prime
2026-06-18,0.27580636863664243,0.24399813158684047,0,prime
2026-06-18,0.734354759254398,0.7308475215217958,1,prime
2026-06-18,1.075285144221723,0.806047743687474,1,prime
2026-06-18,-1.3035114758396427,0.6424973469194066,1,prime
2026-06-18,0.12521695389712273,0.7710054204678913,1,prime
2026-06-18,2.1592704247262793,1.0,1,prime
2026-06-18,1.5280080162529572,0.7983953553246499,1,subprime
2026-06-18,0.42883066884067483,0.15678102957877507,0,subprime
2026-06-18,1.115197814840202,0.01652221393735412,0,subprime
2026-06-18,0.4166112691042665,0.504673908878214,1,prime
2026-06-18,0.6754738892250788,0.5832257162758424,1,prime
2026-06-18,-0.0518538798168636,1.0,1,prime
2026-06-18,0.3976241957550885,0.536291299292456,0,prime
2026-06-18,0.5313468563734312,0.21315237731469971,1,prime
2026-06-18,0.37970704619572787,0.2937910404716719,0,prime
2026-06-18,0.06359399967149396,0.0635610964292094,0,prime
2026-06-18,1.0078413305066347,0.5736900913523872,0,prime
2026-06-18,1.22598997956714,0.7621374280074621,1,subprime
2026-06-18,-0.013259836491054002,0.5163634584027734,1,subprime
2026-06-18,-0.9416109525581986,0.09960159488544504,0,subprime
2026-06-18,0.382671451630565,0.6792238053252864,1,prime
2026-06-18,1.461646986852285,0.8154020325399278,1,prime
2026-06-18,0.0030356333620084794,0.0,0,prime
2026-06-18,0.9494486408479951,0.5730452525273658,1,prime
2026-06-18,-0.28133671451452646,0.1223075011158016,0,prime
2026-06-18,0.1392664504421583,0.1462034945823929,0,prime
2026-06-18,0.22823572732120403,0.0,0,prime
2026-06-18,-0.9158245743802115,0.41862867527287506,0,prime
2026-06-18,0.40346367586896087,0.6323915610723235,0,subprime
2026-06-18,-0.8826685641542964,1.0,1,prime
2026-06-18,-0.9220879304693737,0.6875346924721876,0,prime
2026-06-18,2.4426174826406735,0.01002324720378081,0,prime
2026-06-18,0.24719707038250216,0.3297423194041104,1,prime
2026-06-18,2.0476027320103007,0.4874409096040953,0,prime
2026-06-18,-0.8171421042300965,0.140087603288378,0,prime
2026-06-18,-0.1089262877058175,0.2601826790578037,0,prime
2026-06-18,-0.2411140730065007,0.0,0,subprime
2026-06-18,0.09079846464464215,0.10290200394481008,0,prime
2026-06-18,0.8181458945304887,0.9390291343094521,1,prime
2026-06-18,-1.106451442281779,1.0,1,subprime
2026-06-18,1.2777780784281865,1.0,1,prime
2026-06-18,-0.7880976724807215,0.0800109018675649,0,prime
2026-06-18,1.9233193655437133,0.6618829319373436,1,prime
2026-06-18,0.6916579180889372,1.0,1,subprime
2026-06-18,1.280557023770902,0.15994915949760907,0,subprime
2026-06-18,-1.2458908544320826,0.26201188437579703,0,prime
2026-06-18,-0.8888368349301276,0.25580984020514147,0,prime
2026-06-18,2.5000369921160117,0.23173192288866812,0,prime
2026-06-18,-0.7959946793302658,0.896662531100868,1,prime
2026-06-18,-1.4734919587343787,0.755073823844146,0,prime
2026-06-18,-0.08395835193411884,0.4940157828895623,1,prime
2026-06-18,-0.684994518196439,0.39930687985391505,1,subprime
2026-06-18,1.7967917276624648,0.22669689824935504,0,subprime
2026-06-18,0.38285089881349155,0.0,0,prime
2026-06-18,1.9255119171507111,0.2756459201053568,0,prime
2026-06-18,0.7077494809378827,1.0,1,subprime
2026-06-18,0.18890867020581142,1.0,1,prime
2026-06-18,1.0277877234937163,0.0,0,prime
2026-06-18,1.0145871554422445,0.32093734492905623,1,prime
2026-06-18,-0.6686780185994223,0.0,0,prime
2026-06-18,-2.221455778836863,0.0,0,prime
2026-06-18,-0.29322690873909707,0.0,0,subprime
2026-06-18,-1.198138348777972,0.048336298748437284,0,prime
2026-06-18,1.5209188860381437,0.03055349126553286,0,prime
2026-06-18,0.36559148919782,0.3242360365160428,0,prime
2026-06-18,0.4200034389602226,0.4151349489859,0,subprime
2026-06-18,-0.9986749663983385,0.3446612857215617,1,subprime
2026-06-18,-0.5977043245523711,0.7605308903840177,1,prime
2026-06-18,0.7978377040552321,0.6129555156927518,0,prime
2026-06-18,-0.8031653071749355,0.8723147192052301,1,prime
2026-06-18,-1.0268466575466397,0.37855772770537865,0,prime
2026-06-18,0.01420207798155569,1.0,1,prime
2026-06-18,1.7579091080717353,0.3849827660073621,1,prime
2026-06-18,0.6713858835478276,0.0,0,prime
2026-06-18,0.548350035880138,0.39831017008728137,0,prime
2026-06-18,-0.9093463106404569,1.0,1,subprime
2026-06-18,2.30609804313731,0.19316551145495375,1,prime
2026-06-18,-1.0903389228995506,0.1611723855794882,0,prime
2026-06-18,-0.21021928981611726,0.7937269007520039,1,prime
2026-06-18,-0.34674939562679824,0.5105133952729927,0,prime
2026-06-18,0.3826030250785703,0.3723139086763749,1,prime
2026-06-18,-0.39810373921391684,0.5941808038390335,1,prime
2026-06-18,1.1645196578423567,0.06496546598548467,0,prime
2026-06-18,0.29131902920369934,0.0,0,prime
2026-06-18,0.6311699439172648,0.10101190867588133,0,subprime
2026-06-18,-0.3262246803990437,0.3541609580521938,0,prime
2026-06-18,1.3961296202668618,1.0,1,subprime
2026-06-18,1.3107015545354712,0.6897744563243102,0,prime
2026-06-18,0.3173224944346187,0.9328014553127105,1,prime
2026-06-18,1.1164891412020528,0.41563252442452486,1,prime
2026-06-18,0.20604395823386812,0.45940786335474904,1,prime
2026-06-18,0.9214325676840447,0.0,0,prime
2026-06-18,0.07425089738692178,0.0591779733479299,0,subprime
2026-06-18,-0.28079155000896316,0.0,0,prime
2026-06-18,0.7128624583094745,0.771091739794045,1,subprime
2026-06-18,-1.3250407890219214,1.0,1,prime
2026-06-18,1.3961611499689508,0.34065459178065016,0,prime
2026-06-18,-0.7352310815423136,0.0,0,prime
2026-06-18,-0.30751160453503895,0.2238782981726824,0,prime
2026-06-18,0.6584807573353982,0.2793632370086233,0,prime
2026-06-18,0.36506307691526535,0.6237433225451473,0,subprime
2026-06-18,0.23165064937501353,1.0,1,subprime
2026-06-18,0.6375511805993467,0.0,0,subprime
2026-06-18,-0.9588343373974222,0.5245223344151548,0,prime
2026-06-18,0.9180555813315717,1.0,1,subprime
2026-06-18,-0.1491491366886716,0.6921369992045681,0,prime
2026-06-18,0.3607830342179616,0.8622496249111065,1,subprime
2026-06-18,0.011957026966081261,0.0,0,subprime
2026-06-18,-0.01614417794826007,0.49314633788372214,0,prime
2026-06-18,0.6294294966227095,0.5944332571176236,0,prime
2026-06-18,1.7439659656645443,0.817193521723304,1,prime
2026-06-18,1.205617835275309,0.8157916849371134,1,prime
2026-06-18,-1.1576469710812465,0.3648400479988917,0,subprime
2026-06-18,1.3107605037038612,1.0,1,subprime
2026-06-18,0.15243668082664372,1.0,1,prime
2026-06-18,0.25360231270757594,0.5494779287347271,0,prime
2026-06-18,-0.3588296310144344,0.0,0,subprime
2026-06-18,-0.5736116248076462,0.5055813607776779,0,prime
2026-06-18,-1.0184717035560784,0.30699311865260853,1,subprime
2026-06-18,-0.4210602157968446,0.4064797127283412,0,prime
2026-06-18,1.0429804874079018,0.07408742753891764,0,prime
2026-06-18,-0.9346262994319617,0.2326083967509146,0,prime
2026-06-18,-0.14903360369343835,0.7763232950217464,1,prime
2026-06-18,1.6411813335591776,0.04067107497962055,0,prime
2026-06-18,0.5124374941423825,0.21762122963896946,1,prime
2026-06-18,0.5078298379430743,1.0,1,prime
2026-06-18,1.922324174444108,0.3619136803341527,1,prime
2026-06-18,-0.6059412491257574,0.5309912480743401,1,prime
2026-06-18,2.1700447203266404,0.3950968418141393,0,prime
2026-06-18,1.5831836468306564,0.5857306345405818,1,subprime
2026-06-18,-1.2172889090472268,0.5621822018963212,1,subprime
2026-06-18,0.9097417394731719,0.31590196875769877,0,prime
2026-06-18,0.2776408083661268,0.0,0,prime
2026-06-18,-0.7518958285006672,1.0,1,prime
2026-06-18,0.15744431802748574,0.5929326740492928,0,prime
2026-06-18,-1.4885925634795225,0.9435378529826445,1,prime
2026-06-18,-1.180124261209945,1.0,1,prime
2026-06-18,1.8003924530927486,0.0,0,prime
2026-06-18,-0.5185303939509682,0.8292305141391166,1,subprime
2026-06-18,-0.46526098428755486,0.0,0,prime
2026-06-18,-1.2572132432615934,0.381656397045178,1,prime
2026-06-18,0.7599568140762979,0.8299987020081423,1,prime
2026-06-18,-0.9877763677161341,0.4371995710229,1,subprime
2026-06-18,1.428393741986982,0.10778517884083086,0,prime
2026-06-18,1.4017071433201873,1.0,1,prime
2026-06-18,2.209819095207241,0.043773998047153206,0,prime
2026-06-18,0.041516080206073364,1.0,1,prime
2026-06-18,0.04267878090290402,0.0,0,subprime
2026-06-18,-0.22858219841325417,0.40012827930351014,1,subprime
2026-06-18,-0.4433473421203564,0.5406371781055035,0,subprime
2026-06-18,-0.42814639471028776,0.08473987438999675,0,prime
2026-06-18,-0.6159542263292453,0.6176883432067284,1,prime
2026-06-18,-0.8449355969677221,0.08450784418780807,0,prime
2026-06-18,-0.23497651165437416,0.1124289032525829,0,prime
2026-06-18,0.5366617153272436,0.7119354702934901,1,subprime
2026-06-18,-1.8247356760351297,0.0,0,prime
2026-06-18,-0.6372414637989379,0.658885749344737,1,prime
2026-06-18,0.46374885771767566,0.3863266839090056,0,prime
2026-06-18,1.4677315668062603,0.6952875749057341,0,prime
2026-06-18,-0.3147875455750025,1.0,1,subprime
2026-06-18,-1.0105262818030412,0.15660675203654062,0,prime
2026-06-18,0.1353510149370517,1.0,1,subprime
2026-06-18,0.5584427169239455,0.0,0,prime
2026-06-18,-0.17859673471869186,0.13808150820549075,0,prime
2026-06-18,-1.186529268027148,0.8221754096784297,1,prime
2026-06-18,-1.2113801331528296,0.567704565782257,1,prime
2026-06-18,-0.348779533955477,1.0,1,prime
2026-06-18,0.24046702441050263,0.6032426299616662,1,prime
2026-06-18,0.01106691437237198,1.0,1,prime
2026-06-18,-0.5182631130780072,0.9499785664504075,1,prime
2026-06-18,0.41581745137937576,0.0,0,prime
2026-06-18,-0.4955087020952491,0.78010877409159,1,prime
2026-06-18,-0.2289246979072015,0.0,1,prime
2026-06-18,0.5658365769351037,0.5253236757824755,0,prime
2026-06-18,-0.3758694780719311,0.0,0,prime
2026-06-18,-0.03936969389818755,0.25153300624547237,0,subprime
2026-06-18,-0.12022384535644073,0.8355016205259121,1,subprime
2026-06-18,-0.18020057536732903,0.300769130871756,1,prime
2026-06-18,-0.1963832471720794,0.0,0,prime
2026-06-18,1.5274454316778174,0.6881587957545972,1,prime
2026-06-18,0.011997917071667415,0.8667207792300642,1,prime
2026-06-18,0.42362324985614874,0.4327389852178307,1,prime
2026-06-18,-0.4792415950463686,0.26877245319406096,0,prime
2026-06-19,0.5730599811517136,0.8735187339139885,1,prime
2026-06-19,0.40540442574217656,0.23541226816612293,0,prime
2026-06-19,-1.1523353498587754,0.025743830050438704,0,subprime
2026-06-19,0.08820654160160396,0.0,0,subprime
2026-06-19,0.31524179196327945,0.5219529013847927,0,subprime
2026-06-19,0.4779068760034732,0.304818163701984,0,prime
2026-06-19,1.5962740959347639,0.717046891652259,1,prime
2026-06-19,-0.07573703877396004,0.28499389342286097,0,prime
2026-06-19,-0.08395654053847608,0.49659763470725576,1,prime
2026-06-19,0.991397915412772,0.2318342382126821,0,prime
2026-06-19,-0.9732878414101772,1.0,1,subprime
2026-06-19,-0.11734576348540884,0.23096343014773824,0,prime
2026-06-19,0.08374335281226183,0.44335877889617514,0,prime
2026-06-19,0.5265306958846261,0.051077138400267647,0,prime
2026-06-19,-0.23003517478817373,0.3016582297356833,0,subprime
2026-06-19,0.3326877890536631,0.0,0,prime
2026-06-19,-0.5899395749479578,0.0,0,prime
2026-06-19,-0.4962533512696375,0.7802223545198821,1,prime
2026-06-19,-0.46556857634745485,0.0,0,prime
2026-06-19,-0.13856001220987404,0.17987361335938565,0,prime
2026-06-19,-0.6610975250753044,0.09082579744491562,0,prime
2026-06-19,0.1566976133343055,0.5149534113821412,0,subprime
2026-06-19,0.33332038054713875,0.8984608951408868,1,subprime
2026-06-19,0.45644490052828407,0.2016877565060533,1,prime
2026-06-19,1.0113414573969204,0.5627342829014771,1,prime
2026-06-19,0.1772474709463977,0.766274885919505,1,subprime
2026-06-19,-0.7389452029390423,0.3062284245789138,1,prime
2026-06-19,-0.9594064946831226,0.28469462611482105,0,prime
2026-06-19,-0.3726092060678764,0.0784598058066309,0,prime
2026-06-19,-0.9688116731862085,0.4719077622036971,0,prime
2026-06-19,0.34295195282026963,0.42965250753493667,1,subprime
2026-06-19,-0.9509682334522049,1.0,1,prime
2026-06-19,-0.9827687566986973,1.0,1,subprime
2026-06-19,1.3885799311861713,0.4995043094254749,1,prime
2026-06-19,0.5978590060622488,0.3865510176121699,0,prime
2026-06-19,0.5603904848118098,1.0,1,prime
2026-06-19,-0.16880398372641406,0.9169484802703389,1,prime
2026-06-19,-1.9647750905455863,0.0,0,prime
2026-06-19,0.7301393984653198,0.824363978529932,1,prime
2026-06-19,0.6821634118786236,0.34192829502104766,0,subprime
2026-06-19,-1.2816758955449747,0.8661161104561448,1,prime
2026-06-19,2.297531031103888,0.44690010877653635,1,prime
2026-06-19,-0.3767418934326076,0.5333610166594083,1,subprime
2026-06-19,1.2173568843753835,0.6535596638665261,0,prime
2026-06-19,-1.4585772204491692,0.0,1,subprime
2026-06-19,-0.25721040153386865,0.25190673391613244,0,prime
2026-06-19,-0.550192741456978,0.6069415327093864,1,prime
2026-06-19,-0.3630000741298252,0.9161140780050269,1,prime
2026-06-19,-0.8575789837066357,0.40082542364990215,0,subprime
2026-06-19,2.0712419224985608,0.0,0,prime
2026-06-19,0.743997830673427,0.599652188398333,0,prime
2026-06-19,0.1711192198441344,0.4229889470592735,0,subprime
2026-06-19,0.40736907784867576,0.9400027380310038,1,prime
2026-06-19,1.3975259750661415,0.43235136531523705,1,prime
2026-06-19,0.23599804409092268,1.0,1,prime
2026-06-19,0.33636498595528186,0.9954083026313397,1,subprime
2026-06-19,0.626442442112804,0.17246150290506324,0,prime
2026-06-19,-1.3038509742072957,0.25489872526004637,0,prime
2026-06-19,1.1328312855188007,0.6484115734703938,1,prime
2026-06-19,1.1864790760585708,0.15108665256785303,1,prime
2026-06-19,0.5082192234778271,0.5848612394659568,1,prime
2026-06-19,1.3945099547971642,0.0,0,prime
2026-06-19,-0.08923153334182767,0.6125040101956734,1,subprime
2026-06-19,1.3776023699573183,0.0,0,subprime
2026-06-19,-0.68263478823728,0.2341352762272523,0,prime
2026-06-19,-1.0353372459936863,0.2947166846696788,0,prime
2026-06-19,-1.0071777332146254,0.3456892523841713,1,subprime
2026-06-19,0.3432169556794804,0.5156542845956726,0,subprime
2026-06-19,-0.552961182751305,0.0,0,prime
2026-06-19,0.5371345445405249,0.08342662797092948,0,subprime
2026-06-19,0.25253971718622614,0.8561839880946235,0,prime
2026-06-19,-1.2041293353362568,0.3951668653562117,0,prime
2026-06-19,0.44766380164094177,0.5242840046574392,0,subprime
2026-06-19,0.8451084448861595,0.0,0,subprime
2026-06-19,-0.23217950985041183,0.11273691655458593,0,prime
2026-06-19,-1.6688691847408246,0.646586096322894,1,prime
2026-06-19,0.1647245099885306,0.8086430273242546,1,subprime
2026-06-19,-0.015309800286592408,0.7512868139081028,1,prime
2026-06-19,-1.1186867518376176,1.0,1,prime
2026-06-19,-2.182139582062358,0.7274051994670523,1,prime
2026-06-19,0.39301357158012046,0.4410161054973422,1,subprime
2026-06-19,2.2570924957711904,0.0,0,prime
2026-06-19,2.2877540938290912,0.633060985714363,1,prime
2026-06-19,1.4043674174452871,0.4073837539852489,0,prime
2026-06-19,-0.09326621860986421,0.67154392324193,1,prime
2026-06-19,-0.54484781688926,0.7590517841489164,0,prime
2026-06-19,2.4471643346771255,0.5571220476403782,1,prime
2026-06-19,-0.614886358124321,0.5716684769123096,1,prime
2026-06-19,1.1297544878233168,0.8965564248937562,1,subprime
2026-06-19,1.4918035425156142,0.5162475192844389,0,subprime
2026-06-19,0.33670852967949394,0.8435853330018499,1,prime
2026-06-19,-2.0988097753154014,0.049495623734933464,0,prime
2026-06-19,2.4484436774315266,1.0,1,prime
2026-06-19,0.6754782287423402,0.9638041832737274,1,prime
2026-06-19,0.4990848126600562,0.14091648287858616,0,subprime
2026-06-19,-1.1927891923675789,0.10402048395777547,0,subprime
2026-06-19,-0.9685686445752489,0.26036037847977517,0,prime
2026-06-19,-0.348413637043489,0.9355172599881484,1,prime
2026-06-19,0.3747624453136709,0.8230571730549392,1,subprime
2026-06-19,-1.254843769689673,0.9184297888679929,1,prime
2026-06-19,-1.2467770767856237,1.0,1,prime
2026-06-19,-1.2699875185920635,0.2976554066036605,0,prime
2026-06-19,0.023271906639752437,0.8260122128694439,1,prime
2026-06-19,-0.16946179319931465,0.0,0,prime
2026-06-19,-0.9523193523511568,1.0,1,subprime
2026-06-19,-1.660718961759145,0.7713467474867228,1,subprime
2026-06-19,1.1731669050860318,0.9032190292474891,1,prime
2026-06-19,-1.8111720935739846,1.0,1,subprime
2026-06-19,1.243642388421158,0.9620145197131265,1,prime
2026-06-19,0.3576521339063039,1.0,1,prime
2026-06-19,-0.6320392744301785,0.5896095371322538,1,prime
2026-06-19,0.07658332690736104,0.7296779284240074,1,prime
2026-06-19,-0.9320347606238844,1.0,1,subprime
2026-06-19,-0.8369895140295405,0.03366612930933585,0,prime
2026-06-19,0.9892732960827985,0.19581039215345789,0,subprime
2026-06-19,-0.42320510338595796,0.5244056168077174,0,prime
2026-06-19,0.30122917631375823,0.5426361302001907,0,prime
2026-06-19,-0.48490180692977075,1.0,1,prime
2026-06-19,-0.4498432223633611,0.0,0,subprime
2026-06-19,-0.42427779121891956,1.0,1,prime
2026-06-19,0.5342107030237397,0.07683551087761809,0,subprime
2026-06-19,0.4037071337373833,0.31580028919118186,0,prime
2026-06-19,0.325913713457393,0.8731749749578724,1,prime
2026-06-19,1.2492919258415787,0.3890373225181636,0,prime
2026-06-19,1.6103086025795188,0.17537253719861604,0,subprime
2026-06-19,0.1334676525784179,0.22934466858530222,0,prime
2026-06-19,0.524269323881561,0.09322459319694504,0,subprime
2026-06-19,-0.4015579700021609,0.14908559922615688,0,subprime
2026-06-19,1.566539010717949,0.33975162425163213,0,prime
2026-06-19,-1.7249158450310564,0.4816093241345267,1,prime
2026-06-19,-0.7578053690775884,0.834169004597888,1,prime
2026-06-19,0.49613405357826884,0.8455071835771983,1,prime
2026-06-19,1.7148869794720465,0.8044598887263261,0,prime
2026-06-19,-0.9958837568261291,0.17808492231471398,0,subprime
2026-06-19,0.2962922714214715,0.8558154446969325,1,subprime
2026-06-19,-0.08026894426131047,0.27144308460237987,0,prime
2026-06-19,1.3968251695470215,0.6002486659262225,1,prime
2026-06-19,1.0418581850676978,0.9099108458501755,1,prime
2026-06-19,1.5426402079385924,0.8111229775470771,1,subprime
2026-06-19,-1.1260979002460776,0.0315421033826877,0,prime
2026-06-19,-0.7928189469682327,0.2177772553950075,0,prime
2026-06-19,-1.0569570073234231,0.32266652253445144,1,subprime
2026-06-19,0.6443027686981992,1.0,1,prime
2026-06-19,-0.013523960411426754,1.0,1,subprime
2026-06-19,0.11227611944595235,1.0,1,prime
2026-06-19,-1.6399155652967805,0.28423984360830007,1,prime
2026-06-19,-1.030606375388362,0.47468406577124234,1,subprime
2026-06-19,0.47049603643045496,0.0,0,prime
2026-06-19,-0.24945167672812693,1.0,1,subprime
2026-06-19,-1.7717974085823878,0.5560613059692044,1,subprime
2026-06-19,-0.08182596770302338,0.4991639682718768,1,subprime
2026-06-19,1.9895689512368582,0.7332517889558816,1,prime
2026-06-19,0.3549033638170158,0.5854088120876024,1,prime
2026-06-19,-1.6722777959860413,0.0,0,prime
2026-06-19,-0.6143244286189237,0.019057563445302184,0,prime
2026-06-19,-1.8849765746695333,0.3471086493252302,0,subprime
2026-06-19,-1.3220129227132946,1.0,1,prime
2026-06-19,-0.5918981695638967,0.49435466277130985,0,prime
2026-06-19,-0.18711151436662166,0.3180955996297143,0,prime
2026-06-19,1.8108715209292872,0.7847527885160548,1,prime
2026-06-19,-0.6047604061633944,1.0,1,prime
2026-06-19,1.669050966755916,0.01974517589561428,0,prime
2026-06-19,1.5031446156488333,0.8460871062830281,1,prime
2026-06-19,0.9760232244186692,0.9862154166014895,1,subprime
2026-06-19,0.2223702474484846,0.8427930462201063,1,prime
2026-06-19,-1.8059387556494348,1.0,1,subprime
2026-06-19,0.09696210998627382,0.569890429219537,1,prime
2026-06-19,-0.8523983647363899,0.8226786789315049,1,prime
2026-06-19,-0.6701529773372503,0.6094627317027423,0,subprime
2026-06-19,-1.018583216280426,0.609167939985164,0,prime
2026-06-19,-0.7983309824206712,0.33135431814307115,0,subprime
2026-06-19,-0.5139353326999815,0.7544621728894596,1,subprime
2026-06-19,1.1610933408779278,0.0,0,prime
2026-06-19,-0.8227417230652034,0.7507860310229649,1,subprime
2026-06-19,0.41089417808546747,0.0,0,prime
2026-06-19,-1.6454587212242773,0.0,0,prime
2026-06-19,0.48089906473101646,0.0,0,prime
2026-06-19,0.06737160786338174,0.9856554238638799,1,prime
2026-06-19,-0.5182351369149477,0.3890625772255244,0,prime
2026-06-19,-0.2276032751866238,0.6175450913344553,1,subprime
2026-06-19,-0.8381189823352428,0.10761881287524379,0,subprime
2026-06-19,0.7158118689175912,0.4349376354342209,0,prime
2026-06-19,0.22919263636072765,0.14209258270345443,0,prime
2026-06-19,0.2909249127761045,0.6222306054133007,1,prime
2026-06-19,-0.651175908032642,0.5095395945330203,0,subprime
2026-06-19,-0.27028015789704857,0.6577580025700642,1,prime
2026-06-19,2.218524304906402,0.39375692635260623,1,prime
2026-06-19,-0.06578605933898396,0.36714953374843723,1,prime
2026-06-19,0.6167960191049947,0.0,0,subprime
2026-06-19,0.43472185350517656,0.641067948275301,1,prime
2026-06-19,0.1184412586680472,0.19201661917891122,0,prime
2026-06-19,-0.6933341138224883,0.6391027300815388,1,prime
2026-06-19,0.3482008964847258,0.10471334424134211,0,prime
2026-06-19,0.28331264333179046,1.0,1,prime
2026-06-19,-0.49349793974335854,0.0,0,prime
2026-06-19,0.5509629929593397,0.8308484097373139,1,prime
2026-06-19,0.6741323500645745,0.7625370730489026,0,subprime
2026-06-19,0.22510866938355936,0.2795057366882639,1,subprime
2026-06-19,0.5286774094423374,0.1532733544276964,0,prime
2026-06-19,-0.5687352647797262,0.9451323613012617,1,prime
2026-06-19,2.844832697347202,0.7474753994030346,1,prime
2026-06-19,0.6805796873278925,0.3559183250674409,0,prime
2026-06-19,0.24412450076433037,0.6991208792862336,1,prime
2026-06-19,-0.7693718131068625,0.5424114729276874,1,prime
2026-06-19,1.397472235906742,0.7730852680502502,1,prime
2026-06-19,-0.07480465738779078,0.6811698586623247,1,subprime
2026-06-19,-0.01803394332260893,0.4254055842721763,1,subprime
2026-06-19,0.6581001758047769,0.0,0,prime
2026-06-19,-1.0189340482833644,0.02002035869027713,0,prime
2026-06-19,0.0907687566879244,0.08216748665089335,0,prime
2026-06-19,-0.8154357239099054,0.0,0,subprime
2026-06-19,-0.762614444451374,0.0,0,subprime
2026-06-19,-0.4290660648098896,0.9044593036337137,1,prime
2026-06-19,0.37112375306230283,0.5386342210464319,1,subprime
2026-06-19,-0.6274425264580586,0.27155663404795505,0,prime
2026-06-19,-1.143009852700594,0.6088881600284035,1,prime
2026-06-19,-0.7956685931787046,0.9082145416668237,1,prime
2026-06-19,0.4710577088734873,0.2311418706028761,0,subprime
2026-06-19,-0.12257007123259855,0.4987056054195258,0,subprime
2026-06-19,-1.4980224999744942,0.7307976653996847,1,prime
2026-06-19,0.44972854167204185,0.9803591989477849,1,prime
2026-06-19,-0.5596908459036015,0.16378189883504457,1,prime
2026-06-19,-0.10042067262925262,1.0,1,prime
2026-06-19,1.5629702044917313,0.8744761401184136,0,subprime
2026-06-19,-1.172700989857268,0.4669912352170362,1,prime
2026-06-19,0.47409192519460697,0.6979639188332479,1,subprime
2026-06-19,-0.08972063362786226,0.6745003063617174,0,prime
2026-06-19,-0.012654631974215487,0.8114022838232494,1,prime
2026-06-19,-1.2226103428346966,0.7220287949484429,1,prime
2026-06-19,-0.07092852638127013,0.2280379844884373,0,subprime
2026-06-19,-0.8345389264936722,0.813915240375996,1,subprime
2026-06-19,0.30384517386744336,0.24941599638700837,0,prime
2026-06-19,-0.0025895990631929315,0.0,0,prime
2026-06-19,0.06783856671300806,0.8898541422100099,1,prime
2026-06-19,0.15502915711994167,0.0,0,prime
2026-06-19,0.9968441765438826,0.18978069535307956,0,subprime
2026-06-19,-0.7882039867727015,0.0,0,subprime
2026-06-19,-0.5077796240331488,0.5288982129023725,1,subprime
2026-06-19,-0.11095511451939008,0.22996526613497537,1,subprime
2026-06-19,-0.0861290100498368,0.7659768521196391,1,prime
2026-06-19,-1.4282185021263758,0.8457479788539208,1,subprime
2026-06-19,0.650919520961187,0.7540262591081812,1,prime
2026-06-19,-0.21635292610188653,0.0,0,subprime
2026-06-19,-1.3110585765666998,0.8004972456650046,1,subprime
2026-06-19,-2.3030829335684193,0.11622773831746726,0,subprime
2026-06-19,-0.14840981358040906,0.8054891500373392,0,subprime
2026-06-19,-0.5321016100546606,0.1005743901688646,0,prime
2026-06-19,-1.0204597881561561,0.9274535163006656,1,subprime
2026-06-19,-0.5873935876448472,0.7826800413863972,0,prime
2026-06-19,-0.3899764917314505,0.2533949057773258,0,subprime
2026-06-19,0.06318796873659419,0.21751002595542063,0,subprime
2026-06-19,1.409626924139233,0.5263003647265967,0,subprime
2026-06-19,-0.609977303274656,0.01189943685432604,1,prime
2026-06-19,-0.0961358830602011,0.9232811306866608,1,subprime
2026-06-19,0.2845518529609105,0.0,0,prime
2026-06-19,-0.5922083881114194,0.08363795058071771,0,prime
2026-06-19,-0.16062103895071297,0.7568430596291015,1,subprime
2026-06-19,-0.7559134536610381,0.24818446043240214,0,prime
2026-06-19,1.7071103246894779,0.6501000123043452,1,prime
2026-06-19,-0.49919947286041283,1.0,1,subprime
2026-06-19,0.5893984252868779,0.05772096883705133,0,prime
2026-06-19,-0.6588853104182765,0.0,0,prime
2026-06-19,-1.334412715816923,0.40598382931302435,0,prime
2026-06-19,-0.7434411548185204,0.3643707327855012,1,prime
2026-06-19,-1.1098890762606137,0.8847482950409601,1,prime
2026-06-19,1.2592619277750914,0.506125439733555,1,prime
2026-06-19,1.4615926271851636,1.0,1,subprime
2026-06-19,2.072128233051115,0.07212899656181015,0,prime
2026-06-19,-0.1515300000237512,0.0,0,subprime
2026-06-19,2.070284519601465,0.28615728574399374,0,prime
2026-06-19,-0.4431145113790737,0.0,0,prime
2026-06-19,-2.0481395439576078,0.8389134480864391,1,prime
2026-06-19,0.24061972955308333,0.5655065438078473,0,subprime
2026-06-19,-1.482984119589513,0.0,0,prime
2026-06-19,1.7460424639400536,0.583071681304409,0,prime
2026-06-19,0.4900135577558639,1.0,1,subprime
2026-06-19,0.2356641041920631,0.0126411812778148,0,prime
2026-06-19,-2.170741381759497,0.8949024563710024,1,prime
2026-06-19,0.8359405708446371,0.49708865611269937,1,subprime
2026-06-19,-0.3661894757164474,0.3089938631392297,0,subprime
2026-06-19,1.7786935622103366,0.7642350165305525,0,prime
2026-06-19,-0.5667387531792135,0.0953502286518425,0,subprime
2026-06-19,-0.045922374240718176,1.0,1,prime
2026-06-19,-0.24798421199387333,0.5910956588133132,1,prime
2026-06-19,-1.5592396368297927,0.046523231307287694,0,subprime
2026-06-19,0.8444143794591593,0.5938897817042008,1,subprime
2026-06-19,-0.9943337774824924,0.8179995487350373,1,prime
2026-06-19,-0.13264205372102975,0.9391753654303898,1,prime
2026-06-19,1.5225140507965935,0.04177825447993255,0,prime
2026-06-19,-0.09229650712005544,0.4006436218747995,0,prime
2026-06-19,0.941832418550287,0.6089177470189001,0,prime
2026-06-19,-0.14546647219422176,0.269870803329815,0,prime
2026-06-19,1.932557858343786,0.4137713253919748,0,prime
2026-06-19,-0.6403067702407308,1.0,0,prime
2026-06-19,-1.8128059493246884,0.6659033314878886,0,prime
2026-06-19,-0.08497973715253569,0.36128267652294166,0,prime
2026-06-19,1.0625848165428402,0.8847354934838169,1,subprime
2026-06-19,-0.34724427295237026,1.0,1,subprime
2026-06-19,0.4743490821020636,0.7933181830619777,1,prime
2026-06-19,1.1062369274963644,0.37741609768284246,0,prime
2026-06-19,-2.0110629895484657,0.1535630165402826,0,prime
2026-06-19,0.5264804774370334,0.9805833804003359,1,prime
2026-06-19,0.33960453259220197,0.6833709331531266,1,prime
2026-06-19,-1.5151456212320802,0.6971370076594849,0,subprime
2026-06-19,-0.4930039775180946,0.8666479957049789,1,subprime
2026-06-19,0.9717515448249344,0.47778063806410714,0,prime
2026-06-19,0.06208815407145024,0.2536672016780147,1,prime
2026-06-19,0.46283596717150366,0.5200045816334122,0,prime
2026-06-19,1.2573302666111255,0.53707166743825,1,subprime
2026-06-19,-0.6221622191040144,0.3177624076281223,0,prime
2026-06-19,0.6134410169861297,0.8575401004213414,1,subprime
2026-06-19,-0.6086472828410547,0.11024972217898929,0,prime
2026-06-19,1.0928922645702543,0.6807147595621639,1,prime
2026-06-19,-0.34690957174411224,0.5278841322704351,0,prime
2026-06-19,-0.5388183681901938,0.6982379107454524,1,prime
2026-06-19,-0.18099262238601832,0.9865212179643487,1,prime
2026-06-19,-0.47852800732548806,0.7459380325166587,1,prime
2026-06-19,0.390894314419943,0.8401378252343932,0,prime
2026-06-19,2.851406814213324,0.0,0,prime
2026-06-19,0.3351765512911497,0.1276557792787904,0,subprime
2026-06-19,0.19116579564585068,0.2962541949858326,0,prime
2026-06-19,2.161428699807844,0.0,0,subprime
2026-06-19,0.837423414600422,0.0,0,subprime
2026-06-19,0.665841699751165,0.38916168987952204,0,prime
2026-06-19,-0.41636511993228437,1.0,1,prime
2026-06-19,0.03860159168650702,0.0,0,prime
2026-06-19,-2.134259739125952,0.2520559610875299,0,prime
2026-06-19,0.06034749611462823,0.0,0,prime
2026-06-19,-1.3088762491187154,0.9050888193045877,1,prime
2026-06-19,-0.1594358082631754,0.8993619591334772,1,prime
2026-06-19,0.37445446697180795,0.07655032421166755,0,prime
2026-06-19,-0.5380536394846115,0.587661031521684,1,prime
2026-06-19,-2.126321070392476,0.9123017519439548,1,prime
2026-06-19,-1.4653958369930487,0.4256424142559094,0,subprime
2026-06-19,-0.08128111287463817,0.26084562456660726,0,prime
2026-06-19,1.2909179381289313,0.5190324970169551,1,subprime
2026-06-19,1.4071870770676824,0.3377337770445781,0,prime
2026-06-19,-0.6641124992776752,0.339825296950831,1,prime
2026-06-19,-1.593063870812141,0.29556507982089386,1,prime
2026-06-19,-0.7196812630184332,0.5430224424687078,1,prime
2026-06-19,0.4178495198050889,1.0,1,prime
2026-06-19,0.42939432795087823,1.0,1,subprime
2026-06-19,1.120851918168026,0.4385419597810327,0,subprime
2026-06-19,-0.18910015635070418,0.0,0,prime
2026-06-19,-0.5012387441851988,1.0,1,prime
2026-06-19,-0.4274940917486012,0.0,0,subprime
2026-06-19,0.674116785882294,0.21014859981227885,0,prime
2026-06-19,1.236698029578584,0.5063690384781444,1,prime
2026-06-19,1.2834806453186396,0.0,0,prime
2026-06-19,-2.0028815103443636,0.0,0,prime
2026-06-19,-0.48906446514913465,0.5628372746183403,0,prime
2026-06-19,-0.4112341837942023,0.6080334048669008,1,prime
2026-06-19,-0.1261475324466619,0.0,1,prime
2026-06-19,-0.608855219622433,0.4091320841266252,1,subprime
2026-06-19,1.9873143580646357,0.0,0,prime
2026-06-19,-0.9820476358240775,0.3372632359557832,0,prime
2026-06-19,-0.03130207870704968,0.28916496031039046,0,prime
2026-06-19,0.24776855731239006,1.0,1,prime
2026-06-19,0.10914490094585741,0.26763441419506445,0,prime
2026-06-19,-0.7242978229779519,0.7849594656453349,1,prime
2026-06-19,0.11000969126702476,0.12233793333250385,0,prime
2026-06-19,-1.7930234325445642,0.8308136415964936,1,subprime
2026-06-19,1.0455745911491812,0.10049778872658353,0,prime
2026-06-19,-0.5720280805355751,0.0,0,prime
2026-06-19,-0.07912678310379795,0.24078482069612941,0,subprime
2026-06-19,-1.4233686971929704,0.0,0,prime
2026-06-19,-1.18096998551784,0.32616139981575554,0,prime
2026-06-19,0.32023476637543674,0.5671650050984344,1,prime
2026-06-19,-0.6060207766943446,0.7055726500926758,1,prime
2026-06-19,1.6043902452251335,0.0,0,subprime
2026-06-19,-0.8977542516170162,0.36935202831342795,1,prime
2026-06-19,-0.0991773402023426,0.6257934434408572,1,prime
2026-06-19,-0.32348424415985927,0.842320165685554,1,subprime
2026-06-19,-0.13631052707018654,0.6381643198430653,1,prime
2026-06-19,-1.909229730846657,0.815214728701193,1,prime
2026-06-19,-1.3085495860347975,0.4135417319655791,0,prime
2026-06-19,1.3775810664417245,0.0,0,prime
2026-06-19,-0.056564063865552114,0.9459738450253207,1,prime
2026-06-19,1.0510007413565012,0.7139368599315855,1,subprime
2026-06-19,-0.6472314263439861,0.7411155573590933,1,prime
2026-06-19,-1.6910618400737678,0.29116132082132123,0,prime
2026-06-19,0.19106522137804954,0.9272189064578115,1,prime
2026-06-19,0.7611902660733435,0.035783219556442564,0,prime
2026-06-19,-0.2977502637470529,0.0,0,prime
2026-06-19,0.39294404769248586,0.0,0,subprime
2026-06-19,0.2561339858493038,0.02519317565362983,0,prime
2026-06-19,-1.0243597730982,0.12366935214622699,0,subprime
2026-06-19,0.7289271224854684,0.4878003954833255,0,prime
2026-06-19,-0.8506433238646477,0.6716585827834861,1,prime
2026-06-19,0.5480502206119833,0.6031801534186607,1,prime
2026-06-19,0.830382428849273,0.8642921694612595,1,subprime
2026-06-19,0.7831875314087225,0.5695214724294795,0,subprime
2026-06-19,0.7541945952289091,0.8029820386432485,1,prime
2026-06-19,0.3201636453736219,0.5819557105500741,0,subprime
2026-06-19,-0.80372025234815,0.5131593537228396,0,subprime
2026-06-19,-0.02999474865669181,0.26658138542148435,0,subprime
2026-06-19,-0.1340502754412568,0.6302527432873076,0,prime
2026-06-19,-0.4760960366475873,0.21351984007934377,0,prime
2026-06-19,-0.8536242725790387,0.0,0,prime
2026-06-19,-1.089995531653396,0.0,0,prime
2026-06-20,-0.5003643052613523,1.0,1,subprime
2026-06-20,2.341104388709249,0.6369312587831044,1,prime
2026-06-20,0.7347985599311835,0.323530861071824,0,subprime
2026-06-20,0.41935591588580895,0.09146790219399523,0,prime
2026-06-20,0.9965944769132548,1.0,1,prime
2026-06-20,-0.47476633263570994,0.09728331488718372,0,prime
2026-06-20,0.6049349028416415,0.022626508892245184,0,prime
2026-06-20,-0.8806349335969573,0.38664410178047637,1,prime
2026-06-20,-0.5281996058879157,0.0,0,prime
2026-06-20,0.2034636374995114,0.9949458411450777,1,subprime
2026-06-20,-0.5162477839214433,0.5494268818969136,1,prime
2026-06-20,-0.5020754908664723,0.026286769412227934,0,prime
2026-06-20,-0.5618379924079816,0.5479828461012943,1,prime
2026-06-20,-0.6532913560801582,0.9296015372449591,1,prime
2026-06-20,0.030814959009590553,0.8055050252970429,1,prime
2026-06-20,-1.025944391966794,0.732382796069602,1,subprime
2026-06-20,2.0062684935560915,0.8638128499891382,1,prime
2026-06-20,-0.18106326648701357,0.7752903069801514,0,subprime
2026-06-20,0.4685627131734033,0.0,0,prime
2026-06-20,0.397489624918914,1.0,1,prime
2026-06-20,1.0150088413095102,0.08588175922231542,0,prime
2026-06-20,-0.609058663733518,0.18900691557334942,0,subprime
2026-06-20,-0.9803881052929011,0.644219474679302,1,prime
2026-06-20,0.06154099267207215,0.0,0,prime
2026-06-20,0.02192358892745282,1.0,1,prime
2026-06-20,0.15208669921816687,0.0,0,prime
2026-06-20,0.6269102943593252,0.3470192785853867,0,prime
2026-06-20,-1.46074153920242,0.41052049213387276,0,prime
2026-06-20,-1.3023674267841856,0.1272715076543235,0,prime
2026-06-20,1.0971602329115937,0.8074909862671952,0,subprime
2026-06-20,-0.22649902110933054,0.0,0,prime
2026-06-20,-0.12702695987479715,0.6385359275659692,1,prime
2026-06-20,-0.15488167850378595,0.643966711689326,1,prime
2026-06-20,-0.059596925952785915,1.0,1,prime
2026-06-20,-1.7567752501250464,0.05045202278164476,0,prime
2026-06-20,0.9460713478024674,0.7012029251781668,0,prime
2026-06-20,-2.1871757583226845,0.22128015288672187,0,prime
2026-06-20,2.358426751098227,0.42982550074165043,0,prime
2026-06-20,0.45298331961575744,1.0,1,prime
2026-06-20,-0.6442692517036325,0.0,0,prime
2026-06-20,1.5205358911897602,1.0,1,prime
2026-06-20,-0.00783250452571646,0.7054021498606514,1,subprime
2026-06-20,0.9453187685443059,0.5960108160607389,1,prime
2026-06-20,-1.005739815568427,0.7960218987410795,0,prime
2026-06-20,-0.3764617793351041,0.0,0,subprime
2026-06-20,-1.6011562217402253,0.6499779566435571,0,subprime
2026-06-20,-0.7090545096868145,1.0,1,prime
2026-06-20,1.091391388180013,0.30506907742263717,0,prime
2026-06-20,0.14252218802520095,0.20704560322293555,0,prime
2026-06-20,-1.104193496093119,0.7748283908097551,1,prime
2026-06-20,-0.03337711577715301,0.4431500396873995,0,prime
2026-06-20,1.8295779537851076,0.3067743242618044,0,prime
2026-06-20,-0.2938489286667453,0.39318551788960554,1,prime
2026-06-20,-1.2478901347979234,0.0,0,prime
2026-06-20,-0.5985424534339355,0.7072527912828748,1,subprime
2026-06-20,0.5698314103719936,0.46625130624911443,1,prime
2026-06-20,2.100023440781378,1.0,1,prime
2026-06-20,0.4220408411318209,0.4191956775298271,1,prime
2026-06-20,1.8998175925954932,0.0,0,subprime
2026-06-20,1.7180623212494843,0.5623625661748866,1,prime
2026-06-20,-0.7183480751269171,0.0,0,subprime
2026-06-20,0.8231052961971826,1.0,1,subprime
2026-06-20,-0.9727852549295027,0.4831856240072289,1,prime
2026-06-20,-0.8821251486913708,0.19892551989279922,0,prime
2026-06-20,0.5341079315357705,1.0,1,prime
2026-06-20,-1.3540121380089267,0.1331548687640849,0,prime
2026-06-20,-0.8540735887643154,0.3981219018974567,1,prime
2026-06-20,0.6306383750391225,0.4800599048965294,0,prime
2026-06-20,0.9851697677150263,0.6938931584518271,1,prime
2026-06-20,-0.14686667629415845,0.0,0,prime
2026-06-20,-2.205485249736283,0.5807090232644099,1,prime
2026-06-20,1.8737808002262015,1.0,1,subprime
2026-06-20,-0.2998109925233222,0.18591804233785358,0,prime
2026-06-20,-0.44373420395381097,0.2953754201730789,0,prime
2026-06-20,-0.0029998481583763427,0.6724127440426428,0,subprime
2026-06-20,1.6092765324646385,0.0,0,prime
2026-06-20,1.5863682952837879,1.0,1,prime
2026-06-20,0.9760539130151145,0.9257933711762248,1,subprime
2026-06-20,-0.51304348310419,0.0,0,prime
2026-06-20,0.30947537066714054,0.5265400913488881,1,prime
2026-06-20,0.9849584962807768,0.0,0,prime
2026-06-20,-1.7559911376153028,0.21790532350351002,0,prime
2026-06-20,-0.017933040787365545,0.0,0,prime
2026-06-20,0.31293135561304913,1.0,1,subprime
2026-06-20,-0.4550013055628021,0.6286030063142647,1,prime
2026-06-20,0.31042017260923216,0.019814544823306274,0,subprime
2026-06-20,2.5571563521044465,1.0,1,prime
2026-06-20,0.42875112608942484,0.36884056455339864,0,prime
2026-06-20,-1.9392816554387504,0.5174671710993509,1,subprime
2026-06-20,0.6148847703789444,0.0,0,prime
2026-06-20,1.7874447111027851,0.9094015551209594,1,prime
2026-06-20,-0.759774492944187,0.2816022851709342,0,prime
2026-06-20,-1.0395720282439642,0.4515442063312608,0,prime
2026-06-20,-1.3191305849294221,0.8988989073364223,1,prime
2026-06-20,1.7417687853327548,0.5672732323117649,1,prime
2026-06-20,0.6053041985137477,0.8792015174247312,1,prime
2026-06-20,0.3196379480431838,1.0,1,prime
2026-06-20,-0.854611193871891,0.469068263427095,1,prime
2026-06-20,-0.4962872394964166,1.0,1,prime
2026-06-20,0.6352669588399273,0.1792216448600197,0,prime
2026-06-20,-0.23773682396446436,0.6530764234124511,1,prime
2026-06-20,1.0201850254591631,0.5056418492485892,1,prime
2026-06-20,-0.6791757615598115,0.8670972639318427,1,prime
2026-06-20,-0.6775184997875316,0.026205798546073467,0,prime
2026-06-20,-1.8068496610086395,0.04891765532020448,0,subprime
2026-06-20,-1.3373482800732515,0.4051721223941763,0,subprime
2026-06-20,0.17836369325711887,0.32922263487640935,1,prime
2026-06-20,1.463986098322996,0.18794219974166973,0,prime
2026-06-20,1.9353190827346654,0.05910697062721368,0,subprime
2026-06-20,0.3634891567711857,0.6696084900547427,0,prime
2026-06-20,3.008670717082065,1.0,1,subprime
2026-06-20,-0.819768984951085,0.0,0,subprime
2026-06-20,0.0031886864492887443,0.5570931787933824,1,subprime
2026-06-20,-1.6872904891919314,0.5689905865461856,0,subprime
2026-06-20,-0.6928285489333782,0.7075305148742165,1,prime
2026-06-20,-0.8712693794816458,0.4194949523897975,0,subprime
2026-06-20,-1.3606781846150964,0.450286008216559,1,prime
2026-06-20,0.4037952915516126,0.8931282078460204,1,subprime
2026-06-20,0.555471746045607,0.7539906629841663,1,prime
2026-06-20,-1.8062826417796072,0.7457657362287106,1,subprime
2026-06-20,-0.14595049615159342,0.057554852332949796,0,prime
2026-06-20,0.2595116381014422,1.0,1,prime
2026-06-20,1.3780886176501956,0.3256219823860383,0,prime
2026-06-20,-1.1208195746349598,0.28023272848843406,0,prime
2026-06-20,-0.5430954272063284,0.49619148447820005,0,prime
2026-06-20,0.20426074608615488,0.0,0,prime
2026-06-20,0.08205377702804857,0.4472782212621768,0,prime
2026-06-20,-0.9200220185034812,0.3674729997575377,0,prime
2026-06-20,1.7627294595738998,0.8190647765623827,1,prime
2026-06-20,-0.8587323987223788,0.8160836801236132,1,subprime
2026-06-20,-0.39283930698350644,0.6976020234178003,1,prime
2026-06-20,0.014684459494280589,0.0,0,prime
2026-06-20,0.030310945476534106,0.0,0,prime
2026-06-20,0.06329292367900725,0.4086761611474626,1,subprime
2026-06-20,1.6695425163387758,0.971131134663385,1,subprime
2026-06-20,-0.31178522559089544,0.03531494161489568,0,subprime
2026-06-20,1.1254455765745788,0.8819509488157398,1,prime
2026-06-20,-0.8670494316861831,0.7520670151893004,1,prime
2026-06-20,-1.1717010497263638,1.0,1,prime
2026-06-20,-0.49608340809896234,0.941503691060201,1,prime
2026-06-20,-0.006005990664007772,0.0,0,prime
2026-06-20,1.1553611059887066,0.8283180624501134,1,prime
2026-06-20,-0.7078224415644891,0.05321926736458016,1,prime
2026-06-20,0.06842384907625948,0.0,0,subprime
2026-06-20,-1.0230528405377655,1.0,1,prime
2026-06-20,0.6742130100737098,0.2952234981786152,0,prime
2026-06-20,-0.8451321471215051,0.8252158333785645,1,prime
2026-06-20,0.45698936611452456,0.795547337326955,1,prime
2026-06-20,0.30176517316381213,0.9712695275816873,1,prime
2026-06-20,-0.6212227720673653,0.026969302090884023,0,subprime
2026-06-20,-1.6134380052947384,0.6639523332160223,0,prime
2026-06-20,-0.48602392258965793,1.0,1,prime
2026-06-20,1.4264382764957686,0.49285307114424093,1,prime
2026-06-20,-1.5052090048227695,0.7735874873304778,1,prime
2026-06-20,1.625993145616762,0.8043013842667359,0,prime
2026-06-20,-0.39825584342270437,1.0,1,prime
2026-06-20,1.8505313250277295,1.0,1,prime
2026-06-20,0.03296466538036958,1.0,1,subprime
2026-06-20,0.7574975263981762,0.14224441716736247,0,subprime
2026-06-20,0.16359438942314142,0.8797824437955593,1,prime
2026-06-20,0.04994438386630236,0.0,0,prime
2026-06-20,-0.5178770698726808,0.26985083321346337,0,prime
2026-06-20,-0.1596194821904695,1.0,1,subprime
2026-06-20,0.8459078320658745,0.1410053957433572,0,prime
2026-06-20,-0.3064271109832595,0.23558422801524337,0,subprime
2026-06-20,-0.12493575824405986,0.8518314996438707,1,prime
2026-06-20,1.1966106078315724,0.036934900023517514,0,prime
2026-06-20,0.5359888096036253,0.7010923575987112,1,subprime
2026-06-20,-0.3859038793538455,0.6049533636765964,1,prime
2026-06-20,0.4534018273263371,0.2632202445464726,0,subprime
2026-06-20,0.5208080424305687,1.0,1,prime
2026-06-20,-0.23857064926767002,0.47414531452804576,0,prime
2026-06-20,-0.3640411711832887,0.17445452570740905,1,prime
2026-06-20,1.3557624868671123,0.5037148765687677,0,prime
2026-06-20,-1.2086405091706889,0.532363195749033,1,prime
2026-06-20,2.5769204061120607,0.0,0,prime
2026-06-20,-0.594058036005655,0.8096023208738202,1,prime
2026-06-20,0.24744897264672652,0.08190194847159701,0,prime
2026-06-20,0.023467839431700166,0.8547460111479136,1,prime
2026-06-20,-0.09396419007252697,1.0,1,subprime
2026-06-20,-0.22516545668040883,0.30720087190370243,0,prime
2026-06-20,-0.8697519853346067,0.0,0,prime
2026-06-20,0.5752272098246451,0.5289694064659034,1,subprime
2026-06-20,0.1794402201713444,0.3682842010562859,0,prime
2026-06-20,-0.1367928688038892,0.8576499009527258,1,subprime
2026-06-20,-1.0318403383168355,0.8399033384141635,1,subprime
2026-06-20,0.39119149341246034,0.7712641435178547,1,prime
2026-06-20,-0.8253012900888939,0.4293547486124183,0,subprime
2026-06-20,0.2570037480927964,0.4785120413802573,0,prime
2026-06-20,-0.415642171825338,0.0,0,subprime
2026-06-20,-0.8532346088641758,0.287182843550457,0,prime
2026-06-20,0.06604158080969325,0.5262272296282379,1,prime
2026-06-20,-0.13477308584368838,1.0,1,prime
2026-06-20,-0.5822648587786741,0.0,0,prime
2026-06-20,-1.001350339659109,0.4095203697005356,0,prime
2026-06-20,0.5372941373020389,0.04642068866111873,0,prime
2026-06-20,0.9837134217728097,0.0,0,prime
2026-06-20,-0.9948744499077047,1.0,1,prime
2026-06-20,-1.2775564165889481,0.2660397267508095,0,subprime
2026-06-20,1.3789555997850595,0.10631773692385016,1,prime
2026-06-20,0.19221482270067522,0.947460799537063,1,prime
2026-06-20,1.431255770506521,1.0,1,prime
2026-06-20,-1.6872604354776322,0.0,0,prime
2026-06-20,-0.5264068882324932,0.0,0,prime
2026-06-20,-0.04934097624416488,0.0,0,prime
2026-06-20,-1.2404208088083288,1.0,1,prime
2026-06-20,1.032013517519092,0.6586278048748263,1,prime
2026-06-20,0.5019266302634847,0.0,0,prime
2026-06-20,-1.1820125770395151,0.3510061342067344,1,prime
2026-06-20,-0.3402807183539273,0.8857017838457248,1,subprime
2026-06-20,1.0936928522825704,0.6268467733256886,0,subprime
2026-06-20,1.5899731858674013,0.6418921468527449,1,prime
2026-06-20,-1.3020968997510844,0.6166715173241519,0,subprime
2026-06-20,-0.6414084380068836,0.49871100053190204,0,prime
2026-06-20,-0.7317085024001972,0.568644016049036,1,prime
2026-06-20,0.7779036076027152,1.0,1,prime
2026-06-20,0.7320663223107027,0.7127611614998042,1,prime
2026-06-20,1.6471789977461528,0.2995630867803451,0,prime
2026-06-20,-0.4152280357353488,0.18353765989092408,0,prime
2026-06-20,-1.014625787929778,0.08240066219677614,0,prime
2026-06-20,-1.1003991469789511,0.8560749909637679,1,subprime
2026-06-20,0.5071034608698638,0.28958909165266244,0,prime
2026-06-20,-0.08658689966550097,0.22633003404801233,0,prime
2026-06-20,-0.3996846011212827,0.637569832854147,1,prime
2026-06-20,1.20319448263562,0.2126452685584009,0,prime
2026-06-20,-1.3463998660901375,0.0,0,prime
2026-06-20,-0.7898786030715824,0.3246233620784094,0,prime
2026-06-20,-0.7981952186851291,0.06463565487076225,0,prime
2026-06-20,0.41561235980264016,0.32853140092402144,1,prime
2026-06-20,0.2944120096130227,0.5629984957621844,1,subprime
2026-06-20,-0.27081715479449325,0.45115672980545535,0,prime
2026-06-20,-0.5325019975321695,0.6645596814559138,1,prime
2026-06-20,2.907973840468272,0.0,0,prime
2026-06-20,-0.41795346808132433,0.1276436754135632,0,prime
2026-06-20,-1.0061157055849292,0.8853196997537193,1,subprime
2026-06-20,-0.563989589196431,0.15548399684071004,0,subprime
2026-06-20,1.2568693213878444,0.2901926873733565,1,subprime
2026-06-20,0.09995088427125352,0.8005993602943746,1,subprime
2026-06-20,0.2225694384015545,0.5244708116880814,1,prime
2026-06-20,1.3341532911819443,0.058275051736262934,0,prime
2026-06-20,1.9278152389887642,0.9725667082857969,1,prime
2026-06-20,-0.7064832837864244,1.0,1,prime
2026-06-20,0.41750970455805225,0.21315350138483477,0,subprime
2026-06-20,-0.7428029879839769,0.9543959798172814,1,prime
2026-06-20,0.4725474637128361,0.6017186776199769,1,prime
2026-06-20,-2.0825316524963915,0.7389774380255707,1,prime
2026-06-20,0.27203159906765345,0.0226019715805294,0,prime
2026-06-20,1.1690817552642667,1.0,1,prime
2026-06-20,2.049707757539499,0.44831001507072826,1,prime
2026-06-20,-0.30852695050959766,0.36293663535646536,0,prime
2026-06-20,0.6112618695307366,0.11062965461508875,0,prime
2026-06-20,-1.0408362753501648,1.0,1,subprime
2026-06-20,-0.08358451998934795,0.1510476310141004,0,prime
2026-06-20,0.11158906921725478,0.837519572795658,0,prime
2026-06-20,1.2523910170522525,0.4732703553914886,1,prime
2026-06-20,-0.5277960605898215,0.6986295989132807,1,prime
2026-06-20,1.0354484201301835,0.3298161005708055,1,prime
2026-06-20,-0.7861696221309992,0.9549409758794,1,prime
2026-06-20,1.0106381071115649,0.7218908576459125,1,prime
2026-06-20,1.1366522763959557,1.0,1,prime
2026-06-20,-0.18842889595108647,0.7650819601557141,1,prime
2026-06-20,1.1809542777829125,0.5952981028884956,0,prime
2026-06-20,0.9273169174880908,0.1554027974632875,0,prime
2026-06-20,0.11246128724193072,0.2586672731725044,0,prime
2026-06-20,-0.8819313389931642,0.0,0,subprime
2026-06-20,-1.5616061583384855,0.9088865367686964,1,prime
2026-06-20,-1.2142393304318997,0.8929760546905304,1,prime
2026-06-20,-0.2933085826324642,0.0,0,prime
2026-06-20,0.1807442399395372,0.63084167958815,1,subprime
2026-06-20,-1.0249030143736,1.0,1,subprime
2026-06-20,-1.188392633541942,0.8353233968883248,1,prime
2026-06-20,0.11486938574426858,0.5928811966919372,1,prime
2026-06-20,0.06760901576096306,0.2977888798064156,0,prime
2026-06-20,1.2034374916955706,1.0,1,prime
2026-06-20,0.014493105672932095,0.9511755619965004,1,subprime
2026-06-20,-0.22853553909505028,0.7731566051315207,1,subprime
2026-06-20,-0.1605217948792372,0.2269099319028164,0,prime
2026-06-20,-0.4145520562320005,0.42365333667052874,0,subprime
2026-06-20,0.12082558261075084,0.40189154713883485,0,prime
2026-06-20,0.7308446032231783,1.0,1,prime
2026-06-20,-1.409618033282369,0.0,1,prime
2026-06-20,0.913110869776601,0.7064658838580552,1,subprime
2026-06-20,-0.42706500066835207,0.978391257296304,1,prime
2026-06-20,-0.5225755566604297,0.6827956855123718,1,prime
2026-06-20,-0.09193388101894577,0.1529552365010357,1,prime
2026-06-20,-0.4527131843986486,0.13138354925564022,0,prime
2026-06-20,1.0051794364916165,0.8063722458898048,1,prime
2026-06-20,-0.5966791165892081,0.22183683068780669,0,prime
2026-06-20,0.39099795980485574,1.0,1,subprime
2026-06-20,-1.8758300589063996,0.7502474177539308,1,subprime
2026-06-20,0.39777494433888755,0.5770758055593348,1,subprime
2026-06-20,0.4139390516481523,0.470373361806417,0,subprime
2026-06-20,-3.0752790285565776,0.009649714861459963,0,prime
2026-06-20,-1.4485108264206592,1.0,1,prime
2026-06-20,0.9419692196013852,0.8802377475746856,1,subprime
2026-06-20,-0.6520880817959129,0.45383261344248493,1,prime
2026-06-20,0.15230002340240387,0.7076479013732022,0,prime
2026-06-20,0.4369308574594555,0.0,0,prime
2026-06-20,-0.04042526787656954,0.4870737319913099,0,subprime
2026-06-20,1.0886047686104292,0.0,0,prime
2026-06-20,0.6695258027456075,0.0,0,prime
2026-06-20,1.0672509793800917,0.8168580791072803,1,prime
2026-06-20,-0.3891341952970458,0.5094481143029854,0,prime
2026-06-20,-1.9343210710302485,0.734105541847816,1,prime
2026-06-20,-0.04611981015396563,0.09032521699931279,0,prime
2026-06-20,1.1696575989424551,0.3271815061640529,1,prime
2026-06-20,-1.0685150659311133,1.0,1,prime
2026-06-20,0.24723431342140312,0.04575264850911073,0,prime
2026-06-20,1.7286511205172643,0.20345555040229762,0,prime
2026-06-20,1.0789874764763252,0.0,0,subprime
2026-06-20,0.10923949566583602,0.2751040679203614,0,prime
2026-06-20,0.15451894273187522,0.0,0,prime
2026-06-20,1.6530453804203458,1.0,1,prime
2026-06-20,0.039034296309965834,0.9121554028295846,1,prime
2026-06-20,0.5277656648511831,0.5713576271031565,1,prime
2026-06-20,-1.4197157706792345,0.3161847419036949,0,subprime
2026-06-20,0.6825970632041032,0.06379581798016232,1,subprime
2026-06-20,0.8810405201289118,0.0,0,prime
2026-06-20,-0.5661367567853917,1.0,1,subprime
2026-06-20,-1.3878797792757391,0.027504829090035876,0,prime
2026-06-20,-2.3092895495159347,0.20761212271443436,0,prime
2026-06-20,0.7345243203044095,0.4417464284960947,0,subprime
2026-06-20,-0.31791453448744783,1.0,1,prime
2026-06-20,-0.7855381909535064,0.6131543105998146,1,subprime
2026-06-20,2.7164554096846456,0.47518575359935206,1,prime
2026-06-20,0.7912625053212914,0.036149182332191776,0,prime
2026-06-20,-0.8863637619894082,1.0,1,prime
2026-06-20,1.3083345070328762,0.8943378858061114,1,prime
2026-06-20,2.777798549528697,0.9596014132856364,1,prime
2026-06-20,-0.570330015631427,0.9366219049122864,1,prime
2026-06-20,-0.9834044655143349,0.8224270892090596,1,prime
2026-06-20,0.41426673762086974,0.6180906689922723,1,prime
2026-06-20,0.2820089267872137,0.7354011664279668,1,prime
2026-06-20,0.9920445458271436,0.4889763738022547,1,prime
2026-06-20,-2.0665671801217442,0.4399886238085441,0,subprime
2026-06-20,-1.1978121052272945,0.2358849464834576,1,prime
2026-06-20,-0.435445541420945,0.6302312681738579,1,subprime
2026-06-20,0.886205156818635,0.5090937538770088,1,prime
2026-06-20,-2.8203553961927965,0.36187521411815765,0,prime
2026-06-20,-1.2569182439340663,0.2454255486742868,0,prime
2026-06-20,0.889326614839882,0.4595113464104114,1,prime
2026-06-20,1.1840102115358881,0.017324705284031544,0,prime
2026-06-20,1.0511012302489982,0.0,0,prime
2026-06-20,0.4415292218873368,0.5376263800617853,0,subprime
2026-06-20,0.09326002231700871,0.19355144017280307,0,prime
2026-06-20,0.6301031382985254,0.3507249764411804,0,prime
2026-06-20,-0.6240143766940037,0.3927606161818188,1,prime
2026-06-20,-0.4237028009525181,0.7816283409073737,1,subprime
2026-06-20,2.0676008093575824,0.39541627364870785,1,subprime
2026-06-20,0.8041542445206631,0.35249633351428444,0,prime
2026-06-20,-0.7038473602485118,1.0,0,prime
2026-06-20,0.43036246742760265,0.9238085954882918,1,prime
2026-06-20,-0.17900590269618874,0.6409351143753707,1,prime
2026-06-20,0.5866692045488299,0.04679100616408127,0,prime
2026-06-20,-0.10808961973444325,0.24465355730285432,0,prime
2026-06-20,1.0265393931794466,0.2733929931879377,0,subprime
2026-06-20,0.25352468125610356,0.3164123021683195,1,prime
2026-06-20,-1.0707865375896697,0.8045231980173886,1,prime
2026-06-20,-0.5113498572365389,0.0,0,subprime
2026-06-20,-0.11565510345556182,0.3234728231811129,0,prime
2026-06-20,0.14305888187909804,0.52493185788111,0,prime
2026-06-20,0.3688722242565894,0.6354329310813991,1,subprime
2026-06-20,-0.33869759385741083,0.771397975424284,1,prime
2026-06-20,0.5686194467278527,0.1335185948994726,0,prime
2026-06-20,-0.15665265764831274,0.016438774790325794,0,prime
2026-06-20,1.3847080434135464,0.383568747539171,1,prime
2026-06-20,0.3779467073694103,0.41595690181129613,0,subprime
2026-06-20,-0.5428465162252935,0.7570763321522848,1,prime
2026-06-20,0.7649462970789942,0.2018457414116951,0,prime
2026-06-20,-0.35824205710450374,1.0,1,prime
2026-06-20,0.13299586837133637,0.5414963188140003,1,subprime
2026-06-20,-0.21597204567121142,0.0026913224747805164,0,prime
2026-06-20,0.517062945133884,0.33780686791562275,0,prime
2026-06-20,-1.8730116155331933,1.0,1,subprime
2026-06-20,0.23236313008184742,0.0,0,prime
2026-06-20,-1.6629481031736633,0.018488222093083845,0,prime
2026-06-20,1.267611017594636,0.41253907951228486,0,prime
2026-06-20,1.3326258266430608,0.0,0,prime
2026-06-20,0.6658639343389142,0.4354330053324133,0,prime
2026-06-20,-0.09702710159681341,0.0,0,prime
2026-06-20,0.07886220092146339,0.0,0,prime
2026-06-20,0.5931267237336716,0.0,0,prime
2026-06-20,0.36988322257203454,0.0,0,prime
2026-06-20,-0.5014580332811847,0.47153093040264143,1,prime
2026-06-20,-1.709203269078017,0.22690288963240293,0,prime
2026-06-20,-0.2703097653184029,0.3213730508862135,0,prime
2026-06-20,-2.705443350964811,0.6897297828117985,0,prime
2026-06-20,-0.8595029949184485,0.5902190586432413,0,subprime
2026-06-20,1.5779099557655438,0.7502998363278711,1,prime
2026-06-20,0.45166697269201533,0.6455298580572395,0,prime
2026-06-20,1.4973619035254444,0.7867073455900991,1,prime
2026-06-20,-0.9613793733048599,0.6851268014088677,0,subprime
2026-06-20,-0.9236577068679901,0.20546600537334073,0,prime
2026-06-20,1.46945695962322,0.9232628704015056,1,prime
2026-06-20,-0.16614534784730187,0.7091484902213543,0,prime
2026-06-20,-0.6458960983864344,0.0,0,prime
2026-06-20,-0.770569838217659,0.17520036053800483,0,prime
2026-06-20,1.000863399277853,1.0,1,prime
2026-06-20,0.47822234070369646,0.15985227524774892,1,prime
2026-06-20,0.6935788568541569,0.5803830283839257,1,prime
2026-06-21,0.4950917034673592,0.0,0,prime
2026-06-21,1.7632101352248328,0.09239820846425073,0,prime
2026-06-21,-1.301559418625723,0.0,0,subprime
2026-06-21,-0.48471441732985066,1.0,1,subprime
2026-06-21,1.0985884889425739,0.7944858963880961,1,subprime
2026-06-21,-1.059115283838772,0.0,0,subprime
2026-06-21,0.14572657393334051,0.7136471117552086,0,prime
2026-06-21,0.728998203861677,0.0,1,prime
2026-06-21,0.9905561568018798,1.0,1,prime
2026-06-21,0.7528027335453342,0.48158617933071474,1,prime
2026-06-21,0.16372931801439874,0.9589398354518975,0,subprime
2026-06-21,-0.19646954131214106,1.0,1,prime
2026-06-21,-0.32507382750447805,0.7171866942943809,1,subprime
2026-06-21,-1.2193092949910211,0.6968822959319476,1,subprime
2026-06-21,0.18313048929896486,0.0,0,prime
2026-06-21,-1.4857075107531057,0.0,0,prime
2026-06-21,-2.103999426666485,0.7372192715858928,1,subprime
2026-06-21,-0.7079163136274456,0.0,0,prime
2026-06-21,-0.20050644682908497,0.35079523082260755,0,prime
2026-06-21,-0.8578928291813714,0.0,0,subprime
2026-06-21,-0.5598000507819924,0.4214992472917996,1,prime
2026-06-21,1.155249333657543,0.1248147518168252,0,prime
2026-06-21,-0.6264245002260225,0.778123595658793,1,prime
2026-06-21,1.0171909417825784,0.24772936228873077,0,subprime
2026-06-21,-1.486618890097863,0.9031314503353728,1,prime
2026-06-21,-0.5785178264162,0.29006309339769754,0,prime
2026-06-21,-0.23660396646021303,0.8071948434659697,1,prime
2026-06-21,-0.26095174639250535,0.686515339818741,1,prime
2026-06-21,1.5152668538500227,0.9647496368287536,1,subprime
2026-06-21,-0.377470829472006,0.8804574901937922,1,prime
2026-06-21,-1.0140634243909987,1.0,1,subprime
2026-06-21,-0.2943614195135771,0.08355664374431584,0,prime
2026-06-21,-0.14516744185996527,1.0,1,subprime
2026-06-21,-1.0425287746514083,1.0,1,prime
2026-06-21,1.3461825444004172,0.8375735883048181,1,prime
2026-06-21,-1.061567618832402,0.34117042363988664,1,prime
2026-06-21,-0.41633597338586514,0.8759653589288469,1,prime
2026-06-21,1.0365397324438284,0.2224268903230049,0,prime
2026-06-21,0.7362651253823874,1.0,1,subprime
2026-06-21,0.5218198197907121,0.34963343144888237,0,prime
2026-06-21,0.7672315558267597,0.27914654055811783,0,subprime
2026-06-21,0.6233310271004892,1.0,1,subprime
2026-06-21,-1.3238400537432486,0.10560702720663413,0,prime
2026-06-21,-1.0016961140248142,0.2441069593130694,0,prime
2026-06-21,-0.37761134994248946,0.0,0,subprime
2026-06-21,-0.49790560858814886,0.4721045317692385,1,subprime
2026-06-21,-0.48601257998781167,0.9482748705492394,1,prime
2026-06-21,1.5012253939344664,0.8796412340102622,1,prime
2026-06-21,1.2784402344653614,0.6592792063867317,1,subprime
2026-06-21,-1.355674785802699,0.7512441074561111,1,prime
2026-06-21,-0.45836864781335307,1.0,1,subprime
2026-06-21,0.6495993223686545,0.7162159647539382,1,subprime
2026-06-21,0.21347991363525534,0.8526991483693,0,subprime
2026-06-21,0.5030608336568604,0.37780031011853854,0,subprime
2026-06-21,1.5550513575932203,0.0,0,subprime
2026-06-21,0.055603972691688035,1.0,1,prime
2026-06-21,-0.5232012119288969,0.8938196283026406,1,prime
2026-06-21,-0.0182336513993415,0.0,0,prime
2026-06-21,-0.3339923416659505,0.6477307469316517,1,prime
2026-06-21,-0.9490936877064109,0.4699504276418444,0,prime
2026-06-21,-0.135573723532608,0.0,0,prime
2026-06-21,-0.12729948100110827,0.668162329637992,1,prime
2026-06-21,-0.7526886310198331,0.22574892464829807,0,prime
2026-06-21,0.27906624319335593,0.0,0,prime
2026-06-21,-0.0497207841003936,0.474998400874596,0,prime
2026-06-21,1.2860439872783338,0.8004926599222407,1,prime
2026-06-21,-0.09518507462023419,0.0,0,prime
2026-06-21,0.586068555441256,0.0,0,prime
2026-06-21,-0.3645160960644739,0.42489957916464416,0,prime
2026-06-21,-0.2542381085184222,1.0,1,prime
2026-06-21,1.1326349953965513,0.31350611008965934,0,prime
2026-06-21,-0.11588452778981735,0.9005143290173536,1,prime
2026-06-21,1.26365588950078,0.3277070766975951,1,prime
2026-06-21,-1.296798489207523,0.8600112576897718,1,prime
2026-06-21,0.4143367440062607,0.6046214472402879,1,subprime
2026-06-21,-0.2776303579565291,0.7208644675173724,1,prime
2026-06-21,2.3211445742080614,1.0,1,prime
2026-06-21,1.0478383034448457,0.6466307115044206,1,subprime
2026-06-21,1.0856727580240355,0.7463491129594958,1,prime
2026-06-21,1.3764705484154391,0.8414122164038133,1,prime
2026-06-21,1.2277257698970214,0.9429753341884654,1,prime
2026-06-21,-2.397881496501962,0.6024126026461107,1,prime
2026-06-21,0.30730732538090294,0.0,0,prime
2026-06-21,-0.13400970468438822,0.3694961656955225,0,prime
2026-06-21,0.1112313231945361,0.6590391513607283,1,prime
2026-06-21,-0.9328468058622966,0.5938345165077725,1,prime
2026-06-21,-0.30938071855330723,0.6520652302652745,1,prime
2026-06-21,0.2626621751911548,0.3520224234812684,0,prime
2026-06-21,0.1712758991879267,0.5009163147121615,0,prime
2026-06-21,-0.29636585264290133,0.8563594805400732,1,prime
2026-06-21,0.05918396011383259,0.5318138210515684,1,prime
2026-06-21,0.1943134134415601,0.39882357093050497,1,prime
2026-06-21,-0.6259490091029413,0.9596572686338162,1,prime
2026-06-21,-2.0381762938744967,1.0,1,prime
2026-06-21,0.24854376456019156,0.0,0,prime
2026-06-21,-0.17845220461462596,1.0,1,prime
2026-06-21,0.11573646368122395,0.07054240977213277,0,subprime
2026-06-21,0.19125041888622468,0.543435551427778,1,prime
2026-06-21,0.7529173053942602,0.0819372296673116,0,prime
2026-06-21,0.5211139772158943,0.6563305231803149,1,subprime
2026-06-21,1.5917626699682403,0.0,0,prime
2026-06-21,-0.6914554882907955,0.0,0,prime
2026-06-21,-0.826748747809849,0.6026593818222058,1,prime
2026-06-21,0.3519460260283647,0.208199525914858,0,subprime
2026-06-21,-0.19637181559184985,1.0,1,prime
2026-06-21,-0.4031236800307812,0.3363870811300545,1,subprime
2026-06-21,-0.19368433548406866,0.7991137039743145,1,prime
2026-06-21,0.1503091016078108,1.0,1,prime
2026-06-21,-0.08377627557843291,0.10301621789299963,0,subprime
2026-06-21,-0.748938549870984,0.0,0,subprime
2026-06-21,-0.016300251416761252,0.3228604869102907,0,prime
2026-06-21,-0.04123342911318271,0.48340007498543847,0,prime
2026-06-21,0.08103335187575554,0.7665522769801373,1,prime
2026-06-21,0.1698587146331698,0.8299913552721259,1,prime
2026-06-21,1.3804528179449733,0.0,0,subprime
2026-06-21,-1.0843454789225884,0.28126055458943433,0,subprime
2026-06-21,-0.16922170733580255,0.6062799133790635,0,prime
2026-06-21,2.090062511912625,0.007608119691286802,0,subprime
2026-06-21,-1.0117007993485283,0.6664449938732786,1,prime
2026-06-21,0.5877225513044572,0.2578654674991276,0,subprime
2026-06-21,1.2686163340482841,0.698283760766115,0,prime
2026-06-21,0.31310991715476477,0.0,0,prime
2026-06-21,0.5749554385518288,0.5893064478714358,1,prime
2026-06-21,0.3833647986666649,0.5590417078533936,1,prime
2026-06-21,0.9126133037605094,0.37895259108544654,1,subprime
2026-06-21,-0.5491971094287532,0.39044428090695027,0,prime
2026-06-21,0.387214320781318,0.33424804177641143,0,prime
2026-06-21,1.144429453653532,0.3100629434149404,0,prime
2026-06-21,0.27508866091143624,0.0,0,prime
2026-06-21,0.8377768220393377,0.0,0,subprime
2026-06-21,-0.22390008168407105,0.61560731490248,0,prime
2026-06-21,0.1083760123536027,0.1331072807629178,0,prime
2026-06-21,-0.8039516917713986,1.0,1,prime
2026-06-21,-1.3834371246550505,1.0,1,prime
2026-06-21,1.371406398577438,0.3452264346119031,0,prime
2026-06-21,1.1243947003027068,0.46257487485662485,1,prime
2026-06-21,0.7836514969163559,1.0,1,subprime
2026-06-21,0.8085191104485141,0.4290109081854567,1,prime
2026-06-21,-0.7493211524505384,0.34796000470721483,1,prime
2026-06-21,-1.3079254294857672,0.0,0,prime
2026-06-21,0.7217997563540889,0.9870002202626773,1,subprime
2026-06-21,0.4257138879417494,0.15562444889837496,0,subprime
2026-06-21,-0.2601568995442391,1.0,1,prime
2026-06-21,-0.6069436522977473,1.0,1,prime
2026-06-21,0.2677612904059902,0.4369359757889632,0,prime
2026-06-21,1.3335801022311724,0.38774056791817446,0,subprime
2026-06-21,0.8561134650508524,0.8247671817467155,1,prime
2026-06-21,-0.848131267169548,0.16104789810371198,0,prime
2026-06-21,-0.14496528675041445,0.2952876437211891,1,prime
2026-06-21,-0.87414620156824,0.6510831503856798,0,subprime
2026-06-21,-1.250627735630066,0.5069349358313734,1,subprime
2026-06-21,-2.042275343221307,0.6004573695392927,1,subprime
2026-06-21,0.5445890274896583,0.2869019835755764,1,subprime
2026-06-21,0.6113952489734915,0.5045584661629625,0,prime
2026-06-21,-0.5830405039788046,0.4709510193875305,0,subprime
2026-06-21,-1.3211446377254787,0.0071695933527475275,0,prime
2026-06-21,0.40339851617770045,0.1000556189548199,0,prime
2026-06-21,-2.1231625248899393,0.11227295890550297,0,prime
2026-06-21,-1.2156431115444717,0.5792012113985834,0,subprime
2026-06-21,0.6469604702415968,0.9145367046463473,1,prime
2026-06-21,0.4406657296007247,0.8660911184336373,1,prime
2026-06-21,-1.4073326904574557,0.3083115034680708,0,prime
2026-06-21,-0.3707848894866684,0.42704593798443047,0,prime
2026-06-21,-0.2524365376406386,0.3607190277542183,1,subprime
2026-06-21,-0.6489468324306518,0.2888860667735973,0,prime
2026-06-21,0.11048864723585368,0.49279899111391495,1,prime
2026-06-21,0.6805051979087722,0.03274702406863392,0,prime
2026-06-21,-1.005617254907916,0.7912081741134805,1,subprime
2026-06-21,0.5921317464521457,0.6817465214415769,1,subprime
2026-06-21,0.41407750533251403,0.0,0,prime
2026-06-21,-0.9275030912416466,0.10392030172446685,0,subprime
2026-06-21,-0.09213570234999499,0.7826053973769934,1,prime
2026-06-21,-0.00763023172661287,0.17158753660747617,0,prime
2026-06-21,-0.35203590520651007,0.9002073422535737,1,prime
2026-06-21,1.0017572749049346,0.5065339995309471,1,prime
2026-06-21,1.3044685803346339,0.969569636879917,1,subprime
2026-06-21,-0.042557517539207536,0.20345186356035969,0,subprime
2026-06-21,0.7267676790932781,0.36707569187829625,0,prime
2026-06-21,0.6573796973821914,0.0,0,subprime
2026-06-21,0.11747350505188821,0.1812775466112294,1,prime
2026-06-21,-0.030374505037678724,0.6883828752321511,0,prime
2026-06-21,0.6409576039618109,0.3115914279614448,0,subprime
2026-06-21,-0.32488817242252616,0.0,0,prime
2026-06-21,-0.34591185832186355,0.3139996425101495,0,prime
2026-06-21,-0.1975899427011706,0.4195041968025181,1,subprime
2026-06-21,0.9438182743402307,1.0,1,subprime
2026-06-21,-0.04841905676648903,0.023292577914823864,1,prime
2026-06-21,-1.1293104610908204,0.0903661638047884,0,subprime
2026-06-21,0.053648237700724244,0.7127423403128961,1,prime
2026-06-21,-0.5789119355466916,1.0,0,prime
2026-06-21,2.1150732492132294,0.6444933069969735,1,prime
2026-06-21,0.6462120616497273,0.7656537857178806,0,subprime
2026-06-21,0.011432248139521619,0.38841002834617233,0,subprime
2026-06-21,-0.5507276626524523,0.3988491000346669,1,prime
2026-06-21,0.6834370798451803,0.25292820788807835,0,prime
2026-06-21,1.96012146440362,0.5200142639719304,1,prime
2026-06-21,1.3331959963165851,0.18375288518232546,0,prime
2026-06-21,-0.878593479790484,0.47248370773106674,0,prime
2026-06-21,0.3706228644866565,1.0,1,prime
2026-06-21,-0.2668205542761048,0.8394944925454793,1,subprime
2026-06-21,-1.0533455284104167,0.0,0,prime
2026-06-21,-0.7871741596487526,0.0,0,prime
2026-06-21,0.06283090225863634,0.0,0,prime
2026-06-21,-0.8786503509766966,0.0036582537183646735,0,prime
2026-06-21,-0.9816174044606496,0.2579091730255857,0,prime
2026-06-21,-1.3038161627247462,0.0,0,prime
2026-06-21,-0.4042229182380975,0.3248635113787768,0,subprime
2026-06-21,-0.5293977652701402,0.9199711143580461,1,prime
2026-06-21,-1.0091242145518111,0.0,1,prime
2026-06-21,1.0883837932643983,0.09126795564301102,0,prime
2026-06-21,-1.0645781017827107,0.2880328986296251,0,prime
2026-06-21,0.34445203776159833,0.43869330124730843,1,prime
2026-06-21,-1.1643965925688673,0.0,0,subprime
2026-06-21,-0.3093958838730146,0.09361582302627725,0,subprime
2026-06-21,-0.2928511482783104,0.4864954163358818,0,subprime
2026-06-21,-0.8990274027617188,0.6358833881209427,1,prime
2026-06-21,0.20047842279874703,0.9238729539091021,1,prime
2026-06-21,-1.2721359190768982,1.0,0,prime
2026-06-21,-0.050147832145797794,1.0,1,prime
2026-06-21,1.556057710697878,0.7509973399688856,1,subprime
2026-06-21,0.7498062374298317,0.9149024343687384,1,prime
2026-06-21,0.5606199318249935,0.808809422397211,1,subprime
2026-06-21,0.9454421672665384,0.7685009527291713,1,prime
2026-06-21,-2.084837827903696,1.0,1,prime
2026-06-21,-1.7131830451499628,0.0,0,prime
2026-06-21,0.9574840915450242,0.6200177894879637,1,prime
2026-06-21,-0.7520173928691319,0.46898038487171795,1,subprime
2026-06-21,-1.5732638286877705,0.0,0,prime
2026-06-21,-1.0355595349009983,0.8826238940260968,1,prime
2026-06-21,-0.09048590945983978,0.6560911289502973,1,prime
2026-06-21,0.1264703174600551,0.14227211852190894,0,prime
2026-06-21,1.1599993653496319,0.0,0,prime
2026-06-21,-0.11127251652791699,0.0,0,prime
2026-06-21,-0.4672641209365903,0.6075029090353018,1,prime
2026-06-21,1.4012865800269183,0.3555125673293015,0,subprime
2026-06-21,1.5826787045970192,0.6059202842893141,1,prime
2026-06-21,-0.023995734423326122,0.0,1,subprime
2026-06-21,1.448447545294579,0.4521706723122273,0,subprime
2026-06-21,-0.6488997019032394,0.5834322135973836,1,prime
2026-06-21,0.7138722628794302,0.02370248854257226,0,prime
2026-06-21,-0.6421262699930386,0.8718168632325289,1,prime
2026-06-21,0.22598231604698257,0.9130435199951055,1,prime
2026-06-21,0.050481208901557516,0.4860365172118999,1,prime
2026-06-21,0.1727194541169968,0.6879709042664888,1,prime
2026-06-21,1.5611376479438819,0.5198597875549424,1,subprime
2026-06-21,0.43236872711582736,1.0,1,subprime
2026-06-21,-1.2428131196494385,0.16846030142831686,0,prime
2026-06-21,0.11382661070433364,0.19783591279612336,0,prime
2026-06-21,-0.7634159338411557,0.0,0,prime
2026-06-21,-1.3694705539680223,0.09149962201856732,0,subprime
2026-06-21,-0.3015599194322483,0.12996367776581905,0,prime
2026-06-21,0.15154931860547602,0.41952823439226905,0,prime
2026-06-21,1.4405410352243049,0.14344284046500982,0,subprime
2026-06-21,0.6884735479501385,0.5393610257386261,0,prime
2026-06-21,-0.015285792545748826,0.6935229744356095,1,prime
2026-06-21,-0.1100797045879072,1.0,1,prime
2026-06-21,1.2488699613245524,0.2362475465122036,1,prime
2026-06-21,-1.0531829189525812,0.40264919315548975,0,prime
2026-06-21,0.3602488468283031,0.07829520912701304,1,subprime
2026-06-21,0.11632951482042896,0.38755963000662286,0,prime
2026-06-21,-0.1467658076440451,0.3007706317947601,1,prime
2026-06-21,-0.4260057102800635,0.8433065001459098,1,prime
2026-06-21,1.0817513674993462,0.892874299150915,1,subprime
2026-06-21,0.7032173604358619,0.46288658095542523,0,prime
2026-06-21,-0.412404233199483,1.0,1,subprime
2026-06-21,-0.9781287370746883,0.8170186534864118,1,subprime
2026-06-21,-0.5794493510715497,0.39967996747654894,1,subprime
2026-06-21,-0.8789838412068374,0.29678863027797253,1,subprime
2026-06-21,0.018527734764676895,0.0,0,prime
2026-06-21,-0.8641311373863351,0.0,0,subprime
2026-06-21,1.2110265316156945,1.0,1,subprime
2026-06-21,1.6201778362652774,0.04174757342559696,0,prime
2026-06-21,-0.6197799680708899,0.5357298588988115,0,subprime
2026-06-21,0.713775057660154,0.7218946497005365,1,prime
2026-06-21,0.14028716538077043,1.0,1,subprime
2026-06-21,1.2087818528198622,0.6399009933563973,1,subprime
2026-06-21,0.08931092125136246,0.674884300980464,0,prime
2026-06-21,0.7449750483134236,0.6328768330295043,1,subprime
2026-06-21,1.302081676268987,0.8721817268960503,1,prime
2026-06-21,-1.8656048036608797,1.0,1,prime
2026-06-21,0.16680794166624605,0.4488858088721768,0,prime
2026-06-21,-0.5769832315963396,0.32071339374211827,0,prime
2026-06-21,-1.2533494809885737,0.6264463496395042,1,prime
2026-06-21,-1.5648327482613271,1.0,1,prime
2026-06-21,-0.5750979639153436,1.0,1,prime
2026-06-21,0.622722468080328,0.8071558517991102,1,prime
2026-06-21,0.7554452405621535,0.2872665699301251,0,subprime
2026-06-21,-1.4319596686041451,1.0,1,subprime
2026-06-21,-0.6625829013885395,0.6510187337857513,1,prime
2026-06-21,1.7647351320560218,0.5062249124833542,1,subprime
2026-06-21,-1.1116980439649726,0.5320899407279026,1,subprime
2026-06-21,0.8151552551761673,0.10282249266054568,0,prime
2026-06-21,-1.0278255505105336,0.18781190837454786,0,prime
2026-06-21,-0.22175368740921103,0.7700791459366002,1,subprime
2026-06-21,0.5789898030246325,0.3348051326959108,0,prime
2026-06-21,-0.9155975085227162,0.7383444632784675,1,prime
2026-06-21,0.9227739232089134,0.9572666050102079,1,prime
2026-06-21,-0.4547479851604087,0.8177522575998556,1,subprime
2026-06-21,1.578406362254303,0.0,0,prime
2026-06-21,0.7733806026168552,1.0,1,subprime
2026-06-21,-0.03834990159212742,0.0,0,prime
2026-06-21,-0.2021177537341457,0.8788513073394915,1,subprime
2026-06-21,-0.17357676909168393,0.20465054056400916,0,prime
2026-06-21,0.21092533351863738,0.3912585259941779,1,prime
2026-06-21,0.669555783588214,0.7801241584966573,1,subprime
2026-06-21,1.8898782260440659,0.8264629183330955,1,prime
2026-06-21,2.554982908046962,0.5481246685031919,0,subprime
2026-06-21,1.2207333289714162,0.709435959007295,1,prime
2026-06-21,-0.19392145548985593,0.14502554488998287,1,prime
2026-06-21,-0.9929015634304215,0.21611178220318783,0,prime
2026-06-21,-1.8352546316724412,0.0740038859110134,0,prime
2026-06-21,1.3850003545090248,0.8955141698558461,1,prime
2026-06-21,-1.6051328837662198,0.895629618793673,1,subprime
2026-06-21,0.21265394005178365,0.22462633533749382,0,prime
2026-06-21,1.3074588085072845,1.0,1,subprime
2026-06-21,-0.07127797440967268,0.04305274257416364,0,subprime
2026-06-21,-1.1437244624127751,0.4909109335128812,0,subprime
2026-06-21,0.11847262373081688,0.47606356387124943,1,prime
2026-06-21,-0.4413385564409374,0.7417483370359624,1,prime
2026-06-21,1.545094980195588,1.0,1,prime
2026-06-21,1.2092287577191465,0.32597691881562424,0,subprime
2026-06-21,-1.7176446759090334,0.7392739006338701,1,prime
2026-06-21,0.8676959490860783,0.6331612603952836,1,subprime
2026-06-21,-0.17293564119673838,0.5042208114460804,1,prime
2026-06-21,2.203231222991895,0.7874113751158639,0,prime
2026-06-21,0.28652024481674215,1.0,1,prime
2026-06-21,1.717675524325985,0.6231723145288766,1,subprime
2026-06-21,-0.8517411338538533,0.3610016160551098,1,prime
2026-06-21,0.09596577117377074,0.13456018951060153,0,prime
2026-06-21,-0.495945382738947,0.7938278147693042,1,prime
2026-06-21,0.24536497213462086,0.3090003434072805,0,prime
2026-06-21,-1.6570959031373387,0.0577888343701472,0,subprime
2026-06-21,0.7976109006845599,0.6022219956484577,1,prime
2026-06-21,-2.0366990573800563,0.8930550218638016,1,subprime
2026-06-21,-0.2039449136014608,0.6152983132943064,0,subprime
2026-06-21,-0.08676877296311059,0.5140919822181604,0,subprime
2026-06-21,2.223196841201513,1.0,1,prime
2026-06-21,-0.08329249240392436,1.0,1,prime
2026-06-21,-0.6830986749432237,0.46561824942547114,0,prime
2026-06-21,-0.2672031703113117,0.13539596045034,0,prime
2026-06-21,0.5532114106817508,0.5114521226333086,0,subprime
2026-06-21,-2.2704285543804725,0.5470646373460732,0,prime
2026-06-21,-0.5710364247220406,0.5813397871813574,1,prime
2026-06-21,-0.5339473506198336,0.3725879255474271,1,prime
2026-06-21,0.2932226162522297,0.5983593578179477,1,prime
2026-06-21,1.5132293948361915,1.0,1,prime
2026-06-21,0.8562520399674887,0.41894585566761494,1,subprime
2026-06-21,-0.7494814067228637,0.00290439417510302,0,prime
2026-06-21,0.6291360049127643,0.0,0,subprime
2026-06-21,-0.14976702901180122,0.6522131705999664,1,subprime
2026-06-21,2.083997776485274,0.6190253664440595,1,subprime
2026-06-21,-0.6859578507937353,0.4332955198749285,0,prime
2026-06-21,-1.184213643765182,0.7214323682656136,1,prime
2026-06-21,0.2436114771538476,0.0009584462640764846,0,subprime
2026-06-21,-1.6686399204029045,0.5277158361879071,0,prime
2026-06-21,-0.49250492123128353,0.98409469088954,1,prime
2026-06-21,0.11270971824556376,0.8718240353751201,1,prime
2026-06-21,-1.1541289480445853,0.0,0,prime
2026-06-21,0.9574886647649126,0.8104249429217364,1,prime
2026-06-21,1.0039363291388244,0.8252086995950458,1,prime
2026-06-21,-0.12553914011465805,0.22295428213288365,0,prime
2026-06-21,-0.25071540414310506,1.0,1,prime
2026-06-21,-0.5541185169377353,1.0,1,subprime
2026-06-21,-0.5427767079082998,0.4321977905724852,0,prime
2026-06-21,-0.9415844050949315,0.8351297956517612,1,prime
2026-06-21,-0.21650366091657608,0.9932052179453565,1,subprime
2026-06-21,0.25197982591949575,0.5714405306670536,0,subprime
2026-06-21,0.9903426526040267,0.0,0,prime
2026-06-21,1.5875108020074116,0.0,0,prime
2026-06-21,0.5865776204137326,0.8861145835081361,1,prime
2026-06-21,0.1718552205821343,0.7414326655470764,1,prime
2026-06-21,-0.172739826223299,1.0,1,prime
2026-06-21,0.5454432051280108,0.6055554430120454,1,prime
2026-06-21,1.7590166114893622,0.0,0,subprime
2026-06-21,0.00545842301583076,0.906150059774075,1,prime
2026-06-21,-0.32040515844564904,1.0,1,prime
2026-06-21,-0.09105081971809231,0.0658620094986227,0,prime
2026-06-21,0.23025725407010547,0.5926413007584834,1,prime
2026-06-21,-2.493028801342126,0.23620196932192472,0,subprime
2026-06-21,-1.3914027316352893,0.620011001803064,0,prime
2026-06-21,-0.40618946692929386,0.5073217109028052,1,prime
2026-06-21,0.43573602128766203,0.9782030990067515,1,subprime
2026-06-21,-0.7868806429903055,0.9143068475445123,1,prime
2026-06-21,0.20070816036668468,0.3992177334721899,0,prime
2026-06-21,-0.3418031935508144,1.0,1,subprime
2026-06-21,-1.8607339921920028,0.0,0,subprime
2026-06-21,-0.15436493263228124,1.0,1,prime
2026-06-21,-0.4360029948982788,0.47943151401287265,0,subprime
2026-06-21,-1.058572635710864,0.6050874091802465,1,prime
2026-06-21,-1.1837231988465873,0.6695096457802168,0,prime
2026-06-21,-0.09870192074225016,1.0,1,prime
2026-06-21,-0.7207979907238098,0.0,0,prime
2026-06-21,0.17233679221168183,0.4007445361198685,0,prime
2026-06-21,0.5039122999497999,0.4644049851373647,1,prime
2026-06-21,-0.1293427995825309,0.3667118554472092,0,prime
2026-06-21,0.46571605532332977,0.21185682129306427,1,prime
2026-06-21,0.2862004666481166,0.2501559970716841,0,prime
2026-06-21,1.3112473553758581,0.9798191181099716,1,prime
2026-06-21,-0.17235668816141386,0.6689236523008562,1,prime
2026-06-21,-0.6730798755058267,0.449229024667965,0,subprime
2026-06-22,0.004369551091613221,0.819850155660748,1,subprime
2026-06-22,1.2149909063879165,0.12176906000926388,0,subprime
2026-06-22,-1.1856211058419452,0.5307074461827075,1,prime
2026-06-22,0.09928818586244523,0.2013048383640293,0,prime
2026-06-22,0.5812600020913133,0.9370265345213039,1,prime
2026-06-22,0.18231703142078287,1.0,1,prime
2026-06-22,0.8588802574784248,0.12015893915096747,0,prime
2026-06-22,-1.4052734126154212,0.564315334235215,0,subprime
2026-06-22,-1.1522047225283003,0.0,0,subprime
2026-06-22,-0.18187576007118714,0.26399064985081666,1,prime
2026-06-22,1.0784939466814665,0.24922492545808295,0,prime
2026-06-22,0.5273047745775914,0.5013052374810705,1,prime
2026-06-22,0.7602169234355024,0.9828898114605882,1,prime
2026-06-22,-0.29840188027763687,0.0,0,prime
2026-06-22,1.9806147908824399,0.29763596355221683,0,prime
2026-06-22,-0.11364519866083769,0.3661862513481618,0,subprime
2026-06-22,1.6647146932662409,0.20406290559199544,0,prime
2026-06-22,-0.4232130963570682,1.0,1,subprime
2026-06-22,0.2808731267111748,0.08125819519700814,0,prime
2026-06-22,1.0909246683836775,0.22918797159665122,0,prime
2026-06-22,0.25285260725724124,1.0,1,prime
2026-06-22,0.8682295012192641,0.10282525027188677,0,prime
2026-06-22,1.0559757251687956,1.0,1,prime
2026-06-22,0.5059618413039232,0.5779278597676988,1,prime
2026-06-22,0.8148836001834824,0.44852651865948256,0,prime
2026-06-22,-0.4581755742092086,0.0,0,prime
2026-06-22,0.577538180910279,1.0,1,prime
2026-06-22,1.360119370185567,0.5650913661980272,1,subprime
2026-06-22,-0.6204317561407116,0.43972509294864515,0,prime
2026-06-22,1.0507336483132017,0.0,0,prime
2026-06-22,-0.7299868652488214,0.4129283388108988,1,prime
2026-06-22,-0.24141713513755617,0.6418899015723183,1,prime
2026-06-22,0.5978858040794082,0.5530025968840953,0,prime
2026-06-22,-2.3220787731344994,0.7152718362147533,1,prime
2026-06-22,-1.4208304054276801,0.10953313515339654,0,subprime
2026-06-22,-1.3320297942954584,0.1214180414000355,0,prime
2026-06-22,0.7805904620266364,0.7069840570135756,1,subprime
2026-06-22,-0.051475466245994556,0.9771055097046422,1,prime
2026-06-22,1.6456260377679617,0.7886667243587919,0,subprime
2026-06-22,-0.8911746371504926,0.7221558097300613,1,prime
2026-06-22,-1.3459658701771122,0.7850151165555559,1,prime
2026-06-22,-1.4404442603175813,0.49290375757023064,1,prime
2026-06-22,-0.8139583076165882,0.6796930949188454,1,prime
2026-06-22,1.510345460607154,1.0,1,prime
2026-06-22,0.4712575039980535,0.559787856585718,0,prime
2026-06-22,-1.1201685370931262,0.33052201253581465,0,prime
2026-06-22,-0.4289018571442729,0.47799156154079453,0,subprime
2026-06-22,0.17101796518163262,0.41139383158256065,0,prime
2026-06-22,-1.19033854321681,0.1313753673890028,0,prime
2026-06-22,-1.3195532854341991,0.5987166843560738,0,subprime
2026-06-22,-0.4445175103295884,1.0,1,prime
2026-06-22,1.028892199031082,0.0,0,subprime
2026-06-22,1.749392062834451,0.8449088181667901,1,prime
2026-06-22,-0.9473818604147711,0.9826933271919276,1,prime
2026-06-22,0.9099013577678223,0.9020785889330394,1,prime
2026-06-22,-1.0957420173054606,0.4246742395416392,1,subprime
2026-06-22,-0.5625962684148081,0.30924504483142673,0,subprime
2026-06-22,0.6116158947202247,0.6882639657749781,1,prime
2026-06-22,0.5805149432329083,0.48809980742603104,1,prime
2026-06-22,-0.5378930633783341,0.48506775159517745,0,prime
2026-06-22,-1.5002856031685745,0.60459391650478,1,subprime
2026-06-22,-0.85003857320323,0.9610234545831053,1,prime
2026-06-22,0.5738511327483611,0.37446253347806313,0,prime
2026-06-22,-2.1388004735718162,0.27656458071615425,0,subprime
2026-06-22,-0.6651577320554135,0.1334034841330491,0,prime
2026-06-22,-0.0596263727757584,0.0,0,prime
2026-06-22,0.09288862493689874,0.8217626627592018,1,prime
2026-06-22,-1.5736301029196518,0.0,0,prime
2026-06-22,0.3846750310836054,0.8883287888348146,1,prime
2026-06-22,0.9739931642715307,1.0,1,prime
2026-06-22,1.5010370335532757,1.0,1,prime
2026-06-22,-0.20069316218560626,0.8416102938599913,1,prime
2026-06-22,0.3277101802283855,0.0,0,subprime
2026-06-22,0.5887067340597225,0.8068525571225631,1,prime
2026-06-22,0.07941600840352205,0.8991875969125029,1,prime
2026-06-22,0.9706755013415885,0.9979934272199261,1,prime
2026-06-22,1.189495087326521,0.0,0,subprime
2026-06-22,0.5480861206709318,0.6551417132534305,1,prime
2026-06-22,-1.3533703042211997,0.13692634754261798,0,prime
2026-06-22,-1.820174732595014,0.19573353747553499,0,prime
2026-06-22,0.5653061581186833,1.0,1,prime
2026-06-22,0.753363600405904,0.29898179680506587,0,prime
2026-06-22,0.8110467054647461,0.0,0,prime
2026-06-22,1.280285343910511,0.6008018649068052,1,subprime
2026-06-22,0.12335976105850793,0.0,0,subprime
2026-06-22,0.1085608871886931,0.1863272956646642,0,subprime
2026-06-22,-0.8944575183740398,0.4732113648978014,1,subprime
2026-06-22,-1.5550283244938885,1.0,1,prime
2026-06-22,0.6624011131260488,0.7202146678059808,1,subprime
2026-06-22,0.17592544811346042,0.5304357228414454,0,prime
2026-06-22,1.1162863933489233,0.6436564550266322,0,subprime
2026-06-22,0.9173688944518564,0.4160068254958409,0,subprime
2026-06-22,-0.28224433981534053,1.0,1,prime
2026-06-22,-0.17575170912908095,0.67231024908157,1,prime
2026-06-22,0.3574462936916449,0.4252592521779959,1,subprime
2026-06-22,0.989130760752659,0.7619679515385862,1,subprime
2026-06-22,0.31410642721251003,0.4946645594224863,1,prime
2026-06-22,0.8124105042358531,0.9444107086653236,1,prime
2026-06-22,-0.41815557162798345,0.26676653114601884,0,prime
2026-06-22,-0.31390251624737225,0.22860482305594465,1,subprime
2026-06-22,-0.9786634325753841,0.7700802512774992,1,prime
2026-06-22,-0.14317548590970852,1.0,1,subprime
2026-06-22,-1.1872214148308151,0.6234065069366712,0,prime
2026-06-22,0.8900450326328678,0.20918625699136262,0,prime
2026-06-22,0.8012159958249885,0.4014357647400169,0,prime
2026-06-22,-1.2613211382542149,0.17089414142342396,1,prime
2026-06-22,1.3067063390554239,0.8483336394262331,1,prime
2026-06-22,-0.7249171342523332,1.0,1,prime
2026-06-22,-0.11295592622961721,0.08316183391268117,0,prime
2026-06-22,-0.6063668826963097,0.7195909598308567,1,prime
2026-06-22,0.2833668637605408,0.8389868469048404,1,prime
2026-06-22,0.05704810293630168,0.7314196376009823,1,prime
2026-06-22,-2.082376981317791,0.2885991984791681,0,prime
2026-06-22,-1.3146499011838253,0.8474883274507263,0,prime
2026-06-22,0.4131245570258848,0.0,1,prime
2026-06-22,0.6517358334263975,0.41769026080312976,1,subprime
2026-06-22,0.0657491024341028,0.3112368488519214,0,prime
2026-06-22,0.2641907616672103,0.8682417145607892,1,prime
2026-06-22,0.4341711259422263,0.6489226868349998,1,prime
2026-06-22,-0.08437648010001804,0.043104267346639774,0,prime
2026-06-22,-0.886206573851236,0.13381457417321413,0,prime
2026-06-22,-1.124430063749922,0.0,0,subprime
2026-06-22,0.11993642205962621,0.3719824429443335,0,subprime
2026-06-22,1.2643559858117006,0.6579904490604469,1,prime
2026-06-22,-0.11647654083520335,0.39936630314730087,1,subprime
2026-06-22,1.1705005391402221,0.09376464158835779,0,prime
2026-06-22,-0.5403884884401418,0.7295810481896277,1,subprime
2026-06-22,-0.47213673751731,0.3955427905854574,1,subprime
2026-06-22,0.5881190392234313,0.8506588592662673,1,prime
2026-06-22,1.983681499503268,0.023467751129278236,1,prime
2026-06-22,0.429417140341417,0.0,0,prime
2026-06-22,-1.3924908116451349,0.7385936062047774,1,subprime
2026-06-22,-1.029303770081665,0.4271919304726424,0,subprime
2026-06-22,-0.6324752954266544,0.35357824172521496,0,prime
2026-06-22,1.1061173965675255,0.0,0,prime
2026-06-22,-1.3747029101141017,0.31169645429710124,0,subprime
2026-06-22,-0.5616273629735056,0.17435091439572464,0,prime
2026-06-22,1.3590810136688474,0.0,0,prime
2026-06-22,-1.841241409642455,0.3308329944134207,1,prime
2026-06-22,-0.7102915490898765,0.7507099161601121,1,subprime
2026-06-22,1.1422198987683863,0.24454531739373608,1,prime
2026-06-22,-0.23097591809493725,0.6762657948419301,1,prime
2026-06-22,1.1508992470944337,0.3496100918924328,0,prime
2026-06-22,-1.5290801223466497,0.4661356784470945,0,prime
2026-06-22,2.844099662345934,0.3575824319240023,1,subprime
2026-06-22,0.15301648253665637,0.22950402856596852,0,prime
2026-06-22,1.1326424200655647,0.6559470357446651,1,prime
2026-06-22,0.4759475783504115,0.11343605078367351,0,prime
2026-06-22,-0.36569518610843676,0.21793828776086246,0,prime
2026-06-22,-1.146397542303319,0.9113174326294329,0,prime
2026-06-22,-2.6168117150151335,0.47600738096918893,1,prime
2026-06-22,2.2311405368811403,0.26702962814686976,0,subprime
2026-06-22,0.7847480454749008,0.0,0,prime
2026-06-22,0.5127282335565578,0.9566497283141703,1,prime
2026-06-22,0.5663651534927565,0.06579311286326991,0,prime
2026-06-22,0.2971842828381488,0.5578454334066464,1,prime
2026-06-22,0.9626643436096792,0.6220595693381729,1,subprime
2026-06-22,0.6760184331547986,0.5720209158022866,1,prime
2026-06-22,-0.638155345315701,0.0,0,prime
2026-06-22,0.6607475223878803,0.44031897781120516,0,prime
2026-06-22,0.5477772066251141,0.9726940062164089,1,prime
2026-06-22,0.2888814392497231,0.17285789788931122,0,prime
2026-06-22,-0.6697300414473811,0.46872647145750723,0,prime
2026-06-22,-0.4077108896896205,0.4426125795853877,0,subprime
2026-06-22,-0.38850371548510776,0.0,0,prime
2026-06-22,-0.02201750179532224,1.0,1,subprime
2026-06-22,-0.8841140902270627,0.5177771191905395,1,subprime
2026-06-22,0.21060521936811755,0.15433169592215523,0,subprime
2026-06-22,1.2815377309518923,0.32739279714208436,0,prime
2026-06-22,0.8176839952504038,0.4653146748892757,0,prime
2026-06-22,0.19523976845621088,0.8038187316498954,1,subprime
2026-06-22,-0.13143191692979692,0.0046738487262958095,0,prime
2026-06-22,1.3580602158551427,0.8265127587927055,0,prime
2026-06-22,0.5704535669233564,0.8433046887589264,1,prime
2026-06-22,1.3005613426143248,0.6677589471655363,1,prime
2026-06-22,1.317094764801962,0.911947684072832,0,prime
2026-06-22,0.13064070384049237,0.5545959755769087,1,prime
2026-06-22,-1.62059847623609,0.7187761877089005,0,prime
2026-06-22,0.6143455247042527,0.8375454803010867,1,subprime
2026-06-22,0.1723992411994471,0.0,0,prime
2026-06-22,0.19088594040909335,1.0,1,prime
2026-06-22,-0.32488637624523137,0.4848496411578798,1,prime
2026-06-22,1.6451801006026958,0.3401700242886711,1,prime
2026-06-22,2.1739864255091934,0.767934728339292,1,subprime
2026-06-22,-0.6049216462184356,0.39059805192778163,0,subprime
2026-06-22,0.2476443343886352,0.16868722852526846,0,subprime
2026-06-22,-1.272565509640379,0.6076657807724541,0,subprime
2026-06-22,-2.3412519641534213,0.11406998372671563,0,prime
2026-06-22,-1.497410557653322,0.7574818229037966,1,subprime
2026-06-22,-0.2365200747197509,0.7283969978589294,1,prime
2026-06-22,-0.2926497286938035,0.12274799219861576,0,prime
2026-06-22,-1.974099904767709,1.0,1,prime
2026-06-22,-0.3850422576834474,1.0,1,subprime
2026-06-22,0.6545877451547454,0.814551363318506,1,subprime
2026-06-22,0.18720694838093957,0.6763217821213564,1,prime
2026-06-22,0.23176752570954606,0.38115768426993313,0,prime
2026-06-22,-0.18466293049019206,0.5103696906956057,0,prime
2026-06-22,-1.9889374696823032,0.6290632375248422,1,subprime
2026-06-22,1.1966513766313551,0.0,0,prime
2026-06-22,0.7410234098093722,0.422497388556931,0,prime
2026-06-22,-0.30721720821916276,0.18109854165185024,1,subprime
2026-06-22,-1.4753685326508166,0.0,0,subprime
2026-06-22,-0.6809199704702646,0.08693332014160216,0,subprime
2026-06-22,1.0656203387206653,1.0,1,prime
2026-06-22,-0.8233497271807381,0.857333802362461,1,prime
2026-06-22,0.04131730698560617,0.4040241975939666,1,subprime
2026-06-22,1.0608477413630408,0.0,0,prime
2026-06-22,-0.13794865285733018,0.33213580502923745,0,prime
2026-06-22,0.3600507421267175,0.0,0,prime
2026-06-22,1.3764463052879994,1.0,0,prime
2026-06-22,0.10735471143840568,0.03978768404533986,0,subprime
2026-06-22,1.6150114391423247,0.011132964291991093,0,prime
2026-06-22,-1.1721621194999277,0.3353527812089924,1,prime
2026-06-22,-1.6981246548475883,1.0,1,subprime
2026-06-22,-1.188965167032744,0.19367937222124587,0,prime
2026-06-22,1.076683606582788,0.382548082572469,0,prime
2026-06-22,2.1016656110761662,0.07024721903876369,0,prime
2026-06-22,-1.2174001908494925,0.0,0,prime
2026-06-22,-0.5967301710343996,0.8920166331558944,1,prime
2026-06-22,-0.23274379081844274,0.6836314200693137,0,prime
2026-06-22,0.13153445848527814,0.6135088345976476,1,subprime
2026-06-22,-0.16436043126198763,0.004130588971224314,1,prime
2026-06-22,-1.2112944409877635,0.3707181100549054,0,prime
2026-06-22,0.7192018026856998,1.0,1,prime
2026-06-22,0.07144303716442715,0.2299100649349739,1,subprime
2026-06-22,-0.2294573978767343,0.34356137389621066,0,subprime
2026-06-22,-1.945182712611227,0.4141892556131966,1,prime
2026-06-22,2.721259624023046,0.7941831894107583,1,prime
2026-06-22,-0.6194806720749131,0.32861469919350944,0,prime
2026-06-22,-1.533102054083595,0.5150351797671147,0,subprime
2026-06-22,-0.11292838685186508,1.0,1,prime
2026-06-22,-0.6063404115523267,0.0,0,prime
2026-06-22,-0.05514751632328114,0.19677460333701555,0,prime
2026-06-22,-0.8029057844135025,0.6288210729818119,1,prime
2026-06-22,-0.8710617061610614,1.0,1,prime
2026-06-22,0.40802660750173797,0.039274695943972204,0,subprime
2026-06-22,-1.0913125001218402,0.0,0,prime
2026-06-22,0.9413737765450783,1.0,1,prime
2026-06-22,0.374106335971133,0.6242406642473051,0,subprime
2026-06-22,1.052573047190297,1.0,1,prime
2026-06-22,0.5934640707503172,0.5584343375395767,0,prime
2026-06-22,-0.09952757634220512,0.41928223160339617,0,subprime
2026-06-22,1.3184929596961852,0.22656382946712453,0,prime
2026-06-22,-0.5329573986929025,1.0,1,prime
2026-06-22,1.255464438831117,0.0,0,subprime
2026-06-22,0.30035389859663375,0.713638317511927,0,prime
2026-06-22,-0.4156409541719586,0.43476373119273143,1,prime
2026-06-22,-0.734356080361355,0.4456793531850216,1,prime
2026-06-22,-0.3206243119947096,0.0021869540011641153,0,prime
2026-06-22,1.3562280081742724,0.7291775387477878,0,prime
2026-06-22,-0.1906169515834861,1.0,1,prime
2026-06-22,0.07155452813849768,0.8259394105431526,1,prime
2026-06-22,-0.9736100844693362,1.0,1,prime
2026-06-22,0.5381924495227571,0.775586302809271,1,subprime
2026-06-22,0.45926753427553246,0.22208147366033607,0,prime
2026-06-22,-0.3391364655298633,1.0,1,prime
2026-06-22,0.8899754673069332,0.36401399763686,0,prime
2026-06-22,-1.6869370227998912,0.0,0,prime
2026-06-22,-1.0442068191993579,1.0,1,prime
2026-06-22,-1.4760040038683615,0.3887938885168231,0,subprime
2026-06-22,0.012208059929182311,0.11472816910339564,0,subprime
2026-06-22,-0.7596098798075869,0.018857952918825305,0,subprime
2026-06-22,-0.12059416122646464,1.0,1,prime
2026-06-22,0.2556234518884283,0.14642488551267252,1,subprime
2026-06-22,-0.9639679060024335,0.6387033898351567,1,prime
2026-06-22,0.8459928348271821,0.5944241636203271,1,subprime
2026-06-22,-1.7188679683232178,0.219715559372554,0,subprime
2026-06-22,-0.3548790596344521,0.4693908417428013,0,subprime
2026-06-22,0.017864848435475297,0.6376879078705261,0,prime
2026-06-22,-1.0891188325498529,1.0,1,prime
2026-06-22,-0.0779321850272759,1.0,1,prime
2026-06-22,-0.6749026471175673,0.28097511681354476,1,prime
2026-06-22,-0.21653799811524083,0.2661435762270873,1,prime
2026-06-22,0.1287903354602905,0.8276794690633749,1,prime
2026-06-22,0.6244769592929114,0.5308466725790382,0,prime
2026-06-22,1.3073445963937658,0.696283341611393,1,subprime
2026-06-22,-0.49415100989103655,0.7559207484388936,0,subprime
2026-06-22,-2.236272639961875,0.15315146228318166,0,subprime
2026-06-22,-0.5273075352225141,0.7192006242093888,1,prime
2026-06-22,-0.2093202326710923,0.668069767775777,1,prime
2026-06-22,-0.053371472091844195,1.0,1,subprime
2026-06-22,0.9609218750606416,0.9114541333418076,1,prime
2026-06-22,0.45868554508618314,0.810704362946929,1,prime
2026-06-22,0.8406630920177662,1.0,1,prime
2026-06-22,-0.039249076642851294,0.2106758064583692,0,prime
2026-06-22,0.6378530550771292,0.6047896375988461,1,prime
2026-06-22,-0.1977827976705012,0.8906761532511203,1,prime
2026-06-22,0.7165576538670856,0.6686738045661496,1,prime
2026-06-22,-1.1745724631000933,0.0,0,subprime
2026-06-22,-3.0341826575397985,0.6663473003407964,1,subprime
2026-06-22,-0.20126275902358648,0.8432393143259851,1,prime
2026-06-22,0.2391147649989738,0.5557499096499547,0,prime
2026-06-22,-0.7310755983560846,0.0,0,prime
2026-06-22,-2.0468129723090223,0.0,0,prime
2026-06-22,0.5160595049064384,1.0,1,prime
2026-06-22,0.743134903112729,1.0,1,prime
2026-06-22,-1.412363483011568,0.45048283758074403,1,prime
2026-06-22,0.08895834055648505,1.0,1,subprime
2026-06-22,-1.3358785634150907,0.8487224374370648,1,prime
2026-06-22,-0.6795524199875662,0.0,0,prime
2026-06-22,-1.8356022299716195,0.00026663120939410256,0,prime
2026-06-22,-0.3971356899120427,0.9285824316644056,1,prime
2026-06-22,0.04878331199439661,0.9248185881462927,1,prime
2026-06-22,1.1335558820505156,0.6676420859079767,1,prime
2026-06-22,-2.1962970738687764,0.47296565406392627,1,prime
2026-06-22,-0.3541325242528134,1.0,1,prime
2026-06-22,-0.033979826610162696,0.1597856276067917,1,subprime
2026-06-22,2.149679791982637,0.07166202355328333,1,prime
2026-06-22,0.0794353284719187,0.6937591492358398,1,prime
2026-06-22,-0.15292543383683552,0.9691903426062071,1,prime
2026-06-22,-0.13358767068627175,0.366840788738205,1,prime
2026-06-22,-0.5283030712354272,0.47834215141934494,0,prime
2026-06-22,-0.43174256395862287,1.0,1,prime
2026-06-22,-1.4957373565839494,0.0,0,subprime
2026-06-22,0.5123736762441685,0.0,0,prime
2026-06-22,-1.0630035344476816,1.0,1,prime
2026-06-22,0.24350693091524667,0.4134028993994886,0,prime
2026-06-22,0.5596768313328259,0.47629182677445764,1,prime
2026-06-22,0.872143088653699,0.9185410499730495,0,subprime
2026-06-22,1.9011449988169813,0.05823074426172384,0,subprime
2026-06-22,0.5220181014625875,1.0,1,prime
2026-06-22,-0.26078108764459695,1.0,1,subprime
2026-06-22,-0.43959718285282795,0.30518474951933694,0,prime
2026-06-22,0.4011374767514522,0.9211868861658179,1,prime
2026-06-22,0.11520080575004633,0.36643599024280993,0,prime
2026-06-22,0.06721989834744516,0.686543324621041,1,subprime
2026-06-22,-1.3533677703643798,0.7509222977322261,1,prime
2026-06-22,0.43611563521498065,0.07764176375644266,0,prime
2026-06-22,1.8994125642276471,0.9185883759704677,1,prime
2026-06-22,0.7297743644614393,0.15525843654000349,0,prime
2026-06-22,0.9118085203439661,0.0,0,prime
2026-06-22,1.652692372372897,0.30150139570378304,0,prime
2026-06-22,-0.4775870883261607,0.0,0,prime
2026-06-22,0.5383768791460554,0.06609714965891267,1,prime
2026-06-22,-1.2286982394970611,0.3107071313246753,0,prime
2026-06-22,-1.1587083735804917,1.0,1,prime
2026-06-22,0.0041922370251448494,0.4811671013026545,0,prime
2026-06-22,0.5192377692361939,0.08211189360849644,0,subprime
2026-06-22,-0.008765146606735824,1.0,1,subprime
2026-06-22,-0.9008695466182999,0.06305692476673597,0,subprime
2026-06-22,0.07625700555988138,1.0,1,prime
2026-06-22,2.095474522743096,0.1572187544211569,0,prime
2026-06-22,-0.27732054291391617,0.0,0,prime
2026-06-22,1.046756399076547,0.047159222581123955,0,prime
2026-06-22,-0.14313244450538512,1.0,1,subprime
2026-06-22,-0.0007784359226669733,0.8388842825534178,1,subprime
2026-06-22,-0.7831739434550099,1.0,1,prime
2026-06-22,1.1656873686066291,0.37065224214926884,1,prime
2026-06-22,0.16526398452920468,0.7831661989379721,1,prime
2026-06-22,-0.7671965971121754,0.07056245181650389,0,prime
2026-06-22,0.3354338765874319,1.0,1,prime
2026-06-22,-1.1671303654602563,0.025992751803735864,0,prime
2026-06-22,-1.0425092931299689,0.4291887230594408,0,prime
2026-06-22,1.1166984354810194,0.8207162785778411,1,prime
2026-06-22,-1.2189098227528417,0.6966373816550415,1,prime
2026-06-22,-0.5869965606512318,1.0,1,prime
2026-06-22,0.4832312498095486,0.3387941327710414,0,prime
2026-06-22,-0.7694646668077386,0.19134914290901262,1,prime
2026-06-22,0.25390845544066354,0.33347253900844515,0,prime
2026-06-22,0.5633026219742087,1.0,1,prime
2026-06-22,2.3128024390398165,0.20157134000275606,0,prime
2026-06-22,-0.8012899695504138,0.0,0,prime
2026-06-22,2.028521798908164,0.6715834782142536,1,prime
2026-06-22,2.1101518740575806,0.4029019825346978,1,prime
2026-06-22,1.7023585572583266,0.0,0,prime
2026-06-22,-0.3869150256632794,0.1803258338514574,1,prime
2026-06-22,-0.508231257436597,0.39725449528351386,0,prime
2026-06-22,-0.9764196332451336,0.7328126836413169,1,subprime
2026-06-22,-0.02926646408878765,0.004097222866353445,0,subprime
2026-06-22,1.1249110188365772,0.0,0,subprime
2026-06-22,-1.0403127985577452,0.7207911951926126,1,prime
2026-06-22,-0.4190529895127001,1.0,1,subprime
2026-06-22,0.7108151272825786,0.7509478519674191,1,prime
2026-06-22,-1.4830087218355377,0.4635647917615183,0,prime
2026-06-22,0.5757043343238456,0.24363792815558627,0,prime
2026-06-22,-1.6618264277378862,0.9704371710189821,1,subprime
2026-06-22,-0.002876161178976623,0.5388396422403282,0,prime
2026-06-22,-1.2330512919982015,1.0,1,prime
2026-06-22,-0.9095052348364236,0.7273672477873944,1,subprime
2026-06-22,-0.02424795783169413,0.0,0,prime
2026-06-22,-1.3716122225513983,0.5699084224977413,1,prime
2026-06-22,-0.5654210513087922,0.6826948516536007,1,prime
2026-06-22,-0.9659472359347906,0.9457757159713596,0,prime
2026-06-22,0.4507990220554988,0.16103250266145663,0,prime
2026-06-22,1.0511842099762934,1.0,1,prime
2026-06-22,-1.396926516870057,0.6484537227189648,1,prime
2026-06-22,-1.197843396995058,0.23244732603933607,0,prime
2026-06-22,0.4390244841174804,0.9591110118885788,1,prime
2026-06-22,-1.7947939442738632,0.7846535775686653,1,prime
2026-06-22,-0.1803281237001936,0.06731320192316667,0,subprime
2026-06-22,-0.37962100502978563,0.7872231628154016,0,subprime
2026-06-22,-1.4447024205217471,0.4846161946452,0,prime
2026-06-22,-0.1731850226031207,0.5208989463883826,1,prime
2026-06-22,-0.9294440713324921,0.3659491992866145,0,prime
2026-06-22,0.4945545992471639,0.5009660257731068,0,prime
2026-06-22,0.5108172283496006,0.5048619811629987,1,prime
2026-06-22,-1.069202644831259,0.3562937181644059,0,prime
2026-06-22,-1.0845537992145926,0.7608723115502123,1,prime
2026-06-22,0.813730995484878,0.6504601152644092,1,prime
2026-06-22,-2.151129189410212,0.0,0,prime
2026-06-23,-0.6236406490964577,0.778822641309405,1,subprime
2026-06-23,0.8284916653070532,0.0,0,prime
2026-06-23,-1.4924880592800078,0.7585474061539962,1,subprime
2026-06-23,-0.5044378100769159,0.1941187068226782,0,subprime
2026-06-23,-0.43528079148492643,0.0,0,prime
2026-06-23,0.4154387059161197,0.2680283791218916,0,prime
2026-06-23,-0.12484597097219877,0.16740649000509245,0,prime
2026-06-23,0.20693744462603794,0.7905740967645891,1,prime
2026-06-23,0.7086087469373294,0.5233733535391051,1,prime
2026-06-23,0.4152828608075044,0.11853082307746181,0,prime
2026-06-23,-0.4692756256807981,0.306118513617505,0,subprime
2026-06-23,0.760422906980374,0.4769102898971064,0,subprime
2026-06-23,0.3732826192012327,0.5122792285765332,0,prime
2026-06-23,-1.2712784076103631,0.5322234707525367,0,prime
2026-06-23,1.165670204836906,0.13017415926722653,0,prime
2026-06-23,-0.42395509308090584,0.20351476745084907,0,prime
2026-06-23,0.05423086177298683,0.08086427529242529,0,prime
2026-06-23,-1.37349022113624,0.6803683167193162,1,subprime
2026-06-23,-0.6299673037469512,0.614040146709294,0,prime
2026-06-23,2.264611588454688,0.0,0,prime
2026-06-23,-0.9780679839399704,0.7053414192674663,1,subprime
2026-06-23,0.5257519013455023,0.7203864599799932,1,prime
2026-06-23,0.7581670775847085,0.6287648368596788,0,prime
2026-06-23,-1.13871786295103,0.27800634056828727,0,prime
2026-06-23,-0.45762084253914426,0.6976315903858779,0,prime
2026-06-23,-2.2179186234336097,0.5362174109157853,1,prime
2026-06-23,0.2489623279181642,0.7390132647123475,1,prime
2026-06-23,-0.3028419059496605,0.013172283275927454,0,prime
2026-06-23,0.5998805005920947,0.8275214054147945,1,subprime
2026-06-23,0.23322390433304444,1.0,1,prime
2026-06-23,0.8871006677208072,1.0,1,prime
2026-06-23,0.25580948455825286,0.2946966422931887,1,subprime
2026-06-23,1.5035309915010708,0.34403894804199775,0,subprime
2026-06-23,0.021158207722437067,0.04817045020125274,0,subprime
2026-06-23,0.11679799933815772,0.5210271774920767,1,prime
2026-06-23,0.019287002233249143,0.5182684159371462,1,subprime
2026-06-23,0.5386436318000863,0.6450254362279546,1,prime
2026-06-23,-0.4106445224517781,1.0,1,prime
2026-06-23,1.5702239425188085,0.564781407970019,1,subprime
2026-06-23,1.0105302582949232,0.5378175298869088,0,prime
2026-06-23,-1.0959264150582881,0.19167397083019633,0,prime
2026-06-23,-1.2893579574022749,0.9429834697812963,1,prime
2026-06-23,0.6636908411971155,0.711830489080561,1,prime
2026-06-23,0.9147971360077766,0.44270978652854787,0,prime
2026-06-23,0.11097180462027681,0.43900567314024164,1,prime
2026-06-23,-0.10148759455147932,0.875664283043071,1,prime
2026-06-23,-0.4380476843799454,0.14658272979004738,0,prime
2026-06-23,0.862909409437467,0.7239922600807802,1,prime
2026-06-23,1.321875610749249,0.4649123434133865,0,prime
2026-06-23,-1.436472241071217,1.0,1,prime
2026-06-23,-0.5394764830780613,0.6742054624803229,0,subprime
2026-06-23,-0.04971796755584916,0.5261710294786783,0,prime
2026-06-23,0.329308015101922,0.8997263857429598,1,subprime
2026-06-23,2.020047304671806,0.720922384505366,1,prime
2026-06-23,0.9880037626309583,0.33240995380641924,1,prime
2026-06-23,0.14330752367710214,0.1436480313533366,0,prime
2026-06-23,-0.47527921706313037,0.587568989115998,1,prime
2026-06-23,-0.7873034060785327,0.7788081879506661,1,prime
2026-06-23,1.119330618756307,0.01910452777901603,0,prime
2026-06-23,0.05886516401968386,0.0,0,subprime
2026-06-23,0.04327733487744672,0.0,0,subprime
2026-06-23,0.7453210525801943,0.8345516984569537,0,prime
2026-06-23,-0.6454565276479143,0.0,0,prime
2026-06-23,2.5034076961200786,0.3799619233577854,0,prime
2026-06-23,-1.2434546564085085,0.8063032731871431,1,prime
2026-06-23,-0.08675348930285795,0.4712624771304365,0,subprime
2026-06-23,-0.5865726934408813,0.19879013989895555,1,prime
2026-06-23,-0.3123256133018235,0.9406286041680753,1,prime
2026-06-23,0.15235567214745777,0.3451794218346543,0,subprime
2026-06-23,0.31629045838635944,0.5130156859809096,1,prime
2026-06-23,-0.6920305435682077,0.28716177605501564,0,prime
2026-06-23,-0.7169850116153144,1.0,1,subprime
2026-06-23,-0.14148403808593443,0.4954166269918842,1,prime
2026-06-23,-0.26525858771959193,0.6611255468954428,1,subprime
2026-06-23,0.45109593581230895,0.31621992045481545,0,prime
2026-06-23,-0.6006752067316173,0.08282366349061715,0,subprime
2026-06-23,-0.28340358492003725,0.8733029128104349,1,prime
2026-06-23,0.20642703225257525,0.3076909666640989,0,prime
2026-06-23,-0.22369885470981332,0.8945244402363085,1,prime
2026-06-23,-0.0439033326603577,0.5347270211499608,0,prime
2026-06-23,1.2074490347776898,0.7051803720768896,1,prime
2026-06-23,-1.1900236460864457,0.5484816437025932,0,prime
2026-06-23,0.6084369915251501,0.5915091763320031,1,prime
2026-06-23,-0.7960178523267244,0.1775106342255288,0,prime
2026-06-23,0.5389969193459518,0.6602980663768703,1,prime
2026-06-23,1.4886427686307415,0.6817967656312922,0,subprime
2026-06-23,-0.8791993155392981,0.6496789133585309,1,prime
2026-06-23,0.6232278584830195,0.8185141053796157,1,subprime
2026-06-23,1.4820565123477214,0.9914653497519421,0,subprime
2026-06-23,-1.6031692487164655,0.3097086515960864,0,prime
2026-06-23,1.2350898430484412,0.2479097260227843,0,prime
2026-06-23,1.5769046158972573,1.0,1,prime
2026-06-23,1.8521424626937688,1.0,1,prime
2026-06-23,-0.8855436154783838,0.4113821767310787,0,prime
2026-06-23,1.1489907039943208,0.7254040783288989,1,prime
2026-06-23,-0.49976626807686353,0.8211557142032233,0,prime
2026-06-23,0.43653020301546674,0.41739819193725847,0,prime
2026-06-23,0.37891904951680805,0.27214439655507117,1,prime
2026-06-23,-0.9321183240121668,0.6715355115679915,1,subprime
2026-06-23,-0.9192660261548514,0.8258701762712302,0,prime
2026-06-23,0.39887213202122584,0.8010558286559558,1,prime
2026-06-23,-2.207060518862443,0.756625832314404,1,prime
2026-06-23,-0.09999937713448831,0.16578952261626476,0,prime
2026-06-23,0.5972048994117711,0.0,0,subprime
2026-06-23,-1.5190404786809668,0.7565912573715567,1,prime
2026-06-23,-0.5691751559068917,0.2959346347746904,1,subprime
2026-06-23,0.6898616501487489,0.8675141706664679,1,prime
2026-06-23,-0.4082293230217793,0.38000130045597946,0,subprime
2026-06-23,-0.6127505807924788,0.8591994203647205,1,subprime
2026-06-23,0.06524988620589586,0.09874799435130469,0,prime
2026-06-23,-0.6420941551570806,0.8123515701038939,1,prime
2026-06-23,1.113843645963243,0.48002790293977937,0,prime
2026-06-23,0.5758193873599264,0.791186946157664,1,subprime
2026-06-23,0.6117636320166102,0.1393184432545308,0,subprime
2026-06-23,1.1357910215061948,1.0,1,subprime
2026-06-23,-0.4949410646175424,0.0,0,prime
2026-06-23,-0.6532276566659946,0.28774839688026865,0,prime
2026-06-23,-0.40503529334648203,0.003618642446177933,0,prime
2026-06-23,-1.6384256795032979,1.0,1,prime
2026-06-23,1.4937484308518338,0.7077438316729934,1,prime
2026-06-23,-0.022839041714098177,0.0,0,subprime
2026-06-23,-0.20666215625168927,0.1643654802488368,0,subprime
2026-06-23,-0.49187215231879444,0.6498404462546752,0,prime
2026-06-23,0.8637321289560562,0.7590405523849318,0,prime
2026-06-23,-0.9421929276756167,0.4697011290268193,0,subprime
2026-06-23,0.47656224689898485,0.20525958523235946,0,prime
2026-06-23,-1.0201485652301603,0.31264582884605485,1,subprime
2026-06-23,0.4606082075933922,0.2760266206897842,0,subprime
2026-06-23,0.3712507583047058,0.0,0,prime
2026-06-23,0.19651282550085192,1.0,1,prime
2026-06-23,0.9679102170811945,0.1439375591061074,1,prime
2026-06-23,0.4382837781399132,0.5551767869403086,0,prime
2026-06-23,-0.21988126826029558,0.7177514267754543,0,prime
2026-06-23,1.0477857737885072,0.5302199707193596,0,prime
2026-06-23,-0.30062072824378566,0.7945846415103068,0,prime
2026-06-23,1.5835771345812717,0.4314384535234114,1,subprime
2026-06-23,-0.3527935321588297,0.8641876649774263,1,prime
2026-06-23,-0.41592885181225925,0.12433096921509547,0,prime
2026-06-23,-0.9755465349448063,0.0,0,prime
2026-06-23,0.10952156558733263,0.0,0,prime
2026-06-23,-1.2370747549648526,0.1255759476329447,0,subprime
2026-06-23,0.6833321974412676,0.7579208463008251,1,prime
2026-06-23,-0.9451195528391156,1.0,1,prime
2026-06-23,-0.6283512986714195,0.7045737712170601,1,prime
2026-06-23,0.6480525582930121,0.0,0,subprime
2026-06-23,0.45801441078942196,0.1155609228163894,0,prime
2026-06-23,0.6784316074243846,0.0,0,subprime
2026-06-23,0.0580990292742934,0.1742658722115608,0,subprime
2026-06-23,1.5732353657249707,0.563266263026933,1,prime
2026-06-23,0.010108913509219681,0.7256007061993347,1,prime
2026-06-23,-1.1419051944565124,0.27569183326110613,0,prime
2026-06-23,-0.9723837936523001,1.0,1,subprime
2026-06-23,-0.6185196230998873,0.5132467567107037,0,subprime
2026-06-23,-1.7948817192777944,0.15429257345364486,0,subprime
2026-06-23,-1.4324199893852945,0.4403244034003095,0,prime
2026-06-23,-0.12040758836844095,0.061628483765269054,0,prime
2026-06-23,0.23697662129334454,0.25623677062938344,1,prime
2026-06-23,-1.3813550026167232,0.457477620424127,0,prime
2026-06-23,1.2635483006855646,1.0,1,prime
2026-06-23,0.3431876161045625,0.47326997566991824,0,subprime
2026-06-23,0.7205092964888877,0.3839799064041295,0,subprime
2026-06-23,-0.24085307348293425,0.3977989607281076,0,subprime
2026-06-23,1.0731084166406228,0.5513082028183236,0,prime
2026-06-23,0.45681867190347186,0.9385587795218185,1,subprime
2026-06-23,-0.35310881433329266,0.20342972056124167,0,prime
2026-06-23,1.0251620361468523,0.0,0,subprime
2026-06-23,0.38540404540818474,0.0,0,prime
2026-06-23,0.5242854581205931,0.9008709099160661,0,subprime
2026-06-23,-0.19008297559902504,0.9087292224642467,1,subprime
2026-06-23,0.8685956508835208,0.6918044508479708,0,subprime
2026-06-23,-1.1470953698478108,0.0,0,prime
2026-06-23,0.44605941227522644,1.0,1,prime
2026-06-23,-1.8007702155268654,0.14645135219160732,1,subprime
2026-06-23,1.1339877537199439,0.8011753788351508,1,prime
2026-06-23,1.2429076875834126,0.07145882751917318,0,prime
2026-06-23,-1.650295279580309,0.8450500614667059,1,subprime
2026-06-23,0.6910870732412799,0.8149164137053808,0,prime
2026-06-23,0.10109099455819381,0.07511848582946312,0,prime
2026-06-23,0.5977238337528666,0.6958929848060246,1,prime
2026-06-23,0.8680687547676654,0.679488129981364,0,prime
2026-06-23,-1.2739990433248929,0.9882308390537998,1,prime
2026-06-23,-0.8316500996971483,0.28168091060033396,1,prime
2026-06-23,0.6271210367549563,1.0,1,prime
2026-06-23,2.5715364862103507,0.25927447342264864,0,prime
2026-06-23,1.2369535471808175,0.7029891898710596,0,subprime
2026-06-23,0.34730922473112524,0.8467538168894303,1,prime
2026-06-23,-0.0015004159338981402,0.8636380547424581,1,prime
2026-06-23,1.442725109880478,0.7961279461869541,1,subprime
2026-06-23,-1.2270738397989769,0.0,0,subprime
2026-06-23,-0.13386883778865036,0.6624161556572572,0,subprime
2026-06-23,-0.09917018607227032,0.4566517471134522,1,subprime
2026-06-23,-0.4789656961468524,0.46749613297111436,1,prime
2026-06-23,0.7311460993803103,0.14928469567735086,0,subprime
2026-06-23,-0.11766484087473285,0.4620560056757576,1,subprime
2026-06-23,0.4105588912057526,0.36088912593040423,1,prime
2026-06-23,-1.7254074766093876,0.07157817272862221,0,prime
2026-06-23,1.9987737392801004,0.4347424477576347,1,prime
2026-06-23,0.5095890747568245,0.5107387986383035,1,prime
2026-06-23,0.8790954155896993,0.772810995604393,1,prime
2026-06-23,-1.3355639151168384,0.0,0,prime
2026-06-23,1.4457502162031692,0.3660131327935956,1,prime
2026-06-23,-0.24229764471062382,0.42531815992561517,0,prime
2026-06-23,-0.6531014826460542,0.18347321458666094,0,subprime
2026-06-23,-1.6386514199046287,0.5289684702258044,0,subprime
2026-06-23,-0.6305804330491558,0.9350820650225522,1,subprime
2026-06-23,-0.13765236546448226,1.0,1,prime
2026-06-23,-0.5380869545236696,0.12185355582882537,0,prime
2026-06-23,-0.416990121555588,0.08384242010939111,0,subprime
2026-06-23,-0.20003913090287004,0.4656058148810119,0,prime
2026-06-23,-0.36181327604434066,0.12364543580106646,1,prime
2026-06-23,0.08464234442942027,1.0,1,subprime
2026-06-23,0.08496385462960578,1.0,1,prime
2026-06-23,0.9797177517478018,0.5362885709380962,0,prime
2026-06-23,-0.16067691296116976,1.0,1,prime
2026-06-23,-1.049795255812935,0.5492377490486184,1,prime
2026-06-23,-0.20657721891342806,0.031760686467724814,0,prime
2026-06-23,0.5063368822856448,0.04846072897201076,0,subprime
2026-06-23,0.7982521828206111,1.0,1,prime
2026-06-23,0.07508351486779104,0.5797037355377784,1,prime
2026-06-23,-1.326321833266294,1.0,1,prime
2026-06-23,0.6851878233228967,1.0,1,subprime
2026-06-23,-0.9860298557694731,0.0,0,subprime
2026-06-23,-0.8032221485717259,0.6196853992787751,1,prime
2026-06-23,1.7726723776162392,0.4524282221716521,0,prime
2026-06-23,-0.03510929255578945,1.0,1,prime
2026-06-23,1.043512376595642,0.7618112551852496,1,prime
2026-06-23,-1.0175770940343263,0.2715670059816516,0,subprime
2026-06-23,-0.5481925758359304,0.9762121660248609,1,prime
2026-06-23,-0.6007405506649778,0.5652269853601757,1,subprime
2026-06-23,2.2237215553344076,0.9665808418847566,1,prime
2026-06-23,0.1030576608334803,0.635439405045384,0,subprime
2026-06-23,0.26434773575425147,0.0,0,prime
2026-06-23,0.497109344615313,0.9115552875859632,1,prime
2026-06-23,2.4609881472431403,0.5130747460790837,0,prime
2026-06-23,-0.3286264156795779,0.7550724965108351,1,prime
2026-06-23,-0.0854099674021238,0.0,0,prime
2026-06-23,-1.6818023632264418,0.363119964600081,0,prime
2026-06-23,-0.8233415956707488,0.7460938915141683,1,subprime
2026-06-23,-1.4759265090003482,0.8126164818793038,1,prime
2026-06-23,0.32683839083871147,0.2379983845633854,1,prime
2026-06-23,-1.1401478514490213,0.9561947355284475,1,subprime
2026-06-23,1.0247138102137154,0.7210354645994478,1,prime
2026-06-23,0.798564113386489,0.5194257626619283,1,subprime
2026-06-23,0.8506142271005757,0.9477143311032936,1,prime
2026-06-23,-1.5011242367068707,0.9999040953885824,1,subprime
2026-06-23,-0.7431252417973664,0.3667770002053499,1,prime
2026-06-23,-1.298522758541281,0.8262864157598333,0,prime
2026-06-23,-0.9511696383957884,0.3322901303330034,1,subprime
2026-06-23,1.0952566408191702,0.0,0,prime
2026-06-23,-1.6567898064535849,0.3864772154839181,0,prime
2026-06-23,-1.0645594840057606,0.0,0,prime
2026-06-23,1.288575313167111,0.6186988586321418,1,prime
2026-06-23,-0.1455792195240791,0.26749118121838183,0,prime
2026-06-23,-0.8907516782782374,1.0,1,subprime
2026-06-23,1.2750574780013109,0.8574975089575092,0,subprime
2026-06-23,0.7337805777322851,0.6345136703870677,1,subprime
2026-06-23,-0.14462737621957872,0.12669851856804748,0,prime
2026-06-23,0.9184999808847208,0.7121991488525217,0,subprime
2026-06-23,0.9605686727672904,0.6689198659349779,1,subprime
2026-06-23,0.4010563447305592,0.52850822213469,1,prime
2026-06-23,-1.2773441423105345,0.7394577426139991,1,subprime
2026-06-23,-0.5382879947225305,1.0,1,subprime
2026-06-23,0.8466724062515426,0.0,0,prime
2026-06-23,0.2776286069370844,0.0,0,prime
2026-06-23,-0.9524739695343938,0.6175892734686576,0,prime
2026-06-23,-0.167529643779967,1.0,1,subprime
2026-06-23,1.303153573373633,0.9700170046160149,1,subprime
2026-06-23,-0.805726010930509,0.25146461616807836,0,prime
2026-06-23,0.5074902595717105,0.5014819400471116,1,prime
2026-06-23,-0.7337482200793234,0.6351050769374409,0,prime
2026-06-23,-0.7238868520718488,1.0,1,prime
2026-06-23,-0.9595885367880997,1.0,1,subprime
2026-06-23,-0.4993925022443867,0.0,0,prime
2026-06-23,1.5173724421377264,0.21163868447543413,0,prime
2026-06-23,-1.8208126810113714,0.9329867930827715,1,prime
2026-06-23,0.31674583480131707,0.6517923894433719,1,prime
2026-06-23,1.393359953514346,1.0,1,prime
2026-06-23,1.3988987813667861,0.40049468335501065,1,prime
2026-06-23,0.4759404058665053,0.14132426248905533,0,prime
2026-06-23,1.3654856805070754,1.0,1,prime
2026-06-23,-0.5503778543557899,0.22026855466313192,0,prime
2026-06-23,0.8130275885461085,0.0,0,prime
2026-06-23,-0.4084465695521445,0.6500516324687284,0,subprime
2026-06-23,-0.8095122133022957,0.0,0,subprime
2026-06-23,-0.5594723652042951,0.8002695881525328,1,prime
2026-06-23,-0.8677798346669274,0.0,0,prime
2026-06-23,-0.6392686316553577,1.0,1,prime
2026-06-23,0.7743145584017991,0.0,0,prime
2026-06-23,0.09473179833343606,0.17619563061930718,0,prime
2026-06-23,0.07538180589947654,0.44063059373376456,0,prime
2026-06-23,0.8006490830010058,0.521629928444899,1,prime
2026-06-23,0.2498394613905622,1.0,1,prime
2026-06-23,-0.5402924283607358,0.5022524089110012,1,prime
2026-06-23,-0.07866517782282728,0.2980269935212217,1,prime
2026-06-23,-0.7260151896158361,0.6792036393795231,0,subprime
2026-06-23,-0.24990701965285897,1.0,1,subprime
2026-06-23,-1.4839172186871799,0.0,0,prime
2026-06-23,-0.4194842793229586,0.17434514950189436,0,subprime
2026-06-23,-0.08386945985741605,0.0,0,prime
2026-06-23,1.6255861916575138,0.6556084761077853,1,subprime
2026-06-23,-0.1434548237049527,0.5761833017697525,0,subprime
2026-06-23,1.5552166239449654,0.3107645552985564,0,prime
2026-06-23,-2.4347063136241793,0.7396729300569052,1,prime
2026-06-23,0.08543868259775601,0.7187443180711107,1,prime
2026-06-23,1.0328862749222674,1.0,1,prime
2026-06-23,-2.066375269090335,0.32326949217787204,0,prime
2026-06-23,0.2871147692752193,1.0,1,prime
2026-06-23,-0.5628486270812122,0.0,0,subprime
2026-06-23,-0.18328346687082056,0.0,0,prime
2026-06-23,-0.016535970702420223,0.9717893515396195,1,prime
2026-06-23,-1.0907696880559734,0.0,0,prime
2026-06-23,-1.081787836345248,1.0,1,prime
2026-06-23,-0.6824086026677093,0.5801595937562998,0,subprime
2026-06-23,0.8126208972179692,0.10314160608361293,0,prime
2026-06-23,0.23139178649756473,0.1040207338131877,0,subprime
2026-06-23,-0.023233026799722823,0.9204983730020568,1,prime
2026-06-23,-0.8133455683566343,0.9253052731162249,1,prime
2026-06-23,-1.8145997588206442,0.7136815559307246,1,subprime
2026-06-23,-1.5701169335523268,0.48210841603580196,0,subprime
2026-06-23,0.5021329903948175,0.65439235943076,1,subprime
2026-06-23,-0.15382422194455306,0.30799867621082344,0,subprime
2026-06-23,-1.7332596369223372,0.941507846219875,0,prime
2026-06-23,2.697361436808928,0.9744610557981856,1,subprime
2026-06-23,2.806456146337429,0.2511280909554853,0,prime
2026-06-23,0.294450066335898,0.6479819274046117,0,prime
2026-06-23,-1.3210914944206795,0.0,0,prime
2026-06-23,1.7563061085175085,0.8168504501995193,1,prime
2026-06-23,-0.5641283610058888,0.9774577620088258,1,prime
2026-06-23,-1.24219078648913,0.9112174439517455,1,prime
2026-06-23,1.4903077920288192,0.3363946066076042,0,subprime
2026-06-23,-1.1548938091768877,0.0,0,prime
2026-06-23,-0.9262706792011363,0.8545767840194671,1,prime
2026-06-23,-0.26631480372660926,0.33019210582556946,0,prime
2026-06-23,0.3563442532977911,0.19666611025115896,0,prime
2026-06-23,1.5319567031050019,0.1189547991761203,0,subprime
2026-06-23,0.6191813356727193,0.7259915866252012,1,prime
2026-06-23,-0.8310830694127372,0.9113409900689752,1,prime
2026-06-23,0.07636392625189904,0.3998066829891348,0,subprime
2026-06-23,1.4948629128225157,0.04240753669021896,0,prime
2026-06-23,0.16655229454614498,0.0,0,prime
2026-06-23,-1.0929266283445358,0.41514059725578895,1,prime
2026-06-23,0.26311544882504206,0.581134923785153,1,prime
2026-06-23,-0.1394596717668635,0.29232483097499073,0,prime
2026-06-23,-0.9523153291687008,1.0,1,prime
2026-06-23,-0.39446178678479443,0.678474128218353,1,prime
2026-06-23,-0.3357854580602206,0.35391943023751005,1,subprime
2026-06-23,-0.6021086875849561,0.3558030727978423,0,subprime
2026-06-23,-0.4132140782785897,0.0,0,subprime
2026-06-23,-0.529994401383683,0.7635392066773897,1,prime
2026-06-23,-1.30163643567327,0.5763661985263604,1,subprime
2026-06-23,0.17812416194541905,0.33700811737843295,0,prime
2026-06-23,0.43717090921069296,0.06745497080295612,0,subprime
2026-06-23,0.5102147140189491,0.09913201238528097,0,prime
2026-06-23,-1.166399542894614,0.7518471776718952,1,prime
2026-06-23,-0.7294789666448392,0.6884515609401588,1,prime
2026-06-23,0.6152705056171852,0.6069597759632263,1,subprime
2026-06-23,0.5877773818193441,0.0,0,subprime
2026-06-23,-1.2282623296513133,0.6583635877437443,1,prime
2026-06-23,-0.2072296250175428,0.6939630588923474,1,prime
2026-06-23,0.16811149857062996,0.35866476499747596,1,prime
2026-06-23,-0.8022393196027767,0.0,0,prime
2026-06-23,-1.3523606923879348,0.37638334040411536,1,prime
2026-06-23,0.3005180922717423,0.0,0,subprime
2026-06-23,-0.5652205044105152,0.3645017604931641,0,subprime
2026-06-23,0.6934850282886001,0.35021462003692694,0,prime
2026-06-23,-0.04975835965315188,1.0,1,prime
2026-06-23,-0.6695838281163902,0.3633968719010523,0,prime
2026-06-23,0.06568569059722501,0.17091587140618414,0,prime
2026-06-23,-0.3869235341991818,0.14031021725635845,0,prime
2026-06-23,0.43662762829905083,0.0,0,prime
2026-06-23,0.5056409589989291,0.9506149021840701,1,subprime
2026-06-23,0.15317747630281855,0.6849221433990098,1,subprime
2026-06-23,-0.058681849093772595,0.2984494859476903,1,prime
2026-06-23,0.798249164972947,0.401686895851249,1,prime
2026-06-23,-0.23372943857696227,0.9180439185817445,1,subprime
2026-06-23,1.065234642613234,0.6032307914101429,1,prime
2026-06-23,0.6083429602270116,0.5075361238245992,0,subprime
2026-06-23,-1.383746828499738,0.13212357215695814,0,prime
2026-06-23,-0.5882498111996394,0.6202776016037865,1,subprime
2026-06-23,-0.7914783456258278,0.454799468813605,1,prime
2026-06-23,0.24231191163151128,0.22514842018408354,1,subprime
2026-06-23,-1.1082227959914148,0.7875286754804107,1,prime
2026-06-23,-1.086760355137019,0.7444929966057775,1,prime
2026-06-23,0.6024750973721922,0.6083769319563613,1,subprime
2026-06-23,-0.029498244264722053,0.831174655306314,1,prime
2026-06-23,2.181595157764324,0.9287499043406325,1,prime
2026-06-23,-0.7394622440921057,0.15785595373618244,0,prime
2026-06-23,-2.0095687848714987,0.9138778875177943,1,prime
2026-06-23,-1.2318195591098344,1.0,1,subprime
2026-06-23,1.334319831522678,1.0,1,subprime
2026-06-23,-0.20475537944972277,0.3572106124976936,0,prime
2026-06-23,0.5945206891151583,0.8642365545365743,1,prime
2026-06-23,-0.10165169502763474,0.2064647458792523,0,prime
2026-06-23,-1.3564084508329732,0.02137722091578087,0,prime
2026-06-23,1.619769022168453,0.28395768235001945,0,subprime
2026-06-23,-0.7850488854330891,1.0,1,prime
2026-06-23,-1.730038133616792,0.6480993487626405,0,prime
2026-06-23,0.45508396821650177,0.7184343743843261,0,prime
2026-06-23,-2.565029998933701,0.2168763565585389,0,subprime
2026-06-23,0.8435222958788724,0.0,0,prime
2026-06-24,1.5947600611632216,0.25487027927492656,0,prime
2026-06-24,-0.007788124335716956,0.0,0,prime
2026-06-24,-1.5143779090573728,1.0,1,prime
2026-06-24,-0.8735759710198573,0.8457465971570377,1,subprime
2026-06-24,-1.0929477813525132,0.9587634911535615,1,prime
2026-06-24,-0.23912369561219776,0.9068895156459185,1,prime
2026-06-24,-0.4770709679076589,0.0494875853344143,0,prime
2026-06-24,0.4203807493479976,0.0,1,prime
2026-06-24,0.09786140624330324,0.9506815070096368,1,prime
2026-06-24,0.4082628731325091,1.0,1,prime
2026-06-24,-0.49900116243871995,0.410047883014493,0,prime
2026-06-24,0.04999163812663814,0.95565876292134,1,prime
2026-06-24,-0.436578704272017,0.09396868362140962,0,subprime
2026-06-24,1.1849758302971434,0.371109507296391,0,prime
2026-06-24,1.513110865488777,0.8222420087770362,1,subprime
2026-06-24,-2.243636838561546,0.4031574833384238,0,prime
2026-06-24,-0.3959507461736952,1.0,1,prime
2026-06-24,-0.019264413156786155,0.7876592438613449,0,prime
2026-06-24,-0.15090079297935108,0.7245201329491815,0,subprime
2026-06-24,-0.6928485964378239,0.8531760788155258,1,prime
2026-06-24,-0.2272270368425835,0.16529347753875961,0,prime
2026-06-24,0.8542269112947326,0.6353975644752428,0,prime
2026-06-24,-0.7379071233279051,0.19053353699181697,0,prime
2026-06-24,0.14289615139524228,1.0,1,prime
2026-06-24,0.7327253501062995,0.8479764941680106,1,subprime
2026-06-24,1.8194193980480233,0.155125153644561,0,subprime
2026-06-24,-0.14355074684480543,0.04887748245863216,0,prime
2026-06-24,-0.7448703240231653,1.0,1,prime
2026-06-24,-0.9468933085662942,0.10366359186498914,0,subprime
2026-06-24,0.05575479665692964,0.9415016536929585,1,prime
2026-06-24,-0.5258314309839955,0.09668014062271083,0,prime
2026-06-24,-1.0041822168133583,0.29446010164375763,0,subprime
2026-06-24,0.11604488019385793,1.0,1,prime
2026-06-24,-0.2863396457139809,0.2430623672824641,1,prime
2026-06-24,1.3070599431164036,0.2238443608516688,0,prime
2026-06-24,-0.09631770497338434,0.15656148501190031,0,prime
2026-06-24,-0.5804081224250258,0.34547248454638246,0,prime
2026-06-24,2.494896521345302,0.6896138085960671,0,prime
2026-06-24,-0.35049422617523257,1.0,1,prime
2026-06-24,0.03250820420751391,0.0,0,subprime
2026-06-24,-2.225605231106269,0.06725795577180169,0,prime
2026-06-24,0.5494870453342855,1.0,1,prime
2026-06-24,0.5074890839054325,0.05999381225455294,0,prime
2026-06-24,-1.0354471947351458,0.6033931858253434,1,subprime
2026-06-24,-0.28422168426964595,0.25220710352906933,0,prime
2026-06-24,-0.37290826807420985,0.7551245400158668,0,prime
2026-06-24,2.1005871602203867,0.2992581683699689,0,prime
2026-06-24,-1.9602870470851803,0.22334740367701716,0,prime
2026-06-24,-0.35866582289020676,0.6128377169811969,0,prime
2026-06-24,0.23104445585561517,0.23592655134715212,0,prime
2026-06-24,-1.094827922295943,0.863308411849463,1,prime
2026-06-24,-0.0501026749785211,0.6726377658284024,0,prime
2026-06-24,-0.9539157066514895,0.09651570504337037,1,subprime
2026-06-24,-0.4139527285414182,1.0,1,prime
2026-06-24,0.3944081392609786,0.8848823813500251,1,prime
2026-06-24,-0.6896685411234069,0.004503877833927028,0,prime
2026-06-24,-0.5374918928929412,0.251429636675117,0,prime
2026-06-24,0.9998736010098324,0.0,0,subprime
2026-06-24,-0.27639749839201383,0.0,0,prime
2026-06-24,-1.3342453185612135,0.00401455305039386,0,prime
2026-06-24,0.4963595162935667,0.6966648315058506,0,prime
2026-06-24,0.47063756327449957,0.6288340988458826,1,prime
2026-06-24,-0.05858026392514859,0.0,0,prime
2026-06-24,-0.7682041141353217,0.9004310296243172,1,prime
2026-06-24,0.5161028829666982,0.4881754856133282,0,subprime
2026-06-24,0.5063156436739088,0.0,0,subprime
2026-06-24,0.3998243162002696,0.5964411377859941,1,subprime
2026-06-24,1.1018168774013068,0.0,0,subprime
2026-06-24,0.44604026295518895,0.7576859855596649,1,prime
2026-06-24,1.0096639357260926,0.4926552701833228,1,subprime
2026-06-24,-1.4360510194562592,0.0,0,prime
2026-06-24,-0.2874692154968329,0.2334731256378315,0,prime
2026-06-24,-1.005707150675527,0.19913903896087745,0,prime
2026-06-24,-1.3709429382541454,0.4189486584978689,0,prime
2026-06-24,0.1573953065928841,0.10487946813196987,0,prime
2026-06-24,0.2582588864768587,0.8901972901541755,1,subprime
2026-06-24,0.720289765508062,0.0,0,prime
2026-06-24,-0.4824496417621835,0.853989387230898,1,prime
2026-06-24,2.089578165735247,0.5271388449939723,1,subprime
2026-06-24,-0.8856848848165637,0.0,0,subprime
2026-06-24,0.11049165804244751,0.8177802580817011,1,prime
2026-06-24,-0.010696678567475663,0.0,0,prime
2026-06-24,1.3343344149272498,0.662567561103056,1,prime
2026-06-24,1.7505132333921805,0.13023937208357594,1,subprime
2026-06-24,0.42063692271586645,0.6357402121763664,1,prime
2026-06-24,0.08116156379796535,0.8844895312061605,1,prime
2026-06-24,0.6836633444832528,0.6096672592557429,0,subprime
2026-06-24,0.14041099100512647,0.05235815750493583,0,subprime
2026-06-24,-0.1512185175425363,0.5292692323539292,1,prime
2026-06-24,-0.48882228965963354,0.3179924687116658,0,subprime
2026-06-24,0.20556671394580672,1.0,1,prime
2026-06-24,0.12960542040107503,1.0,1,subprime
2026-06-24,0.22381847880875394,0.929253492037529,1,prime
2026-06-24,1.9889939479124805,0.0,0,prime
2026-06-24,-0.6034633315307804,0.7933208925516443,1,prime
2026-06-24,-0.06306517780571864,0.14505409812252526,0,prime
2026-06-24,0.7917055162633102,1.0,1,prime
2026-06-24,-1.6730298078784036,0.0,0,prime
2026-06-24,0.054193601999442564,0.11100737639770399,0,prime
2026-06-24,-1.0782084506665437,0.7781152120717353,1,subprime
2026-06-24,2.322140601097848,0.14533942934070046,0,subprime
2026-06-24,2.063125160186486,0.9085929775707384,1,prime
2026-06-24,0.07803277385476602,0.0,0,subprime
2026-06-24,-0.5810118155996458,0.46051654525111,1,subprime
2026-06-24,-0.05190190185669216,0.0,0,prime
2026-06-24,0.3455242895507606,0.5613637878351592,0,prime
2026-06-24,1.2224082089968396,0.46419022278215266,1,prime
2026-06-24,1.2358756433974871,0.9540575607549233,1,prime
2026-06-24,0.984912197125009,0.1010152531495774,0,prime
2026-06-24,0.07167954271766226,0.7686364803188932,1,prime
2026-06-24,-0.5240847386259003,0.05002503037407127,0,subprime
2026-06-24,-0.07058792182423206,0.9992331553945313,1,prime
2026-06-24,-0.53370839933249,0.04862361457349265,0,subprime
2026-06-24,1.1751856565667413,0.1830922045300195,0,prime
2026-06-24,-1.8282118910664082,0.6986174981988319,0,subprime
2026-06-24,-0.8447031945485663,1.0,1,subprime
2026-06-24,2.1114119703156398,0.7495076323162632,1,prime
2026-06-24,0.23845558163289673,0.14990796917131977,0,prime
2026-06-24,0.9112521789732311,0.40212585185468314,1,prime
2026-06-24,0.21540838273450208,0.49825358203040027,0,subprime
2026-06-24,-0.28163235278134885,0.0,0,subprime
2026-06-24,-0.4060159156789981,0.0,0,prime
2026-06-24,-0.6343368307326819,0.3645373137801646,1,prime
2026-06-24,-0.9966572169853356,1.0,1,prime
2026-06-24,-0.5302259377344847,0.4684642247038935,0,prime
2026-06-24,-0.4255967168986708,0.05331958275539786,0,prime
2026-06-24,-1.285678385314733,0.4574174508993081,0,prime
2026-06-24,0.1691613582662632,0.25613008134264603,0,subprime
2026-06-24,-0.15759264681455668,0.8638704150245868,0,prime
2026-06-24,-0.05290516773170351,1.0,1,prime
2026-06-24,-1.2777419139964523,0.38777521435269885,0,subprime
2026-06-24,-0.7497296624650218,0.5627329331809727,1,prime
2026-06-24,1.4097712694633122,0.11237217798770154,0,subprime
2026-06-24,0.4340160196621242,0.0,0,prime
2026-06-24,0.505502560924084,0.9561592338091365,1,prime
2026-06-24,-0.1951399249525825,1.0,1,prime
2026-06-24,-0.6574480428720364,0.4042420996934706,0,prime
2026-06-24,0.7305012991198078,0.0,0,subprime
2026-06-24,-0.6128852853044212,0.8266607130017629,1,subprime
2026-06-24,2.6148656045767757,0.5532363446181269,0,subprime
2026-06-24,0.03381355265868145,0.9603883455602885,1,subprime
2026-06-24,0.5554250314677232,0.6841115389954864,0,subprime
2026-06-24,-1.049981762909721,0.7214837310263249,0,prime
2026-06-24,-1.2402985621251272,0.19076526819106795,0,subprime
2026-06-24,-1.0703151782690157,0.3736485662689094,0,subprime
2026-06-24,-0.8283143404230031,0.7254488055774234,1,prime
2026-06-24,-0.6543867838160933,0.973196309881512,1,subprime
2026-06-24,0.02423573294809659,0.9403260391824972,1,prime
2026-06-24,-0.22090329466607814,0.6743564707962713,1,prime
2026-06-24,-0.77559128924902,1.0,1,prime
2026-06-24,2.096483573051484,0.6500462867020267,1,prime
2026-06-24,0.2969875452196999,0.09881190241408233,0,prime
2026-06-24,0.7638847743108556,0.0,0,prime
2026-06-24,-0.5147112789933098,0.07015682372892848,0,subprime
2026-06-24,-0.6122216317759444,0.0,0,subprime
2026-06-24,-0.5479751465444545,0.010277176923210812,0,prime
2026-06-24,0.880247750229391,0.38546361572859394,0,subprime
2026-06-24,-1.5000671452280137,0.6228942008530788,1,prime
2026-06-24,1.0923570729322807,0.0,0,prime
2026-06-24,-0.7005194115168765,0.9121165323561738,1,prime
2026-06-24,-1.1088163794868435,0.0679471190881755,0,subprime
2026-06-24,-2.714442435768076,1.0,1,prime
2026-06-24,-0.8491323149135045,0.9566194953890326,1,prime
2026-06-24,0.8086401932673989,0.35586038671643183,1,prime
2026-06-24,-1.1389940886253216,0.3964061662929219,0,prime
2026-06-24,1.1611307824124417,0.6350688962617261,1,prime
2026-06-24,-1.340960197703995,0.46608810162499603,0,subprime
2026-06-24,0.7499989317207292,0.2789756511369994,0,subprime
2026-06-24,0.8959137377847729,0.5126382495887956,1,prime
2026-06-24,0.35258898508444947,0.7793224687052307,1,prime
2026-06-24,0.8345346988147073,0.17215380624513188,0,prime
2026-06-24,-1.1921674566981562,0.7940456368126136,1,prime
2026-06-24,0.002669651636219314,0.6953972700680995,0,subprime
2026-06-24,-0.005989324087321588,0.7219351409171978,1,prime
2026-06-24,2.2841687970009827,1.0,1,prime
2026-06-24,-0.28668851076296104,0.47223721957306103,1,subprime
2026-06-24,-0.4304063544822452,1.0,1,subprime
2026-06-24,0.3106632358661439,0.368682330946985,1,subprime
2026-06-24,0.40185528969994677,0.0,0,prime
2026-06-24,0.855453172692236,1.0,1,prime
2026-06-24,0.45067587805102244,0.0,0,prime
2026-06-24,1.0189149424824473,0.4965007238377238,0,subprime
2026-06-24,-0.8586484017565071,0.09961810027243992,0,subprime
2026-06-24,-0.9841442440178325,0.015562293199267885,0,prime
2026-06-24,-1.372089709125638,0.36146628297263883,0,prime
2026-06-24,-0.5278278466759668,0.47673367735375866,0,prime
2026-06-24,0.6332565812627537,0.9772096398256951,0,prime
2026-06-24,1.5761435991773438,0.6874495021410121,1,subprime
2026-06-24,-0.8121517388054474,0.0,0,prime
2026-06-24,0.16653397939869793,0.6638729135082508,0,prime
2026-06-24,1.8694255114240597,0.002639589081266658,0,subprime
2026-06-24,-0.016250519358258025,0.009769586473477226,0,prime
2026-06-24,-2.254589661797721,0.0,0,prime
2026-06-24,-1.4027233450452086,0.8369308483231148,1,prime
2026-06-24,-0.3518479444520734,0.5511626974331516,1,subprime
2026-06-24,-0.16269605388789285,0.0,0,prime
2026-06-24,0.04282213976211453,0.0,0,prime
2026-06-24,1.9172173185786454,1.0,1,prime
2026-06-24,-0.5329333632513678,0.4472562104076318,1,prime
2026-06-24,-2.085065922200231,0.5154579512513024,0,subprime
2026-06-24,0.23337635074327015,1.0,1,prime
2026-06-24,0.24645487866135876,0.9206193148121369,1,subprime
2026-06-24,-1.1855781809769457,0.7111824270127173,1,subprime
2026-06-24,1.6842610186552482,0.0,0,prime
2026-06-24,-0.5041570638941569,0.24485069002731685,1,prime
2026-06-24,-0.21214354457343998,0.9925022488628819,1,prime
2026-06-24,-1.058199695773456,0.047386155271766345,0,prime
2026-06-24,-1.0425520393789383,1.0,1,prime
2026-06-24,-0.322673195504276,0.18168984761801923,0,prime
2026-06-24,0.4463285708152508,0.3842578774120191,0,subprime
2026-06-24,-1.8572689765355543,0.30466086306533574,1,prime
2026-06-24,0.9708730804539137,0.2502265011008952,0,subprime
2026-06-24,-1.0022419042107125,0.7214831054279904,1,prime
2026-06-24,-0.4776702486909154,0.0,0,subprime
2026-06-24,-0.6752186165001625,0.02562422486355656,0,prime
2026-06-24,-1.8312117789657354,0.38448789336585965,0,prime
2026-06-24,-1.1125075542154401,0.5944206426400209,0,prime
2026-06-24,1.1314571469928165,0.0,0,prime
2026-06-24,-1.0899838347415118,1.0,1,prime
2026-06-24,-0.3671136905598629,0.5784905398402416,1,prime
2026-06-24,-0.8522397514033059,1.0,1,prime
2026-06-24,0.6582087584155458,0.42055319549220027,1,prime
2026-06-24,0.0003000777307185379,0.2967077859800347,1,prime
2026-06-24,1.2581248029034977,0.0,0,prime
2026-06-24,0.30435592826207586,0.9341528054370456,1,prime
2026-06-24,-0.3562259057750709,1.0,1,prime
2026-06-24,0.17796843807775775,0.5174044510994888,1,subprime
2026-06-24,-0.7617723986834839,0.423247254784722,0,prime
2026-06-24,0.5112714476640536,1.0,1,subprime
2026-06-24,-1.1672448692548478,0.0,0,prime
2026-06-24,-0.4179988672632414,0.6858648311465638,0,subprime
2026-06-24,0.10325723731098506,0.698653327549249,0,subprime
2026-06-24,0.4526928814296267,0.8417798092551828,1,subprime
2026-06-24,0.28968481698680204,0.2707550144769769,0,prime
2026-06-24,-0.23238645364943766,0.36450818306933674,0,prime
2026-06-24,0.014974440232881693,0.9832363262757857,1,subprime
2026-06-24,1.038533499185142,0.0,0,prime
2026-06-24,1.20067770763308,0.9189595036929237,1,prime
2026-06-24,-0.5651850367897092,0.2539638332063188,0,prime
2026-06-24,-0.4105650036463034,0.6409617161074488,0,prime
2026-06-24,-0.657369311183192,0.0,0,prime
2026-06-24,-0.780419546038488,0.15259720896875043,0,prime
2026-06-24,0.6842070331195421,0.8217713930692581,1,subprime
2026-06-24,0.5127240216219403,0.2326002256862374,1,subprime
2026-06-24,-0.32658251381836756,1.0,1,prime
2026-06-24,1.3725780265941354,0.7428820390008751,1,prime
2026-06-24,0.38870217257492706,0.8727920512243342,1,prime
2026-06-24,-2.4613261782716367,0.0,0,prime
2026-06-24,-0.7526320769787165,0.0,0,prime
2026-06-24,0.5511854532539952,0.15257524627392072,0,prime
2026-06-24,0.3243965160975855,0.7344375806514957,1,subprime
2026-06-24,-0.13818362461183217,1.0,1,prime
2026-06-24,0.3786933180664994,0.0,0,subprime
2026-06-24,-1.2584904456916621,0.3380634130756881,0,prime
2026-06-24,-0.9930860542186335,0.2531088208045815,1,prime
2026-06-24,-0.20117845631119927,0.2741128085078175,1,subprime
2026-06-24,1.426095191651111,0.586177418398693,0,subprime
2026-06-24,1.341372964639352,0.4916709438998727,0,prime
2026-06-24,-0.11127202484978754,0.6175408522136753,1,prime
2026-06-24,-1.2733328941034525,0.0,0,prime
2026-06-24,-0.2418326039896105,0.8429947067826205,1,prime
2026-06-24,1.0993809548052582,0.27030729492816785,0,subprime
2026-06-24,-0.5929039347194766,1.0,1,prime
2026-06-24,-0.7740169784580282,1.0,1,prime
2026-06-24,-1.753234092840086,0.42184252752967144,0,subprime
2026-06-24,-0.16236969756991598,1.0,1,prime
2026-06-24,0.8568624860030326,1.0,1,prime
2026-06-24,0.47036779751568064,0.13913573027335274,0,subprime
2026-06-24,-1.0600995674001457,0.0,0,subprime
2026-06-24,-1.477952111302504,0.46389464440394335,0,prime
2026-06-24,-0.9226680888023578,0.69396510456089,1,subprime
2026-06-24,-0.12322504618629145,0.8822368923574464,0,subprime
2026-06-24,1.443225608122211,1.0,1,prime
2026-06-24,-0.8676488570514846,0.30403397005171295,0,prime
2026-06-24,0.45279386473600786,0.16001712698928433,0,prime
2026-06-24,1.5293880688417387,0.6255671481073248,0,subprime
2026-06-24,1.6318343081514664,0.6303442199441344,0,subprime
2026-06-24,1.2109483967122974,0.0,0,subprime
2026-06-24,0.16735828957008736,0.11137448309011065,0,prime
2026-06-24,0.297411583629192,0.015752877104640878,0,prime
2026-06-24,-0.7756676252084667,0.3290612151829539,0,subprime
2026-06-24,-0.14461311921800002,1.0,1,prime
2026-06-24,2.3493601420407892,0.24213784242747305,0,subprime
2026-06-24,-0.8073617967429221,0.03812628086888184,0,subprime
2026-06-24,1.8324377945334678,0.5325136307703757,0,subprime
2026-06-24,-1.4083794853535996,0.8285635038788159,1,subprime
2026-06-24,-0.1209665060708125,0.9805139936931264,1,subprime
2026-06-24,-1.1955517068279131,0.2629159339044075,0,subprime
2026-06-24,0.195272702389082,0.09342382670149274,0,prime
2026-06-24,0.39373067000911494,0.389956977076191,1,prime
2026-06-24,2.453984291744647,0.7621053671681016,1,prime
2026-06-24,0.3641093298451833,0.4147394721501986,0,prime
2026-06-24,-0.3850293456849044,0.916155056917269,1,subprime
2026-06-24,-1.15387689283086,1.0,1,prime
2026-06-24,-0.08293711616567535,0.9074934417668419,1,prime
2026-06-24,-0.4241424613105058,0.5481874582065213,1,prime
2026-06-24,0.16300974361741746,0.0,0,subprime
2026-06-24,-2.7781817919212326,1.0,1,subprime
2026-06-24,-1.293463714037234,0.0,0,subprime
2026-06-24,0.2320287597754914,0.4533699410842263,0,prime
2026-06-24,2.436407335706155,0.9778524263376175,1,subprime
2026-06-24,-1.3877415346600765,1.0,1,prime
2026-06-24,1.3896410711810725,0.05831032909902023,1,prime
2026-06-24,-0.42978551736175835,1.0,1,subprime
2026-06-24,0.11913396763882013,0.23471797303707478,0,prime
2026-06-24,1.736101756800443,1.0,1,prime
2026-06-24,0.3682382513962147,0.5215922665012087,1,prime
2026-06-24,-0.36282172418184905,0.8056103126477755,1,prime
2026-06-24,-0.09351302107548085,0.37724209138491077,0,prime
2026-06-24,0.7205671913161062,1.0,1,prime
2026-06-24,1.17068331105724,0.8224349612865043,0,subprime
2026-06-24,-0.7545397762354336,1.0,1,prime
2026-06-24,0.2976742019058801,0.6813274829578538,1,prime
2026-06-24,-0.060385773501050996,0.0,0,prime
2026-06-24,0.9652786337325359,0.0,0,prime
2026-06-24,1.4825985778144029,0.6875717432331953,1,prime
2026-06-24,1.1712067931638472,0.13161005117119023,0,prime
2026-06-24,0.5144976233614359,1.0,1,prime
2026-06-24,-0.46237209371674326,0.7790186623149912,1,prime
2026-06-24,-0.5673297236714314,0.04160591488210261,0,subprime
2026-06-24,-1.551088246749055,0.5246010960097269,0,subprime
2026-06-24,1.564719573878651,0.7969682690933124,1,prime
2026-06-24,-0.8347736518122527,1.0,1,subprime
2026-06-24,-0.021320596746006778,0.7770580854692268,1,subprime
2026-06-24,1.1148378336087075,0.8749571111995016,1,prime
2026-06-24,-0.5909021763042854,0.04262259467997945,0,prime
2026-06-24,0.2713821439109077,0.04554509657314279,0,prime
2026-06-24,-1.8118226305043488,0.5501994853232138,1,prime
2026-06-24,0.6682732671317035,0.9033460049152596,1,prime
2026-06-24,2.4631832310729425,0.0,0,prime
2026-06-24,-0.5466881234179626,0.4952884469378937,0,prime
2026-06-24,0.46042707280091916,0.6222925943393924,1,subprime
2026-06-24,-0.8772399002809599,0.5262728803378178,1,prime
2026-06-24,0.3122012156149507,1.0,1,prime
2026-06-24,-0.9511177172462312,0.5229943553607892,0,subprime
2026-06-24,-0.38746405145402646,0.4026422076710254,0,subprime
2026-06-24,0.7933543610705837,0.40859604865388377,0,prime
2026-06-24,-1.188074163429362,0.9895164413266695,1,prime
2026-06-24,1.6660973091755884,0.7186738063463554,0,prime
2026-06-24,-0.9498547598232482,0.5318700778494886,0,subprime
2026-06-24,-0.26689820753688726,0.3796292716890916,1,subprime
2026-06-24,-0.2952394359692447,0.9088960950523672,1,prime
2026-06-24,0.5290510441219034,0.31804654396193316,0,prime
2026-06-24,1.6839013422957647,0.21707408167087683,0,prime
2026-06-24,-1.9740549527374704,1.0,1,prime
2026-06-24,-0.4670022572656094,0.8030033430299648,1,subprime
2026-06-24,0.7948077447886146,0.29205047634781395,0,prime
2026-06-24,0.8359125484652516,0.890328385547003,1,prime
2026-06-24,-0.15647228667367763,1.0,1,prime
2026-06-24,-0.2055894146389044,0.3394757448550958,1,prime
2026-06-24,0.6359015402862189,0.7720383097164117,1,prime
2026-06-24,-1.0400662960797429,0.33863180595369347,1,prime
2026-06-24,-0.2925246634398811,0.9782151023656254,1,prime
2026-06-24,-0.11559699784506124,0.17904886577172358,0,prime
2026-06-24,-0.3219678978578464,0.24955665048125364,1,subprime
2026-06-24,2.5080824998656124,1.0,1,prime
2026-06-24,-0.15109865040892975,0.16918200025681907,0,prime
2026-06-24,-1.7439536259012405,0.25212679311303493,0,prime
2026-06-24,0.1077179656865324,0.5316324594412634,0,subprime
2026-06-24,0.277092768430355,0.8576294624263374,1,prime
2026-06-24,-0.12372963558411325,0.2063007903224865,1,prime
2026-06-24,-1.337930327699616,0.6770679485256209,1,prime
2026-06-24,-1.7161464425649375,0.7268506167667468,1,prime
2026-06-24,0.0888859189410992,0.31396910177336523,1,prime
2026-06-24,-0.5742082268250546,0.85984086157338,1,subprime
2026-06-24,1.8343094028869438,0.6222778388517851,1,subprime
2026-06-24,0.31302434268945767,0.335814024613265,0,subprime
2026-06-24,-0.45121687089297363,0.1487201715525322,0,prime
2026-06-24,0.28352216349365633,0.8267331022946574,0,prime
2026-06-24,1.6849210874153608,0.08810940424481215,0,subprime
2026-06-24,-0.7500038302260394,0.08072340866262076,0,subprime
2026-06-24,0.6492366855798777,0.7486575777817275,1,prime
2026-06-24,-0.34651244996997577,0.40216361740724316,0,prime
2026-06-24,0.6292135114735394,0.9573527870253387,1,prime
2026-06-24,0.747649357677318,0.30239373009232884,0,prime
2026-06-24,-1.2233773443611502,0.10270361337830698,0,prime
2026-06-24,-0.2243132655994866,0.7905380798002529,1,subprime
2026-06-24,-0.3215806084303212,0.7896896947896646,0,prime
2026-06-24,-1.8683625895128968,1.0,1,prime
2026-06-24,0.6593768557080115,0.6742678558583457,1,subprime
2026-06-24,0.761665647652303,0.47965114217831356,0,prime
2026-06-24,0.8545533329142441,0.20429476732046847,0,prime
2026-06-24,1.7473503830511814,0.3100246631210082,0,prime
2026-06-24,0.5340217827339255,0.8499809884112326,0,prime
2026-06-24,1.5658366127371006,0.7834287109807436,1,prime
2026-06-24,-0.7435256138219326,0.0,0,prime
2026-06-24,1.3511313499174817,0.4044563024604316,0,prime
2026-06-24,-1.0277239940457727,0.03209834069215012,0,prime
2026-06-24,1.596263484905553,0.5964069932728748,1,prime
2026-06-24,-0.6271856223686804,0.49348993291543264,1,prime
2026-06-24,0.3004911814880374,0.8487866902015815,1,prime
2026-06-24,-1.24881231914172,0.9163704280724108,1,subprime
2026-06-24,-0.21649020816837525,0.20011755150052318,0,prime
2026-06-24,0.6445735135481776,0.0,0,subprime
2026-06-24,-0.2611794754012543,0.0049994139045907715,0,subprime
2026-06-24,0.5383421449098266,0.0,0,prime
2026-06-24,-0.5783025969803127,0.05139208819654553,0,subprime
2026-06-24,1.1101140065136206,0.06029499755078885,0,prime
2026-06-24,1.2990413968141998,0.37562502966761185,1,subprime
2026-06-24,-0.05994639823065367,0.0,0,prime
2026-06-25,0.4831501430609827,0.0,0,subprime
2026-06-25,0.4566508454924614,0.7026876492765908,1,prime
2026-06-25,0.4656249168789019,0.5804599003802664,0,prime
2026-06-25,0.26055936549603687,0.8834239187094621,1,subprime
2026-06-25,-1.889057241147216,0.13928440933250266,0,prime
2026-06-25,0.06317861468586729,0.21239966439579017,0,subprime
2026-06-25,-0.20290312856168394,0.17503564906101093,0,subprime
2026-06-25,-0.2057996289020544,1.0,0,prime
2026-06-25,1.0957196357437564,0.8011931763380187,1,prime
2026-06-25,-0.244906831102066,0.0,0,subprime
2026-06-25,1.097624492597712,1.0,1,prime
2026-06-25,0.7193358179412831,1.0,1,prime
2026-06-25,-0.4584783204054964,0.6669693363644864,0,prime
2026-06-25,-0.8254715543864293,0.8818389267243607,1,prime
2026-06-25,0.6438804825511714,0.3547587317012331,1,prime
2026-06-25,1.588500545836357,1.0,1,prime
2026-06-25,-1.6451652997209905,0.9447180938807551,1,prime
2026-06-25,-0.17268654646299425,0.4268403235826296,0,prime
2026-06-25,-1.272221704519095,0.6630725404329478,1,subprime
2026-06-25,-0.3700713408339122,0.2870862502264057,0,prime
2026-06-25,-0.1150566790314298,0.5685618681918548,0,prime
2026-06-25,-0.16599703790731116,0.5824433373433225,1,prime
2026-06-25,-0.20612264521477222,0.19137421180445185,0,prime
2026-06-25,1.6309895526601388,0.4230385714250795,0,prime
2026-06-25,-1.4005870859287584,0.22985269066090616,0,prime
2026-06-25,0.9822508729733286,0.5732986786401275,0,prime
2026-06-25,0.795212373952436,0.2716578659370206,0,subprime
2026-06-25,0.030494286767879703,0.5000160686485073,0,prime
2026-06-25,-0.03610347121835081,1.0,1,prime
2026-06-25,0.45203147003084676,1.0,1,prime
2026-06-25,-0.7356712320196707,0.28437276757102165,0,prime
2026-06-25,-0.43927375253505485,0.03869246062773804,0,prime
2026-06-25,0.16163329467002419,0.7268616460919123,1,prime
2026-06-25,0.004914623920345294,0.0,0,prime
2026-06-25,-0.6105124554991913,0.3597127027440722,0,prime
2026-06-25,0.2341351781492091,0.09437775038432444,0,prime
2026-06-25,0.2690409701590087,0.20507109382929609,0,prime
2026-06-25,-0.9300199181716946,1.0,1,prime
2026-06-25,-0.397368914892863,0.41746918121074317,1,subprime
2026-06-25,0.7516688150610136,1.0,1,subprime
2026-06-25,0.6153487760089744,1.0,1,subprime
2026-06-25,-0.5223017539528398,0.3582822028075814,0,prime
2026-06-25,-2.1842654010678704,0.9449712367403089,1,prime
2026-06-25,-1.4070779916631284,0.19103112358727858,0,subprime
2026-06-25,-0.7475963811542442,0.3908246270278557,1,subprime
2026-06-25,0.7756441738645948,1.0,1,prime
2026-06-25,-0.583830574117303,0.38388807519885015,0,prime
2026-06-25,-0.8129579002507769,0.3884023172541561,0,prime
2026-06-25,1.734599376026021,0.17411273826637136,0,subprime
2026-06-25,-0.10233261182337626,0.6847687459218079,1,subprime
2026-06-25,-0.15921294965003138,0.9300935653946807,1,subprime
2026-06-25,1.6609694742858185,0.9938670189046068,1,prime
2026-06-25,0.7861342212870465,0.8435469057913397,1,prime
2026-06-25,1.344251573996546,0.3823172576829064,1,prime
2026-06-25,0.0759875057311409,0.0,0,subprime
2026-06-25,-1.2053547177319512,0.0,0,prime
2026-06-25,0.20564620942594822,0.5577523193262051,1,prime
2026-06-25,-0.37074839973136525,0.11919578030864339,0,prime
2026-06-25,0.17347315005346436,0.9633181832242796,1,prime
2026-06-25,-1.2975559404341896,0.8152829691556287,1,subprime
2026-06-25,0.02925420006883986,0.5434924904609746,0,prime
2026-06-25,-0.5791517144321123,0.09921894426306604,0,prime
2026-06-25,1.1923548226151754,0.2963581058985484,0,prime
2026-06-25,-0.388339402023449,0.21115218639501457,0,subprime
2026-06-25,-0.8532125842827349,0.7210111027412953,1,prime
2026-06-25,0.19994112919482102,0.6163934465183658,1,prime
2026-06-25,-0.1411854098781323,0.49771314422001883,1,prime
2026-06-25,-0.09929217015354114,1.0,1,prime
2026-06-25,-0.8601177423732456,0.25909611334814564,1,subprime
2026-06-25,0.007843514539581833,0.9326093328261644,1,prime
2026-06-25,-0.31043219117947557,0.4185115857608159,0,prime
2026-06-25,1.5640872045336653,0.7508609388733464,1,prime
2026-06-25,-0.13107458542675593,0.0,0,prime
2026-06-25,0.398809345782474,0.5729998107613894,1,subprime
2026-06-25,1.973615982077957,0.9867506571826934,1,subprime
2026-06-25,-0.3636396438241843,0.0,0,subprime
2026-06-25,-0.003693708812360805,0.8322934182198589,1,prime
2026-06-25,-0.9066405971616215,0.0,0,subprime
2026-06-25,-2.4766963121833094,0.0,0,prime
2026-06-25,0.9322131437429245,0.36454019310819713,0,prime
2026-06-25,-0.38099160389864645,0.622799967542423,0,subprime
2026-06-25,0.4462650480612961,0.6809481462395925,1,prime
2026-06-25,-1.4457093948216937,0.36330792433785347,1,prime
2026-06-25,-0.2718259323338584,0.026706725565721512,0,subprime
2026-06-25,-0.19229682197480855,0.3401220494271862,1,prime
2026-06-25,0.6644824317606789,0.9008461388714502,1,prime
2026-06-25,0.8119926198958481,0.619377345197873,1,prime
2026-06-25,-0.6175018250488999,0.15115648459781134,0,prime
2026-06-25,0.32954954221207794,0.6640391385881868,1,prime
2026-06-25,-0.44626913723814293,0.1255618959547567,0,prime
2026-06-25,0.16352942286674277,0.5730200160613601,1,prime
2026-06-25,-1.9588050680241482,0.7496038108885175,1,subprime
2026-06-25,0.24291525497446437,0.9811780866830621,1,prime
2026-06-25,0.703058828116995,1.0,1,prime
2026-06-25,-0.8646364112116163,0.513985587153787,1,prime
2026-06-25,1.8160971705604276,1.0,1,prime
2026-06-25,-0.4797312696320131,0.10340027451780498,0,prime
2026-06-25,-2.650800706563487,0.8891447444838437,1,subprime
2026-06-25,0.00216614857325512,0.08275511032055963,0,prime
2026-06-25,0.3237425458945249,1.0,1,prime
2026-06-25,0.7181531845051081,0.5150062687487782,1,prime
2026-06-25,-0.1282147786508067,0.2607718526505799,0,subprime
2026-06-25,0.8217320174339265,0.44172617490687327,1,prime
2026-06-25,0.13318959344991205,0.08312913843887379,0,prime
2026-06-25,-2.2162795143421663,0.7497448087286663,1,prime
2026-06-25,1.4583607173509374,0.5746527310044737,0,prime
2026-06-25,-0.3864650477427066,1.0,1,subprime
2026-06-25,2.8313061366446064,0.8588004952306545,1,prime
2026-06-25,-0.05743978371950073,0.09248275117180449,0,prime
2026-06-25,1.2679247519527201,0.044534894569688566,0,subprime
2026-06-25,-0.7146844648647624,0.20253523108023228,0,prime
2026-06-25,0.783729650858714,0.2061090216075303,0,prime
2026-06-25,-1.0116279781439004,1.0,1,subprime
2026-06-25,1.1827550427572142,0.5882353700655971,0,prime
2026-06-25,-1.7235863812004995,0.8315654092590868,1,prime
2026-06-25,1.0110218371327053,0.5531542736140376,0,subprime
2026-06-25,-1.1410979200936682,0.6079417844084044,0,prime
2026-06-25,-0.36039548622357226,0.8646406238281408,1,prime
2026-06-25,0.05821314195985388,1.0,0,prime
2026-06-25,0.8413318082952558,0.3575322504416308,0,prime
2026-06-25,1.3552642800052461,0.8895992851603206,1,prime
2026-06-25,-1.9745492388019508,0.46861499892445835,0,prime
2026-06-25,0.6063724651541914,0.0,0,subprime
2026-06-25,0.4747641557701943,0.40435534244275245,0,subprime
2026-06-25,0.1584650922311922,0.6005984099784933,1,prime
2026-06-25,0.11854811194504343,0.23281429781315294,0,prime
2026-06-25,-1.0224823034590502,0.6826399492569146,1,prime
2026-06-25,-1.5625888335903177,0.08986718987480696,0,subprime
2026-06-25,1.992614384339902,0.7621363582457584,0,subprime
2026-06-25,0.4607426930810453,0.36841203898865715,0,subprime
2026-06-25,-0.3132096634468745,0.3371367458547462,1,subprime
2026-06-25,0.36805688201817455,1.0,1,prime
2026-06-25,-0.3941429252925675,1.0,1,prime
2026-06-25,-1.1758557087471968,0.9375868718977419,1,prime
2026-06-25,1.0319885192530671,1.0,1,subprime
2026-06-25,-1.4685251126006007,0.01828013573874754,0,prime
2026-06-25,0.5403087343523457,0.9212070520901056,1,prime
2026-06-25,0.911261435482332,0.0,0,prime
2026-06-25,-0.9275352576006485,1.0,1,prime
2026-06-25,-0.1310553512943083,0.0,0,prime
2026-06-25,-0.7053558711484528,0.048398592285546244,0,subprime
2026-06-25,-1.00481502966809,0.3431713288988237,0,prime
2026-06-25,1.4564430915439892,0.42016331422974845,1,subprime
2026-06-25,-0.44351012909987714,0.0,0,prime
2026-06-25,0.6165505839087715,0.5342823523405069,0,prime
2026-06-25,0.33327720632626984,0.7613810921239118,1,prime
2026-06-25,-1.5843765259412799,0.21305598082807248,0,prime
2026-06-25,0.1290833730863432,0.3809233951039581,0,prime
2026-06-25,1.0234986813286142,1.0,1,prime
2026-06-25,-0.9847529665566568,1.0,1,prime
2026-06-25,0.01247013302166078,0.2786709581464839,0,prime
2026-06-25,-0.32619878932418833,1.0,1,subprime
2026-06-25,0.5476270704882339,0.33516044971132697,1,subprime
2026-06-25,1.1800743975639216,0.9034390032724289,1,prime
2026-06-25,-1.0857147529070035,0.22271264414626413,0,prime
2026-06-25,-2.068653735544011,0.719464970320389,0,prime
2026-06-25,-0.9921420263237817,0.8032709414219279,1,prime
2026-06-25,0.01685011076505959,0.3471778470190451,0,prime
2026-06-25,-0.5480956149934226,0.8268303814235893,1,subprime
2026-06-25,0.4248785605396979,0.137593853339047,0,prime
2026-06-25,-0.16435867985765015,1.0,1,subprime
2026-06-25,0.27903654293812075,0.32566984573226454,0,prime
2026-06-25,-2.0272618180266933,1.0,1,subprime
2026-06-25,-0.4370075226852745,0.43651503719281665,0,prime
2026-06-25,-0.4548523868895356,0.07147219773063782,0,prime
2026-06-25,0.7851730972190354,0.0,0,prime
2026-06-25,0.3863038329091384,0.0961208890307243,0,prime
2026-06-25,-0.7486605494268777,0.17332011540786213,0,subprime
2026-06-25,-1.1359680942021408,0.0,0,subprime
2026-06-25,-1.3191122753562474,0.2619942987162162,0,prime
2026-06-25,0.15394074364179555,0.0,0,prime
2026-06-25,1.388242430127305,0.6316292810955539,1,prime
2026-06-25,-1.1017737433368135,0.645168494033884,0,subprime
2026-06-25,-0.28084343093253145,0.7399971194173418,1,subprime
2026-06-25,0.892530760560793,0.3175812490797712,1,prime
2026-06-25,-0.4406004669981802,0.5132403067269492,1,prime
2026-06-25,0.02787040765043059,0.0,0,prime
2026-06-25,-1.634141125696523,0.28660378343658227,0,subprime
2026-06-25,0.3781227454533045,0.11914160762931188,0,subprime
2026-06-25,0.17465442821536054,0.7135995520386317,0,prime
2026-06-25,-1.0597655747641435,0.349379446740956,0,prime
2026-06-25,0.2855197561361517,1.0,1,prime
2026-06-25,0.7519681234725195,0.8663454652113439,1,prime
2026-06-25,0.02744731720576444,0.8850096575503853,1,prime
2026-06-25,-0.14703709665430362,1.0,1,subprime
2026-06-25,-1.069517467421204,1.0,1,prime
2026-06-25,-0.39568842835755097,0.6705877135175575,0,prime
2026-06-25,0.9264034690598918,0.5846927398654463,1,prime
2026-06-25,-1.9893367650609024,0.3753195734801077,0,subprime
2026-06-25,1.1831899303131452,0.4097219430468644,0,prime
2026-06-25,0.19223101391818084,0.5493516099020596,1,subprime
2026-06-25,2.0858806593442143,1.0,1,prime
2026-06-25,0.39988524125426167,0.06988026275806622,0,prime
2026-06-25,-0.9656468867845363,0.639459332176415,0,prime
2026-06-25,-0.6295589653308511,1.0,1,prime
2026-06-25,-0.26882094055137473,1.0,0,subprime
2026-06-25,0.12184822135976033,0.18605537357953872,0,prime
2026-06-25,-2.159131818006898,0.33128987219109846,0,prime
2026-06-25,-0.29152440370061433,0.7383971449941109,1,subprime
2026-06-25,-0.5871928766246408,1.0,1,prime
2026-06-25,-2.455027513327854,0.0,0,prime
2026-06-25,-0.19168828842913543,1.0,1,subprime
2026-06-25,1.592799799229212,0.8753561101937637,1,subprime
2026-06-25,-1.1335049144747646,0.0,0,prime
2026-06-25,-0.49300720602926684,0.0,0,subprime
2026-06-25,0.09716450191283818,0.35458298523119536,0,prime
2026-06-25,-0.6311286886763325,0.6301538769485024,1,prime
2026-06-25,1.1953613244758134,1.0,1,prime
2026-06-25,-0.268497707302995,0.32778167346848924,0,prime
2026-06-25,0.09275462386340311,0.0,0,prime
2026-06-25,1.0150648878881816,0.13253174534001705,0,prime
2026-06-25,0.03413369594313771,0.9400810997119209,1,subprime
2026-06-25,-1.3380545632680139,0.6519056553188006,1,prime
2026-06-25,0.14844997782290348,0.48940259063319846,0,subprime
2026-06-25,0.12581794858633225,0.5307388816123513,1,prime
2026-06-25,1.938622335174352,0.5884848734465495,0,prime
2026-06-25,1.1537074953667703,1.0,1,prime
2026-06-25,-0.13444608874893213,0.6926324823937907,1,subprime
2026-06-25,0.6939927328749881,1.0,1,prime
2026-06-25,-0.04864753269826214,1.0,1,prime
2026-06-25,-0.4689060551033765,0.20927696271690782,0,prime
2026-06-25,1.298509665140148,0.3189055958611372,0,prime
2026-06-25,0.951601171662794,0.9140132953600281,1,subprime
2026-06-25,-2.3052556707735223,0.6931716678952183,1,prime
2026-06-25,-0.15115342981738844,0.5233914004504985,1,prime
2026-06-25,0.7777245066758579,0.5907009349835186,1,prime
2026-06-25,-0.5567708953259894,1.0,1,prime
2026-06-25,1.8441834905447807,0.4084970389903092,1,subprime
2026-06-25,-1.3658849546893683,0.0,0,subprime
2026-06-25,-1.1658170176010538,0.82598860260763,1,prime
2026-06-25,-2.3641063680159746,0.0,0,prime
2026-06-25,0.2953880939546462,0.5590964952726238,1,subprime
2026-06-25,0.012061586400010763,0.15344993033798604,1,subprime
2026-06-25,0.5087998687668134,0.18603077819902164,0,prime
2026-06-25,1.3918571494833856,0.730168583293254,1,prime
2026-06-25,1.1770225293379675,0.36091122813122656,0,prime
2026-06-25,0.7213958307978083,0.023378070305508203,1,prime
2026-06-25,-2.0617380418618283,1.0,1,prime
2026-06-25,-1.409233267861289,0.27433577665102216,0,prime
2026-06-25,0.28070113126153656,0.23803109746396414,0,prime
2026-06-25,0.24373887276658174,0.0,0,prime
2026-06-25,0.10867006008677334,0.631853762909111,1,prime
2026-06-25,0.3862669405035169,0.29120252406081887,0,prime
2026-06-25,2.331625404464608,0.44218550523537103,0,prime
2026-06-25,-0.6964288735450123,0.4752166608545847,1,prime
2026-06-25,-0.539506930510178,0.6092377511365541,0,prime
2026-06-25,0.9235285762677516,0.9042961034272328,1,prime
2026-06-25,0.266475209825532,0.8706601390460346,1,prime
2026-06-25,1.0865875570901713,1.0,1,prime
2026-06-25,-0.30128849182950207,0.10554752792337606,0,subprime
2026-06-25,0.37558599770578005,0.10054557345392776,0,prime
2026-06-25,1.37610246625458,0.4518423283581068,1,prime
2026-06-25,0.034607418718815855,0.23927386464923944,0,prime
2026-06-25,-0.7806119284003374,1.0,1,subprime
2026-06-25,-0.17891945683021124,0.028242585117036395,0,subprime
2026-06-25,0.27462652868982224,0.484049042632943,0,prime
2026-06-25,1.3492972426934122,0.5146815287711188,1,subprime
2026-06-25,0.35986064316815736,0.8926145916441643,1,prime
2026-06-25,0.4697472040681014,0.36358535339163944,1,prime
2026-06-25,0.3138153179781695,0.44160193187948016,0,prime
2026-06-25,1.2679856919792798,0.7982500260840438,1,prime
2026-06-25,1.1747078125291361,0.0,0,subprime
2026-06-25,-0.4835429573764059,0.44380338548106624,0,prime
2026-06-25,0.8137040779165535,0.8313764808840436,1,prime
2026-06-25,1.1408106677177814,0.6152464752421208,1,prime
2026-06-25,-0.12913512952725179,0.6093275268918668,1,prime
2026-06-25,-0.575503902902186,0.75100122217153,1,prime
2026-06-25,1.5279424024826345,0.0,0,prime
2026-06-25,0.3241768614484781,0.13583112679834314,0,prime
2026-06-25,0.7300829493147659,0.5833888406262027,0,subprime
2026-06-25,-0.4524060446962145,0.6424753927757848,1,prime
2026-06-25,1.7972454003256366,0.08279162439035065,0,subprime
2026-06-25,-1.6916144848448245,0.5000394459449595,0,prime
2026-06-25,-0.03196997294818823,0.5092960220984764,1,prime
2026-06-25,2.794860998871153,0.7383627449513857,1,prime
2026-06-25,-0.2001212360449497,0.0,0,subprime
2026-06-25,0.6661762602493372,0.06979118725373795,0,subprime
2026-06-25,0.4593403317312087,0.4148616283478423,1,prime
2026-06-25,-1.7808710267984793,1.0,1,subprime
2026-06-25,-0.7028303264309383,0.9429846404910408,1,prime
2026-06-25,-0.5568710334389617,1.0,1,prime
2026-06-25,2.101743444913948,0.18135974669456723,1,prime
2026-06-25,-0.5951105230135799,0.4289087007590394,1,prime
2026-06-25,0.8514038359811043,0.2049742252953402,0,prime
2026-06-25,0.9690425422735451,0.3223543147189951,0,subprime
2026-06-25,0.668876676993305,0.4669589541030929,1,subprime
2026-06-25,0.2700106959428614,1.0,1,prime
2026-06-25,0.3835220864395241,0.0,0,prime
2026-06-25,-0.3425128104628177,0.7078186450980477,0,prime
2026-06-25,0.42476205390304805,0.6710264867972641,1,prime
2026-06-25,0.8208371208801557,1.0,1,prime
2026-06-25,-1.162397399807246,1.0,1,subprime
2026-06-25,0.10419016326745699,0.8266666211422572,1,prime
2026-06-25,1.1118285261752405,0.3467947078444183,0,subprime
2026-06-25,0.14299382611525394,0.3082437050496577,0,prime
2026-06-25,0.04292788805491063,0.306549159898148,1,subprime
2026-06-25,1.0405996388930094,0.0,0,subprime
2026-06-25,3.1548448773387054,0.682282561430427,1,prime
2026-06-25,1.0024851470470386,0.7457424824933067,1,prime
2026-06-25,0.7365601074371763,0.8803711186559575,1,prime
2026-06-25,-0.8255736458682663,0.09330045856930086,0,subprime
2026-06-25,0.22490023684058333,0.8906242603354876,1,prime
2026-06-25,0.29819534226535716,0.0,0,subprime
2026-06-25,0.0896596311285444,0.6831240989431956,1,prime
2026-06-25,0.2996388413891066,0.7598249870948303,0,subprime
2026-06-25,-1.2094098409966338,0.1434922891852385,0,prime
2026-06-25,-0.8268384768720053,0.04232445966017817,0,subprime
2026-06-25,-0.9087797577019223,0.5913071779750658,1,prime
2026-06-25,-0.3376901603993507,0.49666871996737455,0,prime
2026-06-25,0.4358543107945776,0.2917188600417234,0,prime
2026-06-25,0.8078877563765363,0.4722281495149343,1,prime
2026-06-25,-0.6874053354648597,1.0,1,prime
2026-06-25,1.009161638760012,0.1905672555613441,0,prime
2026-06-25,-0.9325705385513471,0.14829887435354883,0,prime
2026-06-25,-1.4864913197661904,0.7136853966166075,0,prime
2026-06-25,-0.48181185604636617,0.0,0,prime
2026-06-25,-0.6442818487446589,0.11094853823884104,0,prime
2026-06-25,0.0632733239953589,0.09968636461035943,0,subprime
2026-06-25,-0.3266270598669424,0.4565580762808702,0,prime
2026-06-25,-0.16413403942668328,0.7707135168458906,1,prime
2026-06-25,-1.4137440522214288,0.7286139030730668,1,prime
2026-06-25,-1.2696916621550436,0.39092852777005377,0,subprime
2026-06-25,0.8227760059154382,0.0,0,prime
2026-06-25,-1.4534196588583184,0.5325473115564474,1,prime
2026-06-25,-0.6602130242710682,0.0,0,prime
2026-06-25,-0.7221124311003804,1.0,1,prime
2026-06-25,0.5881451528244231,0.0052990921962939586,0,prime
2026-06-25,-0.366761953251438,0.5555480643124886,1,prime
2026-06-25,-0.44172281732971946,0.8452465845864023,1,prime
2026-06-25,0.7321249596537823,0.39618453765759365,1,prime
2026-06-25,0.789133574052023,0.0,0,subprime
2026-06-25,-0.1511477984611699,0.31035767163827044,0,prime
2026-06-25,-0.8488829019556375,0.4418871538469421,1,subprime
2026-06-25,-1.8832352153924055,0.6769407133163339,1,prime
2026-06-25,0.5070395324499862,0.0,0,prime
2026-06-25,0.43562906318623956,1.0,1,prime
2026-06-25,0.7697135724224806,0.27494467325322963,0,prime
2026-06-25,0.042956772296532324,0.6934285910127874,1,prime
2026-06-25,-0.38794710036800556,0.7755415202200867,1,subprime
2026-06-25,2.5269951514269327,0.4604100783348817,0,prime
2026-06-25,-1.1136024105970037,1.0,1,prime
2026-06-25,0.6825387630978408,0.0,0,prime
2026-06-25,0.34851731660830704,0.0,0,prime
2026-06-25,-0.47613247960822463,0.5851055001629226,1,prime
2026-06-25,0.3753847107997471,0.7567520842294105,0,prime
2026-06-25,-2.9115867618591675,0.0,0,prime
2026-06-25,1.9017938379611785,1.0,1,prime
2026-06-25,0.12438031052054921,0.5841888436585857,1,subprime
2026-06-25,-1.5601179062065418,0.5873060102022547,0,prime
2026-06-25,1.4442377109352438,0.3670040981337224,1,prime
2026-06-25,0.46839988620144407,0.7412781805950893,1,prime
2026-06-25,-1.510791599265278,0.27039921411305506,0,subprime
2026-06-25,1.007514741088926,0.31829482975339696,0,prime
2026-06-25,0.5013762413737172,0.974345045580825,1,subprime
2026-06-25,0.3155380629841609,0.7037483523602003,0,prime
2026-06-25,0.5645777503485571,0.736438852322488,0,prime
2026-06-25,-1.8355802658222578,0.016988579585935804,0,subprime
2026-06-25,0.03764329571915037,0.7585550839617194,1,prime
2026-06-25,0.7555246444792597,0.0,0,prime
2026-06-25,-0.6404117597658513,0.9424114084200571,1,prime
2026-06-25,-0.41971117382791223,0.0,0,prime
2026-06-25,-0.8796624386930966,0.6462337903617041,0,subprime
2026-06-25,1.7074522289697114,0.5229026312754035,0,subprime
2026-06-25,-1.4955447354084739,0.70636793345551,0,subprime
2026-06-25,1.1439675798594044,0.8365766262239617,1,prime
2026-06-25,-0.2595330639543823,0.4865559959004075,1,prime
2026-06-25,-1.7848285413276377,1.0,1,prime
2026-06-25,2.178576563984202,0.0,0,prime
2026-06-25,1.4560909625325338,0.07370515168236436,0,prime
2026-06-25,0.8893631032179513,0.22358505831036887,0,prime
2026-06-25,0.44493312908241606,0.9339527482552881,1,prime
2026-06-25,0.7471199917180297,0.10501445774674051,0,subprime
2026-06-25,-0.6479026303860072,0.7339877504000795,1,prime
2026-06-25,0.10869920156494714,0.6609425577778691,1,subprime
2026-06-25,-2.226315280391203,0.7810084398260191,1,subprime
2026-06-25,-0.35556763760781146,0.23124965565406852,0,prime
2026-06-25,-0.5628767093958755,0.857391306819763,1,subprime
2026-06-25,-0.24983418124852916,0.0,0,prime
2026-06-25,-1.1367939269267207,0.2673989119816519,0,prime
2026-06-25,1.5317766823598675,0.8748488283347761,1,prime
2026-06-25,0.8177555621538809,0.7061950126096597,1,prime
2026-06-25,-1.5937864432303326,0.26962290323808946,0,subprime
2026-06-25,-0.12479389867062897,0.2586362947001767,0,prime
2026-06-25,-1.8772362164097183,0.2576904200012633,0,prime
2026-06-25,-1.5276456547938737,0.8609361111200312,1,subprime
2026-06-25,0.13041940374138217,0.5381567625419157,1,prime
2026-06-25,0.03858447175049084,0.9253131341247373,1,prime
2026-06-25,-0.5898559275906117,0.30317995575366596,0,prime
2026-06-25,0.11472626350575546,0.04469470902335737,0,prime
2026-06-25,-0.04442622191370247,0.05098769861603619,0,prime
2026-06-25,-2.2182161538693643,1.0,1,prime
2026-06-25,1.0267720910200355,0.33864404522098734,0,prime
2026-06-25,-1.214525316678335,0.0,0,prime
2026-06-25,1.5595481805672173,0.15261677781144706,0,prime
2026-06-25,0.5052703710800427,0.5888350316997917,0,subprime
2026-06-25,0.1478166988823859,0.5063124796127086,1,prime
2026-06-25,-0.9127343684817345,0.9097132685597852,1,prime
2026-06-25,-1.2748581486230302,0.8108158158247869,1,prime
2026-06-25,-1.7262666226009873,0.30489685403491434,0,prime
2026-06-25,1.411427948223594,0.0,0,prime
2026-06-26,-0.29852535156626236,0.23049381534995228,0,prime
2026-06-26,0.11844687086972737,0.7950476983564702,1,subprime
2026-06-26,-0.3489409772192052,0.533451721990772,0,prime
2026-06-26,0.6433729863268277,0.7433412678216796,1,prime
2026-06-26,0.7853487059192618,0.8799094376064396,0,subprime
2026-06-26,-0.8154944277821435,1.0,1,prime
2026-06-26,-1.0967569566023503,0.32814575580055944,1,prime
2026-06-26,0.6334006748824802,1.0,1,subprime
2026-06-26,-0.7127514905674861,0.0,0,prime
2026-06-26,-0.326804616234072,1.0,1,prime
2026-06-26,0.3288914733953625,0.39697065777794116,0,prime
2026-06-26,-0.7346296420443162,0.4908017350146607,0,prime
2026-06-26,-1.6130862241860087,0.03974396769570476,0,prime
2026-06-26,-1.77190584800158,0.8294063134755432,1,prime
2026-06-26,-0.3786785844546709,0.8023884437864566,1,prime
2026-06-26,-1.2138843359940397,0.0,0,prime
2026-06-26,0.4881640421037287,0.0,0,prime
2026-06-26,-0.4319053795459107,0.0,0,prime
2026-06-26,-1.0626827974904534,0.9807958138695173,1,subprime
2026-06-26,-2.001694407911249,0.6566903518249644,1,subprime
2026-06-26,-1.5668760984806542,0.1347941175601124,0,subprime
2026-06-26,-0.10276627779516517,0.039270439006618835,0,subprime
2026-06-26,0.5901889169285518,1.0,0,prime
2026-06-26,0.6599205476585813,0.2480238680559145,0,prime
2026-06-26,-0.9500652398667265,1.0,0,prime
2026-06-26,-1.1795067490394098,0.4063531225608412,1,prime
2026-06-26,0.7342755717108225,0.5839932270442378,1,prime
2026-06-26,-1.5061513407041496,1.0,1,subprime
2026-06-26,1.0943588325733133,0.23930266691769,0,prime
2026-06-26,-0.3161961862957612,0.844458553925895,0,prime
2026-06-26,0.8328494102266137,0.3019724734302764,1,prime
2026-06-26,1.1197449090959481,0.7223081361376205,1,prime
2026-06-26,0.36404422628963684,1.0,1,prime
2026-06-26,0.45436532476677705,1.0,1,prime
2026-06-26,0.5782914777027265,0.900769107102247,1,subprime
2026-06-26,-0.4687368252344367,0.0,0,prime
2026-06-26,-0.44922291178754054,0.7821619369263645,0,subprime
2026-06-26,0.32641479197418954,0.2315384562104652,1,subprime
2026-06-26,1.5636522720467587,0.3241478668357465,0,prime
2026-06-26,1.2541146573059583,0.505625788591302,0,prime
2026-06-26,-0.3261852550238404,0.2650067383617196,0,prime
2026-06-26,-0.8409754416733971,0.0750191477114188,0,subprime
2026-06-26,-0.6670406805666957,0.23789847900661376,0,prime
2026-06-26,-1.25726971956378,0.5378287632483377,1,subprime
2026-06-26,0.006462444288631736,0.5540784954598903,1,prime
2026-06-26,-1.159451579939746,0.6387715618523603,1,prime
2026-06-26,0.1894307786481355,0.0,0,prime
2026-06-26,-0.8326788021204121,0.5273272505003439,0,prime
2026-06-26,0.6789514956090836,0.7898006712745024,1,subprime
2026-06-26,0.09458045922128645,1.0,1,subprime
2026-06-26,1.1537916787174174,0.8492672069562053,1,prime
2026-06-26,-0.2644978221033428,0.258917437837612,0,prime
2026-06-26,0.6306336644142592,1.0,0,subprime
2026-06-26,-1.276740148497723,0.626434012748785,1,prime
2026-06-26,-1.2666789379485515,0.28840462998450345,1,subprime
2026-06-26,-1.1529022268654427,0.0,0,subprime
2026-06-26,0.8439410116598707,0.5376372137926846,0,prime
2026-06-26,0.1542285203753051,0.049972172336254034,0,prime
2026-06-26,-0.02955307867625995,0.37155995546441223,0,subprime
2026-06-26,0.9043166318987298,1.0,1,subprime
2026-06-26,0.8115418342706255,0.04663242758525149,0,subprime
2026-06-26,-1.0085772353489135,0.38459126141661737,0,prime
2026-06-26,0.39237783817500543,0.7015031647447032,0,prime
2026-06-26,0.46176044668335076,0.2991992427468043,0,prime
2026-06-26,0.8850392804805811,0.4942216199078316,0,prime
2026-06-26,0.32450141744985606,0.47965882093817536,0,prime
2026-06-26,0.6745544614214364,0.0559240611411356,0,prime
2026-06-26,-0.1590847878579634,0.7611895808668045,1,prime
2026-06-26,-1.6079976665104814,0.6759217764300554,1,subprime
2026-06-26,0.316461012581945,0.42272351345573356,1,prime
2026-06-26,1.1445858488002738,0.6916768192864414,1,prime
2026-06-26,0.33229642249558755,0.25233119654384784,1,prime
2026-06-26,0.40126764477534904,0.18560455658951336,0,prime
2026-06-26,1.1828224754528365,0.14432232048185656,0,prime
2026-06-26,1.8822553669796234,0.0,0,prime
2026-06-26,1.12095917687297,0.5884799023311038,1,prime
2026-06-26,0.7227242872578623,0.1872174364230725,0,prime
2026-06-26,0.47525524045049444,0.76674055920344,1,prime
2026-06-26,1.2720017614982881,0.7086003018257825,0,prime
2026-06-26,0.7041884440594527,0.3100956668436581,1,prime
2026-06-26,1.098167764813049,0.0,0,prime
2026-06-26,0.5918156344599572,0.9985580818096053,1,prime
2026-06-26,-0.40963979478036083,0.6182643973035257,1,prime
2026-06-26,1.986826017844181,0.04347295884944788,0,prime
2026-06-26,0.5351945335979142,0.6409374479958297,1,prime
2026-06-26,0.17995078679757492,0.9239038373985362,1,subprime
2026-06-26,-2.1307261240524498,0.0,0,prime
2026-06-26,-0.8832481199340684,0.7871151621675121,1,prime
2026-06-26,0.29985527133578227,1.0,1,prime
2026-06-26,-0.7401994477503574,0.3845694459031129,0,prime
2026-06-26,0.6099131515713492,0.8223066671109776,1,subprime
2026-06-26,0.38418668152811125,0.6113385859171685,1,subprime
2026-06-26,-1.663782618332961,0.8157464324949055,1,subprime
2026-06-26,-0.24907183336625754,1.0,1,subprime
2026-06-26,-0.9992353589727575,1.0,1,subprime
2026-06-26,2.3512489432725228,0.7621885344462778,1,prime
2026-06-26,0.8254686158179544,0.27413003280169196,0,prime
2026-06-26,-1.1009970106745448,0.5824201553892678,1,prime
2026-06-26,0.8870391460923396,0.8330843369052747,1,prime
2026-06-26,1.6233921740871884,0.0,0,subprime
2026-06-26,-0.1320276999847745,0.9949437021127758,1,prime
2026-06-26,0.39826152354111133,0.5241434315924283,1,prime
2026-06-26,-1.6045856986035183,0.2635375782160654,0,subprime
2026-06-26,-0.27962900814678143,0.7596166010054068,1,subprime
2026-06-26,0.684287544838729,0.2725705883411781,0,subprime
2026-06-26,-0.8140168018673144,0.47077898165576915,0,prime
2026-06-26,-2.116531292993242,0.865096571358706,1,subprime
2026-06-26,1.6249274051613214,0.23444958250056414,0,prime
2026-06-26,0.4618138329961748,0.5904139917717612,1,prime
2026-06-26,-0.05735393683510959,0.8341465509828141,0,prime
2026-06-26,0.051875006487672064,0.7462670609083534,1,prime
2026-06-26,-0.5141768958251219,1.0,1,prime
2026-06-26,-0.21591764398589647,0.6948491649598955,1,prime
2026-06-26,0.47930259350769766,1.0,1,prime
2026-06-26,-0.9626839248118207,0.5793659952266762,1,prime
2026-06-26,-0.8661990999147354,0.960474209214658,1,prime
2026-06-26,0.28394026639543923,0.4792484230857828,1,subprime
2026-06-26,0.7646272969904988,0.7562703175256724,1,subprime
2026-06-26,1.157814355031053,0.6182676826886548,1,prime
2026-06-26,0.469943479102996,0.5907443189838478,1,prime
2026-06-26,0.11262928752097875,0.31663201188670165,1,prime
2026-06-26,1.1139895385350773,0.03252549243623035,0,subprime
2026-06-26,-0.6658928290380802,1.0,1,prime
2026-06-26,-1.193901207734818,0.7112428429080535,1,prime
2026-06-26,0.5127622426622782,0.2902903457137044,0,subprime
2026-06-26,-1.4824017409316843,0.8731796069048717,1,subprime
2026-06-26,0.7291376681438925,0.0,0,prime
2026-06-26,0.6858575484522389,0.07487012394438378,0,prime
2026-06-26,0.18834020506683596,0.5393170500563482,1,prime
2026-06-26,0.6265176587990459,0.0,0,prime
2026-06-26,-0.22357927081682963,0.002880459689284215,0,subprime
2026-06-26,-0.7210522703319354,0.09884528904118295,0,prime
2026-06-26,-0.7643719960008979,0.5607634273906243,1,subprime
2026-06-26,-0.2797086872627876,0.284674650858219,1,prime
2026-06-26,-0.9335120480705086,0.23944794085192744,1,prime
2026-06-26,0.5785710463887795,0.536043059451366,1,prime
2026-06-26,-0.4683189419743038,0.9184374980907783,1,prime
2026-06-26,-0.8565026472606665,0.04230264161105696,0,prime
2026-06-26,0.0855483324301693,0.09241990746020609,0,subprime
2026-06-26,-0.26064903431686837,0.0,0,prime
2026-06-26,-1.3235444805799195,0.0,0,subprime
2026-06-26,-1.2002041225278035,0.20000236003639296,0,prime
2026-06-26,0.3632657958356824,0.07572955938685119,0,subprime
2026-06-26,0.9771273205513132,0.3063787184146787,0,prime
2026-06-26,0.7608699614316126,0.5217790369613391,1,prime
2026-06-26,-1.3519180074867452,0.5489340982141997,1,prime
2026-06-26,1.3343908547129026,0.6305348125971995,0,prime
2026-06-26,0.7575098449858666,0.7490132247353172,1,prime
2026-06-26,-0.5042341823251058,0.17642466912937577,0,prime
2026-06-26,2.2451259114008195,0.41868321775359624,0,prime
2026-06-26,1.1425084044363034,0.34018731321161677,0,subprime
2026-06-26,0.038726898651668465,0.4384054156075562,0,prime
2026-06-26,-2.406213036778071,0.3752774164989857,0,subprime
2026-06-26,-1.8582558306410109,0.6620197113126132,1,prime
2026-06-26,0.61364452077994,0.8770252125661429,1,prime
2026-06-26,0.10630075814245929,0.14332704115511952,0,subprime
2026-06-26,0.7860568218596731,0.3143588390879915,0,prime
2026-06-26,1.6348298154990082,0.41220654882696484,0,prime
2026-06-26,0.486854814849928,0.04124619767007057,0,prime
2026-06-26,-1.2287414121616211,1.0,1,subprime
2026-06-26,1.9566243678465662,0.6432426286848686,1,prime
2026-06-26,-1.0762162442994967,0.3688721108895549,0,prime
2026-06-26,1.1138678363293308,0.3207884153121101,0,subprime
2026-06-26,-0.9582288849157382,0.7516291002391055,1,prime
2026-06-26,0.6868904914480122,0.794331234814378,1,subprime
2026-06-26,-0.6794602713662902,1.0,1,prime
2026-06-26,0.7950345821985632,0.4243131498722348,0,prime
2026-06-26,1.3166252055197003,0.11142164563974867,0,prime
2026-06-26,-0.9239508110748196,0.8470036320207817,1,prime
2026-06-26,1.7247614537671734,0.45032113515177613,1,prime
2026-06-26,0.6791416680208954,0.14978182064134957,0,subprime
2026-06-26,-1.3814284587962407,0.4409219113770685,0,prime
2026-06-26,-0.5021971611105654,0.0,0,subprime
2026-06-26,-0.2802830607864832,1.0,1,prime
2026-06-26,1.1161738515560757,1.0,1,prime
2026-06-26,-0.7759030543859344,0.26856828367368807,0,prime
2026-06-26,-0.7370684774578138,0.35207714508146704,0,prime
2026-06-26,-0.16462327700101576,0.43945412870791145,0,prime
2026-06-26,-0.4900816302075471,0.4911287489659319,0,subprime
2026-06-26,-0.7920785075843455,0.12953963633818918,0,subprime
2026-06-26,1.8199854904805737,0.7835973609777964,1,prime
2026-06-26,0.3360509700455927,0.8178105556540565,1,prime
2026-06-26,-0.6504684207821054,0.143082214676128,0,prime
2026-06-26,0.1831914294077961,0.3814289095825587,0,prime
2026-06-26,-0.06908594951492016,0.3000821011255137,1,prime
2026-06-26,0.5758781209578634,0.9011098876704643,1,prime
2026-06-26,0.5064219895443699,1.0,1,prime
2026-06-26,0.8042669422800489,0.42301416722687846,0,subprime
2026-06-26,0.41927590771637524,0.0,1,prime
2026-06-26,-0.7615879598616679,0.5633004953066906,1,subprime
2026-06-26,-0.6316669531676855,0.056171337425770795,0,prime
2026-06-26,0.4397862735624739,0.8426135741176334,1,prime
2026-06-26,-0.2565302549629604,0.46777703187296715,0,subprime
2026-06-26,0.7716168221470814,0.6733265867240983,1,prime
2026-06-26,-0.2257893784899833,1.0,1,prime
2026-06-26,-0.16917717543049157,0.14960413744564305,0,subprime
2026-06-26,0.934592776063504,0.557618519429794,0,prime
2026-06-26,0.6199887593060236,0.9059628346683166,1,subprime
2026-06-26,-1.4596332839930861,0.6875560157437542,1,subprime
2026-06-26,-0.058596650531176526,0.4280534170680446,0,prime
2026-06-26,-0.5731967159389078,0.2767757138707196,0,prime
2026-06-26,-0.11121794764158106,0.11061124805299694,0,prime
2026-06-26,-0.05128811133133235,0.21504157332987042,0,subprime
2026-06-26,-1.7043312430639095,0.02800805350574942,1,prime
2026-06-26,-0.18199194276179365,0.8731250168778255,1,subprime
2026-06-26,1.0349639153168597,0.0,0,prime
2026-06-26,0.34799027429366564,1.0,1,subprime
2026-06-26,-1.6740504113180161,0.0,0,prime
2026-06-26,-0.1610860278427646,0.9127102979504921,1,prime
2026-06-26,1.1654285790106782,0.3837086611045206,0,prime
2026-06-26,-2.812351601157707,0.6798711970869258,1,prime
2026-06-26,-0.2565094305338922,0.8465083579845737,1,prime
2026-06-26,-0.39541645256235164,0.9458419508670228,1,prime
2026-06-26,-0.4209134199943756,1.0,1,prime
2026-06-26,0.32315322579024086,0.8514631563218789,1,prime
2026-06-26,0.8449249109535877,1.0,1,subprime
2026-06-26,-0.9475221670950192,0.7925205518837184,1,prime
2026-06-26,0.6036174456000934,0.8703223896259467,1,subprime
2026-06-26,-0.5099687331535561,0.5561593135874785,1,prime
2026-06-26,0.7849532585140655,0.7678036270519728,1,subprime
2026-06-26,-0.5283729004425561,1.0,1,subprime
2026-06-26,-1.3267434702440823,0.3225276329982768,0,subprime
2026-06-26,0.604093967744692,0.5985897368434241,1,prime
2026-06-26,1.726261427645716,0.5916665665068404,0,prime
2026-06-26,1.4173747875916218,0.8293683458422733,1,subprime
2026-06-26,1.8077818654858853,0.0,0,prime
2026-06-26,-0.5344141995198918,0.5828685399582775,0,prime
2026-06-26,1.0392917867305564,0.9307247023304628,1,prime
2026-06-26,1.2335403258673514,0.33897794517747765,0,prime
2026-06-26,0.006930995561024624,0.6894217846011111,1,prime
2026-06-26,1.6207156079598124,0.3026545874997042,0,subprime
2026-06-26,0.9320355774906306,0.4230979771655998,0,prime
2026-06-26,0.2591146901638865,0.5659478387982309,1,prime
2026-06-26,0.21678696024538258,0.46778196111732084,0,subprime
2026-06-26,1.16560016118964,0.40285541653547075,0,prime
2026-06-26,-0.03351732555492133,0.0,0,subprime
2026-06-26,0.06702260635954037,0.9453620401234352,1,prime
2026-06-26,-0.07726372211727757,0.24393509696801985,1,subprime
2026-06-26,-0.6804699862018874,0.8494972873157702,1,subprime
2026-06-26,0.5150856106138725,0.2960021679971233,0,prime
2026-06-26,0.7642968355841953,0.44262067167115804,0,prime
2026-06-26,-1.487605998458266,0.5990945272529197,1,prime
2026-06-26,0.9535716523178399,0.21167154152872483,0,prime
2026-06-26,3.449986063487887,0.5286374032167868,0,prime
2026-06-26,-0.0955312276349074,1.0,1,subprime
2026-06-26,2.1861198858293425,1.0,1,prime
2026-06-26,-0.7373026050654043,0.0,0,prime
2026-06-26,0.009275956312209194,0.5244277094067835,1,prime
2026-06-26,0.8422781681371526,0.653551849470931,1,prime
2026-06-26,-0.4661818805229434,0.10081926106257913,0,prime
2026-06-26,0.3950502827945864,0.0,0,prime
2026-06-26,2.423412812195544,0.8445766928925169,1,prime
2026-06-26,-0.9572145357500633,0.49710377587938026,0,subprime
2026-06-26,0.1995920700002372,1.0,1,subprime
2026-06-26,0.1682967203245132,0.12631182725218554,0,subprime
2026-06-26,-1.989386517834823,0.0,0,subprime
2026-06-26,1.0027685472306722,0.7948689323519966,0,subprime
2026-06-26,-0.08710343202303931,0.258363601587014,1,prime
2026-06-26,0.09972798896132885,0.8679876089627949,1,prime
2026-06-26,-0.9479171494879509,0.16366148323538887,0,prime
2026-06-26,-1.4502252137675358,0.04829906352092253,0,subprime
2026-06-26,-0.3146192002226072,1.0,1,prime
2026-06-26,0.4301783492852217,0.14689032249580963,0,prime
2026-06-26,0.7170473783920177,0.8877218148386321,0,prime
2026-06-26,-0.657439394846255,0.5962789086359938,0,prime
2026-06-26,0.4951827365098276,0.31301522169926177,0,prime
2026-06-26,1.9448584051853548,0.2189690913663351,0,prime
2026-06-26,-0.6716175473621743,1.0,1,subprime
2026-06-26,-1.7002380621131474,0.9031815171038493,0,prime
2026-06-26,-1.235304478939429,0.0,0,subprime
2026-06-26,-0.9577157463572082,0.0,0,prime
2026-06-26,-0.22407992687574316,0.0,0,prime
2026-06-26,-2.674253427124927,1.0,1,subprime
2026-06-26,-1.2052117088993681,0.7831702204981309,1,subprime
2026-06-26,-0.545287867282866,0.2918687985208026,0,prime
2026-06-26,0.9943030509940964,0.12934749400502665,0,prime
2026-06-26,0.6846806989027907,0.6587129945640414,1,subprime
2026-06-26,-2.0327344301056938,0.0,0,prime
2026-06-26,0.38775208628641317,0.0,0,prime
2026-06-26,0.08716053370695798,0.11585893803227143,1,prime
2026-06-26,1.082201730136553,0.1190074598629882,0,prime
2026-06-26,1.0903549773450878,0.0,0,prime
2026-06-26,-3.062747141795188,0.8083951180427763,1,prime
2026-06-26,0.5625615815109752,0.9142113575231777,1,prime
2026-06-26,1.0782140622875374,0.34005645897693065,1,prime
2026-06-26,0.10131020303670438,0.9858687261345167,1,prime
2026-06-26,1.036054825865706,0.0,0,subprime
2026-06-26,-0.3433070393291336,0.6792249201140167,1,prime
2026-06-26,0.19100264278973472,1.0,1,prime
2026-06-26,-0.2568452980619633,0.5989084262275771,1,prime
2026-06-26,-1.396443418405347,1.0,1,prime
2026-06-26,1.2845083951857121,0.0038394638821888094,0,subprime
2026-06-26,0.889718744462554,0.26708179669733007,0,prime
2026-06-26,-0.00617780973992606,0.7602023218017203,1,prime
2026-06-26,-0.19687468055354299,1.0,1,prime
2026-06-26,-0.5881970578276139,1.0,1,prime
2026-06-26,-0.20893607452410384,0.9641383833544923,1,prime
2026-06-26,0.022758634263960003,0.4725508931943503,0,subprime
2026-06-26,-0.5141624785820573,0.5596956334640724,1,prime
2026-06-26,-1.9931252054577513,0.9561870043974428,1,prime
2026-06-26,0.35440617473998237,0.3698777302891756,0,prime
2026-06-26,1.6454736445529008,0.5052549299108271,0,subprime
2026-06-26,0.23955045065983746,0.08313042019949293,0,prime
2026-06-26,1.47505613965495,0.6095045898691084,1,subprime
2026-06-26,-0.46754552723926024,0.0,0,prime
2026-06-26,0.286524866144722,0.5798675915984834,0,prime
2026-06-26,2.1147949869707383,0.37381367555396744,0,prime
2026-06-26,-0.22244642806366077,0.0,0,subprime
2026-06-26,2.563764695512666,0.2116910405990144,0,prime
2026-06-26,-1.706649217227593,0.0,0,prime
2026-06-26,1.3832056313591052,0.0,0,prime
2026-06-26,-0.009344291704908116,0.8812343562887959,1,prime
2026-06-26,1.1718531300034216,1.0,1,prime
2026-06-26,-0.5881031627084651,1.0,1,prime
2026-06-26,-0.04989763253529724,0.0,0,prime
2026-06-26,-0.34717183243496214,0.011878293151329239,0,prime
2026-06-26,0.2387033170743316,0.14069414076496917,0,prime
2026-06-26,-2.189699169407269,0.41694849494383285,1,prime
2026-06-26,-0.21042800003441142,0.1095762884882468,0,prime
2026-06-26,-1.5946053558392004,0.3359592573240242,0,subprime
2026-06-26,-0.7873944149634872,0.39434817554118795,1,subprime
2026-06-26,-0.5075143323939757,0.31246775169930946,0,prime
2026-06-26,-2.808636520010339,0.221547850421965,0,prime
2026-06-26,-0.8050336828928295,0.22811246780580688,0,prime
2026-06-26,-0.27841238153326886,0.553186398448214,0,prime
2026-06-26,1.0739367743993733,0.09713765691134582,0,subprime
2026-06-26,1.4448415492732756,0.0,0,subprime
2026-06-26,-1.2124467378925023,0.3011757128233413,1,subprime
2026-06-26,-0.8086904661881105,0.21601810039680658,0,subprime
2026-06-26,0.13928615508586595,0.6344764055830903,0,prime
2026-06-26,-1.8584678574663345,0.6237656219166188,0,prime
2026-06-26,-1.0981547333966764,1.0,1,subprime
2026-06-26,-1.6083640157637575,0.690319335146323,1,subprime
2026-06-26,-3.1786149764054534,0.4562869181289964,1,subprime
2026-06-26,0.8324630812059612,0.3595034273511707,1,prime
2026-06-26,0.693979605668794,0.8901585662405135,1,subprime
2026-06-26,0.9660065480091992,0.7366984256069647,1,prime
2026-06-26,-0.49372920888619526,0.6366000286488298,1,prime
2026-06-26,0.6334250756576131,0.7352900691725827,1,prime
2026-06-26,1.0994982142446597,0.0,0,subprime
2026-06-26,0.2238377990208564,0.4654465328033568,0,prime
2026-06-26,-1.8034836128462752,0.4919939276784717,1,prime
2026-06-26,-0.3622215561633578,0.25945486104623006,1,prime
2026-06-26,0.19533939059891328,0.6815641825895242,0,subprime
2026-06-26,1.0157789821529404,0.4459759477004676,1,prime
2026-06-26,0.42841980097773497,1.0,1,prime
2026-06-26,1.1669408656453535,0.0049456349009644185,0,prime
2026-06-26,0.4232754004046275,0.029987731512982452,0,subprime
2026-06-26,-0.18216946444743193,0.2657775876270086,0,subprime
2026-06-26,-0.2968017311647738,0.603474969902677,1,prime
2026-06-26,-0.013063597043278764,0.5530953512005483,0,subprime
2026-06-26,0.7327188955913548,0.32144252759978764,1,subprime
2026-06-26,-0.9769756801215976,0.5413839068258262,1,prime
2026-06-26,1.268356512647937,0.0,0,prime
2026-06-26,0.26607529339383773,0.9897448449250152,1,prime
2026-06-26,-2.784843128375318,0.1976275463336016,0,prime
2026-06-26,1.003846271816097,0.9482282341615869,1,subprime
2026-06-26,-0.8432401055253778,0.0,0,prime
2026-06-26,0.37607888338373674,1.0,1,prime
2026-06-26,1.288351937783145,0.5928008510399969,1,prime
2026-06-26,0.5058097662394812,0.6374262008355918,0,prime
2026-06-26,-0.33721440024859606,0.005836247109664239,0,subprime
2026-06-26,0.35912966318685463,0.8478626352786515,1,prime
2026-06-26,0.7593239733757933,1.0,0,prime
2026-06-26,1.3257184297390683,0.03593516032323385,1,prime
2026-06-26,-0.29581091697826156,0.40039905136308424,1,prime
2026-06-26,-0.3775660640865988,0.5394771682928299,0,prime
2026-06-26,-0.12635559618424652,0.6332731450248303,0,prime
2026-06-26,-0.29949403365387334,0.31029364964333733,1,subprime
2026-06-26,-1.0970547319529287,0.7707538148004932,1,subprime
2026-06-26,0.9956867735675791,1.0,1,prime
2026-06-26,-0.3014132129643154,0.0,0,prime
2026-06-26,-0.1914963669257196,0.2289207008317118,0,prime
2026-06-26,-0.7302899114122646,0.41880409601579205,0,prime
2026-06-26,0.14920780766189715,0.4677026977594859,0,prime
2026-06-26,0.029789553831525553,0.8636226998815789,1,subprime
2026-06-26,-0.16413000246411608,0.30337230701525314,0,prime
2026-06-26,1.4299197426315995,0.7251498224574009,1,prime
2026-06-26,0.4051706602923379,1.0,1,prime
2026-06-26,-0.8563822628224942,0.5015527741421206,0,prime
2026-06-26,-2.432294506066278,0.7770773689947571,0,prime
2026-06-26,-0.7622026081948984,0.6112147375373843,1,prime
2026-06-26,0.24695797654832038,0.3549120781620555,0,prime
2026-06-26,-1.4241908136905144,0.47300971350753673,0,subprime
2026-06-26,0.48285321421319205,0.776904547106155,1,prime
2026-06-26,1.2491429708508184,0.5814782428826828,1,prime
2026-06-26,-0.9658558444895177,0.8198001414712099,1,prime
2026-06-26,1.6932440051460684,1.0,1,prime
2026-06-26,-0.05425023339738855,0.948741160384307,1,prime
2026-06-26,0.1383846618839105,0.5841823248304081,0,prime
2026-06-26,0.18785141756498464,0.40241218793976774,1,prime
2026-06-26,-0.005467945310854578,0.19671125020197258,0,prime
2026-06-26,0.3315102176771071,0.54539840555181,0,subprime
2026-06-26,0.7269975450959629,0.11982727297869049,0,prime
2026-06-26,-0.3481505176426459,1.0,1,prime
2026-06-26,-0.6694453086723603,0.810819687266307,1,prime
2026-06-26,0.5162196872573327,0.5176984945830773,0,prime
2026-06-26,0.04393936145652703,0.4764130038288379,0,prime
2026-06-26,-1.4514295065028509,0.24854793685755805,0,prime
2026-06-26,1.0243212857188497,0.3984574318909672,1,subprime
2026-06-27,0.0792840434989061,1.0,1,subprime
2026-06-27,-0.44615021233484825,0.0,0,subprime
2026-06-27,-1.4892849943100983,0.5437827814142286,1,subprime
2026-06-27,0.11756431546143795,0.5425382618401247,0,subprime
2026-06-27,-0.13002988740737711,0.0,0,subprime
2026-06-27,-1.8571634599097788,0.7440486414078686,0,subprime
2026-06-27,-0.2974187778650498,1.0,1,subprime
2026-06-27,-0.11730409939058146,0.0,0,prime
2026-06-27,-1.0487814163047195,0.0,0,subprime
2026-06-27,-0.34132727903647775,0.2768557611148614,1,prime
2026-06-27,-0.7837687461592169,0.0701955869719618,0,prime
2026-06-27,0.007852688423133952,0.9635118969993631,1,prime
2026-06-27,-0.6895978436140515,0.4545407812458419,1,prime
2026-06-27,-0.8862485918424352,0.30149493600626853,0,prime
2026-06-27,1.3560498540684272,0.27504499020873485,0,subprime
2026-06-27,-0.9828079928555938,1.0,1,subprime
2026-06-27,1.796560229559543,0.6092370954102926,1,prime
2026-06-27,2.0633816043081605,0.36696144965065225,0,prime
2026-06-27,-0.2160144034469675,0.8240057446858932,0,subprime
2026-06-27,-0.023367795860987525,0.3276075789915685,0,subprime
2026-06-27,0.23079285047295048,0.29740692094520527,0,subprime
2026-06-27,2.239750735339277,0.09974028945502816,0,prime
2026-06-27,0.3545611792907476,0.0,0,prime
2026-06-27,1.2398980790384186,0.8002404312551133,1,subprime
2026-06-27,0.3610041882906225,0.0,0,prime
2026-06-27,0.1431964644146138,0.542107847761142,1,prime
2026-06-27,0.7713135888344064,0.7588015752000034,1,subprime
2026-06-27,0.5428125457717363,0.7392042755364876,1,prime
2026-06-27,0.5243175087366031,0.019460250993940637,0,prime
2026-06-27,-0.2281033829132368,0.48154188769334366,1,prime
2026-06-27,0.8200598424306438,0.9732185513847722,1,prime
2026-06-27,-0.9236449978849949,0.0,0,prime
2026-06-27,-0.6267162751907855,0.21833677283930705,0,prime
2026-06-27,0.940233384396109,0.677315724800097,1,prime
2026-06-27,0.9167716419031233,0.48277758662552817,1,prime
2026-06-27,-2.1456073005380545,0.44309129630360833,1,prime
2026-06-27,0.6106938923122072,0.6172343143119161,1,prime
2026-06-27,0.016798997673870057,0.40326411552064884,1,prime
2026-06-27,-0.29542147870245794,0.8516859445827116,1,prime
2026-06-27,0.7577969846204206,0.5976200373823086,0,prime
2026-06-27,0.813715445776373,1.0,1,prime
2026-06-27,1.9863247283642107,0.4446989709169037,0,prime
2026-06-27,-0.8213673455892183,1.0,1,subprime
2026-06-27,2.6218408601692835,0.40470529384207377,0,prime
2026-06-27,-0.843330312092392,0.6378906783557134,0,subprime
2026-06-27,0.6296944794453512,0.583107003210175,0,prime
2026-06-27,-2.314321074505775,0.6564195362991532,1,prime
2026-06-27,0.013102846088226304,1.0,1,prime
2026-06-27,-1.2015274835010101,0.09834362347313835,0,prime
2026-06-27,1.2407003413135183,0.801513836424739,1,prime
2026-06-27,-1.1353809226376945,0.7571040155927642,1,subprime
2026-06-27,0.020948790354555127,0.30118445358377516,0,prime
2026-06-27,0.19835331439556386,0.0,0,prime
2026-06-27,-0.5221022484502498,0.0045251625677727725,0,prime
2026-06-27,1.9056144221725413,0.7959436831622735,1,prime
2026-06-27,-0.1234453280859032,0.7859182137863168,0,prime
2026-06-27,0.24017152438100955,0.21293888235051636,0,prime
2026-06-27,-0.005331250113229757,0.49668101997068076,0,subprime
2026-06-27,2.0727291941777213,0.5566028051283246,1,subprime
2026-06-27,-0.2995203108382588,0.8750135622967417,1,subprime
2026-06-27,1.0880826352939519,1.0,1,prime
2026-06-27,-1.0977249837618803,0.48332886176199846,0,prime
2026-06-27,0.7382541726877141,0.8840496604600888,1,subprime
2026-06-27,-0.1331934858985405,1.0,1,subprime
2026-06-27,0.1003546550714442,0.9451393029655419,1,prime
2026-06-27,-0.1995117728935577,0.5867064864595359,0,prime
2026-06-27,-0.0675863384691916,0.2056383755963093,0,prime
2026-06-27,0.31792870883358576,0.07286576176250062,0,prime
2026-06-27,0.48129391942104777,0.4481422469781901,1,prime
2026-06-27,-0.1763350405441643,0.28159962128550675,0,subprime
2026-06-27,-0.8454229988532593,0.5025217782792073,1,prime
2026-06-27,-0.9315795657979723,0.9223845595197298,0,subprime
2026-06-27,0.9243570179839774,0.3119637854300182,0,prime
2026-06-27,-0.8662282808252111,0.5783214846421008,1,subprime
2026-06-27,0.0746051084070323,0.5175926144439948,0,prime
2026-06-27,-0.8713832699286562,0.1422792629004479,0,subprime
2026-06-27,0.07404041442003996,0.22960159059409524,0,subprime
2026-06-27,0.03513392113062924,0.7478049306895374,1,prime
2026-06-27,-0.06454536838985182,0.19676563469797126,1,subprime
2026-06-27,-0.1024863756721003,0.5253398844505115,1,prime
2026-06-27,-0.2102082257988218,0.5389998582605489,0,prime
2026-06-27,0.11271932501779676,0.7455052320729023,1,prime
2026-06-27,0.812720911643323,0.339364872022637,1,prime
2026-06-27,0.22250354159319635,0.0,0,prime
2026-06-27,0.6611989349272669,0.0,0,prime
2026-06-27,-0.35985341054302067,0.15335273698573623,0,prime
2026-06-27,0.9619643341946311,0.8130226096358276,1,subprime
2026-06-27,-1.5847274507216222,0.425974498150597,1,prime
2026-06-27,-1.0107105019561868,0.19244142383219448,0,prime
2026-06-27,-1.1920803800310324,0.3883014849430808,0,prime
2026-06-27,0.46860303693674016,0.0,0,subprime
2026-06-27,1.6890084335409994,0.6058141566909969,0,prime
2026-06-27,-0.8584987382072182,1.0,1,prime
2026-06-27,0.13163118341576865,1.0,1,prime
2026-06-27,-0.4727151937795171,0.0,0,subprime
2026-06-27,0.3387607160278001,1.0,1,prime
2026-06-27,-0.01937072073635806,0.5123343084613261,0,prime
2026-06-27,0.7872465382561008,0.7560298778230173,0,subprime
2026-06-27,-0.40720758043359107,0.7182674108672243,1,prime
2026-06-27,0.12401275317633315,0.3901000525795123,0,prime
2026-06-27,-0.7025665977033074,0.5348856828830578,1,subprime
2026-06-27,-0.8364579593724727,0.0,0,prime
2026-06-27,0.2846140164386193,0.18964870657167987,0,prime
2026-06-27,-1.5296065612746057,0.5331776043314668,1,subprime
2026-06-27,-0.45072850422895544,0.6500339457442267,0,prime
2026-06-27,-0.2569255463139594,0.24483464839242036,0,subprime
2026-06-27,-0.21289662178954902,0.16704326454973603,0,prime
2026-06-27,0.2750244245263825,0.3468137625495029,0,subprime
2026-06-27,0.2614534318972645,0.6925914267037555,1,prime
2026-06-27,0.327930876278322,0.02653287897886289,0,prime
2026-06-27,0.08709660240753017,0.32306150347089047,1,prime
2026-06-27,0.3904514666931171,0.19854404018284622,0,prime
2026-06-27,1.428700257736996,0.6215757157591654,1,prime
2026-06-27,-0.11416584049469831,0.719586786922687,1,prime
2026-06-27,0.8013452952960566,0.0,0,prime
2026-06-27,0.29404135340629023,0.7638000339963813,0,prime
2026-06-27,-1.3400055765389136,1.0,1,prime
2026-06-27,-0.1691300169490489,0.0,0,prime
2026-06-27,-0.001121714210472798,0.2451657653248888,0,subprime
2026-06-27,0.8968536827508267,0.5923439095664056,0,prime
2026-06-27,1.8516344784045025,0.7082376501394801,1,prime
2026-06-27,1.5067886843970937,0.0,0,prime
2026-06-27,0.14565298372926674,0.25909040426150454,0,prime
2026-06-27,0.8750931370892084,0.017467404558088595,0,prime
2026-06-27,1.9055618510620371,0.6508601505082134,1,prime
2026-06-27,-0.887751671813751,1.0,1,prime
2026-06-27,-1.7246192090704138,0.0,0,prime
2026-06-27,0.3924767410019219,0.08630499109934076,1,subprime
2026-06-27,1.408476401486849,0.6213646561182444,1,prime
2026-06-27,-0.7248668300247774,0.0,1,prime
2026-06-27,-0.14635061313280698,0.18318354085217192,1,prime
2026-06-27,0.7008450842214011,0.0622517638093151,0,subprime
2026-06-27,-2.122456902207658,0.6628636815225627,0,prime
2026-06-27,2.987731540859567,0.0,0,subprime
2026-06-27,0.4934405968234102,0.2983058415999487,0,subprime
2026-06-27,0.5483255347819654,0.2961662197070675,0,prime
2026-06-27,0.8813361532800031,0.3956334307026518,0,prime
2026-06-27,0.1647251120310786,0.47909025437374225,0,prime
2026-06-27,-0.09027889500309179,0.14823640814906375,0,prime
2026-06-27,-0.9386588366298744,0.8317126870580649,1,prime
2026-06-27,0.6303145831680758,0.416886663220975,0,prime
2026-06-27,-0.6781771885194432,0.7076868018404855,1,prime
2026-06-27,-0.9537338774148394,0.5466384683446888,1,subprime
2026-06-27,0.33762565066818406,0.09849593486174324,0,prime
2026-06-27,-0.790008717967963,0.4496601551143104,0,prime
2026-06-27,0.8774660274269442,0.621109959385964,0,subprime
2026-06-27,0.47524301568490074,0.6856946385019911,0,prime
2026-06-27,-0.11151878020197065,0.735908192738776,1,prime
2026-06-27,-2.0653857922386614,1.0,1,prime
2026-06-27,1.270240229310183,0.23000192314185244,0,subprime
2026-06-27,-0.8993455417999385,0.04551898200351237,0,subprime
2026-06-27,-1.4768236447768506,0.8076400001874738,0,prime
2026-06-27,-1.084151676347536,0.5839995749175707,1,prime
2026-06-27,-0.3128005926613349,0.3642063932886859,1,subprime
2026-06-27,-2.612470192824703,0.7152007234024281,1,subprime
2026-06-27,-0.38279288095029995,0.47146041894995594,1,subprime
2026-06-27,0.16696391540952715,0.4113489889909189,1,prime
2026-06-27,-0.053407468978205495,0.4971098919163702,1,subprime
2026-06-27,1.8682589544875976,0.0,0,prime
2026-06-27,-0.5642576841386903,0.6996912985935857,1,prime
2026-06-27,0.6097565454235444,0.15884124929059312,0,prime
2026-06-27,-0.05354128400955818,0.0,0,subprime
2026-06-27,0.1069671745600455,0.24879968909125727,0,prime
2026-06-27,1.853315364092914,0.5679484802188597,1,subprime
2026-06-27,0.2228271251805513,0.0,0,prime
2026-06-27,0.15106176913678396,0.34611334328571225,0,prime
2026-06-27,1.2777507801868435,0.0,0,prime
2026-06-27,-1.5152489217529028,0.4078757658049288,0,subprime
2026-06-27,0.0010350765056205164,0.5813990553708079,1,prime
2026-06-27,0.604117060866948,0.6714478156384864,1,subprime
2026-06-27,0.4721686408267359,0.6246991984221558,1,prime
2026-06-27,0.5741626591228834,1.0,1,prime
2026-06-27,0.047536085211301836,0.4187285115059147,0,prime
2026-06-27,0.7064208746526776,0.6601649442408369,1,prime
2026-06-27,-1.5875136340947973,0.21869454890115692,0,subprime
2026-06-27,-0.5917082358007472,0.5735047890294972,1,subprime
2026-06-27,-0.38581529008785775,0.911280514890699,0,prime
2026-06-27,-0.6919249073236335,0.18064079640302572,0,prime
2026-06-27,-0.8032084301938819,1.0,1,prime
2026-06-27,1.0836343026438255,0.2858636873621568,0,prime
2026-06-27,0.8298437033192324,1.0,1,prime
2026-06-27,-1.530214246850191,1.0,1,prime
2026-06-27,1.4021360737156912,0.3430897063507754,0,prime
2026-06-27,0.3143539567808905,0.20135555668404695,0,prime
2026-06-27,-0.7857334975609382,0.6298610095062598,1,subprime
2026-06-27,1.476454734286355,1.0,1,prime
2026-06-27,0.6398696765285735,0.0,0,subprime
2026-06-27,-2.4895464116492048,0.6486455659306289,1,prime
2026-06-27,-0.28351988373843634,0.0,0,subprime
2026-06-27,1.0087040182680165,0.9368277463361858,1,prime
2026-06-27,-0.19736194078527955,0.7363313686420695,1,prime
2026-06-27,0.9099369699785919,0.4467383891055332,0,prime
2026-06-27,-1.220454570043309,1.0,1,prime
2026-06-27,0.9016294427854323,0.6494044531864733,1,prime
2026-06-27,-0.6172953403827908,0.9135125651350655,0,prime
2026-06-27,-1.6448121382142031,0.9288891267954607,0,prime
2026-06-27,-1.1010301254321584,0.007355823162533082,0,subprime
2026-06-27,-0.908756913854799,0.0,0,prime
2026-06-27,0.3919951870683002,0.5027624265241474,0,prime
2026-06-27,-0.5056676677278746,0.3616160523908846,1,prime
2026-06-27,-0.3195682693382956,0.0,0,prime
2026-06-27,0.6041185700137572,0.0,0,subprime
2026-06-27,-0.860827384812538,0.32770923974901645,0,prime
2026-06-27,0.6727574765742372,0.5226007590611563,0,subprime
2026-06-27,0.6562277848871898,0.6349416136346309,1,subprime
2026-06-27,-0.47959171477022905,0.02267048871477209,0,prime
2026-06-27,-0.10252469452882472,0.7538945585176292,1,subprime
2026-06-27,0.845452935756911,0.7783447688982579,1,subprime
2026-06-27,-0.6308803432180813,0.6090808431597838,0,prime
2026-06-27,0.784065771092954,0.0,0,prime
2026-06-27,-1.5957377480935442,0.6277136424517344,0,prime
2026-06-27,0.23144170484721482,0.7138176038493776,1,prime
2026-06-27,1.6384687780360105,0.0,0,subprime
2026-06-27,1.777897907149748,0.9738949464700981,1,prime
2026-06-27,1.1050551971672717,0.6686857333336744,1,prime
2026-06-27,-0.5636487134150037,0.2853382926793503,0,prime
2026-06-27,-1.256143111103881,0.5173669761907271,0,prime
2026-06-27,1.0828867638449937,0.6634616277378846,1,prime
2026-06-27,0.4031179361830586,0.6324539310163512,1,prime
2026-06-27,0.3988174351879448,0.7288522298506636,1,prime
2026-06-27,0.8503340330073053,0.5152202909033815,0,prime
2026-06-27,-0.562244822310675,0.9310813914476734,1,subprime
2026-06-27,-0.33021563434717455,0.09428484659769693,0,prime
2026-06-27,0.03693075472549403,0.0,0,prime
2026-06-27,0.29811797111973126,0.5657209099766098,0,subprime
2026-06-27,0.1761363259863217,0.0,0,subprime
2026-06-27,0.9421539173410599,0.5757452437065316,0,subprime
2026-06-27,0.5004164052287138,0.8363228852968289,1,prime
2026-06-27,-0.949946962604976,1.0,1,subprime
2026-06-27,1.8129777850975124,0.8086816736133976,1,subprime
2026-06-27,1.4014228198435414,0.2019452338625602,0,prime
2026-06-27,0.0339469631850612,0.12253134076998763,0,subprime
2026-06-27,0.39404699750195116,1.0,1,prime
2026-06-27,0.36807604065346466,0.641564082415463,1,prime
2026-06-27,-0.6944896002782183,0.8831234526344385,1,prime
2026-06-27,0.969256722103446,0.29055424122483864,1,prime
2026-06-27,0.6647260610422044,0.8680370490812778,1,prime
2026-06-27,2.14279262585028,0.0,0,prime
2026-06-27,0.4078921294103089,0.11131262585852665,0,prime
2026-06-27,1.366840465209375,0.3897095779706452,0,subprime
2026-06-27,-0.6819961865953439,0.04441008079761102,0,prime
2026-06-27,0.47046969835011254,0.6183422062347255,0,prime
2026-06-27,0.7467413021015523,0.7233638057343196,1,prime
2026-06-27,-1.4713514071697136,0.8635578778337984,1,prime
2026-06-27,-0.7283830926549887,0.7822700462686831,0,prime
2026-06-27,0.07918107678213179,0.6148982616131673,1,subprime
2026-06-27,1.5894437335317748,1.0,1,subprime
2026-06-27,1.1767964958976167,0.5361295331433371,1,prime
2026-06-27,1.3285009701646573,0.7671622740188073,0,prime
2026-06-27,-0.5965489243073151,0.8562563862747088,1,prime
2026-06-27,2.154648398114984,0.050812502597440384,0,prime
2026-06-27,-0.3147297915528509,0.06512163916917779,0,subprime
2026-06-27,1.582946537062283,0.9605371304023177,1,prime
2026-06-27,-1.7374352427006499,0.5816982356094355,0,prime
2026-06-27,-1.4418110329782905,0.21895563217747596,0,subprime
2026-06-27,-0.3557406448948972,1.0,1,prime
2026-06-27,0.5471365001831419,0.5668608942659918,1,prime
2026-06-27,-0.8570731994913957,1.0,1,prime
2026-06-27,0.5822613118039341,0.44829367991790287,1,subprime
2026-06-27,-0.7327764601911381,0.964987243871503,1,prime
2026-06-27,0.9466808903660175,0.44601701431403395,1,subprime
2026-06-27,-0.9506957288084752,0.5219703214541176,0,prime
2026-06-27,1.7906571556974018,0.0,0,subprime
2026-06-27,0.36993474036005103,0.3698498397501464,0,prime
2026-06-27,1.2018363875475944,0.6643576514722109,1,prime
2026-06-27,-0.09048971427880438,0.27903946519198336,1,prime
2026-06-27,-0.37942195547891205,0.34178188507326906,0,prime
2026-06-27,-0.6187406003002349,0.278058298692267,0,prime
2026-06-27,-0.30828731794504605,0.2104544059227695,0,prime
2026-06-27,0.8485226449881321,0.0,0,prime
2026-06-27,-0.18362888309305186,0.2371938986536125,1,prime
2026-06-27,-1.0006971166819785,0.5675794939942178,0,subprime
2026-06-27,-1.56467647143718,1.0,1,prime
2026-06-27,-2.3718812354096293,0.0,0,subprime
2026-06-27,-0.5691965357893912,0.1703218135802767,0,prime
2026-06-27,-0.1649207869200955,0.0,0,subprime
2026-06-27,0.6852549077798401,0.8102651123534168,1,prime
2026-06-27,-1.5534925567431594,0.6606624234788734,0,prime
2026-06-27,0.3742476935477848,0.43848640537141675,0,prime
2026-06-27,1.6775267769417272,0.0007963989354626,0,prime
2026-06-27,-0.5892935784474661,0.013227676845599168,0,prime
2026-06-27,0.2800568510574186,0.8884615056336131,1,prime
2026-06-27,0.31183259467153884,1.0,1,prime
2026-06-27,-1.9549415681631443,0.5763746405716894,1,subprime
2026-06-27,0.4184764272193209,0.20015157520859167,0,subprime
2026-06-27,-0.2196144506267908,0.3968117048947557,0,prime
2026-06-27,0.10698914201372148,1.0,1,prime
2026-06-27,0.7203548279071361,0.0,0,prime
2026-06-27,0.7676984011542602,0.8475952012086838,1,prime
2026-06-27,0.27976912841955504,0.5483230762814396,1,prime
2026-06-27,0.11435514070395768,0.2813100781608341,0,prime
2026-06-27,0.4335619055789226,0.9095308415776927,1,prime
2026-06-27,-0.14553952323120234,0.0,0,prime
2026-06-27,0.1856558771324423,0.0,0,subprime
2026-06-27,-0.5990336085730166,0.0,0,prime
2026-06-27,-0.6838508546332296,0.0,0,subprime
2026-06-27,0.40477596615749145,0.7952174017855466,0,subprime
2026-06-27,-0.5064797341166,0.39246959180435226,0,subprime
2026-06-27,0.08738192894190909,0.8385255856996227,1,prime
2026-06-27,-0.03522503938915219,0.13412179826387285,0,prime
2026-06-27,-1.2939744454064794,0.5326959062173399,0,subprime
2026-06-27,-0.28141041383460763,1.0,1,subprime
2026-06-27,2.51898967962921,0.9465047934527752,1,prime
2026-06-27,-0.14466043904688916,0.5486644732149923,0,prime
2026-06-27,0.5845746944505699,0.0,0,subprime
2026-06-27,1.0293897551489324,0.614370764425235,1,prime
2026-06-27,0.20017191630436337,0.9879624427733067,1,prime
2026-06-27,-0.8747252351667356,0.0,0,prime
2026-06-27,0.06796961169145087,0.34375842320211736,0,prime
2026-06-27,1.507449385068775,0.8148150605772952,1,prime
2026-06-27,0.03824842082787747,0.5215684711320197,1,prime
2026-06-27,0.42188393483548553,0.010859683251118385,0,subprime
2026-06-27,0.17463995700133994,0.7707549547244837,1,prime
2026-06-27,-0.6640151693762496,1.0,1,prime
2026-06-27,0.9126172182393864,0.958890454493277,1,subprime
2026-06-27,-0.1991090462694904,0.5096561016635772,1,prime
2026-06-27,-0.683861673298119,0.4150953248750067,1,subprime
2026-06-27,-0.548599401099752,1.0,1,prime
2026-06-27,1.4713930701522722,1.0,1,prime
2026-06-27,2.2778997354507484,0.08124162172220153,0,subprime
2026-06-27,0.22781020250349807,0.17220172918790805,0,prime
2026-06-27,2.1690868718369627,1.0,1,subprime
2026-06-27,0.04227654126528307,0.9630322375567619,1,prime
2026-06-27,-0.27372615961123836,0.25907494345681825,1,prime
2026-06-27,0.6704217694238123,0.36322396459256184,1,prime
2026-06-27,-0.16743282303839244,0.499592153348936,0,prime
2026-06-27,-0.4684170058173917,0.7784616624641587,1,prime
2026-06-27,-1.7519338974362688,0.5001431926726072,1,prime
2026-06-27,1.895903923662795,0.434960708282749,1,prime
2026-06-27,-1.5093328525091034,0.3683136955345481,1,prime
2026-06-27,2.0740364946947536,0.9105527048716677,1,prime
2026-06-27,-0.4044578948230581,0.7671980356913838,0,prime
2026-06-27,-0.8713525125332421,0.8505983971952347,1,prime
2026-06-27,0.8012363538496325,0.0,0,prime
2026-06-27,1.0748275444158117,0.400825126254908,0,prime
2026-06-27,1.256572288467826,0.38646666302751476,0,prime
2026-06-27,0.09977616052488222,0.3914121431737177,0,prime
2026-06-27,0.8646036521862379,0.8131966561688948,1,subprime
2026-06-27,-0.8924177331796959,0.5388525683068339,0,prime
2026-06-27,1.61505019773473,0.33034382636410986,0,prime
2026-06-27,-0.08973380483454216,0.7802726278820885,1,prime
2026-06-27,0.6884762794783365,0.5616223539945895,1,prime
2026-06-27,-0.42006524441318216,0.8072824510075164,1,prime
2026-06-27,-0.4157679717635578,0.45196831787918673,0,prime
2026-06-27,-3.1088458765260425,0.9092689700201791,1,subprime
2026-06-27,-1.3889902449575613,0.17883163801323126,0,prime
2026-06-27,0.820648172186395,0.0,0,prime
2026-06-27,-1.615272221821957,0.34184626673930746,0,prime
2026-06-27,-1.5105846642158534,0.47004935658085534,0,subprime
2026-06-27,0.7642727477294274,0.5182808031287374,0,subprime
2026-06-27,1.8440016856373729,0.08750847684479232,0,prime
2026-06-27,-0.06708192482436955,0.10470295380266781,1,prime
2026-06-27,0.2482544181245067,0.33614589120552274,0,subprime
2026-06-27,-1.216854064880852,0.4781767921855224,1,subprime
2026-06-27,0.8070143284517474,0.6521256823988112,1,prime
2026-06-27,-0.9367648097264828,0.31854785296870286,0,prime
2026-06-27,1.278601930272439,0.6445483169912234,1,prime
2026-06-27,-0.014397221144601461,0.5761502307047124,0,prime
2026-06-27,2.411335253811144,0.9927748695923927,1,subprime
2026-06-27,0.8532951049028549,0.0,0,subprime
2026-06-27,-0.5857351651974736,1.0,1,subprime
2026-06-27,-0.9594687662988136,0.0,0,prime
2026-06-27,0.40729994197764924,0.5460960466185611,1,subprime
2026-06-27,0.10568207754045034,0.5827735840245514,1,prime
2026-06-27,-0.2812772710858807,0.003956486307607199,0,prime
2026-06-27,-1.2304022569207953,0.0,0,prime
2026-06-27,-2.100881863280734,1.0,1,prime
2026-06-27,0.16938292920013678,0.33863883397883743,1,prime
2026-06-27,-0.1335779174872021,0.07592374544380506,0,subprime
2026-06-27,0.5041253298887426,0.04608067466804883,0,prime
2026-06-27,-0.3867580686473533,0.04155467569424842,0,prime
2026-06-27,1.3673682060759695,0.7485813333165279,1,prime
2026-06-27,0.21591144963312692,0.56565720652425,0,prime
2026-06-27,0.1392312910702917,1.0,1,prime
2026-06-27,-1.25088140691617,0.5132956145956725,1,subprime
2026-06-27,-1.8837625357933092,0.7276626937044918,1,prime
2026-06-27,-0.42749137007083654,0.8178647765367285,1,subprime
2026-06-27,0.7789505013880399,0.0,0,prime
2026-06-27,-1.637572392417651,0.43575368524746827,0,prime
2026-06-27,0.8159479118274775,0.09252003872836417,0,prime
2026-06-27,-0.3969708727962891,0.022222950827766236,0,prime
2026-06-27,-1.077789969794594,0.3896320570935734,1,subprime
2026-06-27,0.04411533694889862,0.261062475479461,0,prime
2026-06-27,1.5300325791632667,0.6871618989909173,1,subprime
2026-06-27,-0.11590873951614801,0.6541631849279579,1,subprime
2026-06-27,-0.7222070138260261,0.8174741102485893,1,prime
2026-06-27,-1.7632126667316022,0.5767728050160749,1,subprime
2026-06-27,-1.649334373826895,0.46973558673828375,1,prime
2026-06-27,-0.6552282513446206,0.48269114227251986,0,subprime
2026-06-27,-0.4615882751513571,0.2696672069801128,0,subprime
2026-06-27,-0.2683214364855333,0.001506428563651796,0,subprime
2026-06-27,0.438915181997524,0.654827784781941,1,subprime
2026-06-27,-0.010976135322114795,0.10211130821051047,0,prime
2026-06-27,1.6489418001437164,0.794645869745202,1,prime
2026-06-27,-0.8844224559787263,0.09079428614957291,0,prime
2026-06-27,1.863722321499361,0.3341413155358437,0,subprime
2026-06-27,-0.2630846703204224,0.6207100784651882,0,prime
2026-06-27,-1.779757669200776,0.32258688282975845,0,prime
2026-06-27,0.7034102396926378,0.0,0,prime
2026-06-27,-0.22623905026285682,1.0,1,prime
2026-06-28,1.0982214564049264,1.0,1,prime
2026-06-28,-0.5631388437336098,0.15643246564886626,1,subprime
2026-06-28,0.6777128646656504,0.0,0,prime
2026-06-28,-0.7461741490353994,0.388949076202304,0,subprime
2026-06-28,0.9607702799023566,0.9298752925108409,1,prime
2026-06-28,-0.2926164877161318,0.32522781176985927,0,prime
2026-06-28,-1.3101049011285715,0.4277239493147795,0,subprime
2026-06-28,-0.172841415354659,0.8950527695643898,1,subprime
2026-06-28,0.026352386595009113,0.870858994592684,1,subprime
2026-06-28,1.3668107171692752,0.6952495329508556,1,prime
2026-06-28,-0.12003745703101878,0.0,0,subprime
2026-06-28,1.0145145251364982,0.0,0,prime
2026-06-28,0.3398782699661879,0.8387077271391391,1,subprime
2026-06-28,-0.9812247815609054,0.0628693864529932,0,prime
2026-06-28,-0.3019022698187562,0.11080990164499711,0,subprime
2026-06-28,0.2816432837118457,0.47290236174801964,1,subprime
2026-06-28,0.8598981718381429,0.0,0,prime
2026-06-28,-0.555988835758594,0.9661073015440449,1,subprime
2026-06-28,0.8798658867427749,0.8458292139319534,1,prime
2026-06-28,0.8280100912222178,0.9573374987023688,1,prime
2026-06-28,0.19331978779146142,1.0,1,prime
2026-06-28,0.5464503737106831,0.22849509518424027,0,subprime
2026-06-28,0.722981081975956,0.666364483099164,0,subprime
2026-06-28,-0.4888046216530594,0.8220350329724933,0,prime
2026-06-28,-0.6393462474032555,0.1885828371182018,0,prime
2026-06-28,2.441576201133633,0.21770498245430694,0,prime
2026-06-28,0.6994522429699527,0.6181031314872062,1,subprime
2026-06-28,0.842264254424544,0.19717333259130032,0,subprime
2026-06-28,-1.905563684045164,0.4477377457814537,1,prime
2026-06-28,-0.06880798105800107,0.882120634431885,1,prime
2026-06-28,-0.6566786346191456,0.0,0,subprime
2026-06-28,-1.2433900928322932,0.4371199133264957,1,prime
2026-06-28,1.3161821693394138,0.4700573188143235,0,prime
2026-06-28,-0.18722064686364454,0.0,0,prime
2026-06-28,2.0923763767058783,0.6390195502032867,1,prime
2026-06-28,0.9283942580922913,0.08150702768906515,0,subprime
2026-06-28,0.7585769432548582,0.5616384151419567,0,prime
2026-06-28,0.4592714643826725,0.18919271064370902,0,prime
2026-06-28,-0.5231990705883265,1.0,1,subprime
2026-06-28,0.90273516372443,0.0,0,subprime
2026-06-28,0.6222317944246769,0.49937015766190446,1,prime
2026-06-28,0.26294105825099073,0.21237664554677094,0,subprime
2026-06-28,-0.6619391813254539,0.8612083774589772,1,prime
2026-06-28,1.0311633452221443,0.1318748970638124,0,prime
2026-06-28,-1.8843873224811991,0.8597623921247326,1,subprime
2026-06-28,-0.6758316858171454,0.3866707195652654,1,prime
2026-06-28,2.274186152410383,0.8252767405034813,0,subprime
2026-06-28,1.6326502195844963,0.3579351431794263,0,prime
2026-06-28,0.36616169913049146,0.6868810726689314,0,prime
2026-06-28,0.5458653948281775,0.7107731464089799,0,subprime
2026-06-28,-0.27601715109206304,0.9285025563471648,1,prime
2026-06-28,-0.3163296934603881,0.42676133625422313,0,subprime
2026-06-28,1.0096215527412222,0.3569773145918344,1,subprime
2026-06-28,1.3173300771286367,0.3246958921825467,1,prime
2026-06-28,-1.5866755308217255,0.1580954215666262,0,prime
2026-06-28,-0.15259888136286665,0.8011435142632567,0,subprime
2026-06-28,-0.330503341675869,1.0,1,subprime
2026-06-28,-0.8156743303897487,0.5829175134344327,0,prime
2026-06-28,0.4240284756001458,0.7781707320361014,1,prime
2026-06-28,0.3661682744976819,0.6653462933207358,1,prime
2026-06-28,-2.078452573456627,0.3549680256781253,1,subprime
2026-06-28,-0.946286167113004,0.08242979615254023,0,prime
2026-06-28,2.012872985753706,0.47622104917813596,1,prime
2026-06-28,-0.44412936461195796,0.5522359000846861,0,prime
2026-06-28,-2.0246721457052437,0.24318087348991024,0,prime
2026-06-28,2.058219331926156,0.01335453275651155,0,prime
2026-06-28,-1.3554694810284813,0.4631644332852204,1,prime
2026-06-28,-1.121394817302086,0.6390505706557328,1,prime
2026-06-28,-0.5726101643434677,0.6537976564194472,1,subprime
2026-06-28,-2.877702834770488,0.47032433127856654,0,prime
2026-06-28,0.38763624040492783,1.0,1,subprime
2026-06-28,0.4579407672529229,0.05128642039566697,0,prime
2026-06-28,-0.08155245072819206,0.9350936286743277,1,subprime
2026-06-28,0.3022936597664172,0.6617859629009327,0,subprime
2026-06-28,-1.2057871864858736,1.0,1,subprime
2026-06-28,0.6661880037625258,0.0,0,prime
2026-06-28,-1.0346107073699997,0.4855245494886802,1,subprime
2026-06-28,-1.7451862067813173,0.9715064157734923,1,subprime
2026-06-28,-0.2406268113776247,1.0,1,subprime
2026-06-28,0.744191560047224,0.5978197832606715,0,subprime
2026-06-28,1.067343386247869,0.16727093844210691,0,prime
2026-06-28,0.5660906886286343,0.6931518383750954,1,prime
2026-06-28,-0.504060380359339,0.6945730571974428,1,prime
2026-06-28,-0.3757387872325119,0.9489035008427067,1,subprime
2026-06-28,-0.28904313465644016,0.5459169385293206,0,subprime
2026-06-28,1.7861312171432533,0.23469596448397964,0,prime
2026-06-28,1.0126350499173233,0.8603998780700011,1,subprime
2026-06-28,1.0571572410073433,0.6153961104693398,1,prime
2026-06-28,0.47891236765545625,0.0,0,prime
2026-06-28,-1.0154056538828438,1.0,1,prime
2026-06-28,-0.7430925884552353,0.8784402739358415,1,prime
2026-06-28,-0.4194653594460939,0.0,0,prime
2026-06-28,2.0116498189476304,0.0,0,subprime
2026-06-28,-0.6144931408852855,0.4117496014269842,0,prime
2026-06-28,-0.009164934521311709,1.0,1,prime
2026-06-28,1.036572792734944,0.3415564517622507,0,prime
2026-06-28,0.38743943595454133,0.0456310582819508,1,subprime
2026-06-28,-0.13812719513207256,0.3935506525422298,0,prime
2026-06-28,0.1775065018198255,0.0,0,prime
2026-06-28,-0.7558869582384506,0.0,0,prime
2026-06-28,-1.09478374118973,0.40269008589142946,1,subprime
2026-06-28,-0.23869476730459085,0.7114467291035733,0,prime
2026-06-28,-1.3926735656654106,0.0,0,subprime
2026-06-28,-0.1679764286450944,0.0,1,prime
2026-06-28,-0.2893738538697742,0.8331747179301457,1,prime
2026-06-28,-0.1547308363543418,0.5644888768811845,0,prime
2026-06-28,0.11694353693660123,0.8144152577303785,1,subprime
2026-06-28,1.689498174753107,1.0,1,prime
2026-06-28,0.19479093459346403,0.2026904983353074,0,prime
2026-06-28,-0.5070093260582429,1.0,1,subprime
2026-06-28,-0.7171727976303544,0.41015402580169497,1,subprime
2026-06-28,1.2813894929908143,0.06764736144811812,0,prime
2026-06-28,-1.3068049653715548,0.0,0,prime
2026-06-28,-0.35195483070101563,0.0,0,prime
2026-06-28,0.45286803448331453,0.34251125922464143,0,prime
2026-06-28,0.2086812425907212,0.8535169874747484,1,subprime
2026-06-28,-0.001779878069718849,1.0,1,prime
2026-06-28,0.26647880554247116,0.9022752411163832,1,prime
2026-06-28,-0.8146502380287918,0.28173359277538557,0,subprime
2026-06-28,0.08991515472728953,0.22127346767700062,0,prime
2026-06-28,-0.573789052783941,0.6239092465277954,1,subprime
2026-06-28,0.9757205833150145,0.0758040137442881,0,prime
2026-06-28,-1.078543919450448,0.3523264029244651,0,prime
2026-06-28,-0.3789926644758184,0.5259710290586095,0,prime
2026-06-28,0.48188396794233496,0.38073482393460745,0,prime
2026-06-28,-1.4876029011528082,0.3415211899493313,0,subprime
2026-06-28,-0.18596084632141274,0.03238315535569025,0,subprime
2026-06-28,0.5396818465387151,0.10722982170416134,0,subprime
2026-06-28,0.9566981790294364,0.5910159881005947,0,prime
2026-06-28,-0.5979199573201304,0.0,0,prime
2026-06-28,-0.1540226586150698,0.5447925177534788,0,prime
2026-06-28,-1.3760184736347127,0.3121842278253678,1,subprime
2026-06-28,0.616092424914091,1.0,1,prime
2026-06-28,0.057220922326482654,1.0,1,prime
2026-06-28,-0.5859794178053639,0.2935361539442425,0,prime
2026-06-28,0.3869537289768676,0.4505655296165636,0,prime
2026-06-28,0.09974186100021575,0.6784656109697531,1,subprime
2026-06-28,1.3351983619490175,0.12003087103432288,0,subprime
2026-06-28,-0.2621612909882584,1.0,0,subprime
2026-06-28,-0.8200918340071444,0.816949430331063,0,prime
2026-06-28,0.9433955799784813,0.371333127215131,0,subprime
2026-06-28,0.8065240708882543,1.0,1,prime
2026-06-28,-0.538535572891922,0.0,0,prime
2026-06-28,-1.0504970728074197,0.6624399364814035,1,prime
2026-06-28,0.10340265979063527,0.004189456150838405,0,prime
2026-06-28,1.247141294788052,0.23142525579017764,0,prime
2026-06-28,-2.1784585258914353,0.11300416910064584,0,subprime
2026-06-28,1.5639598587078318,0.5971031318904991,1,subprime
2026-06-28,0.48002580059499167,0.7166299618790641,1,prime
2026-06-28,1.3929215695409858,0.5727179299686532,1,prime
2026-06-28,-0.26155736712437544,1.0,1,prime
2026-06-28,0.6156358776814456,0.5114932249961888,1,subprime
2026-06-28,1.358685349703405,0.36416486514226476,1,subprime
2026-06-28,-1.4335110310649037,0.1581514070560757,0,prime
2026-06-28,0.4291202874620534,0.12319158493245859,0,prime
2026-06-28,0.030372288585919775,0.7212019294075761,1,subprime
2026-06-28,1.7531507241573234,0.6951261268271209,1,subprime
2026-06-28,-0.06709850390992407,0.6596693048455422,1,prime
2026-06-28,-0.3268100765397757,1.0,1,prime
2026-06-28,0.21762864132943122,1.0,1,subprime
2026-06-28,0.4044430358300335,0.6411147088159597,1,prime
2026-06-28,0.9458622767922599,0.23899617232172166,1,prime
2026-06-28,-1.3449014970780475,0.46368460611809564,0,subprime
2026-06-28,-1.6748688790175947,0.8986176727028415,1,prime
2026-06-28,-0.223599653695613,0.593962171860952,1,subprime
2026-06-28,0.09119107742173507,0.7848246274960745,1,prime
2026-06-28,0.28324692631707904,0.0,0,prime
2026-06-28,-0.22326960731539164,0.8393366244546836,1,subprime
2026-06-28,-1.2615019362748106,1.0,1,subprime
2026-06-28,-0.4242118850329168,0.5815950339001874,0,prime
2026-06-28,-0.08745966003320066,0.5254485935654507,0,prime
2026-06-28,-0.001711136583218215,1.0,1,prime
2026-06-28,-0.4851308806223846,1.0,1,subprime
2026-06-28,0.8723722992550594,0.5227349986548526,0,prime
2026-06-28,-0.9519928250805991,0.06110822873938923,0,subprime
2026-06-28,-1.9534425925803431,0.04863808319542265,0,prime
2026-06-28,1.071313213435677,0.10678703411580644,0,subprime
2026-06-28,0.09603950848247596,1.0,1,prime
2026-06-28,1.0999373231488503,0.0879487018602283,0,subprime
2026-06-28,-0.07267559424740211,0.5906782554665906,1,subprime
2026-06-28,-0.4860045958627975,0.49623971126890737,1,prime
2026-06-28,0.40409828534012354,0.4613057188237411,0,prime
2026-06-28,0.3557086806328272,0.3306874767927888,0,prime
2026-06-28,1.2031471495287334,0.31422534535444296,0,subprime
2026-06-28,-0.21481596022911284,0.4567611620271801,0,subprime
2026-06-28,0.56439745723924,0.7211994925968332,1,prime
2026-06-28,1.8074186178598683,0.6255525375804271,1,subprime
2026-06-28,-0.5604308199633954,0.3821268029278739,0,prime
2026-06-28,-1.0479520259487665,0.41249563259791755,1,prime
2026-06-28,-0.42089174352149417,0.10364740519486784,0,prime
2026-06-28,1.1460126489539681,0.0,0,prime
2026-06-28,-0.06241446768986833,0.10264283092629861,0,prime
2026-06-28,0.02607298158492963,0.6259892350218329,1,subprime
2026-06-28,-0.1585672600534654,0.8205073411695313,1,prime
2026-06-28,1.1827781189386166,0.0,1,subprime
2026-06-28,-1.8264330743970996,0.31408643544924253,0,prime
2026-06-28,-0.6637802668334826,0.4482920661355958,1,subprime
2026-06-28,0.5010241089436409,0.015104415840486135,0,prime
2026-06-28,-0.14046657755515898,0.365192261446292,0,prime
2026-06-28,-0.2125870992935709,0.8649394335124309,1,subprime
2026-06-28,-2.405701193069569,0.7699936132090226,1,prime
2026-06-28,0.9225256902322626,0.049007678142659494,1,prime
2026-06-28,-0.7295307187017351,0.0,0,prime
2026-06-28,-0.7624281083765345,0.8108584652117884,1,prime
2026-06-28,-1.469785595300456,1.0,1,subprime
2026-06-28,-0.6753266491498192,0.04681502418586733,0,prime
2026-06-28,0.17925369234039473,0.9913360061666805,1,prime
2026-06-28,-0.30620772717965766,0.7768820919810866,1,prime
2026-06-28,2.228965750465182,0.5104774472192057,1,prime
2026-06-28,1.217636401656756,0.8111411271687149,1,subprime
2026-06-28,-0.6179344281211401,1.0,1,prime
2026-06-28,0.200934082582289,0.5735750800197215,1,subprime
2026-06-28,0.4772895280668103,1.0,1,prime
2026-06-28,1.0849246907834151,0.6163194915368035,1,subprime
2026-06-28,-1.3414354271589426,0.6084725541967817,0,prime
2026-06-28,-0.04145486690472502,0.28103362826302575,0,prime
2026-06-28,-0.4761141714411767,0.11719320263814662,0,prime
2026-06-28,0.5626666717932424,0.7158523317335029,1,prime
2026-06-28,-0.17406626124661467,0.4536828541132212,0,prime
2026-06-28,-1.597544268373848,0.1789569018640379,1,prime
2026-06-28,1.6260374980054009,1.0,1,prime
2026-06-28,-1.2079206878142523,0.4514847402848175,1,prime
2026-06-28,-0.26396250431001494,0.7487883945499694,1,prime
2026-06-28,0.16934462570622918,0.8532055216877945,1,prime
2026-06-28,-0.2879021861031754,1.0,1,prime
2026-06-28,-0.796248786326199,0.3911565300822336,0,subprime
2026-06-28,-0.08947849691516487,0.7520244249774786,1,prime
2026-06-28,-0.5630627342760502,0.0,0,prime
2026-06-28,-1.1353140287512347,1.0,1,subprime
2026-06-28,-2.079512977265216,1.0,1,prime
2026-06-28,0.0588910527269694,0.6754168579886536,0,prime
2026-06-28,-1.749451232260008,0.14236187550309046,0,prime
2026-06-28,2.224527427598372,0.709174077229924,1,prime
2026-06-28,1.4047047046782202,0.217729454094766,0,subprime
2026-06-28,1.083747186286033,0.0028568497820441463,0,prime
2026-06-28,1.3251835998074293,0.18188364173547256,1,prime
2026-06-28,2.115788497587963,0.0,0,subprime
2026-06-28,1.1978047830128398,0.8902414496724103,1,prime
2026-06-28,-1.0682583762413782,1.0,1,subprime
2026-06-28,0.7447584985445234,0.18981174254111682,0,subprime
2026-06-28,-1.0624651204289703,0.750226893689041,0,prime
2026-06-28,-1.1346228331582466,0.3533407179908157,0,prime
2026-06-28,0.34521553263353716,0.27777687861921113,0,prime
2026-06-28,0.34336486070754096,0.9500199229404057,0,subprime
2026-06-28,-0.033970357383986516,0.0,0,prime
2026-06-28,-1.1702233750480608,0.3953086045014195,1,prime
2026-06-28,-0.7684595100860676,0.7702606511244618,1,subprime
2026-06-28,2.9067491567417845,0.41457534117435296,1,prime
2026-06-28,-0.7750123745701714,1.0,1,subprime
2026-06-28,-0.09692768342153046,0.0,0,subprime
2026-06-28,-1.7147801752014058,1.0,1,prime
2026-06-28,-0.6201785441802171,0.3181287061457168,0,subprime
2026-06-28,0.4469022912099482,0.05348419651725128,0,prime
2026-06-28,0.32670185616542674,0.6943716942636925,1,subprime
2026-06-28,-0.23427754978035734,0.3339124668261626,0,prime
2026-06-28,-1.2315762813676097,0.18040520738590274,0,subprime
2026-06-28,1.149934559359893,0.2871991597655972,1,prime
2026-06-28,1.6101539769069464,0.3214162355996373,0,prime
2026-06-28,-0.5605986855040426,0.436875932306334,0,subprime
2026-06-28,-2.049162109214424,0.059376463807051805,0,subprime
2026-06-28,-0.13694326743760465,0.0,0,subprime
2026-06-28,0.4333822602843033,1.0,1,subprime
2026-06-28,0.030441613824417728,0.26872084781465205,0,prime
2026-06-28,-0.07359880702098477,0.5867833126150535,1,prime
2026-06-28,-0.8373520147768299,0.292325289394118,1,prime
2026-06-28,0.9276331142518172,0.7063217746591817,1,prime
2026-06-28,-0.02053009192968448,1.0,1,prime
2026-06-28,0.6549056992697786,0.7224712833900873,1,prime
2026-06-28,-2.1359167599296454,0.09438872418879382,0,prime
2026-06-28,1.1680599106806677,0.0,0,prime
2026-06-28,-0.30881445719853057,0.7016676320826933,1,prime
2026-06-28,-0.989815583565408,0.8909694208299206,1,prime
2026-06-28,-0.5343793447640014,0.8274169060676604,1,subprime
2026-06-28,0.4234898603143303,0.5358074184730445,1,prime
2026-06-28,1.121840547422565,0.4311904424743779,1,subprime
2026-06-28,-2.2637510299576205,0.3981472278288028,1,prime
2026-06-28,-0.8959137491697533,0.8280828281093118,1,prime
2026-06-28,-1.6857684543683036,0.42534605299994677,1,prime
2026-06-28,0.9221001935057732,0.0,0,subprime
2026-06-28,2.0124232853029507,0.7308315286084595,1,prime
2026-06-28,-0.3073277161911858,1.0,1,prime
2026-06-28,0.3688670324237699,0.895883353815609,1,prime
2026-06-28,-1.0607132729636315,0.36242883751686616,0,prime
2026-06-28,-0.32546030235730833,1.0,1,prime
2026-06-28,1.178528395009912,1.0,1,prime
2026-06-28,-0.16522014779154617,1.0,1,subprime
2026-06-28,-1.5404356050539367,0.09139953222287625,0,subprime
2026-06-28,-0.08123560712935364,0.5281116809117371,1,prime
2026-06-28,1.1880107708303715,1.0,1,subprime
2026-06-28,1.05692046948734,0.44598924364911574,0,prime
2026-06-28,-0.06102322461158325,0.07013309642522966,0,subprime
2026-06-28,0.20987712776833642,0.9268985775032261,1,subprime
2026-06-28,1.6827548278510787,0.4456949165135856,0,prime
2026-06-28,-0.5882358313140732,0.8473120933472744,1,subprime
2026-06-28,0.33353359324017684,0.2615713969067071,0,prime
2026-06-28,0.05219088378530805,0.5114871130985352,1,subprime
2026-06-28,-1.205928606831121,0.09054962307257619,0,prime
2026-06-28,0.9731000700911617,0.6976957184272581,1,prime
2026-06-28,1.6028154008097764,1.0,1,subprime
2026-06-28,0.9761108659621408,0.0,0,prime
2026-06-28,1.007033609740265,0.30773117070916634,1,subprime
2026-06-28,0.29009455111938476,1.0,1,prime
2026-06-28,1.4576409737616307,0.2028352696823571,1,prime
2026-06-28,0.6595878473024803,0.6246432351124945,1,prime
2026-06-28,-0.8352048660589496,0.9634364276760656,1,subprime
2026-06-28,-1.2326944475979735,0.49549974901993266,0,prime
2026-06-28,0.14432934408936376,0.3676786687873086,0,subprime
2026-06-28,-0.8787094943565684,0.0,0,prime
2026-06-28,1.1786949782736618,0.4131130224550253,0,subprime
2026-06-28,-0.6056468567792717,0.12187726618692427,0,prime
2026-06-28,-1.253267423885337,0.8291584754471008,1,subprime
2026-06-28,0.310665429696077,0.5703108071916044,1,prime
2026-06-28,-0.5740533427648583,1.0,1,subprime
2026-06-28,0.7893790476505809,1.0,1,prime
2026-06-28,-0.13997468444685907,0.0,0,prime
2026-06-28,1.3302407459183008,0.8482115227629807,1,subprime
2026-06-28,1.3008980058110664,0.9445777089402678,1,subprime
2026-06-28,0.0398107036111259,0.251585258756266,0,prime
2026-06-28,-0.06046451704768949,0.44290243601698975,0,subprime
2026-06-28,1.321235615514479,0.0,0,prime
2026-06-28,0.7653575695312738,0.1482767172047026,1,prime
2026-06-28,-0.4475959588207231,0.9440607807941237,1,prime
2026-06-28,2.267659154375683,0.9500212656248435,1,subprime
2026-06-28,0.3021445779580568,0.7261005545652021,0,subprime
2026-06-28,1.663370493464024,0.0,0,prime
2026-06-28,1.2532090464699015,1.0,1,prime
2026-06-28,-0.7956911652131303,0.5103150570079428,0,prime
2026-06-28,0.6165569021360843,0.3869185658674792,0,prime
2026-06-28,0.8677390974526739,0.0,0,prime
2026-06-28,0.28745420670389227,0.541784936203044,1,subprime
2026-06-28,0.5442814809452259,0.5695998948732159,0,prime
2026-06-28,1.728326648189759,0.24884201540929915,0,prime
2026-06-28,-0.019728574920255662,0.259888062209552,0,prime
2026-06-28,1.410094978104946,0.9814416249208757,1,prime
2026-06-28,-0.10651806287622193,0.0,0,subprime
2026-06-28,-0.8963246516472864,0.0,0,subprime
2026-06-28,1.676759224224727,0.0,0,prime
2026-06-28,0.9738989969133885,0.42594835520239016,0,subprime
2026-06-28,0.8608393426968358,0.4802336467849627,0,prime
2026-06-28,0.041091439634077916,0.8487423648986264,1,prime
2026-06-28,0.7491842137839902,0.6479157595454912,1,prime
2026-06-28,0.2589786992699885,1.0,1,prime
2026-06-28,-0.3375629126692024,0.9406874404115304,1,subprime
2026-06-28,0.12104123051712791,0.0,0,prime
2026-06-28,0.29411970680555016,0.29600071455257,0,prime
2026-06-28,-1.2552997024252868,0.0,0,prime
2026-06-28,-1.5140123845332023,0.4206895326972897,0,prime
2026-06-28,0.9688657157263304,0.6144633187211257,1,subprime
2026-06-28,0.39259538831613583,0.16564421051582473,0,prime
2026-06-28,-0.6585473062307511,1.0,1,subprime
2026-06-28,0.4680764996956643,0.6973519300507913,1,prime
2026-06-28,-1.5711456335727625,0.809163540396098,1,prime
2026-06-28,0.22917298520426838,0.6910876902004703,1,prime
2026-06-28,-0.216011039068563,0.27551389059123055,0,prime
2026-06-28,-0.45842003579761303,0.40378900305069576,0,prime
2026-06-28,0.5151134605083292,0.0,0,prime
2026-06-28,0.21889191376675046,0.34658048096615224,0,prime
2026-06-28,0.5104881846352767,0.0976308705735564,0,prime
2026-06-28,-1.4824969448548178,0.0,0,prime
2026-06-28,0.28832194097865166,1.0,1,prime
2026-06-28,0.9115134268153146,0.6419539262651922,1,prime
2026-06-28,1.6172189146240654,0.5338956523560687,1,subprime
2026-06-28,0.7203633397946256,0.0,0,prime
2026-06-28,-1.1756126317177873,0.3105643838546665,0,prime
2026-06-28,-0.12471471748891168,1.0,1,prime
2026-06-28,0.45945123787507597,0.9038339251608382,1,subprime
2026-06-28,-1.569994101050572,0.0,0,prime
2026-06-28,1.076915095142241,0.0,0,prime
2026-06-28,0.9248364443819814,1.0,1,prime
2026-06-28,0.0012353889701184721,0.6766787430387048,1,prime
2026-06-28,-0.4464279468543183,0.2981085916684777,0,subprime
2026-06-28,0.22711933535824824,0.0,0,prime
2026-06-28,-0.675369635079289,0.0,0,subprime
2026-06-28,-1.104793399332192,0.7003532941889622,1,prime
2026-06-28,0.42728801395723043,0.7667151554154094,1,prime
2026-06-28,-0.39389188173343526,0.19150175256420626,0,prime
2026-06-28,1.010445039118985,0.08870706125092831,0,prime
2026-06-28,-0.7430233960049456,0.0,0,prime
2026-06-28,-0.31760437920254886,0.3341925134362303,0,subprime
2026-06-28,1.3739750263113655,0.0,1,prime
2026-06-28,-0.21396386984942609,0.6211513221622579,1,prime
2026-06-28,1.3398170444802984,0.22630944197071506,0,prime
2026-06-28,-0.5899135129620405,0.09617774214805752,0,prime
2026-06-28,-1.2310213806527779,0.06067649044143106,0,subprime
2026-06-28,-0.584325537886036,1.0,1,prime
2026-06-28,1.5452978100036563,0.14955428741172438,0,prime
2026-06-28,1.1073312470678494,0.6959185141883643,0,subprime
2026-06-28,1.406338261942871,1.0,1,prime
2026-06-28,-1.2214040854411141,0.0,0,prime
2026-06-28,0.8719929521866231,0.40075172622926036,0,prime
2026-06-28,0.04670552341409588,0.12921118933392156,0,prime
2026-06-28,-0.4681516102879423,0.5969785692983788,1,subprime
2026-06-28,-0.41877344941799693,0.7901578132970907,1,subprime
2026-06-28,-1.2917597275449968,0.8527271402222933,1,prime
2026-06-28,-1.0895168968058626,0.0,0,subprime
2026-06-28,0.734916308358706,0.26092836008921005,0,subprime
2026-06-28,0.6225434793025568,0.5424573771737835,0,subprime
2026-06-28,1.3913592759477786,0.27731652625481074,0,prime
2026-06-28,0.9503390847081822,0.5618417711406041,1,subprime
2026-06-28,0.324567405275759,0.7213524884414622,1,prime
2026-06-29,-1.802979336879457,0.0,0,prime
2026-06-29,0.11809127058362937,0.0,0,prime
2026-06-29,-2.021977708974492,0.37106961357738455,0,subprime
2026-06-29,0.9872147564345837,1.0,0,prime
2026-06-29,0.2611408504015804,0.8930973833227669,1,prime
2026-06-29,-0.6353275169215061,0.09258714830234943,0,subprime
2026-06-29,-0.7213313685880042,0.0,0,prime
2026-06-29,2.3317788154045185,1.0,1,prime
2026-06-29,-0.6649518572058241,0.6344502329888733,1,prime
2026-06-29,-0.1638202870507102,0.9168236947021648,1,prime
2026-06-29,-0.6753524713502594,0.0,0,prime
2026-06-29,0.20624790545473462,0.7174999681262372,0,prime
2026-06-29,-0.5521997840694943,0.596376663315496,1,prime
2026-06-29,-0.6104328577904881,0.16780307724158483,0,prime
2026-06-29,1.4362661052726942,0.7987984177651122,1,prime
2026-06-29,-0.35664037170627233,0.3541013064489649,0,prime
2026-06-29,-0.339547062772257,1.0,1,prime
2026-06-29,-0.08351161753797172,0.0,0,prime
2026-06-29,-1.3069177212013767,0.5933648488098897,1,prime
2026-06-29,0.9283170656901121,0.3991668539906825,1,subprime
2026-06-29,0.442353902462706,0.97964081426768,1,prime
2026-06-29,-0.47049248740113614,0.0,0,subprime
2026-06-29,-0.11108530428056644,0.7470663822720733,1,prime
2026-06-29,-0.3479209984523269,1.0,1,prime
2026-06-29,-0.4086389788334747,0.9235599540880313,1,prime
2026-06-29,-1.0512058883664575,1.0,1,prime
2026-06-29,0.23289081896422995,0.9720056302309638,1,prime
2026-06-29,-1.1714029287802465,0.5447890647822186,0,subprime
2026-06-29,-0.19000004569969997,0.8814657218323113,1,prime
2026-06-29,-0.42465098964598613,0.20508194814769065,1,subprime
2026-06-29,-0.8992717157929838,0.6249157260074854,0,prime
2026-06-29,-0.355324541507852,1.0,1,subprime
2026-06-29,-0.5288691258752806,0.9130090661716865,1,prime
2026-06-29,0.0711614257508978,0.19549251147569852,0,prime
2026-06-29,-0.8030192934380723,0.0,0,prime
2026-06-29,0.6621910130290496,0.8516385996570334,1,subprime
2026-06-29,0.536363468766189,1.0,1,prime
2026-06-29,-1.0579939296708167,0.22530761405723299,0,prime
2026-06-29,0.9615729287102887,0.010977342765111114,0,prime
2026-06-29,-1.2640357368613147,0.24506767497063311,0,subprime
2026-06-29,-0.14312390518212087,0.21333108769981682,0,prime
2026-06-29,-1.493474347871434,0.2678628068453049,0,prime
2026-06-29,1.5914758049906128,0.36380241610901576,0,subprime
2026-06-29,0.47100678703256793,0.0,0,subprime
2026-06-29,-0.14700439561829304,0.41846353770182565,0,prime
2026-06-29,-0.01248121597571429,1.0,1,prime
2026-06-29,-0.2523717968901727,1.0,1,subprime
2026-06-29,2.009852708588211,0.9091502399007515,1,prime
2026-06-29,0.5389484886523677,0.26046714392155923,0,prime
2026-06-29,0.30665265786414,0.8106154596187882,1,prime
2026-06-29,1.0565243109750184,0.0277483129556913,0,subprime
2026-06-29,0.5385738943616993,0.0,0,subprime
2026-06-29,-1.0331730494290912,0.6464240110468893,1,prime
2026-06-29,0.6642229304164958,0.0,0,prime
2026-06-29,-1.1458038152381937,0.7431305890444626,1,subprime
2026-06-29,-0.29751674498597774,1.0,1,prime
2026-06-29,-0.02535123619676496,0.4261857841480124,1,prime
2026-06-29,-1.130331336601228,0.6625555203039138,1,prime
2026-06-29,-1.0528385349841647,0.05952664555908588,0,prime
2026-06-29,0.0097379223325455,0.45357085011126996,1,prime
2026-06-29,-0.6328717141689679,0.15459992246412804,0,prime
2026-06-29,-0.16522146766695425,0.762446312200822,1,subprime
2026-06-29,1.2653706234246476,0.7662797190822659,1,prime
2026-06-29,0.047332715129364794,0.38532568861828587,0,prime
2026-06-29,-0.20222205476533883,0.2757937818807171,0,subprime
2026-06-29,0.21625169716760284,0.0,0,prime
2026-06-29,1.4403614321345686,0.9729992280104509,1,subprime
2026-06-29,-2.1328786836013256,0.0,0,prime
2026-06-29,-1.4077039031738807,0.0,0,prime
2026-06-29,0.21770943865371745,1.0,0,prime
2026-06-29,0.011465613883138676,0.7574127278765558,1,prime
2026-06-29,1.4320409004187253,0.04615657877905649,0,prime
2026-06-29,1.3563199943248418,0.8583040499012173,1,prime
2026-06-29,-1.0503323191561442,0.0,0,prime
2026-06-29,0.05198711697546668,0.5716625313096992,1,prime
2026-06-29,0.5522455882184225,0.36749165967649855,0,prime
2026-06-29,-1.2736425486103429,1.0,1,prime
2026-06-29,-1.0672649732087858,1.0,1,prime
2026-06-29,0.9493019052809061,0.14065205454693017,0,prime
2026-06-29,-1.0541308535726621,0.9133590162896298,1,subprime
2026-06-29,0.7924197469159185,0.6135416208917133,1,prime
2026-06-29,0.24166618451896876,0.5292096764995109,1,prime
2026-06-29,-0.25329913958916445,0.30000848751674497,0,prime
2026-06-29,2.628916084489506,0.7314204542995207,1,subprime
2026-06-29,-0.24953934356705756,0.7137505642693582,0,prime
2026-06-29,-0.24056568023812247,0.3180632110492997,0,subprime
2026-06-29,1.9932571893911402,0.08733111513980038,0,subprime
2026-06-29,-1.496564965260699,0.0,0,subprime
2026-06-29,-0.7238385723339661,0.5332320665090133,0,subprime
2026-06-29,0.541111969652324,0.0,0,subprime
2026-06-29,-0.4002840067977493,0.53454958022519,1,prime
2026-06-29,0.6260285762480475,1.0,1,prime
2026-06-29,0.6141057348433698,0.34414513680774533,1,subprime
2026-06-29,-0.6804636093585861,0.8228503868721028,1,subprime
2026-06-29,-0.2241174520404428,0.41174276596052806,0,subprime
2026-06-29,0.54123570075366,0.0,0,prime
2026-06-29,0.31484450872226244,0.41605371021104953,1,prime
2026-06-29,1.5456793639283757,0.5753763817467559,0,prime
2026-06-29,0.34598527062757717,0.0,0,subprime
2026-06-29,0.22230700796971972,0.5220421915044389,0,prime
2026-06-29,-0.5684532333831828,0.10744970517941027,0,prime
2026-06-29,-0.19097486564334962,0.3900013503071403,1,prime
2026-06-29,-0.8352062436311383,0.3164652679703565,0,subprime
2026-06-29,1.4488347885859665,0.5906947101432124,0,prime
2026-06-29,0.26381101656921,0.8024239449988115,0,subprime
2026-06-29,0.4924613584967291,0.8817843922618486,1,prime
2026-06-29,-0.567667192831074,0.0,0,prime
2026-06-29,-0.43016414009041376,0.45166411137974477,1,prime
2026-06-29,0.9565839382453496,0.3612259958867256,0,prime
2026-06-29,-0.5605264326480444,1.0,1,prime
2026-06-29,1.1068729996786117,0.45117360240801296,0,prime
2026-06-29,-0.120967910217983,0.692789802060427,1,prime
2026-06-29,-1.278972635038528,0.6300010195895843,1,prime
2026-06-29,1.2033871374620173,0.0,1,subprime
2026-06-29,0.08112335437741568,0.06503155976716207,0,prime
2026-06-29,-0.8732254420197716,1.0,1,prime
2026-06-29,-0.859518136025768,0.14697613408964152,0,prime
2026-06-29,-0.55906291141629,0.41809358414465503,0,prime
2026-06-29,-0.2222197765394777,0.84116899784865,1,prime
2026-06-29,1.101764170868572,0.2696783200724979,0,prime
2026-06-29,-2.574990773361924,0.0,0,subprime
2026-06-29,-0.4553977619094687,0.0,0,prime
2026-06-29,-0.07918747463509403,1.0,1,prime
2026-06-29,-0.762735607436453,0.0,0,subprime
2026-06-29,-0.18937601135300847,0.1961458908573863,0,subprime
2026-06-29,0.42759564990381005,0.8311125780556103,0,prime
2026-06-29,-0.22382145300327203,0.6069518663254442,1,prime
2026-06-29,-0.11248055235675722,0.013101756400492687,0,subprime
2026-06-29,-0.9801852980474096,0.5442929930410465,1,subprime
2026-06-29,2.4887635801592003,0.8136890208983982,1,prime
2026-06-29,0.2309350559045437,0.38257515095190175,0,prime
2026-06-29,0.2938723896205936,0.7930128496683339,0,subprime
2026-06-29,-0.20504681213130307,0.027295595032837766,0,prime
2026-06-29,-0.3828370628294311,1.0,1,prime
2026-06-29,1.7510750810214577,0.8262027940159797,1,prime
2026-06-29,0.6144546710396159,0.47174906755289175,1,subprime
2026-06-29,0.940201914193689,0.6257867393559493,0,prime
2026-06-29,-0.13428933055728837,0.04572499608508826,0,prime
2026-06-29,-0.7103305375139131,0.4588136817979816,1,prime
2026-06-29,1.161444820615574,0.8718334507139243,1,prime
2026-06-29,-0.03674696231990965,0.9289441408134895,1,prime
2026-06-29,0.06641386106247725,1.0,1,prime
2026-06-29,-0.445828148055035,0.6929206740475473,1,subprime
2026-06-29,0.8577861969044284,1.0,1,prime
2026-06-29,1.9140409293759972,1.0,1,prime
2026-06-29,1.9660910977368633,0.6731268132582421,0,prime
2026-06-29,0.9937729816576428,0.9977174420077903,1,prime
2026-06-29,-0.4588342074617785,0.9251040769522337,1,prime
2026-06-29,-1.7214669617565408,0.13712729751884967,1,subprime
2026-06-29,0.6054351388068766,0.0,0,prime
2026-06-29,-0.3643756201738866,0.4091440805383725,1,prime
2026-06-29,1.106472198323263,0.30992961080354303,0,prime
2026-06-29,0.27888691252692477,0.8524022071190038,1,prime
2026-06-29,-1.2041879425194513,0.4797124065328575,1,prime
2026-06-29,0.5373734525835274,0.7272887182668262,1,prime
2026-06-29,-0.7493887695923028,0.5301047590163847,1,prime
2026-06-29,0.5010161667337645,0.21735709052588256,0,prime
2026-06-29,-1.1881415102019386,0.0,0,subprime
2026-06-29,1.5677571755803752,0.40733897029645055,0,prime
2026-06-29,1.026057975314738,0.6036369010328353,1,prime
2026-06-29,-0.15950540486693532,0.30172973349257315,0,prime
2026-06-29,-1.9221735618359659,0.07174439976733105,0,subprime
2026-06-29,-1.6219399205913407,0.7000614903035105,0,prime
2026-06-29,1.553281889785828,0.0,0,subprime
2026-06-29,-2.452672315376687,0.008063561490620291,0,prime
2026-06-29,-0.8171409891821273,0.0,0,prime
2026-06-29,0.5989174163647967,0.5945109875321728,0,prime
2026-06-29,1.4440771420932048,0.3814983355074673,0,prime
2026-06-29,-1.5933958085666877,0.5871581429495504,1,subprime
2026-06-29,-2.544065489045063,0.01784343754370568,0,prime
2026-06-29,-0.5312710458265508,0.48144958056393816,0,subprime
2026-06-29,1.3003108437807132,0.6691723466063177,1,prime
2026-06-29,0.3023188841458018,0.7206737849346788,1,prime
2026-06-29,0.6412882746359544,0.3411994628225048,0,prime
2026-06-29,-0.9650895178132745,0.44975443823895955,0,prime
2026-06-29,-0.33873322248710713,0.640017252526735,1,subprime
2026-06-29,0.5064652857386782,0.08834215466490217,0,subprime
2026-06-29,2.0784841462528245,0.0,0,subprime
2026-06-29,1.535540376164678,0.7661665571793518,1,prime
2026-06-29,-1.16523093712684,0.18321906315303713,0,prime
2026-06-29,-0.07016061633503473,1.0,1,prime
2026-06-29,0.43938889889600313,0.8291964441950815,1,subprime
2026-06-29,-2.4177732036798134,0.7387121855106754,1,prime
2026-06-29,0.16694956662338337,0.7107029870129438,0,subprime
2026-06-29,0.9565216748554892,0.20283793153374438,0,subprime
2026-06-29,0.06288542829270768,0.8145717338755973,1,prime
2026-06-29,0.14435567248054104,0.0008247302149634594,0,prime
2026-06-29,0.31014841047341773,0.13227535985301414,0,prime
2026-06-29,0.572114107182403,0.13408312848840934,0,prime
2026-06-29,-1.1350747692321916,0.8072092171292489,1,prime
2026-06-29,0.09969637679619127,0.5819986614609949,1,prime
2026-06-29,-0.40379347682439254,0.34716980859732216,0,prime
2026-06-29,-0.22773861539297205,0.0,0,prime
2026-06-29,-1.2005081524340893,0.5933950597220958,1,prime
2026-06-29,0.7445438654982007,0.7542041670527522,1,prime
2026-06-29,0.4503775269909836,0.5889334337891163,0,prime
2026-06-29,0.21663632199071195,0.5237160423779266,0,subprime
2026-06-29,-2.4171350547696457,0.5898865661681185,1,subprime
2026-06-29,0.6176269524716628,1.0,1,prime
2026-06-29,-1.5365196705778237,0.5579424860580647,1,prime
2026-06-29,0.06659149583334514,0.6103652815084815,0,subprime
2026-06-29,2.00969673636717,0.9783297113415774,1,prime
2026-06-29,0.5861734807131851,1.0,1,prime
2026-06-29,-0.098826563760694,0.2848517552536267,0,prime
2026-06-29,-1.447770615755436,0.0,0,prime
2026-06-29,1.7408060960979144,0.6635031589442604,1,prime
2026-06-29,0.013361537309323962,0.33192534169146015,1,prime
2026-06-29,-0.7830480209276982,0.0,0,subprime
2026-06-29,-0.4578828398484191,0.6747502836269126,1,prime
2026-06-29,-0.48208934633335265,1.0,1,prime
2026-06-29,-0.38378767413029763,0.779352824051166,0,prime
2026-06-29,0.1564286651850463,0.7712286361595528,1,subprime
2026-06-29,0.09373433342199541,0.5457597563974208,1,subprime
2026-06-29,-0.06841774965868067,0.08001859853267165,0,prime
2026-06-29,-0.9301373748761382,0.0,0,prime
2026-06-29,0.7240871105812778,0.44918735811328764,0,subprime
2026-06-29,0.6649789992350373,0.7458922275033908,1,subprime
2026-06-29,-1.607940210148013,0.2700672560328333,1,prime
2026-06-29,0.4693640966623554,0.020551249259329635,0,prime
2026-06-29,-0.7090884337738045,0.5787810375654714,1,prime
2026-06-29,0.7761025413689773,0.32214320173343636,0,subprime
2026-06-29,-2.2208300667143996,0.5823494555328163,1,prime
2026-06-29,0.5678115490576201,1.0,1,prime
2026-06-29,-0.2895582279858821,0.030894601913884934,0,prime
2026-06-29,0.49580405252497567,0.7291419161674482,1,prime
2026-06-29,1.602449912756425,0.9613268989067467,1,subprime
2026-06-29,-0.6936913062559716,0.02454776810187609,0,prime
2026-06-29,1.803138297124468,0.9813718934394691,1,prime
2026-06-29,0.4113017623100722,1.0,1,subprime
2026-06-29,-0.5328287961280468,0.4983036733906193,0,prime
2026-06-29,0.6685860299547204,1.0,1,prime
2026-06-29,0.796013871147412,0.37194584385411833,1,prime
2026-06-29,1.052101164726506,0.6144302423185111,0,prime
2026-06-29,0.24207563695240905,0.28515242555911274,0,prime
2026-06-29,-0.1737739539392449,0.6825589295787784,1,prime
2026-06-29,1.5342420371065206,0.0,0,prime
2026-06-29,-0.27148863394065004,0.3335007795898539,0,prime
2026-06-29,-0.798636759076907,0.3716090252943065,0,subprime
2026-06-29,-0.6365190065886407,0.11060942390145576,0,prime
2026-06-29,-1.1776788689524171,0.7070657720090955,1,subprime
2026-06-29,0.6649180757901462,0.748331058202841,1,subprime
2026-06-29,-0.49456561614452915,0.24304009517348454,0,subprime
2026-06-29,-0.5803604639270526,1.0,1,prime
2026-06-29,-0.820114850310602,0.4501378950427599,0,prime
2026-06-29,-0.346391343791871,1.0,1,prime
2026-06-29,0.4996511966222985,0.2571593678461916,0,prime
2026-06-29,-1.4841309449604327,0.8068877068156436,0,subprime
2026-06-29,-0.2089324479311563,1.0,1,subprime
2026-06-29,0.12501210297118176,0.2118547425800709,0,prime
2026-06-29,0.785925521120451,0.39229591932907737,0,prime
2026-06-29,-1.5484527471515108,0.40394750855699685,1,prime
2026-06-29,1.3760096566454056,0.14764821008778453,0,prime
2026-06-29,-0.892862500860838,0.9932831005231061,1,prime
2026-06-29,-1.0902473849603171,0.0,0,prime
2026-06-29,0.5428241517331523,0.1818594191613474,0,prime
2026-06-29,0.35259384926525505,0.49807875099288235,0,prime
2026-06-29,1.1857871992575535,0.20540307012498,0,prime
2026-06-29,-0.1871445695643531,0.8423712917935445,1,prime
2026-06-29,-1.266200144375133,0.15508729494437984,0,prime
2026-06-29,-0.20686489503781433,0.18540684181171702,0,prime
2026-06-29,-1.3340347924752642,1.0,1,prime
2026-06-29,1.2489773375305915,0.4730367787899281,1,prime
2026-06-29,1.5186092496885557,1.0,1,prime
2026-06-29,1.090846708352176,0.03590207845130525,0,subprime
2026-06-29,0.6392746943856211,0.12407096508211346,1,prime
2026-06-29,0.4525339716720677,1.0,1,prime
2026-06-29,-1.1351947011030452,0.0,0,prime
2026-06-29,-0.1761394279047892,0.4903951651023545,0,prime
2026-06-29,-1.8144027018345346,1.0,1,prime
2026-06-29,-0.0331330956468819,0.0,0,prime
2026-06-29,-0.06419890899831755,0.33316467042870845,0,subprime
2026-06-29,-1.8233694891617633,0.07574737625396494,0,prime
2026-06-29,0.4124793064507544,0.30919042515450706,0,subprime
2026-06-29,1.7043600804834913,0.46878577640473623,0,prime
2026-06-29,-0.9018070910224113,0.4269834151989369,0,prime
2026-06-29,-1.0900427849623464,0.35406281168138654,0,prime
2026-06-29,0.9632623939673508,0.1688854558577949,0,prime
2026-06-29,-0.13108888633061533,0.834872931780373,1,subprime
2026-06-29,-1.6478930130662792,0.12494485901234419,0,prime
2026-06-29,-0.14918775500997328,1.0,1,prime
2026-06-29,1.990125479522729,0.1826231919992758,0,subprime
2026-06-29,0.8183766142668918,1.0,1,prime
2026-06-29,-0.9529167341670075,0.7695178763509399,1,prime
2026-06-29,0.6676476420998338,1.0,1,prime
2026-06-29,0.2949445585901188,0.32786509397689634,0,subprime
2026-06-29,1.5842825555229008,1.0,1,prime
2026-06-29,0.46185510537360985,1.0,1,prime
2026-06-29,0.5763030661866572,0.8289955627920025,0,prime
2026-06-29,-0.6701335095804134,0.04995278783477308,0,subprime
2026-06-29,0.1289234441703103,0.3510106071489917,0,prime
2026-06-29,0.5980497857873067,1.0,1,prime
2026-06-29,-1.6429293603895354,0.20617672372962148,0,prime
2026-06-29,0.6288819973894082,0.774047384594474,1,prime
2026-06-29,0.948780091478751,0.44272762939388444,0,prime
2026-06-29,2.4357118238250703,0.8074804914397551,1,prime
2026-06-29,0.5764052865297381,0.18726216583554273,0,prime
2026-06-29,0.8544558002726225,0.0,0,prime
2026-06-29,-0.7229215378526929,0.22647088956731054,0,prime
2026-06-29,-1.1171957109681245,0.0,0,prime
2026-06-29,1.8846161571150248,0.6699933404547873,0,prime
2026-06-29,1.6308525247926917,0.2751817080188323,0,subprime
2026-06-29,0.8566756515086577,0.22598934078965266,0,subprime
2026-06-29,0.8240762648437361,0.4422615084935152,0,prime
2026-06-29,0.11386040182193131,0.28862223726370895,0,subprime
2026-06-29,0.989770218376032,0.28518022603287274,0,prime
2026-06-29,-1.1705235291519729,0.3205201088182194,0,prime
2026-06-29,-0.45310338083459323,0.721764687912745,1,prime
2026-06-29,-1.7158808167098079,0.04931788058176639,0,subprime
2026-06-29,1.207405559405261,0.18301769619860167,0,prime
2026-06-29,0.09597487120975745,0.0,0,prime
2026-06-29,1.3833627624075537,0.43819092883580935,0,prime
2026-06-29,2.138754176997551,0.5381776001476939,1,subprime
2026-06-29,-0.9634674145583555,0.0,0,prime
2026-06-29,-0.6144554503280902,0.5435278670967136,0,prime
2026-06-29,-1.5017280280799785,0.3683429158731897,0,prime
2026-06-29,0.2306472725651225,0.0,0,subprime
2026-06-29,0.03323781462861641,0.0,0,subprime
2026-06-29,-0.6142597716303634,0.4440008396363282,1,prime
2026-06-29,0.05356385965873495,0.0,0,prime
2026-06-29,-1.2843929434495607,0.26551682086265005,0,subprime
2026-06-29,-0.592286528765843,0.0,0,prime
2026-06-29,-1.7733585329784136,0.7083410381963455,0,subprime
2026-06-29,0.38980539087676025,0.5112504363850234,1,prime
2026-06-29,-2.0292203633696086,1.0,1,subprime
2026-06-29,-0.24596004879943925,0.12110006016265436,0,subprime
2026-06-29,1.4577969600217109,0.9293484986826759,1,prime
2026-06-29,-2.401251883427162,0.2755596395045068,0,prime
2026-06-29,-1.092560938610744,0.35471039378077296,0,subprime
2026-06-29,0.6424833797189985,0.6704796412883813,0,subprime
2026-06-29,0.28302716711360104,0.7627447622760422,1,prime
2026-06-29,-2.402346294219857,0.010947363793072262,0,subprime
2026-06-29,0.3374806602357501,1.0,1,prime
2026-06-29,1.2512158676528202,0.5764292390705138,0,prime
2026-06-29,-0.4309288388271544,0.48231973037772274,1,prime
2026-06-29,0.23393696051320828,0.056638214094520606,0,prime
2026-06-29,1.1913800788458864,0.8894321904096545,1,subprime
2026-06-29,-2.0966335255560273,0.3720270873977583,0,subprime
2026-06-29,-1.0826172469087187,0.1791148833913501,0,subprime
2026-06-29,-0.20343704499750298,0.0,0,prime
2026-06-29,1.0132529869411568,0.2063777012737985,1,prime
2026-06-29,-1.9703101631008402,0.1727182777644875,0,prime
2026-06-29,-0.12424326650841461,1.0,1,subprime
2026-06-29,-1.5402540015347177,0.38037903314682675,0,prime
2026-06-29,-0.1389113473093879,0.173194828760172,0,prime
2026-06-29,0.07725322723350625,0.3807785945596829,0,prime
2026-06-29,-1.4661035991072031,0.21913845898298936,0,prime
2026-06-29,-0.0511950377293473,0.46889511010703916,1,prime
2026-06-29,-0.6334120874344095,0.0,0,prime
2026-06-29,-0.7480639727157085,0.20455932004947644,0,prime
2026-06-29,0.985572450816269,0.6601222095386343,0,prime
2026-06-29,-0.9021735226354352,0.6685673038216718,1,subprime
2026-06-29,0.24099981489383102,0.6602093938463306,1,prime
2026-06-29,-1.086004328440066,0.0,0,prime
2026-06-29,-0.8517842365397129,0.048740325324018535,0,prime
2026-06-29,-0.4073680301751864,1.0,1,subprime
2026-06-29,0.5336587068614795,0.5852282807106949,1,prime
2026-06-29,-0.08379734595796916,0.8725991882192,1,subprime
2026-06-29,0.1603589616907014,0.7541109755675145,1,prime
2026-06-29,0.7633264445173042,0.5072377067576135,1,subprime
2026-06-29,-0.07554335362075794,0.6023814029964892,1,prime
2026-06-29,-0.9573807434585022,1.0,1,prime
2026-06-29,-1.2577038888427088,0.5313010456381346,1,prime
2026-06-29,0.5731747980350848,1.0,1,prime
2026-06-29,-0.6336369672751465,0.4696901167854917,0,prime
2026-06-29,0.9211783196467864,0.9270725491467757,1,prime
2026-06-29,1.1351589867086467,0.6837470852531045,1,subprime
2026-06-29,0.2908135610774241,1.0,1,prime
2026-06-29,0.6001541947863869,0.3827627835950197,0,subprime
2026-06-29,-0.5769429067238795,0.38173802657330824,1,prime
2026-06-29,-1.6184817194289012,0.67768602947417,1,prime
2026-06-29,-1.1187661761825456,0.1358693204323732,0,subprime
2026-06-29,0.6037857524450334,0.84064940915949,1,subprime
2026-06-29,0.7499883695363216,0.48097005000415766,0,prime
2026-06-29,-1.3240515304501423,0.3977130367443878,0,prime
2026-06-29,1.2109802510852787,0.2241486532639382,0,subprime
2026-06-29,-0.13222803171995512,0.8188894932627409,1,prime
2026-06-29,1.1722266243313793,0.5341065177059305,0,prime
2026-06-29,0.6623157332633621,0.15729606395195578,0,prime
2026-06-29,-0.8456345807481492,0.2134751080821451,0,subprime
2026-06-29,-1.500880963288203,0.04020599572206546,0,prime
2026-06-29,-0.005103521446720651,0.7668682266597031,1,prime
2026-06-29,-0.8779552423472547,1.0,1,prime
2026-06-29,0.5543154604403406,0.33621921579151665,0,prime
2026-06-29,-0.19908655490968363,0.6698961691380754,1,subprime
2026-06-29,-0.7951460723901277,0.0,0,subprime
2026-06-29,-0.1121812190793121,0.6411855234056651,1,prime
2026-06-29,-0.2788304905741293,0.0204334074786634,1,prime
2026-06-29,-0.4512237591446658,0.367003463200853,0,prime
2026-06-29,-0.1892059624219571,0.0,0,prime
2026-06-29,-0.26562231288545285,0.22361886557753713,0,prime
2026-06-29,-0.008933170366540072,0.46734858410434954,0,subprime
2026-06-29,0.5188284069110222,0.8523491363367031,1,prime
2026-06-29,-0.4206131236502451,0.7846690022850368,1,subprime
2026-06-29,-0.062384513953580766,0.0,0,prime
2026-06-29,1.8249229725689522,0.35150016344128837,1,prime
2026-06-29,1.4650480720276458,0.06030785882175524,0,prime
2026-06-29,-0.7949776553892649,0.8032060196930186,1,prime
2026-06-29,-0.14804591071445417,0.8332996110099984,1,prime
2026-06-29,-0.39853023977392144,1.0,1,subprime
2026-06-29,-0.7752505978957142,0.5178660569532135,0,prime
2026-06-30,-0.45868360301784356,0.0,0,prime
2026-06-30,1.7108883681349858,0.4130753239450675,0,subprime
2026-06-30,-1.0660845132823635,0.41238887958576875,1,subprime
2026-06-30,-0.21681080419055918,0.5253500897390975,0,prime
2026-06-30,1.247957735345959,0.09301648713852198,0,subprime
2026-06-30,-0.704827477692584,0.9234369022311855,1,prime
2026-06-30,0.9007369225980625,0.001972289770703184,0,prime
2026-06-30,1.1915044038320521,0.350457437416056,1,prime
2026-06-30,-1.2994900681276877,0.5770243929911965,0,prime
2026-06-30,-0.12982565338557223,0.28613434332618065,1,prime
2026-06-30,-0.15819999875184648,0.3224821245731908,0,prime
2026-06-30,-1.8351022454057528,0.0,0,subprime
2026-06-30,-0.21209718997230606,0.28868048959306747,0,prime
2026-06-30,-0.10266690070069671,0.41282566143747623,0,prime
2026-06-30,1.5038233940572834,0.615105097340913,1,prime
2026-06-30,0.962643507440156,0.8319832412755683,1,prime
2026-06-30,1.1545393747529389,0.0,0,prime
2026-06-30,-1.837975620121118,0.3492896770392605,0,prime
2026-06-30,1.688958273054978,0.8714921656759952,1,prime
2026-06-30,0.6135826602223903,0.8271097984981689,1,prime
2026-06-30,1.2333425203287807,0.6272030641597197,0,subprime
2026-06-30,-0.5703710203558808,0.8589544509993279,0,subprime
2026-06-30,-0.1667345634323774,0.9306376203337563,1,prime
2026-06-30,-1.622385416241127,0.616013937343805,0,prime
2026-06-30,0.20603392526667164,0.6196289045278891,1,prime
2026-06-30,1.2856209996688421,1.0,1,prime
2026-06-30,-0.6276416847337511,0.3936883032008861,1,subprime
2026-06-30,0.2927326457047431,0.2415902679884608,0,subprime
2026-06-30,0.34946162794712216,0.718615447822061,1,prime
2026-06-30,0.006605369028724852,1.0,1,prime
2026-06-30,0.5867054762030876,0.19412915671594305,0,subprime
2026-06-30,-1.4876335433411694,0.15550973117310388,0,subprime
2026-06-30,1.2351320340618706,1.0,1,prime
2026-06-30,0.29000563690341974,1.0,1,subprime
2026-06-30,0.845593150120019,0.49946967126655084,0,prime
2026-06-30,-2.1062510834663457,0.6094934470194011,1,prime
2026-06-30,1.5206786302442512,0.24020836539775614,1,subprime
2026-06-30,-0.723111744554149,0.0,0,prime
2026-06-30,1.5722979509529138,0.012344490078117276,0,prime
2026-06-30,-1.1319004234715366,0.0,0,subprime
2026-06-30,1.0039394341096064,0.6163759004719587,1,prime
2026-06-30,-1.36933428463723,0.9417072456272825,1,prime
2026-06-30,-0.5336370415053218,0.29766054745328197,1,prime
2026-06-30,1.0301071006381095,0.5735700526235916,0,subprime
2026-06-30,0.3768548262199551,0.5008115184332838,1,prime
2026-06-30,-2.0960944636773875,0.27695443027305255,0,prime
2026-06-30,-1.4756746596219512,0.5502314896979181,0,subprime
2026-06-30,1.8045244081541485,0.8751537038799904,1,subprime
2026-06-30,-0.17914723293195312,0.8342982465566114,1,prime
2026-06-30,-0.9251791268518363,0.49432318072179504,0,prime
2026-06-30,1.0765292601457686,0.45865700672891097,1,prime
2026-06-30,-0.9572420637790581,0.30491382023164937,1,subprime
2026-06-30,0.4785590846946919,0.253651213949712,0,subprime
2026-06-30,-0.11184604065963173,0.10531038315662403,0,subprime
2026-06-30,0.40038783969822367,0.0,0,prime
2026-06-30,-0.07579031054676566,0.8798841349267299,1,prime
2026-06-30,0.4314831872702495,0.5730613412308943,0,prime
2026-06-30,-0.031186267654277903,0.023417988826515024,0,prime
2026-06-30,-1.769222881412424,0.8384166406878848,1,prime
2026-06-30,0.8382058913247148,0.7387624525906212,1,prime
2026-06-30,-1.390066881964053,0.5196250009380974,1,prime
2026-06-30,2.1913280829680097,1.0,1,prime
2026-06-30,-0.37944529756913986,0.7709454885011249,1,prime
2026-06-30,0.4847433207734878,1.0,1,prime
2026-06-30,0.9225290735055937,0.9102041160232399,1,subprime
2026-06-30,0.5087739467012108,0.6690270109815816,1,prime
2026-06-30,-1.0482678357544015,0.9547301115958606,1,subprime
2026-06-30,-0.026462264847626288,0.446975202533283,1,subprime
2026-06-30,0.25661961074341005,0.988178246310008,1,prime
2026-06-30,-0.19722522866407538,1.0,1,prime
2026-06-30,2.118890513092266,0.48861054255108205,0,prime
2026-06-30,0.9965399139038486,1.0,1,subprime
2026-06-30,-0.1338783813434717,0.6517777093746936,1,prime
2026-06-30,-0.3360500328113876,1.0,1,prime
2026-06-30,-1.8265922187104826,0.4468051613221069,1,prime
2026-06-30,-0.13062803968899342,0.4430813537096782,1,subprime
2026-06-30,0.490632138281363,0.10944876737777033,0,subprime
2026-06-30,1.0110253262771696,0.3493839632955288,0,prime
2026-06-30,0.6187890071264789,0.23435690831322034,0,prime
2026-06-30,-1.7125556328918716,0.3649289480534885,0,prime
2026-06-30,-0.4120412698177622,1.0,1,subprime
2026-06-30,1.935090367095812,0.5706175870094861,1,prime
2026-06-30,-1.3468036399788603,0.07947855033379167,0,subprime
2026-06-30,0.1556605659641178,0.5908793599953852,0,prime
2026-06-30,-0.34434979191116677,0.5984649614570233,1,prime
2026-06-30,-1.8358872552854315,0.17135008485828873,1,prime
2026-06-30,-0.5625718615973339,0.42026551796168954,0,prime
2026-06-30,0.02279384006524321,0.642339159523349,0,prime
2026-06-30,-0.4072529367488689,0.4097838095350047,0,prime
2026-06-30,0.3666146086817872,0.13504085910050212,0,prime
2026-06-30,1.2870773828034168,0.9220074692222013,1,prime
2026-06-30,-1.1267849333671371,0.13373906192634039,0,prime
2026-06-30,-1.331578924143706,0.24738983952516896,0,subprime
2026-06-30,0.7092077853922002,0.9928326434585539,1,prime
2026-06-30,-1.838942989793145,0.0,0,prime
2026-06-30,0.6543370370502782,0.26253468089206355,1,subprime
2026-06-30,0.2824518179064657,0.1502878954693481,0,subprime
2026-06-30,0.6002321064788637,0.43442786980095494,0,subprime
2026-06-30,0.12873076898093475,0.5749232534643055,1,prime
2026-06-30,0.9458107025081006,0.915724671149788,1,prime
2026-06-30,0.9778228752766484,0.3765899349968076,0,prime
2026-06-30,-0.25478711967648743,0.018936204212565366,1,prime
2026-06-30,0.7845363083295968,0.5720316441258734,1,prime
2026-06-30,-0.5911976993066298,0.14591661878153017,1,prime
2026-06-30,-0.704765411556534,0.0,0,prime
2026-06-30,0.8734956245204698,0.35855698506069633,0,prime
2026-06-30,0.1768594464058708,0.7180805630246839,1,prime
2026-06-30,-0.027213849617968595,0.38101116047336475,1,prime
2026-06-30,0.04530096205908071,0.5851436228465325,1,prime
2026-06-30,-1.6246752205471708,0.0,0,subprime
2026-06-30,1.0738945084480598,1.0,1,prime
2026-06-30,-1.2936098317432811,0.5475160672987663,0,prime
2026-06-30,2.1154354074857715,0.4749660332585673,0,prime
2026-06-30,1.5684259790237625,0.04643115915782456,0,prime
2026-06-30,0.22390216185309122,1.0,1,prime
2026-06-30,-0.1583272010786513,0.794731148334661,0,prime
2026-06-30,0.7101449301662454,0.6823203895974135,1,subprime
2026-06-30,-0.08768124705326241,0.8708207884833441,1,prime
2026-06-30,0.680287486114134,0.43950801681945295,0,subprime
2026-06-30,0.10897107524668156,0.7862390041787294,1,subprime
2026-06-30,-0.5200313441600944,0.4688115498341881,1,prime
2026-06-30,-0.5102926746423816,0.45818773174179134,1,prime
2026-06-30,1.1991073684655469,1.0,1,prime
2026-06-30,-3.3848641048642314,0.42892219482073035,1,subprime
2026-06-30,-0.49531342578548104,0.2202441969538824,0,prime
2026-06-30,-0.1381538011535772,0.9256504999638933,1,subprime
2026-06-30,-0.827065764302255,1.0,1,prime
2026-06-30,-0.24742157604417248,0.0969764288193431,0,subprime
2026-06-30,1.1883445653032891,0.5854823454014852,0,prime
2026-06-30,0.6786686075185011,0.6345044864984881,1,prime
2026-06-30,-0.44537538370792273,0.8606171608297079,0,prime
2026-06-30,-0.07268905161592605,0.5649693472914159,1,prime
2026-06-30,-1.2994363122380534,0.7822432689968206,1,prime
2026-06-30,0.25371071515799126,0.6476134583797151,1,prime
2026-06-30,0.4778199571724562,0.3934649126995805,0,subprime
2026-06-30,-0.4206948940094366,1.0,1,subprime
2026-06-30,0.32976234618851735,0.21275549702429705,0,prime
2026-06-30,0.1877111638772873,0.06248912737235318,0,prime
2026-06-30,-1.1552192949714308,0.27246425876625185,0,prime
2026-06-30,-0.8880449419309029,0.8893941328730474,1,subprime
2026-06-30,1.319110822836354,0.005571403310668244,0,prime
2026-06-30,0.183412018170264,0.0,0,prime
2026-06-30,2.793296103731808,0.5220423125739218,0,prime
2026-06-30,-1.55011149035115,0.4190429247922996,1,prime
2026-06-30,-0.10198230114834028,0.0,0,subprime
2026-06-30,-0.7100230631597164,1.0,1,prime
2026-06-30,0.9071936131795282,0.02496255647968318,0,prime
2026-06-30,-1.7841044611671444,0.892724669119244,1,prime
2026-06-30,-1.2666317205712343,0.06982255077627172,0,prime
2026-06-30,-0.13547205037960502,0.0,0,prime
2026-06-30,0.6678075139668921,0.7105109192985758,1,prime
2026-06-30,0.7237253686360878,0.4623723005367788,0,prime
2026-06-30,0.99715823369479,1.0,1,prime
2026-06-30,1.0802008028879326,0.0,0,prime
2026-06-30,-0.3214898136143883,0.0,0,prime
2026-06-30,-0.41617019664244387,0.30933170647164443,0,prime
2026-06-30,-0.0956129323046277,0.5750723713452326,1,prime
2026-06-30,0.5877252733262266,0.0,0,prime
2026-06-30,-0.558704545517572,0.5675735637840896,1,subprime
2026-06-30,1.9052870151438026,1.0,1,prime
2026-06-30,0.7164440215730806,0.5545752090513769,0,subprime
2026-06-30,0.7011928968634724,0.4184553942619119,0,prime
2026-06-30,-0.25703234555519844,0.06889670672537218,0,prime
2026-06-30,2.209394637746953,1.0,1,prime
2026-06-30,1.3268934191612114,0.23355430318944412,0,prime
2026-06-30,-0.419284775032852,0.0,0,prime
2026-06-30,1.2706995053273735,0.7260431881651526,0,prime
2026-06-30,0.2981270455814719,1.0,1,prime
2026-06-30,-0.02316331719552996,1.0,1,subprime
2026-06-30,-1.2002015308100222,0.02150966954609676,0,prime
2026-06-30,-0.17881238779683015,0.0,0,prime
2026-06-30,0.02273316147834633,0.17629605860780656,0,prime
2026-06-30,1.6541314446432118,0.5438890067439339,0,prime
2026-06-30,0.004674180472720802,0.7597460427221951,0,prime
2026-06-30,0.24835032345920657,0.27731633567304725,0,prime
2026-06-30,-0.7756946145627617,0.857546081627496,1,prime
2026-06-30,-0.9340035323373719,0.13759492553562572,0,prime
2026-06-30,-1.889267721446714,0.375859233643417,0,subprime
2026-06-30,0.20567290246754324,0.7217146392774334,1,subprime
2026-06-30,-0.002435969058006072,0.049282555040720405,0,subprime
2026-06-30,-0.35264324038091627,0.9476628784057386,1,prime
2026-06-30,-0.09998944473301333,0.5872210427188771,0,prime
2026-06-30,-0.12726897004919083,0.6515716491450751,1,prime
2026-06-30,0.7950986855504084,0.0,0,prime
2026-06-30,-0.013154256531704812,0.30473534635453886,0,prime
2026-06-30,0.6484029925024379,0.692102679288769,0,prime
2026-06-30,0.40436618432920907,0.0,0,prime
2026-06-30,-0.7687916724366609,0.985873738227982,1,prime
2026-06-30,-0.010830153706649583,0.4265166540905036,1,prime
2026-06-30,0.73644201781633,0.878346589015448,1,prime
2026-06-30,-1.074750387286491,0.41003536658463235,0,prime
2026-06-30,-0.14136599474051698,0.6408847426169015,1,prime
2026-06-30,-0.27359327710394743,1.0,1,subprime
2026-06-30,0.1853763331913584,0.0,0,prime
2026-06-30,0.9208422229120314,1.0,1,prime
2026-06-30,-0.2874514293386441,0.5947420206061607,1,prime
2026-06-30,-1.7338906623266082,1.0,1,subprime
2026-06-30,-0.04935834974005547,0.6928133876233301,1,subprime
2026-06-30,0.15868684674852232,0.9624431467699709,1,prime
2026-06-30,0.2017534003482546,0.9651408809459929,1,subprime
2026-06-30,0.9444041600455524,0.4545097761952458,0,prime
2026-06-30,-0.5045778158715271,0.22367130526123014,1,prime
2026-06-30,-0.33325540472697923,0.0,0,prime
2026-06-30,-1.0758771575677497,0.37228865705105973,0,prime
2026-06-30,0.2530701127090638,0.41689659531271706,0,subprime
2026-06-30,0.27927091574344276,0.0671564827775939,1,prime
2026-06-30,-1.5288301225770211,0.9925247798604175,1,prime
2026-06-30,-0.012781856099174399,0.042634364757212107,0,prime
2026-06-30,-0.5026910334512275,0.562415397544951,1,prime
2026-06-30,0.07124243377098753,0.032561666860577626,0,prime
2026-06-30,1.1099295093897608,0.3580619982771635,1,prime
2026-06-30,1.1925165970672076,0.4211916863752759,1,prime
2026-06-30,1.5365435450128166,0.0,0,prime
2026-06-30,0.04564734629530457,0.48356328862777354,1,prime
2026-06-30,0.5118058351058562,0.0,0,subprime
2026-06-30,-0.16803707791678926,0.9443808669833027,1,prime
2026-06-30,-1.99718361107825,0.01596343056446886,0,prime
2026-06-30,-1.3741941741977968,0.0,0,prime
2026-06-30,0.3133901917261931,0.843702302623337,0,prime
2026-06-30,1.07120128690578,1.0,1,prime
2026-06-30,-0.7357452604871191,0.0,0,subprime
2026-06-30,0.3698582963315197,0.3231652215791357,0,subprime
2026-06-30,1.051942333282798,0.9253069305445458,1,prime
2026-06-30,-0.7644418165256077,0.6153043735872212,1,subprime
2026-06-30,0.4042801170081448,0.461116452293757,0,subprime
2026-06-30,-0.1492392820103296,0.5051449216035816,1,prime
2026-06-30,0.14837201054192956,0.7744456406394697,1,subprime
2026-06-30,1.3121053935696854,0.5257521934524769,0,prime
2026-06-30,-0.031825537719061256,0.6945606132124931,0,prime
2026-06-30,0.48808646868837013,0.23418893361743043,0,subprime
2026-06-30,-0.7123084913893978,0.9811196018381734,1,prime
2026-06-30,-1.1352088741744224,0.449866129849519,0,prime
2026-06-30,0.18165627858067127,0.684043281191351,1,prime
2026-06-30,-0.7286438354110909,0.0,0,prime
2026-06-30,0.5673673997270484,0.786885440063524,0,prime
2026-06-30,0.9584075465206366,0.5048394596459498,0,subprime
2026-06-30,0.31648558332544535,0.18683362245548363,0,subprime
2026-06-30,0.29374454066853245,0.3372213340105065,1,prime
2026-06-30,-1.3280567793045084,0.4935955805149646,1,prime
2026-06-30,-0.3645821779775282,0.7319612401090144,1,subprime
2026-06-30,-0.8318456264873402,1.0,1,prime
2026-06-30,1.6457060016953904,0.5617951764109764,1,prime
2026-06-30,-0.06505695001159494,1.0,1,subprime
2026-06-30,1.323143327654318,0.5621766669095725,0,prime
2026-06-30,-0.06406221353898378,0.6258392136051479,1,subprime
2026-06-30,0.28765478134443767,0.3174235972793252,1,prime
2026-06-30,0.48387385433220664,0.5358181618964066,0,subprime
2026-06-30,-0.7705128761777593,0.2501804010751552,0,prime
2026-06-30,1.1879681714499988,0.35981424565908043,1,prime
2026-06-30,2.5510009782940015,0.46413716981836506,0,prime
2026-06-30,1.4614900334037924,1.0,1,prime
2026-06-30,1.165658185152974,0.0,0,subprime
2026-06-30,-2.086173882984138,0.7435846465197732,1,subprime
2026-06-30,0.7860174571006674,1.0,1,subprime
2026-06-30,-0.7623037351989759,1.0,1,prime
2026-06-30,-0.48679267741496773,0.0,0,prime
2026-06-30,-1.4048663292409589,0.5894846506676592,1,subprime
2026-06-30,-1.1158724643400562,0.0,0,prime
2026-06-30,0.17400210863249163,0.3374038563847223,0,prime
2026-06-30,-1.4348899272207056,0.09960549069853239,0,prime
2026-06-30,0.8713040851775548,0.0,0,prime
2026-06-30,1.5583903356554758,0.9121939319257237,1,prime
2026-06-30,-1.8283240648745214,1.0,0,prime
2026-06-30,0.6722694405284838,0.4385667465437875,0,prime
2026-06-30,0.5834201338186498,0.0,0,prime
2026-06-30,-1.149716183011954,0.23615683619328906,0,prime
2026-06-30,-0.26398579765777086,0.4374614581026641,0,prime
2026-06-30,0.7995427210017368,0.20670390159514854,0,prime
2026-06-30,-0.28571892968130735,0.6389043474897753,0,prime
2026-06-30,-0.1563566845232996,0.3206448018723398,0,prime
2026-06-30,-2.273407637685845,0.0,0,prime
2026-06-30,1.0995821071684624,0.4475834274769987,1,subprime
2026-06-30,0.301939933552019,0.0,0,prime
2026-06-30,-1.221198710273285,0.46402002948076015,1,prime
2026-06-30,0.6486170136085143,0.0,0,subprime
2026-06-30,0.4304731016538873,0.10691872688202306,0,subprime
2026-06-30,-0.9437342057181771,0.7915039868911534,1,prime
2026-06-30,0.7501938751704015,0.4082417982470139,0,prime
2026-06-30,0.40210349003860524,1.0,1,prime
2026-06-30,-0.705044169777562,0.5237221774491255,1,prime
2026-06-30,-0.38469132632438346,0.7430023137411553,1,prime
2026-06-30,2.144426886614389,1.0,1,prime
2026-06-30,0.46148848948088034,0.4305024704568927,0,prime
2026-06-30,-1.0737633050814643,0.0,0,prime
2026-06-30,-0.4046709410183354,0.0,0,subprime
2026-06-30,-1.2090218853795716,0.4887462442829892,1,prime
2026-06-30,2.5377341876661443,1.0,1,prime
2026-06-30,1.0775937060062724,0.10413099073159754,0,subprime
2026-06-30,-0.7071600392159919,0.7954181813385253,1,prime
2026-06-30,-0.1772032350177715,0.35753592865601735,1,subprime
2026-06-30,-0.7305747045915983,0.0,0,prime
2026-06-30,0.9256681532824919,0.7356848484199904,1,subprime
2026-06-30,-0.8389561557633682,0.6365169446042771,0,prime
2026-06-30,-1.5007994394577389,0.10692521187029079,0,prime
2026-06-30,1.202808602335604,0.07696247175858875,0,subprime
2026-06-30,0.05642677720678392,0.7973314934177202,1,prime
2026-06-30,-0.3983566235721792,0.24249538695366551,0,prime
2026-06-30,-0.8830826762030809,0.0,0,prime
2026-06-30,0.3028833987273231,0.3937974686764806,0,subprime
2026-06-30,-0.9641831450825747,1.0,1,subprime
2026-06-30,-0.17214259935115023,0.8678010651680931,0,prime
2026-06-30,-0.6093389570760834,1.0,1,prime
2026-06-30,1.5094427271333968,0.34123710877568597,1,subprime
2026-06-30,0.2098022679828909,0.683046275913646,1,subprime
2026-06-30,0.8805901865349778,0.4027618684007481,1,prime
2026-06-30,-1.2052011897213537,0.0,0,prime
2026-06-30,-1.3851168678953991,0.2974598495766206,1,prime
2026-06-30,0.18402848055877657,0.38607366092623185,1,prime
2026-06-30,2.002335932855704,0.532377890416889,1,prime
2026-06-30,-1.6947823051858721,0.22644508576524558,1,subprime
2026-06-30,-0.18671062794683496,0.7412809613794028,1,subprime
2026-06-30,-1.5415026976461152,0.7075961890805931,1,prime
2026-06-30,1.1423828614939828,0.7959803357172304,1,subprime
2026-06-30,0.04642479660889239,0.06657130000724479,0,prime
2026-06-30,-1.9815487450729643,0.11498775063949884,0,prime
2026-06-30,0.22848606319669687,0.4342161177196978,0,subprime
2026-06-30,-0.6986048169567091,1.0,1,prime
2026-06-30,1.9544383861811672,0.0,0,subprime
2026-06-30,0.21933317051301807,0.4326197630364451,0,prime
2026-06-30,-0.4065031044687464,0.3621028749554407,0,subprime
2026-06-30,0.34533439115982345,0.4324481108732785,0,prime
2026-06-30,0.9735672305406383,0.18178190628199764,1,prime
2026-06-30,-1.9580364926879992,0.5572251894714488,1,prime
2026-06-30,-0.8853335206400618,0.7696121757435105,1,subprime
2026-06-30,0.14600972851867294,0.0,0,prime
2026-06-30,1.6201271659317809,0.4075661307430498,1,prime
2026-06-30,-0.2947201592715685,0.8420472737615364,1,subprime
2026-06-30,-2.278690450237426,0.28081478519722824,0,subprime
2026-06-30,-0.1982883952129857,0.9732082148846408,1,prime
2026-06-30,-0.2682997161269771,0.37398319580165806,1,prime
2026-06-30,0.3986008797136968,0.5261143413753941,0,prime
2026-06-30,1.8150531228474394,0.8947285921774486,0,subprime
2026-06-30,-0.6263604701121761,0.4596515625667107,0,prime
2026-06-30,-0.6086955898341678,0.0,0,subprime
2026-06-30,-0.09008369864367266,0.5685385404808202,0,prime
2026-06-30,-0.7842137684877901,0.4789751514216657,1,subprime
2026-06-30,-0.40202694623856977,0.0,0,prime
2026-06-30,0.48022346401859106,0.6129766025726388,1,prime
2026-06-30,0.10300727456665364,0.08929058860465455,0,prime
2026-06-30,0.2676943556329787,0.16497365104588685,0,prime
2026-06-30,-0.7608451484651888,0.1462466332127127,0,subprime
2026-06-30,-2.5358192765558476,0.9567773622878247,1,prime
2026-06-30,-1.0581461520914814,0.0,0,prime
2026-06-30,2.5533892146312516,0.37963174560637225,0,prime
2026-06-30,0.6896218620729382,0.48752711549695166,1,prime
2026-06-30,0.3460895867123115,0.8286982738886949,1,prime
2026-06-30,0.965942961622732,1.0,1,prime
2026-06-30,-1.6440529562277908,0.27271236585056047,0,prime
2026-06-30,1.510364378440506,0.7287455386561014,1,prime
2026-06-30,0.817886115697408,0.0,0,prime
2026-06-30,-0.029089475797390688,0.8993854809283426,1,subprime
2026-06-30,0.6037680088497133,0.0,0,prime
2026-06-30,0.4899549885100321,0.026176776155601073,0,prime
2026-06-30,-1.0865046220081895,0.4381351673943791,0,subprime
2026-06-30,0.5537480663449126,0.18599503591373634,1,subprime
2026-06-30,-0.9076893102857787,0.9571484947377823,1,prime
2026-06-30,-0.4009912697098582,0.08884743358924085,0,prime
2026-06-30,0.1579312547616839,0.26731328711210794,0,prime
2026-06-30,0.32194246073539173,0.3762568223121731,1,subprime
2026-06-30,1.4185386506857915,0.0,0,prime
2026-06-30,0.2553529779385201,1.0,1,prime
2026-06-30,0.9362325408990648,0.46817108380134503,0,subprime
2026-06-30,0.43220696787137153,0.5666296359533245,0,subprime
2026-06-30,1.6840576659756021,0.49963546442804746,1,prime
2026-06-30,-0.681739101249746,0.8583412776800895,0,prime
2026-06-30,-0.041141807546836495,0.2809600739013851,0,prime
2026-06-30,-0.047981942350445325,1.0,1,subprime
2026-06-30,1.4923365795854797,0.8185050508873537,1,prime
2026-06-30,2.021371553954797,0.48083619713088055,0,prime
2026-06-30,0.21149828545136629,0.4939885658538008,1,prime
2026-06-30,-0.5036518698535398,0.0,0,prime
2026-06-30,0.3993847942414687,0.4284030129488646,1,subprime
2026-06-30,0.1525363839562253,0.0,0,subprime
2026-06-30,-0.2251553355898844,0.0,0,prime
2026-06-30,0.29199978705683766,0.1884891134064519,1,subprime
2026-06-30,-0.024777868007375917,0.9280876407534305,1,prime
2026-06-30,0.9118597381739206,0.0,0,subprime
2026-06-30,-0.549502236410659,0.8383010471386529,0,prime
2026-06-30,-0.8616355181694546,0.15500916455350644,0,prime
2026-06-30,-0.32820470651806427,0.9494951855496604,1,prime
2026-06-30,2.9220000390747605,1.0,1,prime
2026-06-30,0.491473661017902,0.46221285721178107,1,prime
2026-06-30,0.7206735047009337,0.4745125850047364,1,prime
2026-06-30,0.4379484447746185,0.8764222075092012,1,prime
2026-06-30,0.7559911406767973,1.0,1,subprime
2026-06-30,-2.0712295542320995,0.7301255497578129,1,subprime
2026-06-30,0.6101483025933951,0.7619712745365598,0,prime
2026-06-30,-1.9434936669396017,0.1170979200706279,0,subprime
2026-06-30,0.5886164129477921,0.48821313047712644,0,prime
2026-06-30,0.27278066479304536,0.8533226738426796,0,subprime
2026-06-30,1.4768369501810905,0.6470909176264064,1,prime
2026-06-30,0.8023867223929165,0.8322275307553351,1,subprime
2026-06-30,0.06862017408959167,0.6934702637069258,1,prime
2026-06-30,-1.1648921503078133,0.7853160849187444,0,prime
2026-06-30,-0.5297138857165068,0.0,0,prime
2026-06-30,1.2211101488461025,1.0,1,prime
2026-06-30,1.0580250310458286,0.5652276113899661,0,prime
2026-06-30,-1.2561251380724336,0.8429574825562448,1,prime
2026-06-30,0.1641327563888833,0.5726482994023961,1,prime
2026-06-30,1.577605304906097,1.0,1,prime
