date,feature,prediction,label,segment
2026-06-01,1.5864195345110759,0.0,0,subprime
2026-06-01,-0.9533580566490166,1.0,1,subprime
2026-06-01,-0.4919900701126342,0.05762839082132892,0,subprime
2026-06-01,-0.620542923570761,1.0,1,prime
2026-06-01,-0.7371752190064401,1.0,1,prime
2026-06-01,-0.6382473200985497,0.925211298477936,1,subprime
2026-06-01,1.5313211122318422,0.0,0,prime
2026-06-01,-0.649481952022788,1.0,1,prime
2026-06-01,-1.1596608880012562,0.0,0,prime
2026-06-01,-0.01175064172798979,1.0,1,prime
2026-06-01,0.6250618488167713,0.0,0,prime
2026-06-01,1.1198802682562574,0.0,0,prime
2026-06-01,1.3807224584339741,0.0,0,prime
2026-06-01,0.12340342129581794,0.0,0,prime
2026-06-01,-0.22335308098909978,0.0,0,prime
2026-06-01,-0.38822275828778224,0.9244235380005269,1,subprime
2026-06-01,-0.6554788352694395,0.0,0,subprime
2026-06-01,-2.558099931999044,0.8096827366239612,1,prime
2026-06-01,-0.8646831952933371,0.0,0,subprime
2026-06-01,-0.4777731912776903,0.0,0,prime
2026-06-01,0.3169956442616643,0.0,0,subprime
2026-06-01,-2.198317739285533,1.0,1,prime
2026-06-01,1.470141766866909,0.0,0,subprime
2026-06-01,-0.9594249599655728,1.0,1,prime
2026-06-01,-0.3697896152118828,0.0,0,prime
2026-06-01,1.9442724973323595,0.9994013741178743,1,prime
2026-06-01,-0.4152759647650857,1.0,1,prime
2026-06-01,-0.9870204373661777,0.08770876278149564,0,prime
2026-06-01,-0.3223606827676932,0.0,0,prime
2026-06-01,0.7684711156457888,1.0,1,prime
2026-06-01,0.011999995939012204,0.0,0,prime
2026-06-01,0.5218305811738092,1.0,1,subprime
2026-06-01,1.4744164616035078,0.0,0,subprime
2026-06-01,1.6048696647979885,1.0,1,subprime
2026-06-01,-3.737012458177557,0.9026113520973773,1,prime
2026-06-01,-1.5791608689401455,0.9035135372296883,1,subprime
2026-06-01,0.30044866144052834,0.0,0,subprime
2026-06-01,0.6500415819735751,1.0,1,prime
2026-06-01,1.6526566323754257,0.0,0,subprime
2026-06-01,-0.9649235103989627,1.0,1,subprime
2026-06-01,-0.5797594306872196,0.0,0,subprime
2026-06-01,-1.2010881696649027,0.0,0,subprime
2026-06-01,-0.24013562435881422,0.0,0,prime
2026-06-01,0.7221429862843947,1.0,1,prime
2026-06-01,2.1506087194786683,0.0,0,prime
2026-06-01,-0.7024235046332261,0.0,0,prime
2026-06-01,0.622680344381684,1.0,1,prime
2026-06-01,-0.4160690321860034,0.0,0,prime
2026-06-01,-0.364628973043057,1.0,1,prime
2026-06-01,-1.0817861692875892,0.0,0,prime
2026-06-01,-0.04630237188142442,0.0,0,prime
2026-06-01,-0.808082089030843,0.09164715178770622,0,prime
2026-06-01,-0.6184574340225467,0.0,0,prime
2026-06-01,1.4370236460501615,1.0,1,prime
2026-06-01,-2.3482438957066503,1.0,1,subprime
2026-06-01,0.4142531921896381,1.0,1,prime
2026-06-01,0.34277874949646897,0.9155786262481449,1,prime
2026-06-01,-1.8063814440211292,0.012060135262607546,0,prime
2026-06-01,0.14814058163630978,0.0,0,prime
2026-06-01,0.5748809425698159,1.0,1,subprime
2026-06-01,-0.24845252944246796,0.0,0,prime
2026-06-01,0.6582983075024481,1.0,1,prime
2026-06-01,0.522587002597999,1.0,1,prime
2026-06-01,0.4271497684333158,1.0,1,prime
2026-06-01,0.8474965905298449,0.0,0,prime
2026-06-01,0.4572635008395256,1.0,1,prime
2026-06-01,0.6903575007338075,1.0,1,subprime
2026-06-01,0.1570032375410858,0.0,0,prime
2026-06-01,1.2312871432887433,1.0,1,prime
2026-06-01,-0.11913242320423971,0.0,0,subprime
2026-06-01,1.2580957382416262,1.0,1,subprime
2026-06-01,-0.36362655362866425,1.0,1,subprime
2026-06-01,-0.4850720546407133,0.0,0,subprime
2026-06-01,-2.2048459763649255,1.0,1,prime
2026-06-01,-1.4276623885807447,0.0,0,prime
2026-06-01,-0.15189414259657436,1.0,1,prime
2026-06-01,-0.7073184294965721,1.0,1,prime
2026-06-01,-0.22659283466270133,1.0,1,prime
2026-06-01,0.5370355987801471,0.0,0,prime
2026-06-01,-0.6122580324991727,1.0,1,subprime
2026-06-01,0.42690098635326773,1.0,1,prime
2026-06-01,0.8513263563618892,0.0,0,prime
2026-06-01,0.904889432401328,1.0,1,subprime
2026-06-01,-1.8792430751280802,0.8766880150517287,1,subprime
2026-06-01,-0.3244690212976533,1.0,1,prime
2026-06-01,-0.4196690202301916,1.0,1,prime
2026-06-01,1.3842772268297094,1.0,1,prime
2026-06-01,1.8119956233008647,0.948018115273876,1,prime
2026-06-01,0.7502696354927683,1.0,1,subprime
2026-06-01,0.44941521963752556,1.0,1,subprime
2026-06-01,1.139623634802131,0.0,0,prime
2026-06-01,-1.0116447403468336,0.9954285293145738,1,subprime
2026-06-01,-1.0621814210987492,1.0,1,subprime
2026-06-01,0.5757530653189612,1.0,1,prime
2026-06-01,-1.5587955516817085,0.9265601899426144,1,prime
2026-06-01,-0.6677043652227465,1.0,1,subprime
2026-06-01,-2.1523062373135318,1.0,1,subprime
2026-06-01,-0.07920681704072487,1.0,1,subprime
2026-06-01,1.0208505685683122,0.0,0,subprime
2026-06-01,-1.0201060619747875,1.0,1,prime
2026-06-01,0.8314360378082252,0.0,0,prime
2026-06-01,1.1631107999158494,1.0,1,subprime
2026-06-01,-2.315621027045456,0.0,0,prime
2026-06-01,-0.5386571931780206,0.021696193986968704,0,prime
2026-06-01,-0.02301770799942025,1.0,1,subprime
2026-06-01,1.1232453684916621,0.0,0,prime
2026-06-01,-0.5020957608814183,0.0,0,prime
2026-06-01,-0.010353354406877183,1.0,1,subprime
2026-06-01,-1.8921251861794564,0.030645649351924653,0,subprime
2026-06-01,1.1473746697120994,0.0,0,prime
2026-06-01,0.8229168134835432,1.0,1,prime
2026-06-01,0.10560362965579818,1.0,1,prime
2026-06-01,0.7271820703591829,0.0,0,prime
2026-06-01,-1.87648776896771,0.0,0,prime
2026-06-01,0.23571498076047698,0.0,0,prime
2026-06-01,-0.046781461337411505,0.0,0,prime
2026-06-01,-0.31892439198757827,0.0,0,prime
2026-06-01,1.0580363213984953,0.0,0,subprime
2026-06-01,-0.711897679121206,1.0,1,prime
2026-06-01,-0.587956138776633,0.0,0,subprime
2026-06-01,0.6137845772729071,0.0,0,prime
2026-06-01,-0.3075278875396488,0.10969070641873041,0,prime
2026-06-01,2.0037693164262724,1.0,1,subprime
2026-06-01,1.0934019084772195,1.0,1,subprime
2026-06-01,0.05946039568227565,1.0,1,prime
2026-06-01,-2.0693637405197665,1.0,1,prime
2026-06-01,0.8852130916017334,0.0,0,prime
2026-06-01,-0.7716052524135795,0.9923617344729149,1,prime
2026-06-01,-0.6795765172933524,0.0,0,prime
2026-06-01,-0.2557877947994907,0.9624094209820429,1,subprime
2026-06-01,-0.8585985226136916,0.0,0,prime
2026-06-01,0.516404920901339,1.0,1,subprime
2026-06-01,-0.8276724414987632,1.0,1,prime
2026-06-01,0.6464904055803631,1.0,1,prime
2026-06-01,2.1000773213823174,0.0,0,prime
2026-06-01,-0.40210295351594694,1.0,1,subprime
2026-06-01,0.7898485394528791,0.0,0,subprime
2026-06-01,1.9103489620331162,1.0,1,prime
2026-06-01,0.6149358195331397,1.0,1,prime
2026-06-01,0.274555040612348,1.0,1,prime
2026-06-01,-1.294976276525295,0.9828571501934567,1,prime
2026-06-01,-0.6751430751259146,0.010516021776234591,0,subprime
2026-06-01,-1.3560299387705044,1.0,1,subprime
2026-06-01,0.6589664962307265,1.0,1,subprime
2026-06-01,0.7311368992543182,1.0,1,prime
2026-06-01,-0.4660139178478287,1.0,1,prime
2026-06-01,-0.8423828811220254,0.0,0,prime
2026-06-01,-0.10204241441603466,1.0,1,prime
2026-06-01,0.8590389145894481,0.9204034210681047,1,prime
2026-06-01,1.9022324103579549,1.0,1,subprime
2026-06-01,1.5092202052910575,0.0,0,subprime
2026-06-01,-0.5606080451655671,1.0,1,prime
2026-06-01,-0.2853250500411411,1.0,1,prime
2026-06-01,-2.309630251381144,0.0108751426955489,0,prime
2026-06-01,-1.7059850183522907,0.06199235060322095,0,prime
2026-06-01,0.5945759171230783,0.0,0,prime
2026-06-01,0.80355718018125,1.0,1,subprime
2026-06-01,0.01809722695527608,0.0,0,subprime
2026-06-01,-0.08501276026413737,0.0,0,prime
2026-06-01,0.4520066425562854,1.0,1,prime
2026-06-01,1.5201612697153282,1.0,1,prime
2026-06-01,-1.1016427903971946,1.0,1,prime
2026-06-01,0.2797445829140086,0.9697882764935846,1,prime
2026-06-01,-1.8441037568144805,0.0,0,prime
2026-06-01,-1.64967746161951,1.0,1,prime
2026-06-01,-0.19900910586542514,0.0,0,prime
2026-06-01,0.28067796934476374,0.9079853542478352,1,prime
2026-06-01,0.4418719647313232,0.0,0,prime
2026-06-01,0.3002781868012824,0.9745547163582758,1,prime
2026-06-01,0.007831185838923524,0.0,0,subprime
2026-06-01,0.36270093127134484,0.9031372019899208,1,prime
2026-06-01,0.27155304839704647,0.0,0,prime
2026-06-01,0.17391454055827915,1.0,1,prime
2026-06-01,-0.13068626884746917,0.939413319334917,1,prime
2026-06-01,-1.1008644370513783,1.0,1,prime
2026-06-01,-1.6578462602095783,0.0,0,prime
2026-06-01,1.398587087555592,0.9984917528449356,1,prime
2026-06-01,-0.036173556272542214,0.0,0,prime
2026-06-01,0.7273859820336621,0.0,0,prime
2026-06-01,0.22692262952889608,1.0,1,prime
2026-06-01,-1.717258943572835,0.0,0,subprime
2026-06-01,1.0529924060647107,0.0,0,prime
2026-06-01,0.034699282805154046,0.0,0,prime
2026-06-01,-0.5738907283116055,0.0,0,prime
2026-06-01,0.24989906224856187,0.0,0,prime
2026-06-01,-0.505805830221981,0.0,0,subprime
2026-06-01,0.3731363185807169,1.0,1,prime
2026-06-01,0.49686604578303617,0.0,0,subprime
2026-06-01,1.1248011502614812,0.9631942561416655,1,prime
2026-06-01,-0.10064828238634546,0.0,0,subprime
2026-06-01,0.05403129402010833,1.0,1,prime
2026-06-01,0.4064528989843383,0.028096196825814768,0,prime
2026-06-01,-0.06061334349465392,1.0,1,prime
2026-06-01,0.5305893841490827,0.0,0,prime
2026-06-01,-0.534736243740605,1.0,1,prime
2026-06-01,-1.2410502463799815,1.0,1,prime
2026-06-01,0.4669096954073482,0.10659097489285163,0,subprime
2026-06-01,-0.9591739762845856,1.0,1,subprime
2026-06-01,0.22898406775285643,1.0,1,prime
2026-06-01,0.1933568483964467,1.0,1,subprime
2026-06-01,0.20992898661064627,1.0,1,prime
2026-06-01,-2.403255546666032,1.0,1,prime
2026-06-01,-0.07938079319484152,1.0,1,prime
2026-06-01,-0.10910767136093821,0.0,0,prime
2026-06-01,-0.05369971039025983,0.8730984239688027,1,prime
2026-06-01,-0.3772325926648413,0.0,0,prime
2026-06-01,-1.354592154395475,0.9865334992132373,1,prime
2026-06-01,-3.155769973254049,0.0,0,prime
2026-06-01,0.5856193974573122,0.0,0,subprime
2026-06-01,0.7026823907011981,0.0,0,subprime
2026-06-01,0.005722717056199905,0.0,0,subprime
2026-06-01,0.5302340396906569,0.0,0,prime
2026-06-01,0.35322246943139285,0.0,0,prime
2026-06-01,-1.7123362509697369,1.0,1,prime
2026-06-01,-1.4627705104489521,0.0,0,prime
2026-06-01,0.12564251515928443,1.0,1,prime
2026-06-01,0.07349759524464461,0.8975470119588453,1,prime
2026-06-01,-0.320382618086976,0.0,0,prime
2026-06-01,1.3968080590493932,1.0,1,prime
2026-06-01,-0.421519263269575,0.0,0,prime
2026-06-01,0.35609789581481516,0.7994860149968864,1,subprime
2026-06-01,0.9427326351677737,0.0,0,prime
2026-06-01,-0.7124190426299699,0.0,0,prime
2026-06-01,1.140953083999805,1.0,1,prime
2026-06-01,-0.5475835694319842,0.0,0,prime
2026-06-01,-0.7231243322948636,0.0,0,subprime
2026-06-01,0.5068710571777909,0.014304623003031425,0,prime
2026-06-01,-0.5856356072280775,1.0,1,subprime
2026-06-01,0.6207238807627061,0.0,0,subprime
2026-06-01,-0.025397676457891115,1.0,1,prime
2026-06-01,0.6985782511233284,0.896320630675951,1,prime
2026-06-01,-0.932112101530005,0.0,0,prime
2026-06-01,1.3210000004085118,0.0,0,prime
2026-06-01,0.3271431811941316,0.0,0,prime
2026-06-01,0.019259192659268367,0.0,0,subprime
2026-06-01,-0.563083571168132,0.010509195866247281,0,prime
2026-06-01,0.7560351608567669,0.9693360956045408,1,prime
2026-06-01,-0.30657371647848375,0.0,0,subprime
2026-06-01,-0.048090894898791044,0.0,0,subprime
2026-06-01,-0.009944278315524333,0.0,0,subprime
2026-06-01,-1.7867085222160775,0.06570039970699548,0,subprime
2026-06-01,0.9233341000299555,0.0,0,prime
2026-06-01,-0.7390185662985316,0.0,0,prime
2026-06-01,-0.9558423248632959,0.9675929822339608,1,prime
2026-06-01,1.56751381529534,1.0,1,subprime
2026-06-01,-1.0451519089043464,0.0,0,prime
2026-06-01,1.385959644651101,1.0,1,subprime
2026-06-01,1.2818093128763417,1.0,1,prime
2026-06-01,-3.086649778631026,1.0,1,prime
2026-06-01,0.08781033810614848,0.0,0,prime
2026-06-01,-0.6209650656582031,1.0,1,prime
2026-06-01,-0.8916919307782567,1.0,1,prime
2026-06-01,-0.8352596326344662,0.0,0,prime
2026-06-01,0.238619286133154,0.0,0,prime
2026-06-01,0.8954597535287522,1.0,1,prime
2026-06-01,-0.37533857274863114,0.0,0,prime
2026-06-01,-0.6900916327561198,1.0,1,prime
2026-06-01,-0.24379591045749927,0.986449769814336,1,prime
2026-06-01,0.19450919101264688,1.0,1,prime
2026-06-01,-0.8883437138360387,0.0,0,subprime
2026-06-01,0.7052916048524682,0.0,0,subprime
2026-06-01,-0.14686933982189637,0.06664356444835509,0,prime
2026-06-01,0.22791922094249212,0.028683531762545872,0,prime
2026-06-01,1.8678636377805955,0.9804361765731149,1,prime
2026-06-01,0.0754573485632987,0.0,0,subprime
2026-06-01,-0.175694062512239,0.0,0,subprime
2026-06-01,-0.6322585133999374,1.0,1,subprime
2026-06-01,-1.9623282366090984,0.9459622131675097,1,subprime
2026-06-01,1.0601606423468748,1.0,1,subprime
2026-06-01,-0.40282669988071224,0.0,0,prime
2026-06-01,0.8626466617831406,0.11207866719687265,0,prime
2026-06-01,0.6324214604687263,0.9905613184880226,1,prime
2026-06-01,0.8623785712184119,1.0,1,prime
2026-06-01,0.4998763884155773,1.0,1,subprime
2026-06-01,0.6435500581054427,1.0,1,prime
2026-06-01,-0.5378113446011321,1.0,1,prime
2026-06-01,-0.38122568216215064,0.0,0,prime
2026-06-01,-1.1989192019310326,1.0,1,prime
2026-06-01,-0.03903827684178208,0.049953950005174275,0,subprime
2026-06-01,-0.8137099213404392,0.054072600722402775,0,prime
2026-06-01,0.5117374376903217,1.0,1,prime
2026-06-01,1.4562976385975235,1.0,1,prime
2026-06-01,0.12112891968370929,0.0,0,prime
2026-06-01,1.514138427863212,0.0,0,prime
2026-06-01,-1.1030728934544431,0.0,0,prime
2026-06-01,-0.8576001019517465,0.8872809909522352,1,prime
2026-06-01,0.5785883881053403,0.0,0,prime
2026-06-01,0.5865325359142223,0.0,0,subprime
2026-06-01,0.8974430977690254,1.0,1,prime
2026-06-01,-1.1257945645024685,0.0,0,prime
2026-06-01,0.01815633201398409,0.0,0,prime
2026-06-01,-1.3512984880311374,0.01806631778847806,0,prime
2026-06-01,-0.08444926107827488,0.030556496403288197,0,subprime
2026-06-01,0.9908890985862173,0.025840937306150752,0,prime
2026-06-01,0.34323995197266416,0.011273222829330062,0,prime
2026-06-01,-1.2973447342633062,1.0,1,prime
2026-06-01,-0.6070888475777083,1.0,1,prime
2026-06-01,0.13592406895417716,1.0,1,subprime
2026-06-01,1.4095715411050223,0.0,0,prime
2026-06-01,0.38720145136729206,0.11920364761278537,0,subprime
2026-06-01,0.5864263301762913,1.0,1,subprime
2026-06-01,2.029560437516637,0.0,0,prime
2026-06-01,1.1368978805456311,0.0,0,prime
2026-06-01,-1.0785738256082738,0.9885819439173555,1,prime
2026-06-01,0.30372806477516023,1.0,1,prime
2026-06-01,1.4847996309449858,1.0,1,subprime
2026-06-01,-0.032143805294025364,0.0,0,prime
2026-06-01,0.5673946046034393,0.0,0,prime
2026-06-01,-1.0001999044758618,0.0,0,subprime
2026-06-01,-0.6857789027098582,1.0,1,prime
2026-06-01,-1.334775267233238,1.0,1,subprime
2026-06-01,-1.0438699564886909,0.0,0,prime
2026-06-01,1.3496743144100734,0.8744276161635216,1,prime
2026-06-01,-1.6520756322079344,1.0,1,prime
2026-06-01,1.0073496867706468,1.0,1,prime
2026-06-01,1.5649567395844737,0.0016523391034781176,0,subprime
2026-06-01,0.7163850477089653,1.0,1,prime
2026-06-01,-2.030091490486411,1.0,1,prime
2026-06-01,-0.36267516925874344,1.0,1,prime
2026-06-01,0.05354835025847386,0.16632166362754996,0,prime
2026-06-01,-0.2597987416600443,0.0,0,prime
2026-06-01,-0.37983243004570455,0.0,0,prime
2026-06-01,0.3986881579596006,0.009849392189203249,0,prime
2026-06-01,-0.21946121693175052,0.9861002482590958,1,prime
2026-06-01,-0.6695636787945727,1.0,1,subprime
2026-06-01,-0.2684173925792879,1.0,1,prime
2026-06-01,0.22886755266348077,1.0,1,subprime
2026-06-01,-0.6702686053705272,1.0,1,prime
2026-06-01,-2.8983921876714467,0.080561126659908,0,prime
2026-06-01,-0.2699681174474874,0.0,0,prime
2026-06-01,-0.6675867579900757,0.9268107755994028,1,prime
2026-06-01,-1.9057886199167804,0.0,0,prime
2026-06-01,1.1195024922824064,0.0,0,prime
2026-06-01,0.21207946566823313,0.0,0,prime
2026-06-01,0.9245411493699338,1.0,1,prime
2026-06-01,-0.6117879828821378,1.0,1,subprime
2026-06-01,-0.6160905232944721,0.029285840660114915,0,prime
2026-06-01,0.6119176037336119,0.0,0,subprime
2026-06-01,0.8636141826300323,1.0,1,subprime
2026-06-01,-0.13629443285224974,0.0,0,subprime
2026-06-01,1.164397307234823,0.03856593175840847,0,prime
2026-06-01,1.1171636820047186,0.05960770553474504,0,prime
2026-06-01,-0.19378554469335232,0.0,0,prime
2026-06-01,0.7383940423469789,0.0,0,subprime
2026-06-01,0.8385107598335378,1.0,1,prime
2026-06-01,-0.8583043191589983,0.0,0,subprime
2026-06-01,0.0694199757628625,0.0,0,prime
2026-06-01,1.7214716546697377,1.0,1,prime
2026-06-01,0.6675750712059576,0.0,0,prime
2026-06-01,-0.9417507931687595,1.0,1,prime
2026-06-01,0.018133740930260066,0.7529703697664136,1,subprime
2026-06-01,0.4928110296474188,0.1254171216408761,0,prime
2026-06-01,0.0010952466884280882,1.0,1,prime
2026-06-01,1.9618884809430441,1.0,1,subprime
2026-06-01,1.005219730734862,0.0,0,subprime
2026-06-01,-1.407748069333082,0.0,0,prime
2026-06-01,-1.8666211940042592,0.0,0,subprime
2026-06-01,-0.3476292922310706,1.0,1,subprime
2026-06-01,0.5210474009988525,0.10165956565908474,0,prime
2026-06-01,0.8615438863561802,1.0,1,prime
2026-06-01,0.4363860632586371,0.0,0,prime
2026-06-01,-0.601503199014819,0.0,0,prime
2026-06-01,0.27466350146637897,0.9689378139839004,1,prime
2026-06-01,-0.5041616397105928,0.01041460115820625,0,prime
2026-06-01,0.3141518310350471,0.00397284450011047,0,prime
2026-06-01,-0.7099651232187558,0.0,0,prime
2026-06-01,2.381567706787304,1.0,1,prime
2026-06-01,-0.34832108287581104,1.0,1,prime
2026-06-01,-0.2010939568156157,0.9994660519520729,1,prime
2026-06-01,0.4029368226416813,0.0,0,prime
2026-06-01,0.3191354947650732,0.010957350023638762,0,prime
2026-06-01,-1.0316358155472702,1.0,1,prime
2026-06-01,2.4600325966274714,1.0,1,prime
2026-06-01,0.010732913514128382,1.0,1,prime
2026-06-01,0.7325991567086901,0.11984774862594705,0,prime
2026-06-01,0.9613554631696394,1.0,1,prime
2026-06-01,-0.21851330596627086,0.0,0,prime
2026-06-01,0.5373742618760516,1.0,1,prime
2026-06-01,-0.08682193346280652,0.0,0,prime
2026-06-01,-0.5984991245430764,1.0,1,prime
2026-06-01,-0.4141067913218562,1.0,1,prime
2026-06-01,1.0724900525056837,1.0,1,subprime
2026-06-01,0.7988693014384856,1.0,1,prime
2026-06-01,-0.4962946507381829,1.0,1,subprime
2026-06-01,-0.7795743033956288,0.059467046949046476,0,prime
2026-06-01,-2.2314058748981274,1.0,1,prime
2026-06-01,1.5618994001039495,0.0,0,prime
2026-06-01,-0.4328552722202149,0.11646150508263345,0,prime
2026-06-01,-1.635138331799692,1.0,1,prime
2026-06-01,-0.03270354963193523,0.0,0,prime
2026-06-01,0.6083402206044152,1.0,1,prime
2026-06-01,-0.11556855465564658,0.0,0,prime
2026-06-01,-1.255527382836322,0.0,0,prime
2026-06-01,1.3010393283682873,1.0,1,prime
2026-06-01,-0.34791427935561575,1.0,1,subprime
2026-06-01,-0.2858668710438943,1.0,1,subprime
2026-06-01,0.7830288158994386,0.003907867683886429,0,prime
2026-06-01,-1.5397092710494544,0.0,0,subprime
2026-06-01,0.45611432404977437,1.0,1,subprime
2026-06-01,-0.11598758479913746,0.9316214571286994,1,prime
2026-06-02,-0.7837937998503103,0.0,0,prime
2026-06-02,1.5513866747698017,1.0,1,prime
2026-06-02,-2.639245740271463,0.0,0,subprime
2026-06-02,-1.4711129982891051,0.0,0,subprime
2026-06-02,-1.2321583068963475,0.0,0,subprime
2026-06-02,-1.826575867196488,1.0,1,prime
2026-06-02,-0.39946721406258784,1.0,1,prime
2026-06-02,-0.5132966601449895,0.0,0,subprime
2026-06-02,-0.9175878148290373,1.0,1,prime
2026-06-02,-0.48572222851990116,0.0,0,prime
2026-06-02,3.2099975427050667,0.0,0,subprime
2026-06-02,-0.19559801743221744,0.0,0,prime
2026-06-02,-0.04334333226424969,0.0,0,prime
2026-06-02,0.5395937105388785,1.0,1,prime
2026-06-02,-1.2103758332304133,0.0,0,prime
2026-06-02,-0.3094319372433282,1.0,1,subprime
2026-06-02,-0.3090332583831082,0.9785268680984969,1,prime
2026-06-02,-1.0552185771702414,1.0,1,prime
2026-06-02,-0.0889543745855921,1.0,1,prime
2026-06-02,-0.764437531305146,1.0,1,subprime
2026-06-02,-1.528149951353198,0.0,0,prime
2026-06-02,1.0101770886143462,0.0,0,prime
2026-06-02,1.080710295848228,1.0,1,prime
2026-06-02,-0.16557589725465902,0.0,0,prime
2026-06-02,-0.08565905609798596,0.0,0,prime
2026-06-02,-1.2281624849046056,0.8616578504118638,1,subprime
2026-06-02,-0.8221205274015022,1.0,1,prime
2026-06-02,1.2571308158039975,1.0,1,prime
2026-06-02,0.7383883938292429,0.0,0,prime
2026-06-02,-0.5670527453654163,0.0,0,prime
2026-06-02,-0.13400459450744123,0.0,0,prime
2026-06-02,-0.4762933502100585,0.0,0,prime
2026-06-02,-1.0039754056854413,0.0,0,subprime
2026-06-02,0.5473738373964995,0.04271857224573411,0,prime
2026-06-02,1.2669792738373082,0.0,0,prime
2026-06-02,0.13823110489678092,1.0,1,prime
2026-06-02,0.9733726872814141,1.0,1,prime
2026-06-02,1.0829490974757832,1.0,1,prime
2026-06-02,0.36449335811428313,0.0,0,subprime
2026-06-02,-0.11651737385391968,1.0,1,prime
2026-06-02,-1.6599639326726219,0.0,0,prime
2026-06-02,-0.43801525880836284,0.0,0,prime
2026-06-02,0.3802694591198182,0.0,0,prime
2026-06-02,1.6261921476148342,1.0,1,prime
2026-06-02,0.32276347885376006,0.0,0,prime
2026-06-02,1.0181187906851565,0.0,0,subprime
2026-06-02,0.6993530891976633,1.0,1,prime
2026-06-02,-1.4176626997513815,1.0,1,subprime
2026-06-02,-0.15634838820960004,1.0,1,prime
2026-06-02,-0.35615631615374077,0.0,0,prime
2026-06-02,1.753824345796251,1.0,1,prime
2026-06-02,1.524459694909506,0.0,0,subprime
2026-06-02,0.060065174978389785,1.0,1,prime
2026-06-02,0.6175623492901783,1.0,1,prime
2026-06-02,-0.2924406624245373,0.10395592453926528,0,prime
2026-06-02,0.39585594652644285,0.0,0,prime
2026-06-02,0.013158110101120226,0.05766239433350981,0,subprime
2026-06-02,-0.10543416704847684,0.0,0,prime
2026-06-02,-0.1116107802346546,0.0,0,subprime
2026-06-02,0.041334425177218935,0.0,0,prime
2026-06-02,-0.654578085125194,0.0,0,subprime
2026-06-02,-0.5131294628651566,0.05211668097870001,0,subprime
2026-06-02,-1.7029092722657002,0.0,0,prime
2026-06-02,0.9596851389944688,0.0,0,prime
2026-06-02,-0.4250651172361566,1.0,1,prime
2026-06-02,-0.19722868862572684,0.0,0,subprime
2026-06-02,1.079578116042972,1.0,1,subprime
2026-06-02,0.2545662762754533,0.9277976978785254,1,prime
2026-06-02,0.8966708493177434,0.0,0,prime
2026-06-02,-2.6644188420904107,1.0,1,prime
2026-06-02,-1.4836622451401116,0.0,0,prime
2026-06-02,-1.0695039381124332,1.0,1,subprime
2026-06-02,1.163679180164855,0.0,0,subprime
2026-06-02,0.1790131654098132,0.0,0,prime
2026-06-02,0.2214955879363234,0.0,0,prime
2026-06-02,1.4342359192638048,1.0,1,prime
2026-06-02,-1.9897733535995532,0.09304136539230723,0,prime
2026-06-02,-0.2749658480325105,0.0,0,prime
2026-06-02,-0.20416437314999658,0.0,0,prime
2026-06-02,0.18922193353772968,0.0,0,prime
2026-06-02,-0.8469916053616326,1.0,1,prime
2026-06-02,-0.9662286336043976,0.8902491857632279,1,subprime
2026-06-02,0.8754490698744313,1.0,1,prime
2026-06-02,-1.7349590358483786,0.0,0,subprime
2026-06-02,0.5740002714656971,0.0,0,prime
2026-06-02,-0.43189445909434077,0.0,0,prime
2026-06-02,-0.6736958936263696,0.0,0,prime
2026-06-02,1.8597864632400216,0.0,0,prime
2026-06-02,0.15492594622252454,0.9396933942770838,1,prime
2026-06-02,-0.1343833176916917,0.0,0,prime
2026-06-02,-0.553003598778826,0.0,0,prime
2026-06-02,-1.4096278016854407,0.0,0,subprime
2026-06-02,1.6658786567060302,0.0,0,prime
2026-06-02,-0.027752468666148625,1.0,1,prime
2026-06-02,-0.8867797727294989,0.0,0,prime
2026-06-02,0.23106921763059698,0.0,0,prime
2026-06-02,0.4640952189290138,1.0,1,prime
2026-06-02,-0.003049874023466846,1.0,1,subprime
2026-06-02,0.1329534322401035,1.0,1,subprime
2026-06-02,-0.5175570257157212,1.0,1,subprime
2026-06-02,-0.4414585306137112,0.0,0,subprime
2026-06-02,-0.024690562887850195,0.0,0,prime
2026-06-02,1.3765917548377622,0.0,0,prime
2026-06-02,-1.1029564342519813,0.0,0,prime
2026-06-02,-2.54547367864183,0.0,0,subprime
2026-06-02,-2.239106385703379,1.0,1,prime
2026-06-02,1.0031204487035688,1.0,1,prime
2026-06-02,1.42283922061132,0.0,0,subprime
2026-06-02,0.05921656087779162,1.0,1,subprime
2026-06-02,1.7071850185690776,1.0,1,subprime
2026-06-02,0.5468975553869839,1.0,1,prime
2026-06-02,-0.9440645797841632,0.0,0,prime
2026-06-02,-1.745212345355001,0.9739627955045069,1,prime
2026-06-02,1.9344993924586917,1.0,1,prime
2026-06-02,0.13657926956588928,0.0,0,prime
2026-06-02,1.8273668377767605,0.0,0,prime
2026-06-02,0.2536724031352468,0.0,0,prime
2026-06-02,0.9157390902483017,0.0,0,prime
2026-06-02,-0.26589244833822645,0.045826980124079764,0,subprime
2026-06-02,-0.8744698434423684,0.0,0,prime
2026-06-02,-0.6703309777322237,0.0,0,subprime
2026-06-02,-1.9756277055890603,0.0,0,prime
2026-06-02,0.3066336851629086,0.0,0,prime
2026-06-02,0.44806643209177843,0.0,0,subprime
2026-06-02,1.2612711763042141,1.0,1,subprime
2026-06-02,-1.4091771478715813,0.0,0,subprime
2026-06-02,1.9161362460999658,0.0,0,prime
2026-06-02,0.9672506352294469,1.0,1,prime
2026-06-02,-3.3108005455523513,0.0,0,prime
2026-06-02,-2.287801540735786,1.0,1,prime
2026-06-02,-0.2378715000078925,0.0,0,prime
2026-06-02,-1.7563316432255263,0.0,0,subprime
2026-06-02,0.3629903345477692,1.0,1,subprime
2026-06-02,0.28076410860186213,0.9956036494974784,1,prime
2026-06-02,0.3111622058226621,0.0,0,subprime
2026-06-02,-1.3158347186783697,1.0,1,subprime
2026-06-02,0.8545793334635725,0.0,0,subprime
2026-06-02,-1.0716441717202938,1.0,1,prime
2026-06-02,0.6610952687725117,1.0,1,subprime
2026-06-02,1.3307773045527316,0.0,0,prime
2026-06-02,0.2655007732628351,0.0,0,subprime
2026-06-02,-0.4918293549798391,0.0,0,subprime
2026-06-02,-0.5737972854307973,0.9624557546021482,1,prime
2026-06-02,-0.2842453883739825,1.0,1,prime
2026-06-02,-1.3093580394953337,1.0,1,prime
2026-06-02,-1.1893926536064532,0.0,0,prime
2026-06-02,-0.8361540071331837,0.9853817801733823,1,subprime
2026-06-02,0.3923090041863446,1.0,1,subprime
2026-06-02,-0.32433327939704854,1.0,1,prime
2026-06-02,1.815816196792202,1.0,1,subprime
2026-06-02,1.5624652854899228,1.0,1,prime
2026-06-02,-0.4503849229818114,0.0,0,prime
2026-06-02,-0.10375568196457396,0.9600079679127242,1,subprime
2026-06-02,-0.2659013029520326,0.0,0,prime
2026-06-02,0.38894902138188026,1.0,1,subprime
2026-06-02,0.7412116239717867,1.0,1,subprime
2026-06-02,-0.9720594586649091,1.0,1,prime
2026-06-02,1.6541224650068258,0.0020661929605591545,0,subprime
2026-06-02,0.5008286790025157,1.0,1,subprime
2026-06-02,-0.12633759111238366,0.9206264130410878,1,subprime
2026-06-02,0.3797035823597594,1.0,1,subprime
2026-06-02,-0.5567878759436322,0.0,0,prime
2026-06-02,-0.03741122185570651,0.0,0,prime
2026-06-02,0.4199951310916134,0.0,0,prime
2026-06-02,0.3233241432192279,1.0,1,prime
2026-06-02,0.7509774293043908,0.0,0,subprime
2026-06-02,0.8043572901479853,1.0,1,prime
2026-06-02,-0.9571230993141348,0.0,0,prime
2026-06-02,-0.38661280870113945,0.9257476945406029,1,prime
2026-06-02,-0.34126761883711343,0.0,0,prime
2026-06-02,-1.1407709320986137,0.02149448316410281,0,prime
2026-06-02,0.9931173177253112,1.0,1,prime
2026-06-02,-1.0387684521575227,1.0,1,prime
2026-06-02,0.05831553817583909,1.0,1,prime
2026-06-02,0.5093118449742717,0.0,0,subprime
2026-06-02,-0.5167310456575616,1.0,1,subprime
2026-06-02,0.7955864456210001,1.0,1,subprime
2026-06-02,-0.02539242048695121,0.0,0,subprime
2026-06-02,-0.480019595943071,0.0,0,prime
2026-06-02,0.3263862138368926,0.0,0,prime
2026-06-02,-1.0425594982409419,0.0,0,subprime
2026-06-02,-0.07758575239508354,0.03915591409693672,0,prime
2026-06-02,0.0921671707683344,0.0,0,prime
2026-06-02,-1.7959124120393184,0.0,0,prime
2026-06-02,-2.2598735746626937,0.0,0,prime
2026-06-02,-0.6780282763480605,1.0,1,prime
2026-06-02,0.5091047414169968,0.0,0,prime
2026-06-02,0.07636634343968039,1.0,1,prime
2026-06-02,0.5846467459785779,0.0,0,subprime
2026-06-02,1.1944928691960182,1.0,1,prime
2026-06-02,0.104266826360875,0.8835749738080604,1,prime
2026-06-02,0.1758091665294132,0.0,0,prime
2026-06-02,-1.2048215273918805,1.0,1,subprime
2026-06-02,0.5715891017967754,0.0,0,prime
2026-06-02,-0.11569183226386724,0.0,0,prime
2026-06-02,-0.11658992203001227,1.0,1,prime
2026-06-02,0.03951400241579582,0.8995230426866498,1,prime
2026-06-02,0.7148101004434779,1.0,1,prime
2026-06-02,-0.6841772092983356,1.0,1,prime
2026-06-02,2.1277206274630003,0.0,0,prime
2026-06-02,1.4266576832168663,0.0,0,prime
2026-06-02,-1.9825698123591446,0.04362652288117971,0,prime
2026-06-02,0.8582634889875516,0.0,0,prime
2026-06-02,-0.20863647341110442,0.0,0,subprime
2026-06-02,0.25909667340247805,1.0,1,prime
2026-06-02,0.04768043421539779,0.019261399146633856,0,prime
2026-06-02,0.43524023286659735,0.0,0,prime
2026-06-02,-1.0516241160110402,1.0,1,prime
2026-06-02,0.5900433499915497,1.0,1,prime
2026-06-02,-0.767482408151764,0.0,0,subprime
2026-06-02,-0.8212486677551091,0.0,0,prime
2026-06-02,-0.48749374926624617,0.9832353426200465,1,prime
2026-06-02,0.3300086976457263,1.0,1,prime
2026-06-02,1.7225101119942474,1.0,1,prime
2026-06-02,-0.03776046455417064,1.0,1,subprime
2026-06-02,-0.3085905525556835,0.9853800135826579,1,subprime
2026-06-02,-0.36499497303608064,0.0,0,subprime
2026-06-02,-0.35343718623485887,0.0,0,prime
2026-06-02,-0.47978689445775263,0.0,0,prime
2026-06-02,-0.7591685833465489,1.0,1,prime
2026-06-02,1.3861606282852326,1.0,1,prime
2026-06-02,0.13450322291420003,0.9459554998936657,1,prime
2026-06-02,-0.14551569927524982,0.03782225431055036,0,subprime
2026-06-02,-1.2601446372252718,1.0,1,prime
2026-06-02,1.4917368065159502,0.0,0,prime
2026-06-02,-0.41446255473542765,1.0,1,prime
2026-06-02,1.3144668422698569,0.958119636045943,1,prime
2026-06-02,1.1933408889242072,0.0,0,prime
2026-06-02,-0.9471098577506802,1.0,1,subprime
2026-06-02,-0.8971999270190993,1.0,1,prime
2026-06-02,-0.09956633423421278,1.0,1,prime
2026-06-02,1.3997869780861394,0.9876361370814135,1,prime
2026-06-02,0.672699128912736,1.0,1,prime
2026-06-02,1.4423556849964583,1.0,1,subprime
2026-06-02,1.2310277311185298,1.0,1,prime
2026-06-02,-0.688118187405681,0.0,0,prime
2026-06-02,0.4231429424138013,1.0,1,prime
2026-06-02,1.126567693639739,0.0,0,subprime
2026-06-02,-0.7623452903089836,0.11232727664440739,0,subprime
2026-06-02,0.15757371507890722,1.0,1,prime
2026-06-02,-0.5349546525330495,0.0,0,prime
2026-06-02,1.3604235299312755,0.0,0,prime
2026-06-02,0.21566405352106607,0.0,0,prime
2026-06-02,1.9344081809594138,0.0,0,prime
2026-06-02,-0.07297060535993191,0.0,0,prime
2026-06-02,0.6502876226852558,0.9972930301745588,1,subprime
2026-06-02,0.5297205670380682,0.0,0,subprime
2026-06-02,-0.11095926110982544,0.9853694626957449,1,prime
2026-06-02,0.6183279233589297,0.0,0,prime
2026-06-02,-0.9419349924288429,0.0,0,prime
2026-06-02,-1.8090264324466676,0.0,0,subprime
2026-06-02,0.8792514261280152,0.0,0,prime
2026-06-02,-0.5768086656606812,1.0,1,prime
2026-06-02,1.1022632679661832,0.0,0,prime
2026-06-02,0.15248064994462515,0.0,0,prime
2026-06-02,-2.804454645025484,1.0,1,prime
2026-06-02,-0.29948336132628195,0.0,0,prime
2026-06-02,-0.2501147812925959,1.0,1,prime
2026-06-02,1.6383874124087923,0.9974593077252342,1,subprime
2026-06-02,-1.606634574919448,1.0,1,subprime
2026-06-02,1.0249756560636303,0.0,0,prime
2026-06-02,0.22751642914965992,1.0,1,prime
2026-06-02,-0.32409008560679986,1.0,1,subprime
2026-06-02,-0.8273342063081472,1.0,1,prime
2026-06-02,0.6948178789879773,1.0,1,subprime
2026-06-02,1.4206195094175385,0.12035561018316326,0,prime
2026-06-02,1.0837600574741904,0.05624328867893752,0,prime
2026-06-02,-0.784110392652301,0.0,0,prime
2026-06-02,-0.5047512295510187,0.0,0,subprime
2026-06-02,-1.2340028183530103,1.0,1,prime
2026-06-02,-1.9350474551549892,1.0,1,prime
2026-06-02,0.598346643089929,1.0,1,subprime
2026-06-02,-1.9473800590616064,0.0467679155610691,0,prime
2026-06-02,0.4454576741972122,0.03518202829885449,0,subprime
2026-06-02,0.6866300178750933,0.0,0,prime
2026-06-02,1.143578171096421,1.0,1,subprime
2026-06-02,0.6250089508697105,0.0,0,prime
2026-06-02,0.0823561856805237,1.0,1,prime
2026-06-02,0.3398927736713207,0.0,0,prime
2026-06-02,-1.4650756776680143,1.0,1,prime
2026-06-02,-1.3852579665541362,0.0,0,prime
2026-06-02,-0.29288683340072297,1.0,1,prime
2026-06-02,1.1934252516693116,1.0,1,subprime
2026-06-02,-0.08303345950047773,0.0,0,prime
2026-06-02,0.45054540722218056,0.0,0,prime
2026-06-02,-0.09571602577666866,0.0,0,prime
2026-06-02,-2.3227438744655067,1.0,1,prime
2026-06-02,-0.21714895673427376,1.0,1,subprime
2026-06-02,0.11558944751205333,0.0,0,subprime
2026-06-02,0.10170592219199552,0.0,0,prime
2026-06-02,0.7966416044347252,1.0,1,prime
2026-06-02,-0.971045453149413,0.0,0,subprime
2026-06-02,0.2902063994201977,0.0,0,prime
2026-06-02,0.3918405303082542,1.0,1,prime
2026-06-02,-0.4987966583315726,0.0543064924294063,0,subprime
2026-06-02,0.33139072902553307,1.0,1,prime
2026-06-02,2.015971289796186,0.0,0,prime
2026-06-02,-0.23561430508829354,0.9780611814772081,1,subprime
2026-06-02,0.5751451950565588,1.0,1,subprime
2026-06-02,-1.4207462125126578,1.0,1,subprime
2026-06-02,-2.453544499046448,0.0,0,subprime
2026-06-02,0.24154428311224982,1.0,1,prime
2026-06-02,0.9198178267591782,0.0,0,subprime
2026-06-02,0.3716130104116535,1.0,1,prime
2026-06-02,-0.5738264714851998,0.0,0,prime
2026-06-02,0.08037620883736907,0.0,0,prime
2026-06-02,0.8779116057954867,0.0,0,subprime
2026-06-02,1.56695993567878,0.0,0,prime
2026-06-02,-0.5649310043919573,0.02777201044182394,0,subprime
2026-06-02,-0.6431927380025299,1.0,1,prime
2026-06-02,-0.04542959047004133,1.0,1,prime
2026-06-02,0.37639720911511587,0.0,0,subprime
2026-06-02,2.167734180834133,1.0,1,prime
2026-06-02,-0.30929871705070877,0.0,0,prime
2026-06-02,-0.02929518332267767,0.0,0,prime
2026-06-02,1.5570390477395246,1.0,1,prime
2026-06-02,1.6825166571080599,0.0,0,prime
2026-06-02,-1.7964644242182288,0.9361705371671083,1,prime
2026-06-02,0.0006767709973410192,1.0,1,subprime
2026-06-02,1.5147514154186532,0.0,0,subprime
2026-06-02,0.5053093048714076,1.0,1,prime
2026-06-02,0.27320139886319383,1.0,1,prime
2026-06-02,1.2399105381279478,1.0,1,prime
2026-06-02,0.2555540385891286,0.0,0,prime
2026-06-02,-0.6793378639868527,1.0,1,prime
2026-06-02,1.3916408982206152,0.9457786347901261,1,subprime
2026-06-02,-0.10267081014771386,1.0,1,prime
2026-06-02,1.0008040717567492,0.0,0,subprime
2026-06-02,-0.9908328171000534,0.9948825996187196,1,subprime
2026-06-02,-0.9771925042017727,0.0,0,prime
2026-06-02,-0.7047374445841061,0.0,0,prime
2026-06-02,-0.94881516195911,1.0,1,subprime
2026-06-02,-0.3794488016951089,1.0,1,prime
2026-06-02,-0.48145223750354793,0.9879647721010225,1,prime
2026-06-02,-1.9776622246232474,1.0,1,subprime
2026-06-02,-0.21653186570750627,1.0,1,prime
2026-06-02,-0.1496927075265317,1.0,1,subprime
2026-06-02,-1.246734285581418,1.0,1,prime
2026-06-02,-0.187287626011186,0.0,0,prime
2026-06-02,0.8320537890444168,1.0,1,prime
2026-06-02,-0.08123289353463317,0.0,0,prime
2026-06-02,-1.0384630235271841,1.0,1,subprime
2026-06-02,-0.7856741398344311,0.0,0,subprime
2026-06-02,-0.06935951275804406,0.0,0,subprime
2026-06-02,-0.8340809138749267,1.0,1,subprime
2026-06-02,0.9269327736850208,0.0,0,subprime
2026-06-02,1.511514551642749,0.13094645844916467,0,prime
2026-06-02,1.159256128998424,0.006829614908750725,0,prime
2026-06-02,-0.7634350353484953,1.0,1,prime
2026-06-02,-1.0759625150326717,0.0,0,subprime
2026-06-02,1.3007301171073613,0.0,0,prime
2026-06-02,-2.044434716501755,1.0,1,prime
2026-06-02,0.1968288478658304,0.0,0,subprime
2026-06-02,1.014488494695703,1.0,1,prime
2026-06-02,-0.6283750150818889,1.0,1,prime
2026-06-02,1.3533631705979765,0.0,0,prime
2026-06-02,-0.01570238437538428,0.8868951023858971,1,prime
2026-06-02,-0.27166342816689953,1.0,1,prime
2026-06-02,-0.5783270549765499,0.0,0,subprime
2026-06-02,2.4318893551442002,0.0,0,subprime
2026-06-02,-1.497693003537354,1.0,1,subprime
2026-06-02,1.7917683471292731,1.0,1,prime
2026-06-02,-0.2033796149523,1.0,1,prime
2026-06-02,1.011473613610981,1.0,1,prime
2026-06-02,0.2645572923596458,1.0,1,subprime
2026-06-02,0.2541327618287653,0.0,0,subprime
2026-06-02,-0.8207788130304228,0.9932737258506756,1,prime
2026-06-02,0.41930943069798726,0.9432515131274767,1,prime
2026-06-02,0.0780314826346108,0.0,0,prime
2026-06-02,-1.3040993840955968,0.0,0,prime
2026-06-02,-0.9874410899281222,1.0,1,prime
2026-06-02,-1.2800243448269788,1.0,1,subprime
2026-06-02,-0.3531470979414125,0.9961946589582188,1,subprime
2026-06-02,0.5322028403267874,0.0,0,subprime
2026-06-02,-0.41468283748831397,0.0,0,prime
2026-06-02,-2.4007079614227833,0.0,0,subprime
2026-06-02,-1.8946873703410017,1.0,1,subprime
2026-06-02,-0.7546887244733307,0.0,0,prime
2026-06-02,-1.4582451144645778,1.0,1,prime
2026-06-02,0.656257785458165,0.07544037142546123,0,prime
2026-06-02,-1.3620636568475244,1.0,1,prime
2026-06-02,-0.4349548706882031,0.0,0,subprime
2026-06-02,-0.8713689313553724,1.0,1,prime
2026-06-02,1.0319032316542067,1.0,1,prime
2026-06-02,0.0012677927281567495,1.0,1,prime
2026-06-02,-1.4343269319219172,1.0,1,subprime
2026-06-02,-0.6185730615266016,1.0,1,subprime
2026-06-02,0.5670174674718933,1.0,1,subprime
2026-06-02,0.1460871518916848,1.0,1,prime
2026-06-02,1.0571711479557877,0.0,0,prime
2026-06-02,-0.3013106660119019,0.0,0,prime
2026-06-02,0.2825326342800488,0.0,0,prime
2026-06-02,-1.9555495245905872,0.0,0,prime
2026-06-02,0.11770115645684202,1.0,1,prime
2026-06-02,2.26000626492536,1.0,1,prime
2026-06-02,-0.5513189476857411,0.0,0,prime
2026-06-02,0.10770136858110127,0.9497367743714051,1,prime
2026-06-02,0.09162680765615988,1.0,1,subprime
2026-06-02,1.9596698225544589,0.0,0,subprime
2026-06-02,-0.2123195612954419,0.0,0,subprime
2026-06-03,0.4668822980518593,0.0,0,subprime
2026-06-03,0.30513072734163926,1.0,1,prime
2026-06-03,0.9552922815724139,0.0,0,prime
2026-06-03,-0.5067719785293138,0.0,0,prime
2026-06-03,0.252315577636278,0.0,0,prime
2026-06-03,0.15547251046969998,0.0,0,prime
2026-06-03,0.6670720066373081,0.0,0,prime
2026-06-03,0.39789270162702883,0.027590770472336046,0,prime
2026-06-03,1.9842761059446619,0.8996509125066002,1,subprime
2026-06-03,-1.8319337076648234,1.0,1,prime
2026-06-03,0.5629361125230357,0.0,0,subprime
2026-06-03,0.4226061547404402,0.0,0,prime
2026-06-03,-0.8032211743990099,1.0,1,subprime
2026-06-03,0.8445489929431562,0.0,0,subprime
2026-06-03,-0.5011089568648106,0.0,0,subprime
2026-06-03,0.13088206283162687,0.0,0,prime
2026-06-03,-0.7154620165800794,0.9809580843414469,1,prime
2026-06-03,-0.5625751851531947,1.0,1,prime
2026-06-03,1.1669091365811377,0.0,0,prime
2026-06-03,-1.5762308550413673,1.0,1,prime
2026-06-03,-0.8969728312560655,0.9013241050655222,1,prime
2026-06-03,-1.3621745908611977,1.0,1,prime
2026-06-03,-0.12281432336899555,0.0,0,prime
2026-06-03,-0.8458666979556658,1.0,1,subprime
2026-06-03,0.7333219648111886,0.0,0,subprime
2026-06-03,-1.5313345122885698,0.0,0,prime
2026-06-03,-0.15840147409428657,1.0,1,subprime
2026-06-03,0.1972257662444514,0.0,0,prime
2026-06-03,-0.22255237922744528,0.9797529858733369,1,subprime
2026-06-03,-1.1114436818811009,0.8798196530828006,1,prime
2026-06-03,-0.5851114954005293,1.0,1,prime
2026-06-03,0.4077959994270534,0.0,0,subprime
2026-06-03,-0.40224360843186374,0.0,0,prime
2026-06-03,-0.953765024024593,1.0,1,prime
2026-06-03,0.6606186208528955,0.9319038087722648,1,prime
2026-06-03,-0.3075309213291037,0.04016756446071355,0,subprime
2026-06-03,-0.20900976914725458,0.0,0,prime
2026-06-03,0.032258808797705416,1.0,1,subprime
2026-06-03,0.21962140633244798,0.0,0,prime
2026-06-03,0.12176386832777521,1.0,1,prime
2026-06-03,-0.5067780486653364,0.0,0,prime
2026-06-03,-0.6004294495201902,1.0,1,prime
2026-06-03,1.6903615381299073,1.0,1,prime
2026-06-03,-0.8593575195022973,0.025719059740349798,0,prime
2026-06-03,0.23908608904740145,0.0,0,subprime
2026-06-03,0.61591259003694,0.0,0,subprime
2026-06-03,-0.14894796575790262,1.0,1,prime
2026-06-03,1.2604715338859098,1.0,1,prime
2026-06-03,0.7612249141623684,0.0,0,prime
2026-06-03,1.2360365994101625,1.0,1,prime
2026-06-03,0.8792690809478372,1.0,1,subprime
2026-06-03,0.583421696476443,0.0,0,prime
2026-06-03,0.43290308159868607,0.0,0,prime
2026-06-03,1.3748119356263242,0.0,0,subprime
2026-06-03,0.06601153944764918,1.0,1,prime
2026-06-03,0.34788861222206985,0.9129547411652724,1,prime
2026-06-03,-0.16057394922002627,0.02540489386969938,0,prime
2026-06-03,-2.0024384743157917,0.0,0,prime
2026-06-03,1.8542486088887835,0.006614768678827071,0,subprime
2026-06-03,0.25170715612374034,0.0,0,prime
2026-06-03,-0.25993033741430743,1.0,1,subprime
2026-06-03,-0.39655057575340275,0.9923641398622959,1,subprime
2026-06-03,1.0294481257798722,1.0,1,prime
2026-06-03,-0.39173085989818557,1.0,1,prime
2026-06-03,-1.2115342431840705,0.08936944256824217,0,prime
2026-06-03,0.4134580870662588,0.01592692713347786,0,prime
2026-06-03,-1.4449571857635388,0.0,0,prime
2026-06-03,0.9606347470961757,1.0,1,prime
2026-06-03,-0.9813060117172828,0.022143939413420105,0,prime
2026-06-03,-0.25369645460123647,0.0,0,prime
2026-06-03,0.627148484140558,1.0,1,prime
2026-06-03,0.06629846569529319,0.0,0,prime
2026-06-03,-0.18683039841971236,0.9662194360513826,1,subprime
2026-06-03,-0.46859987990298135,1.0,1,prime
2026-06-03,1.418443656494608,0.0,0,subprime
2026-06-03,-0.3955357002462907,0.0,0,subprime
2026-06-03,1.1977719889010852,0.0,0,prime
2026-06-03,-0.616090199296832,1.0,1,prime
2026-06-03,0.6553248438922298,0.0,0,prime
2026-06-03,0.11092562338806242,0.06655724470413837,0,prime
2026-06-03,-0.8211633810823179,1.0,1,prime
2026-06-03,-0.06427882264489848,1.0,1,prime
2026-06-03,0.8293127905689869,0.022370311340704274,0,subprime
2026-06-03,0.4603743983061172,0.0,0,prime
2026-06-03,0.17154033906394248,1.0,1,prime
2026-06-03,-0.9996141098177816,0.04691076419631823,0,subprime
2026-06-03,0.6534958786676747,1.0,1,prime
2026-06-03,0.7843145746390283,0.0,0,subprime
2026-06-03,0.8196010795331183,0.9152463857411013,1,subprime
2026-06-03,-0.10085545386778075,1.0,1,prime
2026-06-03,0.4787061473254748,1.0,1,prime
2026-06-03,-0.314250409210472,0.9419307204396248,1,prime
2026-06-03,0.4647192209199762,1.0,1,subprime
2026-06-03,-0.9497622349554978,0.1183440931809494,0,prime
2026-06-03,1.3288304035288816,0.0,0,prime
2026-06-03,0.6160777132202869,0.0,0,prime
2026-06-03,-1.1193305772257789,0.06694763495330039,0,prime
2026-06-03,-0.20777423084635716,1.0,1,prime
2026-06-03,1.1451067959506223,0.0,0,prime
2026-06-03,-0.05936525141065271,0.9945854366441382,1,prime
2026-06-03,-0.4301420766821717,0.9260667331099096,1,subprime
2026-06-03,0.4886424892561174,0.0,0,prime
2026-06-03,0.39940672224091056,0.0,0,prime
2026-06-03,-2.3900588262749753,1.0,1,prime
2026-06-03,-0.6071846419012062,0.8858073111249682,1,prime
2026-06-03,0.7638976922887684,0.08576996306919316,0,subprime
2026-06-03,-0.9835985655019418,0.0,0,prime
2026-06-03,-0.5072044443794519,0.0,0,subprime
2026-06-03,0.6405039392952526,0.07462169620573425,0,subprime
2026-06-03,0.6856881900380746,1.0,1,prime
2026-06-03,0.6052175109347454,1.0,1,prime
2026-06-03,-2.3504723463419763,0.0,0,subprime
2026-06-03,-0.1344169159183127,0.0,0,prime
2026-06-03,-0.8613529030107595,0.9492447019516579,1,prime
2026-06-03,-0.41374369639075903,0.0,0,prime
2026-06-03,-0.353850234073133,0.0,0,subprime
2026-06-03,2.0462597170395895,1.0,1,subprime
2026-06-03,-1.2184669907532582,1.0,1,prime
2026-06-03,0.29156330483729415,0.0,0,prime
2026-06-03,-1.0499534122567318,1.0,1,prime
2026-06-03,0.273526671069353,0.0,0,prime
2026-06-03,0.14410782350784773,0.8467903748416234,1,prime
2026-06-03,1.572681123407453,0.0,0,prime
2026-06-03,2.0146839986338105,0.0,0,subprime
2026-06-03,1.206367776247742,0.0,0,prime
2026-06-03,1.0100332283967812,1.0,1,prime
2026-06-03,0.9450194310218372,1.0,1,subprime
2026-06-03,-0.2641337504858996,1.0,1,prime
2026-06-03,-1.5372936389866703,1.0,1,prime
2026-06-03,1.1475023006294258,1.0,1,prime
2026-06-03,0.09042470143733389,0.0,0,prime
2026-06-03,1.0398152300892838,0.9240820691062349,1,prime
2026-06-03,-1.18469043890638,1.0,1,prime
2026-06-03,0.41136241043961985,1.0,1,prime
2026-06-03,-2.6752456936589835,1.0,1,prime
2026-06-03,-0.5166609510552825,0.0,0,prime
2026-06-03,-0.5747824897409515,0.9354755050714176,1,subprime
2026-06-03,0.9150618921066457,1.0,1,prime
2026-06-03,-1.1006929097523457,1.0,1,prime
2026-06-03,-1.2055800796144636,0.0,0,prime
2026-06-03,1.01100913202329,0.0,0,prime
2026-06-03,0.30634910874613347,0.0,0,prime
2026-06-03,-0.7632518843312361,1.0,1,subprime
2026-06-03,-2.45378364216407,0.0,0,prime
2026-06-03,-1.2064226639678362,0.0,0,prime
2026-06-03,0.3280101664089554,1.0,1,subprime
2026-06-03,1.8049921273770784,1.0,1,prime
2026-06-03,1.340291328269171,0.0,0,prime
2026-06-03,-1.0165466328254822,1.0,1,prime
2026-06-03,-0.4185994143929059,0.0,0,subprime
2026-06-03,-0.9734085310875492,1.0,1,prime
2026-06-03,-1.0392903493382237,0.0,0,prime
2026-06-03,1.1057445812930349,1.0,1,prime
2026-06-03,2.0940357050562834,0.09847516740262166,0,subprime
2026-06-03,-0.9254666865265847,0.0,0,subprime
2026-06-03,-0.3648485923343409,1.0,1,prime
2026-06-03,-0.0401133884219578,0.0,0,prime
2026-06-03,0.7151267918738069,1.0,1,subprime
2026-06-03,0.8608316792386443,1.0,1,prime
2026-06-03,1.24425700885745,0.0,0,prime
2026-06-03,-0.037844295157531224,0.0,0,prime
2026-06-03,1.5015132691523057,0.0,0,subprime
2026-06-03,-0.2265973941473101,1.0,1,prime
2026-06-03,0.7488496411599498,1.0,1,subprime
2026-06-03,1.234320840144864,0.0,0,prime
2026-06-03,-0.0786314696525108,1.0,1,prime
2026-06-03,-0.9473239006262018,0.0,0,prime
2026-06-03,1.1068153264938896,0.0,0,subprime
2026-06-03,0.4416896858114893,0.10009785643483271,0,prime
2026-06-03,0.5060565950308019,1.0,1,prime
2026-06-03,0.3712532442548948,1.0,1,prime
2026-06-03,-0.34936198026733406,0.0,0,subprime
2026-06-03,-0.5161535187832824,1.0,1,subprime
2026-06-03,0.6375625725174243,1.0,1,prime
2026-06-03,0.30195923488849663,0.0,0,prime
2026-06-03,-1.1534360966133763,1.0,1,subprime
2026-06-03,0.03057619801665788,0.05010182825468888,0,subprime
2026-06-03,0.5565335057059208,0.0,0,prime
2026-06-03,-1.7283133412598368,1.0,1,subprime
2026-06-03,2.2141373717609834,0.0,0,prime
2026-06-03,0.5173596654544161,1.0,1,prime
2026-06-03,-0.26869739735777715,0.0,0,prime
2026-06-03,0.6584420075065903,0.0,0,prime
2026-06-03,0.6489252702077304,0.0,0,prime
2026-06-03,0.3015908823503459,1.0,1,prime
2026-06-03,0.4582807100890146,0.0,0,subprime
2026-06-03,-0.4907903734515808,0.0,0,prime
2026-06-03,1.2255334248616805,1.0,1,prime
2026-06-03,0.5507014390328594,1.0,1,subprime
2026-06-03,0.7103647930898621,1.0,1,prime
2026-06-03,-1.0533190410224418,1.0,1,prime
2026-06-03,-0.8220736701637863,0.8877002310027104,1,prime
2026-06-03,1.2035684820527,1.0,1,subprime
2026-06-03,0.21748788890118192,0.0,0,subprime
2026-06-03,0.6737691787644461,0.0,0,prime
2026-06-03,-1.6837709650509405,1.0,1,subprime
2026-06-03,-1.9321450454507536,0.0,0,prime
2026-06-03,-0.9436496843185092,1.0,1,prime
2026-06-03,-0.1542582386936338,0.0,0,prime
2026-06-03,0.7015423160959461,0.06224708070424009,0,subprime
2026-06-03,1.662553216381738,0.0,0,prime
2026-06-03,-0.5421624272636176,1.0,1,subprime
2026-06-03,0.5721168850232559,0.0,0,prime
2026-06-03,-1.0537110587605671,1.0,1,subprime
2026-06-03,1.1979819902126876,1.0,1,prime
2026-06-03,0.6471544281643126,0.0,0,prime
2026-06-03,-0.7554849053778026,1.0,1,prime
2026-06-03,-0.11208130867591207,1.0,1,prime
2026-06-03,0.7237121166999207,1.0,1,prime
2026-06-03,1.8251401351213707,0.0,0,prime
2026-06-03,1.579674838969963,0.0,0,prime
2026-06-03,1.3341205926028763,0.0,0,prime
2026-06-03,-1.406459659923057,1.0,1,subprime
2026-06-03,0.44067856877006417,1.0,1,subprime
2026-06-03,1.5022735880470166,1.0,1,prime
2026-06-03,0.49895473442353044,0.0,0,prime
2026-06-03,-0.7815342881622004,1.0,1,prime
2026-06-03,1.7155289557187745,0.0,0,subprime
2026-06-03,-0.3040285620216913,0.9469559986989757,1,prime
2026-06-03,-0.13831032594682932,0.0,0,prime
2026-06-03,1.161508825460804,0.015122834484965986,0,subprime
2026-06-03,0.7909455017775641,0.05131931225661315,0,subprime
2026-06-03,-0.6473233614435744,0.005133286842482224,0,prime
2026-06-03,0.303403501695421,0.0,0,prime
2026-06-03,-2.064160600763436,0.9754804628562702,1,subprime
2026-06-03,0.4019034413341276,0.0,0,prime
2026-06-03,-2.4250884278563687,1.0,1,prime
2026-06-03,1.2603684560673891,1.0,1,prime
2026-06-03,-0.027378020509319687,1.0,1,prime
2026-06-03,1.4505802017802325,0.0,0,prime
2026-06-03,-0.2695349611297905,0.0,0,subprime
2026-06-03,2.195293623171054,0.0,0,prime
2026-06-03,0.19753731569858157,1.0,1,subprime
2026-06-03,-0.44921625390887693,0.0,0,prime
2026-06-03,-0.42884766320188317,0.0,0,prime
2026-06-03,1.640900597604109,0.0,0,prime
2026-06-03,-1.5080105845407374,1.0,1,subprime
2026-06-03,1.0725483530789168,0.09471567053006888,0,prime
2026-06-03,-0.2289794564237524,0.0,0,prime
2026-06-03,-0.8512210971945346,0.0,0,subprime
2026-06-03,0.9448269529766501,0.0,0,prime
2026-06-03,0.23415747398346462,0.0,0,prime
2026-06-03,0.45367976572175733,0.0,0,subprime
2026-06-03,0.6929141052648523,0.0,0,prime
2026-06-03,-1.7566038112689544,1.0,1,prime
2026-06-03,0.0038598324886040896,0.00020894798303465467,0,subprime
2026-06-03,1.2864598404914176,0.9857522423037637,1,prime
2026-06-03,0.1520017995338366,1.0,1,prime
2026-06-03,-0.8995301938765854,1.0,1,prime
2026-06-03,-0.29278016752056696,0.9893096379206208,1,subprime
2026-06-03,0.41966167219066086,0.0,0,prime
2026-06-03,-1.3420039205358198,1.0,1,prime
2026-06-03,0.398258158406036,1.0,1,prime
2026-06-03,-0.29469162548724054,0.0,0,prime
2026-06-03,-1.839196499068592,0.12824798897212364,0,subprime
2026-06-03,0.19613584332790499,0.9984115690076286,1,prime
2026-06-03,1.9193722370807558,0.030096586404190356,0,prime
2026-06-03,-0.5078369766674594,1.0,1,prime
2026-06-03,-0.00702739484748456,0.9125867679444526,1,subprime
2026-06-03,1.0317260975323812,1.0,1,prime
2026-06-03,-0.4906126856388575,0.0,0,prime
2026-06-03,-0.11113229760166687,1.0,1,prime
2026-06-03,0.11898903131889696,0.0,0,prime
2026-06-03,-0.07475874770505833,1.0,1,prime
2026-06-03,-0.35013837319298635,0.0,0,prime
2026-06-03,1.0907049959468098,1.0,1,subprime
2026-06-03,0.007151386300439131,0.0,0,prime
2026-06-03,-0.9692415496316328,0.030590870001089288,0,subprime
2026-06-03,0.7569458348280712,1.0,1,prime
2026-06-03,0.9808455972823774,1.0,1,prime
2026-06-03,-1.1052313259915645,0.8935873846180046,1,prime
2026-06-03,1.7202245588534875,1.0,1,prime
2026-06-03,-1.0701498473794042,0.9935364042199816,1,prime
2026-06-03,-0.22514973378018271,1.0,1,subprime
2026-06-03,-1.6827369006252721,0.0,0,prime
2026-06-03,0.1642613315400693,1.0,1,subprime
2026-06-03,0.1984658954126755,0.0,0,prime
2026-06-03,-0.6723533234018809,0.08170232632972196,0,subprime
2026-06-03,0.5865740000369256,0.0,0,prime
2026-06-03,0.5234550507647282,0.1057325267486166,0,subprime
2026-06-03,0.8007218725491798,0.0,0,subprime
2026-06-03,-0.11510657176180944,0.0,0,prime
2026-06-03,-0.8442031246005425,0.0,0,prime
2026-06-03,0.30585019935413005,1.0,1,prime
2026-06-03,-3.9277966991296855,0.16218812113429487,0,subprime
2026-06-03,0.8111891610204925,1.0,1,prime
2026-06-03,0.8764441808194928,1.0,1,prime
2026-06-03,0.041598364920692237,1.0,1,prime
2026-06-03,1.6701855004325423,1.0,1,prime
2026-06-03,-0.12134143127418301,0.0,0,prime
2026-06-03,0.9034485081095753,0.020095733425423132,0,prime
2026-06-03,0.09776834683064303,1.0,1,prime
2026-06-03,-0.17598385382410714,0.034643999671153045,0,subprime
2026-06-03,0.7440172482051012,1.0,1,prime
2026-06-03,0.7112251570066629,1.0,1,prime
2026-06-03,-1.1970445980519187,0.0,0,prime
2026-06-03,0.7466386932329883,0.0,0,prime
2026-06-03,-0.6427077577174426,1.0,1,prime
2026-06-03,0.017889199122848167,0.08586173668252392,0,prime
2026-06-03,-0.3646193141387818,1.0,1,prime
2026-06-03,0.7349156127220593,0.0,0,prime
2026-06-03,-0.7104155767159189,0.0,0,subprime
2026-06-03,0.4399341847764037,0.0,0,prime
2026-06-03,0.979909002354885,1.0,1,subprime
2026-06-03,1.633390047063478,1.0,1,subprime
2026-06-03,0.8390245090268265,0.9207171512639764,1,prime
2026-06-03,-0.8750646290625763,1.0,1,prime
2026-06-03,0.20661789431414723,0.0,0,prime
2026-06-03,-0.286868987277199,0.0,0,prime
2026-06-03,-0.038986103046567216,0.015607754322205625,0,subprime
2026-06-03,-0.6377069755439372,1.0,1,subprime
2026-06-03,0.3168626873781338,0.0,0,subprime
2026-06-03,-0.8979204736995791,1.0,1,prime
2026-06-03,0.5228812335175325,0.0,0,prime
2026-06-03,-1.7175630477799224,0.09372173657006422,0,subprime
2026-06-03,0.3121933402158801,0.0,0,prime
2026-06-03,-1.5014025207166388,1.0,1,prime
2026-06-03,0.6441167727291407,0.04965664379119669,0,prime
2026-06-03,-0.5332802547550676,1.0,1,prime
2026-06-03,-1.8323772225539443,1.0,1,prime
2026-06-03,1.0628053302495757,1.0,1,prime
2026-06-03,-0.4784125291806946,0.8754821976101201,1,subprime
2026-06-03,-0.2448975202726809,1.0,1,prime
2026-06-03,-0.648292095351729,0.04656126164434543,0,prime
2026-06-03,-0.19222161088611156,0.0,0,prime
2026-06-03,0.3433034723485017,0.05848478583454561,0,subprime
2026-06-03,0.984243461882092,1.0,1,subprime
2026-06-03,1.588893506094317,1.0,1,prime
2026-06-03,0.06364228052759895,0.07435672040454211,0,prime
2026-06-03,-0.6215920924658997,0.04790512113275222,0,prime
2026-06-03,2.045202526941885,0.0,0,prime
2026-06-03,-1.3258719969458361,0.0,0,subprime
2026-06-03,-0.980955603679151,0.0,0,prime
2026-06-03,2.5756369075203898,0.0,0,subprime
2026-06-03,1.4902183161638085,1.0,1,prime
2026-06-03,-0.5620604233481283,0.0,0,prime
2026-06-03,0.4620346749132037,0.0,0,prime
2026-06-03,-1.5664833758278196,0.0,0,subprime
2026-06-03,-0.3081364142709082,0.0,0,prime
2026-06-03,0.09319184232901374,1.0,1,prime
2026-06-03,0.48669648307933866,1.0,1,prime
2026-06-03,0.8819674857129535,1.0,1,prime
2026-06-03,-1.044044485243232,0.9683232014971912,1,prime
2026-06-03,-0.3565794826767652,0.0,0,prime
2026-06-03,0.5123816028588577,0.0,0,prime
2026-06-03,0.7761832448795731,1.0,1,prime
2026-06-03,0.931292856866087,0.0,0,subprime
2026-06-03,0.49971656032845907,1.0,1,prime
2026-06-03,-0.43114110949869,1.0,1,subprime
2026-06-03,0.18801853294819515,1.0,1,subprime
2026-06-03,-0.5035104579929711,0.01099594572616494,0,subprime
2026-06-03,1.3163879516406818,1.0,1,prime
2026-06-03,-1.0147266965882356,0.922070963908594,1,subprime
2026-06-03,1.8161388543227202,1.0,1,prime
2026-06-03,-1.4488416825572912,0.9613799803293305,1,prime
2026-06-03,-0.20599086463767496,0.0,0,prime
2026-06-03,-0.2325166334118479,0.0,0,subprime
2026-06-03,0.032206292508382035,0.0,0,subprime
2026-06-03,3.367781658955696,0.0,0,subprime
2026-06-03,-1.077388517151192,0.0,0,prime
2026-06-03,-0.3733196440758645,1.0,1,prime
2026-06-03,-0.12841913885631717,1.0,1,subprime
2026-06-03,-0.524693559655292,0.9371628067292946,1,prime
2026-06-03,0.8880075374869789,0.9498282037894168,1,subprime
2026-06-03,0.33012995567086745,0.20748943650282198,0,prime
2026-06-03,0.6692448003834564,1.0,1,prime
2026-06-03,-1.8917708701342375,0.0,0,prime
2026-06-03,-0.436416000369439,0.0,0,prime
2026-06-03,-0.6207932212115111,0.000675457885949235,0,prime
2026-06-03,-0.13978074169676066,1.0,1,prime
2026-06-03,-0.1743295173314397,0.0,0,prime
2026-06-03,-0.5725388794966116,1.0,1,prime
2026-06-03,-0.8130259036755262,1.0,1,prime
2026-06-03,1.14712673352741,1.0,1,prime
2026-06-03,0.08560599756944143,0.0,0,prime
2026-06-03,1.4357219782454143,0.0,0,prime
2026-06-03,-2.1067491503535845,0.0,0,prime
2026-06-03,-0.8416912954842128,0.0,0,prime
2026-06-03,-1.6190849116279724,0.0,0,prime
2026-06-03,0.9835031841756157,1.0,1,prime
2026-06-03,0.8804556309075461,1.0,1,subprime
2026-06-03,1.5003117157182508,1.0,1,subprime
2026-06-03,0.14250450017722896,1.0,1,prime
2026-06-03,0.635231519287687,0.0,0,subprime
2026-06-03,-0.4800738355500755,0.83898296881861,1,prime
2026-06-03,-0.04496751974949061,0.05854061604405375,0,subprime
2026-06-03,-2.619764208576813,1.0,1,prime
2026-06-03,-3.139739999886259,0.0,0,prime
2026-06-03,-1.40452753074451,1.0,1,prime
2026-06-03,0.23284562254050165,0.0,0,prime
2026-06-03,-0.18597028363395374,1.0,1,subprime
2026-06-03,-0.5927515801268034,0.0,0,prime
2026-06-03,-0.18468815521581555,1.0,1,subprime
2026-06-03,-1.5137647315919747,0.93519454556349,1,prime
2026-06-03,0.5846457951240416,0.0,0,prime
2026-06-03,1.2568030341412852,0.0,0,subprime
2026-06-03,0.3266074585369659,1.0,1,prime
2026-06-03,-0.082823518822437,0.9595446013745991,1,prime
2026-06-03,-0.014221395746082473,0.0,0,prime
2026-06-03,0.6084854589623175,1.0,1,prime
2026-06-04,0.18280490156506637,1.0,1,prime
2026-06-04,1.0836616699916923,0.9405492395725122,1,subprime
2026-06-04,1.200873819920307,0.0,0,prime
2026-06-04,0.42454167313227975,0.9754873952677542,1,prime
2026-06-04,0.3430243595411519,0.0,0,prime
2026-06-04,-0.815684231131683,0.0,0,prime
2026-06-04,0.5088421439862398,1.0,1,prime
2026-06-04,1.417954310600728,0.0,0,prime
2026-06-04,-0.7789592136916187,1.0,1,prime
2026-06-04,0.3176724820358401,0.0,0,subprime
2026-06-04,-0.14141169301665082,0.0,0,prime
2026-06-04,0.7654149850695442,0.9923770727951958,1,subprime
2026-06-04,0.09386928888678779,1.0,1,prime
2026-06-04,-0.47279719026887695,0.0,0,prime
2026-06-04,-1.8071662275283076,0.0,0,prime
2026-06-04,-0.5815505211044296,0.16261018062464844,0,subprime
2026-06-04,-0.4388105167473172,1.0,1,prime
2026-06-04,2.011373345345595,0.06675732966612191,0,subprime
2026-06-04,0.16082572851060625,1.0,1,prime
2026-06-04,-1.316013262998345,0.013800482957936927,0,prime
2026-06-04,-0.28144063633992966,0.12599562670205672,0,subprime
2026-06-04,1.1780104804794556,1.0,1,subprime
2026-06-04,-1.5892392630441363,1.0,1,prime
2026-06-04,-1.1257589652155853,0.0,0,prime
2026-06-04,-0.48587960963472043,0.9703755649611746,1,prime
2026-06-04,0.9296739121051961,1.0,1,prime
2026-06-04,0.7707359995768662,0.0,0,prime
2026-06-04,-3.3367558593649074,0.0,0,subprime
2026-06-04,0.07849377376577744,1.0,1,prime
2026-06-04,-0.5393458912600753,0.0,0,prime
2026-06-04,1.6148528022581923,1.0,1,subprime
2026-06-04,-0.08792763581523375,0.0,0,prime
2026-06-04,-0.15345199403492915,0.0,0,prime
2026-06-04,-0.8680917015553862,1.0,1,prime
2026-06-04,0.4684113466717312,1.0,1,prime
2026-06-04,-0.4464684184420624,0.057855139514711135,0,subprime
2026-06-04,-0.7446697621307727,0.9804842105445315,1,prime
2026-06-04,1.3708847757346283,1.0,1,prime
2026-06-04,0.05255427315237318,0.0,0,prime
2026-06-04,-1.006997311051239,1.0,1,prime
2026-06-04,1.2868180641870746,1.0,1,prime
2026-06-04,-0.26747062075592104,0.0,0,prime
2026-06-04,-0.16303566446863196,1.0,1,prime
2026-06-04,0.8230766732310538,0.0,0,prime
2026-06-04,-0.9317946583189877,0.1216556344633094,0,prime
2026-06-04,-0.5825773776639567,1.0,1,prime
2026-06-04,-0.7323403996899488,1.0,1,subprime
2026-06-04,-1.6267529813881048,1.0,1,prime
2026-06-04,-0.7382974089227885,1.0,1,prime
2026-06-04,-2.1809238006994924,1.0,1,prime
2026-06-04,-0.3740480642038467,1.0,1,prime
2026-06-04,-0.1875309328164422,0.07524359564964905,0,subprime
2026-06-04,0.7965377538912926,1.0,1,prime
2026-06-04,1.430675929339713,0.0,0,prime
2026-06-04,0.3462561505076779,0.9715758361039076,1,prime
2026-06-04,1.1972866639431354,1.0,1,prime
2026-06-04,0.6233277059936776,0.0,0,subprime
2026-06-04,-1.1052710460670274,1.0,1,prime
2026-06-04,0.3576979920052932,1.0,1,prime
2026-06-04,0.37537230474457933,0.0,0,prime
2026-06-04,-0.43077740821495686,0.0,0,subprime
2026-06-04,0.9747795150676107,0.0,0,prime
2026-06-04,0.8622668650875894,0.9505427409668104,1,prime
2026-06-04,-0.36813915794499874,1.0,1,prime
2026-06-04,2.944592481763389,0.9313025440476853,1,subprime
2026-06-04,0.21062250751239192,1.0,1,prime
2026-06-04,0.2950283927150897,1.0,1,prime
2026-06-04,-2.166327885197626,0.0,0,prime
2026-06-04,-0.8022331442153228,0.0,0,subprime
2026-06-04,-0.6839655668302712,1.0,1,prime
2026-06-04,-1.475054022552494,1.0,1,prime
2026-06-04,1.2279544915753595,1.0,1,prime
2026-06-04,-0.3843678248672219,1.0,1,prime
2026-06-04,-0.07015025989702836,1.0,1,subprime
2026-06-04,0.727461070098752,0.0,0,prime
2026-06-04,-0.29596648335493075,1.0,1,prime
2026-06-04,-1.4567232034813613,0.0,0,subprime
2026-06-04,-0.697656751521997,1.0,1,prime
2026-06-04,-0.11125311951319913,0.0,0,prime
2026-06-04,0.5523552569106739,0.888307519943121,1,subprime
2026-06-04,1.375408410996637,0.07217308735702535,0,prime
2026-06-04,-0.34119228198024265,0.0,0,prime
2026-06-04,-1.5273381647244484,0.0,0,subprime
2026-06-04,-0.1425818354236286,0.0,0,subprime
2026-06-04,0.029547036402539386,1.0,1,subprime
2026-06-04,1.349998211624026,0.9287116616755845,1,prime
2026-06-04,-1.324630482099477,1.0,1,prime
2026-06-04,0.030874277394513396,1.0,1,subprime
2026-06-04,-0.04510733175146595,1.0,1,prime
2026-06-04,0.5756879509119963,0.0,0,prime
2026-06-04,-0.9674991521283725,0.0,0,prime
2026-06-04,0.5101994459267614,0.03206938727316813,0,subprime
2026-06-04,0.5070696388522363,0.9643774936902484,1,subprime
2026-06-04,-1.224108499800309,0.9923945247908275,1,prime
2026-06-04,-0.065218002865182,1.0,1,prime
2026-06-04,-0.4029151322410611,0.0,0,prime
2026-06-04,-1.0559667400108994,0.0,0,prime
2026-06-04,1.7343924187462918,0.0,0,prime
2026-06-04,2.2809379521091726,1.0,1,prime
2026-06-04,-0.17525358830132318,0.9727310725786018,1,prime
2026-06-04,1.3175753261980327,1.0,1,subprime
2026-06-04,0.6117571952775395,0.0,0,prime
2026-06-04,-0.029713097006243736,1.0,1,prime
2026-06-04,1.187740352718556,0.0,0,prime
2026-06-04,-0.2219441609417116,0.0,0,prime
2026-06-04,-0.22955613231949318,0.0,0,prime
2026-06-04,-3.079460139980109,1.0,1,prime
2026-06-04,-0.37190625357888896,0.0,0,prime
2026-06-04,-0.06079420759725561,0.0,0,prime
2026-06-04,2.6777321752556427,1.0,1,subprime
2026-06-04,0.6952235150634951,1.0,1,prime
2026-06-04,0.85019062330255,1.0,1,subprime
2026-06-04,1.4123565333504966,0.11274646005844702,0,subprime
2026-06-04,0.2946836289812445,1.0,1,subprime
2026-06-04,-1.7687104626240369,0.0,0,prime
2026-06-04,-0.844910005711829,0.0,0,subprime
2026-06-04,-0.9550649677944602,0.03488776723740854,0,subprime
2026-06-04,-1.399564360666753,1.0,1,prime
2026-06-04,-0.23885924088136726,1.0,1,prime
2026-06-04,-0.00607434410143411,0.0,0,subprime
2026-06-04,-0.6994381245489469,0.0,0,subprime
2026-06-04,-1.2051829195735964,0.9359098355469014,1,prime
2026-06-04,0.07730330715022338,1.0,1,prime
2026-06-04,0.7201884627122431,0.990372294871919,1,prime
2026-06-04,0.481819630638112,1.0,1,subprime
2026-06-04,1.1284896849058716,1.0,1,prime
2026-06-04,-0.12828414640697605,0.0,0,prime
2026-06-04,1.538082911979194,0.0,0,prime
2026-06-04,0.10998735156676952,0.0,0,prime
2026-06-04,-1.0851389135134903,1.0,1,subprime
2026-06-04,0.058364685651221146,1.0,1,prime
2026-06-04,-1.1577228565115307,0.0,0,prime
2026-06-04,0.15574696297337226,0.0,0,subprime
2026-06-04,-0.4928764901945376,0.0,0,prime
2026-06-04,-0.4574611963808163,0.0,0,prime
2026-06-04,0.8622624042214765,0.9620882228103381,1,prime
2026-06-04,-0.2985545628849079,0.0,0,prime
2026-06-04,-2.019214019556556,1.0,1,prime
2026-06-04,-0.8919579680405798,0.0,0,prime
2026-06-04,0.6202681252697585,0.0,0,prime
2026-06-04,-0.26812748281191595,0.0834274381369435,0,subprime
2026-06-04,-1.4523739691513535,0.0,0,prime
2026-06-04,1.8760137567511672,1.0,1,subprime
2026-06-04,-0.6362814125222869,1.0,1,prime
2026-06-04,1.309556001495798,1.0,1,prime
2026-06-04,1.7796036678008464,1.0,1,prime
2026-06-04,-0.29055987776759434,1.0,1,prime
2026-06-04,0.32683593822191925,0.0,0,subprime
2026-06-04,-0.8207479405494752,0.0,0,subprime
2026-06-04,1.0974649184076097,1.0,1,subprime
2026-06-04,0.8932348089531346,1.0,1,prime
2026-06-04,0.46879035547448283,1.0,1,prime
2026-06-04,-0.4675323176240486,1.0,1,subprime
2026-06-04,0.47848028034319273,1.0,1,prime
2026-06-04,1.1060548065446962,0.0,0,prime
2026-06-04,-1.5505468166271155,0.9530242773523436,1,prime
2026-06-04,1.8829368603153522,0.9241537541109527,1,subprime
2026-06-04,0.00795859085104432,0.0,0,prime
2026-06-04,0.24359294903691167,0.0,0,subprime
2026-06-04,0.2837081993846864,0.0,0,prime
2026-06-04,-1.37148879060759,1.0,1,prime
2026-06-04,-1.3752433628624883,1.0,1,prime
2026-06-04,-0.09547732770312466,0.0,0,prime
2026-06-04,1.050010136943185,0.0,0,prime
2026-06-04,0.6287564899435384,0.08997658392591024,0,prime
2026-06-04,0.698189841853563,0.0,0,prime
2026-06-04,0.5713985301419837,0.0,0,prime
2026-06-04,0.9014094098535036,0.0,0,prime
2026-06-04,-1.1679967116235672,1.0,1,prime
2026-06-04,-1.1063294104042962,1.0,1,prime
2026-06-04,0.03888766551672386,0.00034746847653031876,0,prime
2026-06-04,1.035462864749144,0.0,0,prime
2026-06-04,0.8120801783285158,0.0,0,prime
2026-06-04,1.311594117065646,0.0,0,prime
2026-06-04,-0.8091930688324329,0.026411594165617697,0,prime
2026-06-04,-0.2706651293754592,0.0,0,prime
2026-06-04,1.073247188387164,0.0,0,prime
2026-06-04,-0.4570614448936674,0.0,0,prime
2026-06-04,0.13617118911154813,0.0,0,prime
2026-06-04,-2.124856051953099,0.9645601242482873,1,prime
2026-06-04,-0.8779034227370056,1.0,1,subprime
2026-06-04,-0.8425471941674433,1.0,1,prime
2026-06-04,-1.4105143028018647,1.0,1,prime
2026-06-04,0.07839579116798975,0.0,0,prime
2026-06-04,0.1638711642196358,0.0,0,prime
2026-06-04,-1.5789436183905,0.0,0,prime
2026-06-04,-0.6638039852437795,0.0,0,subprime
2026-06-04,0.14261448462197496,0.9621445244468426,1,prime
2026-06-04,-1.4243697410030889,0.11223861188233442,0,prime
2026-06-04,0.8087528321577725,0.0,0,prime
2026-06-04,0.35647175593893976,0.0,0,prime
2026-06-04,-1.0721011074007676,0.10740748825411428,0,prime
2026-06-04,0.04256830580846173,1.0,1,prime
2026-06-04,-0.4134811403568683,0.0,0,subprime
2026-06-04,-2.153456957108934,1.0,1,prime
2026-06-04,1.3228139697711243,0.044132198789651356,0,prime
2026-06-04,1.0976746110934184,0.0,0,prime
2026-06-04,0.030368332802730665,0.9040134842201979,1,prime
2026-06-04,-1.4135127306943276,0.0,0,prime
2026-06-04,0.6216795245405721,1.0,1,prime
2026-06-04,0.8175132335432586,1.0,1,prime
2026-06-04,-0.4892413056802818,0.8437336349280788,1,subprime
2026-06-04,2.2407102785013997,1.0,1,prime
2026-06-04,-1.2144145409424778,0.0,0,subprime
2026-06-04,0.30225264105011085,1.0,1,prime
2026-06-04,-3.3461403979228335,0.9756795978575831,1,prime
2026-06-04,-0.07399183843288595,1.0,1,prime
2026-06-04,0.6102544358068752,0.9945729531002738,1,prime
2026-06-04,0.3206863176721276,0.0,0,prime
2026-06-04,-0.7909773681807142,0.0,0,prime
2026-06-04,-2.710101550795272,0.0,0,subprime
2026-06-04,-0.09822720701075613,0.1281214443355349,0,subprime
2026-06-04,0.5805716566675071,0.0,0,prime
2026-06-04,0.21763127334338161,1.0,1,prime
2026-06-04,-2.1354085750966845,0.0,0,subprime
2026-06-04,0.460250293091165,0.908351249560629,1,prime
2026-06-04,-0.051037046726499925,0.06904178301717556,0,prime
2026-06-04,-0.17732111539068846,0.0,0,subprime
2026-06-04,-0.45295477610038826,0.9686737022259271,1,prime
2026-06-04,-0.20584676928908172,0.0,0,prime
2026-06-04,0.20488334801833283,1.0,1,prime
2026-06-04,0.5011781975050559,1.0,1,prime
2026-06-04,-0.6637202694009682,0.1345111856256882,0,subprime
2026-06-04,1.5777743991619442,0.981973276401068,1,subprime
2026-06-04,0.6304511068528229,1.0,1,subprime
2026-06-04,-0.2487264657739152,0.0,0,prime
2026-06-04,-0.7859595229131848,1.0,1,prime
2026-06-04,0.4137830088022667,0.0,0,prime
2026-06-04,-0.5263546680233774,0.09826760742046295,0,subprime
2026-06-04,1.8128972864926556,1.0,1,prime
2026-06-04,-0.8531178151538736,0.0,0,subprime
2026-06-04,-0.37788010853657494,0.0,0,prime
2026-06-04,0.8803796529705046,1.0,1,prime
2026-06-04,1.3588578978785295,1.0,1,prime
2026-06-04,-0.12105643306110689,0.024330304824302276,0,subprime
2026-06-04,-0.7805831477133055,1.0,1,subprime
2026-06-04,0.8258492451808096,0.0,0,prime
2026-06-04,0.19438817903956332,0.0,0,prime
2026-06-04,1.0236790781057212,0.9689676069986866,1,subprime
2026-06-04,1.1371208933360835,0.0,0,prime
2026-06-04,0.514782861709111,0.0,0,subprime
2026-06-04,0.40806372424391024,1.0,1,prime
2026-06-04,-0.559926789392499,0.12950303835085503,0,subprime
2026-06-04,0.6105971038900769,1.0,1,prime
2026-06-04,0.8807959343941054,1.0,1,prime
2026-06-04,-0.5521677460364235,0.0,0,prime
2026-06-04,0.12392491570509852,1.0,1,prime
2026-06-04,-0.3931666125139601,0.0,0,prime
2026-06-04,-1.0401823000288102,1.0,1,prime
2026-06-04,-1.243269869436343,1.0,1,prime
2026-06-04,1.3020521099648668,0.0,0,subprime
2026-06-04,-1.4201727731036855,0.0,0,subprime
2026-06-04,0.40612177494977625,0.0,0,prime
2026-06-04,1.0709385603499197,0.9675352980809622,1,prime
2026-06-04,0.24457587783931198,0.9408891786653971,1,prime
2026-06-04,0.3977948692325868,0.0,0,prime
2026-06-04,-0.9029977380481856,1.0,1,prime
2026-06-04,-0.7562776692101979,0.0,0,subprime
2026-06-04,0.3766465610023182,1.0,1,prime
2026-06-04,1.7313167011606374,0.0,0,subprime
2026-06-04,0.8401670896255581,0.0,0,subprime
2026-06-04,0.9473448523710418,1.0,1,subprime
2026-06-04,1.0956399483150738,1.0,1,prime
2026-06-04,-1.183926043403469,0.1012928025419296,0,prime
2026-06-04,-0.8639186763277362,1.0,1,subprime
2026-06-04,-0.797687512885134,0.0,0,subprime
2026-06-04,-1.6608157374981687,0.9139566393409893,1,subprime
2026-06-04,0.1888390498185638,1.0,1,subprime
2026-06-04,0.07884451522889192,0.17289868256459134,0,prime
2026-06-04,0.40893336727797314,0.0,0,subprime
2026-06-04,1.031018680153515,0.0,0,prime
2026-06-04,1.4446785895291672,0.9689373681000276,1,subprime
2026-06-04,0.27399402482818636,1.0,1,subprime
2026-06-04,-0.5681080709767958,1.0,1,prime
2026-06-04,1.0347060613644472,1.0,1,subprime
2026-06-04,-0.06334778054481831,0.9664618428015338,1,prime
2026-06-04,0.39104081632977566,0.0,0,subprime
2026-06-04,2.3439126058981588,1.0,1,prime
2026-06-04,-1.0288639150119465,0.0,0,prime
2026-06-04,0.4356559012269673,1.0,1,prime
2026-06-04,-1.1118254356362856,0.9896351278533361,1,subprime
2026-06-04,0.7891598175128317,1.0,1,prime
2026-06-04,-0.40416669207611844,1.0,1,subprime
2026-06-04,0.7906401630312243,0.0,0,subprime
2026-06-04,-0.2549556705717836,0.9805700434163689,1,prime
2026-06-04,0.7632216240953401,0.0,0,prime
2026-06-04,-0.015551224051520771,0.0,0,prime
2026-06-04,-0.4843532868088779,0.0,0,prime
2026-06-04,-0.5647895497845349,0.07247181014793747,0,prime
2026-06-04,-0.8692811365903812,0.0,0,prime
2026-06-04,-1.0777631262489866,1.0,1,prime
2026-06-04,0.4368638380013131,0.0,0,prime
2026-06-04,-0.9586999439791472,1.0,1,subprime
2026-06-04,-0.7880229614117091,0.0,0,prime
2026-06-04,-1.2623713290945744,0.0,0,prime
2026-06-04,0.5763419101166485,1.0,1,prime
2026-06-04,0.2475699482901575,0.0,0,prime
2026-06-04,0.7081750915193186,0.0,0,subprime
2026-06-04,0.03404191953167804,1.0,1,prime
2026-06-04,-0.9892642747151699,1.0,1,subprime
2026-06-04,0.7717141072426821,0.0,0,subprime
2026-06-04,-0.7432337425758244,0.01629832042467841,0,prime
2026-06-04,-1.0850308679517193,0.05630745160811579,0,subprime
2026-06-04,-0.15945064573028944,1.0,1,prime
2026-06-04,-0.057367576214766736,1.0,1,subprime
2026-06-04,-1.879267861101403,0.0,0,prime
2026-06-04,-0.5437754930358382,0.0,0,prime
2026-06-04,0.6380526727270521,0.0,0,prime
2026-06-04,0.29659737919863993,0.026664769237581598,0,subprime
2026-06-04,-0.4270233738448346,0.9998415744289378,1,prime
2026-06-04,-0.45373962012202756,0.0,0,subprime
2026-06-04,2.4326839165062193,0.0,0,subprime
2026-06-04,-0.4068479040379477,0.0,0,prime
2026-06-04,0.5349009971244749,1.0,1,subprime
2026-06-04,1.4278549269615823,0.9251667732875873,1,prime
2026-06-04,1.652930277613309,1.0,1,subprime
2026-06-04,0.527739380236859,0.0,0,prime
2026-06-04,1.065903863495253,1.0,1,prime
2026-06-04,0.9583475892453108,1.0,1,prime
2026-06-04,-0.7448249134155087,1.0,1,prime
2026-06-04,0.9275238730709554,0.0,0,subprime
2026-06-04,0.2673573866907653,1.0,1,prime
2026-06-04,-2.6668722466916215,1.0,1,prime
2026-06-04,-2.02391356763979,1.0,1,prime
2026-06-04,-0.05776995738704049,0.0,0,prime
2026-06-04,-0.05133472699118409,0.021824182879159937,0,prime
2026-06-04,0.4286794522316756,0.0,0,subprime
2026-06-04,0.8356109283316046,0.0,0,subprime
2026-06-04,-0.386262212358558,0.0,0,subprime
2026-06-04,-1.1698746196767615,1.0,1,prime
2026-06-04,0.3741094014637364,1.0,1,prime
2026-06-04,0.13398261354213498,0.0,0,prime
2026-06-04,-0.5659609778780401,0.008941379314851908,0,subprime
2026-06-04,1.6442337050933036,1.0,1,prime
2026-06-04,-1.1384290255489424,1.0,1,prime
2026-06-04,-1.8659633459078002,0.0,0,prime
2026-06-04,1.2603454803426957,0.06004648048416804,0,subprime
2026-06-04,-0.9129051725211859,1.0,1,subprime
2026-06-04,0.8010956516949637,0.0,0,prime
2026-06-04,1.040315072381083,0.005011063818714037,0,prime
2026-06-04,0.7582485545674341,0.0,0,subprime
2026-06-04,0.4562393792290019,1.0,1,prime
2026-06-04,0.650743164613564,1.0,1,prime
2026-06-04,-0.8459843344138286,0.10566481821787777,0,subprime
2026-06-04,1.2909148918301612,1.0,1,prime
2026-06-04,1.258540383914545,1.0,1,prime
2026-06-04,-0.09715586730766407,0.0,0,prime
2026-06-04,0.042288412179637365,0.0,0,prime
2026-06-04,0.22736172633770058,0.0,0,prime
2026-06-04,2.225807020115826,0.0,0,subprime
2026-06-04,0.29015189144005493,1.0,1,prime
2026-06-04,-1.7168901301879833,1.0,1,prime
2026-06-04,-2.467101136445094,1.0,1,prime
2026-06-04,-1.778644262086544,0.0,0,prime
2026-06-04,0.17946101358830238,0.02775166001740871,0,subprime
2026-06-04,-1.0994381441296786,0.018689845919310222,0,prime
2026-06-04,-0.27556876264617935,0.0,0,prime
2026-06-04,-0.16075487103386382,0.0,0,subprime
2026-06-04,0.7400290187582816,1.0,1,prime
2026-06-04,-2.2176727466645905,1.0,1,prime
2026-06-04,0.029377126365811444,0.9607740608603119,1,prime
2026-06-04,0.5726591558757372,0.8985544359779316,1,prime
2026-06-04,-1.4755475684937414,1.0,1,prime
2026-06-04,-2.081661799459955,0.013382145931640194,0,subprime
2026-06-04,0.5202550158181277,0.9628887278217707,1,prime
2026-06-04,-1.5892094062128654,1.0,1,prime
2026-06-04,0.23266810419159029,0.018587386423787322,0,prime
2026-06-04,1.0191836886788361,1.0,1,prime
2026-06-04,0.814993789386867,0.0,0,prime
2026-06-04,-1.9507570055331223,0.0,0,prime
2026-06-04,1.2461346071216042,0.0,0,prime
2026-06-04,-0.03341468559214122,1.0,1,prime
2026-06-04,-2.6202764796730826,0.0,0,prime
2026-06-04,-1.5091772414638,0.0,0,subprime
2026-06-04,-0.621050795228073,1.0,1,prime
2026-06-04,0.3501926099382239,0.0,0,prime
2026-06-04,1.0808409189704173,0.8968512554998024,1,subprime
2026-06-04,-1.1376342204702856,0.834467503785477,1,subprime
2026-06-04,0.7486995399036908,0.0,0,subprime
2026-06-04,-0.48720030636283834,1.0,1,prime
2026-06-04,0.1025952414409223,0.0,0,prime
2026-06-04,-0.8469266002327112,1.0,1,prime
2026-06-04,-0.02083812016704113,0.0,0,prime
2026-06-04,0.9254254352737789,1.0,1,subprime
2026-06-04,1.4504361855994574,1.0,1,prime
2026-06-04,-0.3559468342241909,1.0,1,prime
2026-06-04,-0.8557937807143357,0.0,0,prime
2026-06-04,2.142335311956926,1.0,1,subprime
2026-06-04,1.15474915277492,0.04715415475956247,0,prime
2026-06-04,-0.2731651062581999,1.0,1,prime
2026-06-04,0.4698865932851243,0.0,0,prime
2026-06-04,-0.5238550046904311,0.0,0,prime
2026-06-04,0.6139619436176634,1.0,1,prime
2026-06-04,0.14346220074158178,1.0,1,prime
2026-06-04,-1.6944902923919918,1.0,1,prime
2026-06-04,0.07592934663603927,0.0,0,prime
2026-06-04,-0.8891338817977782,0.022320848906418528,0,prime
2026-06-04,1.3988876158387253,0.0,0,prime
2026-06-04,0.9519374488005884,0.0,0,prime
2026-06-04,-0.04564564111232435,1.0,1,subprime
2026-06-05,0.45042694709888287,1.0,1,subprime
2026-06-05,0.23208355239293774,0.9200293122394058,1,prime
2026-06-05,0.5084015570664315,0.9784872785881574,1,subprime
2026-06-05,0.26017264033270093,1.0,1,prime
2026-06-05,0.11405453271651811,1.0,1,prime
2026-06-05,1.1762004815054488,0.0,0,prime
2026-06-05,-0.9671244694549131,0.0,0,prime
2026-06-05,1.7512864089261198,0.0,0,subprime
2026-06-05,1.1667111140776685,0.0,0,prime
2026-06-05,2.123667422446883,0.0,0,subprime
2026-06-05,-0.43206034411462046,1.0,1,prime
2026-06-05,0.20588194756785322,0.015226753139157653,0,prime
2026-06-05,-0.19573974645904305,0.0,0,prime
2026-06-05,-0.6579666587332356,1.0,1,prime
2026-06-05,0.6417522488031282,1.0,1,prime
2026-06-05,-0.17129069093212604,0.10766771929374153,0,prime
2026-06-05,-0.4820300702859844,0.0,0,prime
2026-06-05,1.6070409924238054,1.0,1,prime
2026-06-05,0.30555643025520884,0.0,0,prime
2026-06-05,2.2756031495355824,1.0,1,prime
2026-06-05,1.4814044184163182,1.0,1,subprime
2026-06-05,0.14731122234240698,0.049340436404133436,0,subprime
2026-06-05,-0.4513653128426339,0.0,0,prime
2026-06-05,-0.35982490641095255,0.06868330101005185,0,prime
2026-06-05,-1.88460428306124,0.0,0,subprime
2026-06-05,0.44143880823134585,0.0,0,prime
2026-06-05,-0.8176648082873095,1.0,1,prime
2026-06-05,-0.7428386099833681,1.0,1,subprime
2026-06-05,1.5118745519350587,0.0,0,subprime
2026-06-05,0.3121753834316105,0.0,0,prime
2026-06-05,-0.5027253106309831,1.0,1,prime
2026-06-05,0.8208954229754449,0.0,0,subprime
2026-06-05,-0.5249986374240218,0.2564410562055421,0,subprime
2026-06-05,-0.2641311021687652,0.0,0,prime
2026-06-05,0.036608081043487554,0.0,0,prime
2026-06-05,0.7776779606150919,1.0,1,prime
2026-06-05,1.0862363181001962,0.8593704235702495,1,prime
2026-06-05,0.1651803111688135,1.0,1,prime
2026-06-05,0.13285421803188757,0.0,0,prime
2026-06-05,-0.7592266345899773,0.9950526814877495,1,subprime
2026-06-05,0.24055665625940142,1.0,1,subprime
2026-06-05,0.22355876368429722,0.0,0,prime
2026-06-05,2.086959396089694,0.0,0,subprime
2026-06-05,-1.7250091558685425,1.0,1,prime
2026-06-05,0.6310807259436307,0.898917639747981,1,subprime
2026-06-05,-0.18090379214655655,0.043278975517951984,0,subprime
2026-06-05,-0.4770191969912012,1.0,1,prime
2026-06-05,-0.3139063070899504,1.0,1,prime
2026-06-05,-0.18940661072805712,1.0,1,prime
2026-06-05,-2.5531926431618497,0.10056148518263511,0,prime
2026-06-05,2.5842083546405736,0.0,0,subprime
2026-06-05,0.31249713435749055,1.0,1,prime
2026-06-05,0.46054704869715524,0.0,0,prime
2026-06-05,0.7103596323139761,0.04581016138513544,0,prime
2026-06-05,-2.758774183291952,0.0,0,subprime
2026-06-05,1.0744717271649242,0.9924848134503711,1,prime
2026-06-05,-0.6993637949963116,1.0,1,prime
2026-06-05,-0.355000781242939,0.0,0,prime
2026-06-05,-0.13797546053397627,0.0,0,prime
2026-06-05,-1.5004507504161135,0.0,0,prime
2026-06-05,-0.033415510812970936,1.0,1,subprime
2026-06-05,-0.010425111482232768,0.0,0,subprime
2026-06-05,0.24377325015551854,0.0,0,prime
2026-06-05,-0.596531183103669,1.0,1,prime
2026-06-05,-0.43553373562740444,0.0,0,prime
2026-06-05,-0.27104601912478066,0.0,0,prime
2026-06-05,0.2369340525452218,1.0,1,prime
2026-06-05,0.6791292342359557,0.8833180685657329,1,subprime
2026-06-05,-0.2296850568440499,0.0,0,subprime
2026-06-05,0.609523040644693,0.0,0,subprime
2026-06-05,0.5154508543212554,1.0,1,prime
2026-06-05,1.185403751181493,1.0,1,prime
2026-06-05,1.1321297240777504,0.0,0,prime
2026-06-05,-1.2935779283680604,1.0,1,prime
2026-06-05,0.8613714735708173,0.0,0,prime
2026-06-05,-0.06032887363773397,1.0,1,prime
2026-06-05,-0.12745635727125357,1.0,1,subprime
2026-06-05,-0.3118971657131267,0.8930327028955796,1,subprime
2026-06-05,-0.6319265506200908,0.10670468890568552,0,subprime
2026-06-05,-0.4670810338742383,1.0,1,prime
2026-06-05,-0.6091092853589225,1.0,1,prime
2026-06-05,1.7741039880713718,1.0,1,prime
2026-06-05,-1.447208083971558,1.0,1,prime
2026-06-05,-0.724508512512553,1.0,1,prime
2026-06-05,-0.6892156232773748,0.0,0,subprime
2026-06-05,0.1829217678084298,1.0,1,prime
2026-06-05,-0.015810558216117737,1.0,1,subprime
2026-06-05,-0.3211746750918858,0.0,0,subprime
2026-06-05,-0.7756952899726134,0.16051950770451184,0,prime
2026-06-05,1.0324855509547697,1.0,1,prime
2026-06-05,1.1359487928780998,0.9562140109789967,1,subprime
2026-06-05,-0.877259722859746,1.0,1,subprime
2026-06-05,1.0943999189868443,0.0,0,prime
2026-06-05,0.4334933206722778,0.9920284281576295,1,subprime
2026-06-05,-0.27525585375732997,1.0,1,prime
2026-06-05,1.3499290492919849,1.0,1,prime
2026-06-05,0.868150362443477,0.0,0,prime
2026-06-05,-0.43065200873813675,1.0,1,prime
2026-06-05,0.47869287706451075,1.0,1,prime
2026-06-05,0.8386550156654596,0.05030263689091924,0,prime
2026-06-05,-1.9927747974964307,1.0,1,prime
2026-06-05,0.6527193177726456,1.0,1,prime
2026-06-05,-2.100609716149503,0.0,0,subprime
2026-06-05,-0.8874829637978553,1.0,1,prime
2026-06-05,0.8182667654939556,1.0,1,subprime
2026-06-05,1.398508311040197,0.0,0,prime
2026-06-05,-0.41180840149968506,0.9642102351920806,1,subprime
2026-06-05,-0.7967592479074058,0.06425904635087543,0,subprime
2026-06-05,-0.007045347060464848,0.0,0,prime
2026-06-05,0.5916907994717092,0.0,0,subprime
2026-06-05,1.2761099536261562,0.0,0,prime
2026-06-05,-1.555043744963604,0.0,0,prime
2026-06-05,-0.023818612403019183,1.0,1,subprime
2026-06-05,0.11349143384362032,0.0,0,subprime
2026-06-05,-1.5960318279149257,1.0,1,subprime
2026-06-05,-1.3665582331783268,0.0,0,prime
2026-06-05,-1.6296554841354844,0.0,0,subprime
2026-06-05,0.46926973837013186,1.0,1,subprime
2026-06-05,-1.0396202491160724,1.0,1,prime
2026-06-05,0.19517425087403323,0.0053832081948145954,0,prime
2026-06-05,1.482337125111236,0.0,0,prime
2026-06-05,-0.00044208625292265554,1.0,1,prime
2026-06-05,0.28714894036000255,1.0,1,prime
2026-06-05,2.1065321221707474,0.0,0,prime
2026-06-05,-0.4255216660487753,0.0,0,prime
2026-06-05,0.5107778831608661,0.0,0,subprime
2026-06-05,-0.7751432944859286,1.0,1,prime
2026-06-05,-0.8621854660713327,0.9131309447013752,1,prime
2026-06-05,-0.09726212703172385,0.0,0,prime
2026-06-05,0.9533462795286721,1.0,1,prime
2026-06-05,-0.17642302824935124,1.0,1,prime
2026-06-05,0.8505260829328235,1.0,1,prime
2026-06-05,-0.8293047570687679,1.0,1,prime
2026-06-05,0.2858320225890773,0.0,0,prime
2026-06-05,0.37452255363746634,0.0,0,prime
2026-06-05,0.490770304735393,0.864922724138346,1,prime
2026-06-05,-0.3278842572024402,0.9914213857116252,1,prime
2026-06-05,-0.16506178670095187,0.0,0,prime
2026-06-05,0.6331016212608044,1.0,1,prime
2026-06-05,0.6497590143894832,0.0,0,subprime
2026-06-05,0.02130823826437266,1.0,1,prime
2026-06-05,-1.101125771266785,1.0,1,prime
2026-06-05,-1.2922385900770272,0.0,0,prime
2026-06-05,-2.477047653471141,0.0,0,prime
2026-06-05,1.7091208714872737,1.0,1,prime
2026-06-05,-0.3099845872101205,1.0,1,prime
2026-06-05,-0.37047235476117046,0.9110615257247542,1,subprime
2026-06-05,0.2854990484152887,0.0,0,prime
2026-06-05,-1.038395310206281,0.9366702181763534,1,prime
2026-06-05,-0.4077266238323123,0.0,0,prime
2026-06-05,0.38100918930377925,1.0,1,subprime
2026-06-05,-0.886422009247742,0.026864592227895057,0,prime
2026-06-05,0.7311088020682234,0.09111844927514515,0,prime
2026-06-05,-0.10633055214902219,0.0591163892761023,0,prime
2026-06-05,-0.4865709224174195,1.0,1,prime
2026-06-05,0.5446957130592605,0.0,0,prime
2026-06-05,1.303825901049544,0.0,0,subprime
2026-06-05,0.552411520048316,0.0,0,prime
2026-06-05,-1.5077529817817295,1.0,1,prime
2026-06-05,0.6474690126485345,0.0,0,prime
2026-06-05,0.811034906984677,0.0,0,prime
2026-06-05,-0.15179491995205313,0.0,0,prime
2026-06-05,1.0713689925625929,0.0,0,prime
2026-06-05,-0.8940802826471531,0.0,0,prime
2026-06-05,2.1965393378110205,0.0,0,prime
2026-06-05,-0.8240282165414641,0.9834322892372879,1,subprime
2026-06-05,-0.4821847331691129,0.0,0,subprime
2026-06-05,0.39997788542845986,0.0,0,subprime
2026-06-05,-1.1962899683083066,0.0,0,subprime
2026-06-05,-0.2785811516830486,0.02837035192784923,0,subprime
2026-06-05,-1.0403567795417423,1.0,1,prime
2026-06-05,-0.866517272265481,0.06464508861028073,0,subprime
2026-06-05,-0.9861955148065688,0.0,0,subprime
2026-06-05,-0.21798563358217418,1.0,1,subprime
2026-06-05,-0.05030905388830056,0.0,0,subprime
2026-06-05,-0.7424157633409489,1.0,1,subprime
2026-06-05,1.177149712747473,0.0,0,prime
2026-06-05,-2.359980877044292,1.0,1,prime
2026-06-05,-0.24518091380490786,1.0,1,subprime
2026-06-05,0.05200562885580266,0.020737164014730414,0,prime
2026-06-05,0.7875408573478042,0.0,0,prime
2026-06-05,0.5001001355339065,0.09649429663414943,0,prime
2026-06-05,0.15721868052784643,1.0,1,prime
2026-06-05,0.1438599386643346,0.9676786947684803,1,prime
2026-06-05,-1.9405696998820208,1.0,1,prime
2026-06-05,-2.0452078790576835,1.0,1,prime
2026-06-05,-0.3104246412621333,0.0,0,prime
2026-06-05,0.7645786729722084,1.0,1,prime
2026-06-05,-1.3884101501050685,0.08004428257663772,0,subprime
2026-06-05,0.577169335707819,0.941309367100522,1,subprime
2026-06-05,0.41319638151581617,0.0,0,subprime
2026-06-05,-1.6666427706066516,1.0,1,prime
2026-06-05,-1.5410172628445948,0.0,0,prime
2026-06-05,-1.889377437016294,1.0,1,prime
2026-06-05,-0.2177655347522508,0.0,0,prime
2026-06-05,-0.1916160241333535,0.0,0,prime
2026-06-05,0.829456471874166,0.8455365616523498,1,subprime
2026-06-05,0.6380868132183649,0.0,0,prime
2026-06-05,-0.6575932311727033,1.0,1,prime
2026-06-05,-0.059184878510674784,0.0,0,prime
2026-06-05,-1.6244910120081584,0.0,0,prime
2026-06-05,1.616495234704796,1.0,1,prime
2026-06-05,1.960735200379042,0.0,0,prime
2026-06-05,-0.32886969614450523,0.9907642463150053,1,prime
2026-06-05,1.3792874730185245,0.0,0,subprime
2026-06-05,1.0787920547117265,0.0,0,subprime
2026-06-05,-0.850799794430726,0.9783247643593507,1,prime
2026-06-05,-0.8436970725053374,0.1329769502605664,0,subprime
2026-06-05,-0.521577557235128,0.0,0,prime
2026-06-05,-0.5781984928458369,0.013688722337285651,0,subprime
2026-06-05,-2.5773783496142455,0.05735951973530461,0,subprime
2026-06-05,1.265413823115701,0.0,0,prime
2026-06-05,-0.6873047136993063,0.0,0,prime
2026-06-05,0.6786673329987594,0.0,0,prime
2026-06-05,-2.1940397282643076,1.0,1,prime
2026-06-05,1.4745287437907373,0.0,0,prime
2026-06-05,-0.5995110716285977,0.0,0,prime
2026-06-05,1.5590643928937862,0.07177729313704684,0,prime
2026-06-05,-1.122531999693356,1.0,1,prime
2026-06-05,-1.056835807794015,0.0,0,prime
2026-06-05,0.21729541845762498,0.09466530094953418,0,prime
2026-06-05,-0.5974474965157028,0.0,0,prime
2026-06-05,-1.2258067458310746,1.0,1,prime
2026-06-05,0.6155312439195857,0.0,0,prime
2026-06-05,-0.39769075758690725,0.0,0,prime
2026-06-05,0.7325732616084019,0.0,0,subprime
2026-06-05,0.839390828658077,1.0,1,prime
2026-06-05,-1.1294022203823493,0.009308302539929807,0,subprime
2026-06-05,-1.012508052842087,0.7589608866741369,1,subprime
2026-06-05,-0.06390185041247774,1.0,1,prime
2026-06-05,-1.146711895190657,1.0,1,prime
2026-06-05,0.6286652996552563,1.0,1,prime
2026-06-05,-1.4324535512579941,0.0,0,prime
2026-06-05,-0.39328512188289305,0.0,0,prime
2026-06-05,-0.2728273652499016,0.0,0,prime
2026-06-05,0.030469143124666552,1.0,1,prime
2026-06-05,-1.459801262788655,1.0,1,prime
2026-06-05,-0.45496943760913994,1.0,1,prime
2026-06-05,2.706436123924834,1.0,1,prime
2026-06-05,-0.7075014111423463,0.01773233936896245,0,subprime
2026-06-05,-2.060894673415757,0.0,0,prime
2026-06-05,0.14765778595289974,1.0,1,prime
2026-06-05,2.5631058258600388,1.0,1,prime
2026-06-05,1.8129216293869939,1.0,1,prime
2026-06-05,0.17077476447882525,0.0,0,prime
2026-06-05,-1.2359457771774747,1.0,1,prime
2026-06-05,0.5447552343144452,0.962689901208629,1,prime
2026-06-05,-0.42392057212470585,0.0,0,prime
2026-06-05,-1.4869859184037522,1.0,1,subprime
2026-06-05,0.9653716321950142,1.0,1,prime
2026-06-05,0.5403785660415263,0.0,0,subprime
2026-06-05,0.3415987642682867,1.0,1,prime
2026-06-05,0.7392388270331832,0.0,0,prime
2026-06-05,0.1473276266215323,1.0,1,prime
2026-06-05,1.227501264862893,1.0,1,prime
2026-06-05,-0.5828149853705203,0.9997928829564102,1,prime
2026-06-05,0.2243384912873205,0.9872608739100711,1,prime
2026-06-05,2.281792908360088,0.9972023319773875,1,prime
2026-06-05,-0.9812088715317868,1.0,1,prime
2026-06-05,-0.7061386873608216,1.0,1,prime
2026-06-05,0.5716229919585653,0.0,0,subprime
2026-06-05,0.7442588819655894,1.0,1,subprime
2026-06-05,-0.9916445654110855,0.0,0,prime
2026-06-05,1.268366139048169,0.9367093410603595,1,subprime
2026-06-05,0.443888412466788,0.0,0,prime
2026-06-05,0.46160313480699827,0.0,0,prime
2026-06-05,-0.33562973355610404,1.0,1,prime
2026-06-05,-0.08181700238882626,0.011047250641680897,0,subprime
2026-06-05,-1.0090101459169099,1.0,1,subprime
2026-06-05,-0.5207368366160122,1.0,1,prime
2026-06-05,0.5050211068238393,0.0,0,prime
2026-06-05,0.5454816964733031,0.0,0,subprime
2026-06-05,0.3320920916942404,1.0,1,prime
2026-06-05,1.5390824586747462,0.0,0,subprime
2026-06-05,0.7364362605044732,1.0,1,prime
2026-06-05,-0.7090385067012359,0.0,0,prime
2026-06-05,-0.24986729143345188,1.0,1,subprime
2026-06-05,1.070961794042773,0.0,0,prime
2026-06-05,-0.5722732944003727,0.0,0,prime
2026-06-05,0.16063283678612747,0.009121046109827169,0,prime
2026-06-05,1.0001132749266843,1.0,1,prime
2026-06-05,0.19086486314818732,0.0,0,prime
2026-06-05,0.39280016494910697,0.08007296929574176,0,subprime
2026-06-05,-1.329454810088831,0.8429531121328695,1,subprime
2026-06-05,1.777347126196383,0.0,0,subprime
2026-06-05,-0.6204524885764691,0.0,0,prime
2026-06-05,1.1138873122899413,0.0,0,prime
2026-06-05,0.6191813638969461,1.0,1,prime
2026-06-05,1.2795324676156796,0.0,0,subprime
2026-06-05,0.24758340225380274,0.10423635769257136,0,prime
2026-06-05,-0.014501435195212435,0.0,0,subprime
2026-06-05,-0.37878308599660093,0.0,0,subprime
2026-06-05,0.7135876663603475,1.0,1,prime
2026-06-05,0.9605911172395638,0.0,0,prime
2026-06-05,0.10308615054741312,1.0,1,subprime
2026-06-05,-0.45642549937391025,0.9681911003502395,1,prime
2026-06-05,0.17693287769730415,1.0,1,prime
2026-06-05,-1.2183834866010539,0.0,0,prime
2026-06-05,0.27182551622247947,1.0,1,subprime
2026-06-05,-0.5466730818781383,1.0,1,prime
2026-06-05,-1.3900015374716872,0.0,0,prime
2026-06-05,2.029065673984417,1.0,1,subprime
2026-06-05,-0.29988563859199713,0.0,0,prime
2026-06-05,1.6104612217263998,1.0,1,prime
2026-06-05,-0.8703149790415696,0.0,0,subprime
2026-06-05,-0.5799951303712432,1.0,1,prime
2026-06-05,0.8296582022489358,1.0,1,subprime
2026-06-05,1.4877076651892847,0.9319346748573623,1,prime
2026-06-05,-0.5852182915110435,1.0,1,prime
2026-06-05,0.9788414127186288,1.0,1,prime
2026-06-05,-0.2407979889989595,1.0,1,prime
2026-06-05,-0.7987189954788785,1.0,1,subprime
2026-06-05,0.28118858985955003,1.0,1,prime
2026-06-05,0.8614594993456111,0.0,0,prime
2026-06-05,-0.029814948919106903,1.0,1,prime
2026-06-05,-0.9437872772592423,0.03881558605814245,0,prime
2026-06-05,0.6691444627030558,0.0,0,prime
2026-06-05,2.248615338800553,1.0,1,prime
2026-06-05,1.276597947393624,0.0,0,subprime
2026-06-05,0.33195329120005174,0.10965451354241113,0,subprime
2026-06-05,-0.7469091926529575,0.0,0,prime
2026-06-05,2.0404695597764375,1.0,1,prime
2026-06-05,2.2454556478261645,1.0,1,prime
2026-06-05,-0.08215448401471881,1.0,1,prime
2026-06-05,0.7488453941954795,0.9737187910740219,1,subprime
2026-06-05,-0.5506354190487129,0.0,0,subprime
2026-06-05,-0.34631627365738826,0.0,0,subprime
2026-06-05,-0.6419283346078535,0.0,0,prime
2026-06-05,-2.8294824877736993,1.0,1,prime
2026-06-05,-1.0404597467036913,1.0,1,subprime
2026-06-05,-0.17464864682188094,1.0,1,subprime
2026-06-05,1.3873979401745324,0.0,0,subprime
2026-06-05,0.48814381570113685,0.0,0,prime
2026-06-05,1.2017347984911935,1.0,1,subprime
2026-06-05,0.522600881676169,0.9608875126917624,1,prime
2026-06-05,-0.6927227894956679,1.0,1,prime
2026-06-05,1.0744224688669086,1.0,1,subprime
2026-06-05,1.2805838049729406,0.05907881227658632,0,subprime
2026-06-05,-0.6424215338372475,0.12220160664740154,0,subprime
2026-06-05,0.3722391949590682,1.0,1,prime
2026-06-05,0.3303685694318002,0.08359688111043767,0,subprime
2026-06-05,0.6571397010897305,0.10991638469479872,0,subprime
2026-06-05,-0.7833292330259217,0.9687667550014011,1,subprime
2026-06-05,-0.025352769446006326,1.0,1,prime
2026-06-05,-0.8383788414339717,0.04427895742088814,0,subprime
2026-06-05,-0.03693056453865738,0.0,0,prime
2026-06-05,-0.4428819937827873,0.0,0,prime
2026-06-05,0.35199631606185716,0.0,0,prime
2026-06-05,-1.1297059844024915,0.0,0,prime
2026-06-05,-1.3628674749922656,1.0,1,prime
2026-06-05,1.0417454699668305,0.8612557950527742,1,prime
2026-06-05,-1.5044134933751472,1.0,1,subprime
2026-06-05,-0.5047077094912149,0.0,0,subprime
2026-06-05,-0.7862423418512876,0.9105213457750065,1,prime
2026-06-05,0.07788347832395454,0.0,0,prime
2026-06-05,1.7876316240176573,0.9452401513522948,1,prime
2026-06-05,-0.9126438399955296,1.0,1,prime
2026-06-05,-2.107268868467653,0.9485222018382721,1,prime
2026-06-05,0.5785471629844606,1.0,1,subprime
2026-06-05,-1.496217151781148,0.9955006506036965,1,prime
2026-06-05,-2.385375612138018,0.08257565875099215,0,prime
2026-06-05,-0.19549711180618987,1.0,1,prime
2026-06-05,-0.025021016800448753,0.9543600453477805,1,subprime
2026-06-05,-0.6459937950827906,1.0,1,prime
2026-06-05,0.568420339495076,1.0,1,prime
2026-06-05,-1.5460449564522099,0.0,0,subprime
2026-06-05,0.7215540039323252,0.01642230952462334,0,prime
2026-06-05,1.43304378078428,0.0,0,prime
2026-06-05,1.055484314093422,0.0,0,prime
2026-06-05,-0.17220499433485903,0.0,0,prime
2026-06-05,-1.0059905163123912,0.03892390724084968,0,prime
2026-06-05,0.2095129101120077,0.0,0,subprime
2026-06-05,1.320342458216628,1.0,1,prime
2026-06-05,1.0195595087213716,1.0,1,prime
2026-06-05,-0.8536304409587882,1.0,1,prime
2026-06-05,0.8768525235360974,1.0,1,prime
2026-06-05,2.0889863258114194,1.0,1,prime
2026-06-05,0.7273658899727035,0.0,0,prime
2026-06-05,-0.07558093242391865,1.0,1,prime
2026-06-05,1.1887738460068829,0.0,0,subprime
2026-06-05,0.42311286957509686,1.0,1,prime
2026-06-05,-0.47702467487949723,0.0,0,subprime
2026-06-05,-1.6894678465413473,0.0,0,subprime
2026-06-05,0.08775338823678482,0.895539210580313,1,prime
2026-06-05,1.156756081373495,0.1664875732799577,0,subprime
2026-06-05,1.8196898659724687,0.0,0,prime
2026-06-05,-0.16775359319506838,0.0,0,subprime
2026-06-05,0.5946130770558973,0.0,0,prime
2026-06-05,-1.1762269170964101,0.0,0,prime
2026-06-05,-0.5193771996670914,1.0,1,prime
2026-06-05,-0.3657645905024909,0.0,0,prime
2026-06-05,-0.04955069471908803,1.0,1,prime
2026-06-05,-0.8311501951422464,0.09404892089398412,0,prime
2026-06-05,0.526774324813745,1.0,1,subprime
2026-06-05,1.3796697778412854,1.0,1,prime
2026-06-05,-0.9826004972108637,1.0,1,subprime
2026-06-05,-0.5688868362820498,1.0,1,prime
2026-06-05,0.012636749601983091,1.0,1,prime
2026-06-05,0.14507735931364787,0.0,0,prime
2026-06-05,0.5220804081328289,0.0,0,prime
2026-06-06,0.7414308194223465,0.0,0,prime
2026-06-06,-0.2646319266555267,0.0,0,prime
2026-06-06,0.1390080826502122,0.8614674789124636,1,subprime
2026-06-06,0.292657332794285,0.9949598324600554,1,prime
2026-06-06,-0.4300244972332293,0.0,0,subprime
2026-06-06,-0.3320462385636724,0.0,0,prime
2026-06-06,-1.0344230160341181,0.0,0,prime
2026-06-06,1.110645453993087,1.0,1,prime
2026-06-06,-0.9635614609558464,1.0,1,subprime
2026-06-06,-0.17302137445924767,0.02880133548384585,0,subprime
2026-06-06,-0.44243725108333687,0.0,0,prime
2026-06-06,0.6881160030936583,0.0,0,subprime
2026-06-06,-1.5123578779871931,0.0,0,prime
2026-06-06,-3.335487199327602,0.0,0,prime
2026-06-06,0.9701236936482123,0.0,0,subprime
2026-06-06,-0.7278739059421044,1.0,1,prime
2026-06-06,-0.8668774796480426,0.0,0,prime
2026-06-06,0.7125290620925785,1.0,1,prime
2026-06-06,-0.30805004692844073,1.0,1,prime
2026-06-06,-0.6360089307240743,1.0,1,prime
2026-06-06,1.8661661997159233,0.9949942868477066,1,prime
2026-06-06,-0.3266743759206541,1.0,1,subprime
2026-06-06,-0.3825687683891011,1.0,1,prime
2026-06-06,2.9605234713605917,0.04345379503089658,0,prime
2026-06-06,0.027707430165318927,0.03990502804609658,0,prime
2026-06-06,0.08159399070023737,0.0,0,prime
2026-06-06,-0.29998080623351026,0.0,0,prime
2026-06-06,1.9671677879727583,1.0,1,subprime
2026-06-06,-0.6998632380567925,1.0,1,prime
2026-06-06,0.5515680330351154,0.0,0,prime
2026-06-06,1.2834056820488846,1.0,1,prime
2026-06-06,-0.19946269360844787,1.0,1,prime
2026-06-06,0.6173150171274163,0.07252799140815813,0,subprime
2026-06-06,-0.5986638896747274,1.0,1,prime
2026-06-06,-0.30839612883106343,0.0,0,prime
2026-06-06,-0.14048653672195094,0.9458442543347253,1,subprime
2026-06-06,0.43775563955903796,1.0,1,prime
2026-06-06,-0.6868885393369623,0.9872689038659834,1,prime
2026-06-06,0.1264269016149666,0.8184885754315872,1,subprime
2026-06-06,1.0168648479705176,0.0,0,prime
2026-06-06,-1.6979371938498773,1.0,1,prime
2026-06-06,1.886169731985879,0.0,0,prime
2026-06-06,1.0278775189317892,0.9578994449233817,1,prime
2026-06-06,0.6653622794285063,1.0,1,prime
2026-06-06,-1.1692017766766,0.10086487088367076,0,subprime
2026-06-06,0.430693990268736,0.0,0,prime
2026-06-06,0.31131267071864505,1.0,1,prime
2026-06-06,-1.1006896299484952,0.0350808223126311,0,prime
2026-06-06,0.34789841245144554,0.9572544821270221,1,prime
2026-06-06,-2.341559510897789,1.0,1,prime
2026-06-06,0.3419189486701073,0.0,0,prime
2026-06-06,-1.0123005978740978,0.0,0,prime
2026-06-06,-1.0264493199358398,0.0,0,prime
2026-06-06,-1.537788629500518,1.0,1,prime
2026-06-06,0.041249413293777806,1.0,1,subprime
2026-06-06,0.5723835566138636,1.0,1,prime
2026-06-06,-0.8159850029796853,0.0,0,prime
2026-06-06,-0.1896583633377776,0.0,0,prime
2026-06-06,0.8915032894588639,1.0,1,prime
2026-06-06,-1.6696154343468828,1.0,1,subprime
2026-06-06,0.16063394084411062,0.9311576199173821,1,subprime
2026-06-06,1.0763280696325346,1.0,1,prime
2026-06-06,0.44014596765517683,0.037723454988387674,0,subprime
2026-06-06,1.0156782385270238,1.0,1,prime
2026-06-06,0.7066597192711954,0.0,0,prime
2026-06-06,1.5049074172554175,1.0,1,prime
2026-06-06,-0.45583374140704197,1.0,1,subprime
2026-06-06,-0.19582863452949692,0.12642893902439004,0,prime
2026-06-06,0.24134682082623682,0.0,0,prime
2026-06-06,-0.33166669547725136,0.0,0,subprime
2026-06-06,-1.0377523735541598,1.0,1,prime
2026-06-06,1.0887617502219584,0.0,0,prime
2026-06-06,-0.1342246611282479,0.0,0,prime
2026-06-06,-0.32721631035531507,0.9499895140379463,1,prime
2026-06-06,0.5845280648347005,0.0,0,prime
2026-06-06,1.1083743655375633,1.0,1,subprime
2026-06-06,-0.27241994015510673,1.0,1,subprime
2026-06-06,0.6949282151309306,1.0,1,subprime
2026-06-06,0.2590982664601004,1.0,1,prime
2026-06-06,-0.9652447540596588,1.0,1,prime
2026-06-06,-0.33792556341341407,1.0,1,prime
2026-06-06,0.14018431989787045,1.0,1,subprime
2026-06-06,1.5368310984697466,0.0,0,subprime
2026-06-06,-0.04953762080957703,0.0,0,prime
2026-06-06,0.9614148584042499,0.9442222900156403,1,prime
2026-06-06,-1.4310779608862803,0.04079250215968597,0,prime
2026-06-06,0.3049170284989579,0.0,0,prime
2026-06-06,1.4281494649443487,0.0,0,prime
2026-06-06,1.5077462312643783,0.9758114813230248,1,prime
2026-06-06,-0.33706290161258196,0.037861372952096545,0,prime
2026-06-06,0.43902221150328713,0.0,0,prime
2026-06-06,-1.596538170747742,1.0,1,prime
2026-06-06,0.433633346726462,1.0,1,prime
2026-06-06,1.475653295823526,0.980058638835601,1,subprime
2026-06-06,-0.20968638529084452,0.0,0,prime
2026-06-06,0.298497752847151,0.0,0,prime
2026-06-06,0.24621918684956265,0.9304258921727173,1,prime
2026-06-06,-1.1836154506772256,1.0,1,prime
2026-06-06,-0.06288726987572295,1.0,1,subprime
2026-06-06,-0.9103197853220725,0.0032854204442521774,0,subprime
2026-06-06,-1.4705144893686068,1.0,1,prime
2026-06-06,1.0379568516830298,0.0,0,prime
2026-06-06,-1.7092074934232366,0.0,0,prime
2026-06-06,0.9434980012067796,0.0,0,prime
2026-06-06,-0.7669289606809307,0.0,0,subprime
2026-06-06,0.8706501522445076,1.0,1,subprime
2026-06-06,2.351334802871294,1.0,1,prime
2026-06-06,-1.2494098731588599,0.976688486843708,1,prime
2026-06-06,1.5256801037035923,0.9415649265030301,1,prime
2026-06-06,0.3527283235423594,0.0,0,prime
2026-06-06,-0.024066815533478173,1.0,1,subprime
2026-06-06,1.0837108643801567,0.0,0,subprime
2026-06-06,1.1321931186320078,0.0,0,prime
2026-06-06,-0.034706446177590757,0.8581657762231655,1,subprime
2026-06-06,-0.07889719927657007,0.0,0,prime
2026-06-06,-0.8245146986043699,0.050016039605113305,0,subprime
2026-06-06,1.895125997252263,0.9805342814076489,1,prime
2026-06-06,0.6235105160570048,1.0,1,prime
2026-06-06,0.8239313053442301,0.0,0,prime
2026-06-06,-0.3378781580658668,1.0,1,prime
2026-06-06,-0.02285506835044127,0.0,0,prime
2026-06-06,0.6426007921629459,1.0,1,prime
2026-06-06,-0.0573957428580191,0.0,0,subprime
2026-06-06,0.02729521237294999,0.11376227387285948,0,subprime
2026-06-06,-0.7872559805763394,1.0,1,subprime
2026-06-06,0.07005901864301513,0.01567334267146235,0,prime
2026-06-06,-0.8649202912796573,0.03387890154504641,0,subprime
2026-06-06,0.4169537801526249,0.12361921575416487,0,subprime
2026-06-06,1.3455723367007186,0.0,0,prime
2026-06-06,0.1193786149297642,1.0,1,prime
2026-06-06,1.29059969418052,0.0,0,subprime
2026-06-06,0.4845772827270717,1.0,1,prime
2026-06-06,-0.2606254522057059,0.9978803005284809,1,prime
2026-06-06,-0.23309915923689944,0.0,0,prime
2026-06-06,2.3276757834998265,0.0,0,prime
2026-06-06,-0.5731873603559972,0.0,0,prime
2026-06-06,-0.08019275515433637,1.0,1,prime
2026-06-06,-0.19180700703943396,0.0,0,prime
2026-06-06,-1.2286324539248674,0.0,0,prime
2026-06-06,0.4082663782830768,1.0,1,prime
2026-06-06,0.42074783367012847,0.0,0,prime
2026-06-06,-2.2668578207015098,1.0,1,prime
2026-06-06,-0.20679970584942806,1.0,1,prime
2026-06-06,-0.10485663920332032,0.0,0,prime
2026-06-06,-1.4993367831881668,1.0,1,prime
2026-06-06,0.1405012849425061,0.0,0,prime
2026-06-06,-0.1636520668012943,0.0,0,prime
2026-06-06,-0.0775076331703357,1.0,1,prime
2026-06-06,-1.4473681222447312,0.0,0,subprime
2026-06-06,-1.781486726828553,0.0,0,prime
2026-06-06,-0.10731490952469068,0.0,0,subprime
2026-06-06,0.5232663139263145,0.8307467609049581,1,subprime
2026-06-06,-0.9700670213148787,1.0,1,prime
2026-06-06,-0.5529402282896724,0.0,0,prime
2026-06-06,0.3029026778987915,0.946606316112409,1,prime
2026-06-06,-0.03599671052494993,1.0,1,prime
2026-06-06,0.29907054846792624,1.0,1,subprime
2026-06-06,-0.3782630020258053,1.0,1,prime
2026-06-06,-0.5606644642989265,0.01391876908864936,0,subprime
2026-06-06,0.21137829951129355,0.0,0,prime
2026-06-06,-0.8903503050421169,1.0,1,subprime
2026-06-06,-0.4725399354765941,1.0,1,prime
2026-06-06,1.060161256130005,1.0,1,prime
2026-06-06,0.434155283610465,1.0,1,prime
2026-06-06,-1.3513725965193955,0.8736743174256006,1,subprime
2026-06-06,-0.31469251317352503,0.0,0,subprime
2026-06-06,-0.43361798495097975,0.0,0,subprime
2026-06-06,0.6273453402702518,1.0,1,prime
2026-06-06,-0.6980133261445229,0.8995257414131755,1,prime
2026-06-06,1.06473613763977,0.0,0,prime
2026-06-06,1.5371990548256855,1.0,1,prime
2026-06-06,-1.3111706414389772,0.0,0,prime
2026-06-06,-0.8231385245923248,1.0,1,prime
2026-06-06,-0.9159931773956452,1.0,1,prime
2026-06-06,-0.03113669349157811,0.0,0,prime
2026-06-06,-0.6542724590989194,1.0,1,prime
2026-06-06,1.1584753863539474,0.0,0,subprime
2026-06-06,0.7327536175634004,0.9011645070945646,1,subprime
2026-06-06,-1.3126442933323745,1.0,1,prime
2026-06-06,1.1223915776546314,0.0,0,prime
2026-06-06,-0.2743387217283095,1.0,1,prime
2026-06-06,-1.0097783981743982,1.0,1,prime
2026-06-06,-0.5024657285712134,0.0,0,prime
2026-06-06,-0.38127225295175776,1.0,1,subprime
2026-06-06,0.2944167048812051,0.011647971056678252,0,prime
2026-06-06,-0.3658881761244388,1.0,1,prime
2026-06-06,0.8265362365411076,0.07777403269217151,0,subprime
2026-06-06,2.0733219478308853,0.0,0,subprime
2026-06-06,-1.4745935524206786,0.0,0,prime
2026-06-06,0.09509726646566656,1.0,1,prime
2026-06-06,-1.50643830695836,1.0,1,subprime
2026-06-06,0.22250825361607196,0.0,0,prime
2026-06-06,1.595175384738114,1.0,1,prime
2026-06-06,-1.4235380715970678,1.0,1,prime
2026-06-06,-0.6265208015470045,0.0,0,prime
2026-06-06,0.9733897303048145,0.0,0,subprime
2026-06-06,-0.7327896863807161,0.12525764250623428,0,subprime
2026-06-06,1.2586320144363625,0.850804243989608,1,prime
2026-06-06,0.35136314243255656,0.0,0,subprime
2026-06-06,0.9959039768988786,0.0,0,prime
2026-06-06,1.8990995580887642,0.9982691172205437,1,prime
2026-06-06,0.033166493599484696,1.0,1,subprime
2026-06-06,1.453742869485973,0.9708325537955087,1,subprime
2026-06-06,1.1416580193662835,1.0,1,subprime
2026-06-06,-0.6929934106801895,1.0,1,subprime
2026-06-06,0.19220497227240643,0.0,0,subprime
2026-06-06,0.47869494185014916,0.00510011565959341,0,prime
2026-06-06,-1.0846371970626443,0.0,0,prime
2026-06-06,1.4477014784668418,1.0,1,prime
2026-06-06,-1.4763661762551936,0.0,0,prime
2026-06-06,-2.33091190513755,1.0,1,subprime
2026-06-06,-0.2638641046305574,0.0,0,subprime
2026-06-06,0.817473876258778,0.10908839562042177,0,prime
2026-06-06,-1.031247482062794,1.0,1,prime
2026-06-06,2.3454722089583346,0.0,0,prime
2026-06-06,-0.035586172678422186,0.0,0,prime
2026-06-06,0.5331033741219334,0.0,0,prime
2026-06-06,2.490648651141555,0.0,0,subprime
2026-06-06,0.1327287971904454,0.0,0,prime
2026-06-06,0.33288570117107547,0.04572951886816251,0,subprime
2026-06-06,-0.8080579172912165,0.925309878633933,1,subprime
2026-06-06,-1.1090178791552852,0.0,0,prime
2026-06-06,0.16269733080747686,0.0,0,prime
2026-06-06,1.2834606358553022,1.0,1,subprime
2026-06-06,-0.7590626243787164,0.0,0,prime
2026-06-06,0.9509274366963719,1.0,1,prime
2026-06-06,-1.33683899595693,0.0,0,subprime
2026-06-06,0.00292650740819748,0.013420632154293455,0,prime
2026-06-06,0.761723410576053,1.0,1,prime
2026-06-06,1.0893446863193676,0.9433649892049103,1,subprime
2026-06-06,1.4474365274127583,1.0,1,subprime
2026-06-06,0.6079909455311333,0.9480825073014693,1,subprime
2026-06-06,0.04767992944821973,0.0,0,subprime
2026-06-06,1.2850093941895693,0.0,0,prime
2026-06-06,-0.05063977036592641,0.0,0,subprime
2026-06-06,1.0370171162210702,0.031092104894808598,0,prime
2026-06-06,1.9945077640612199,0.975205934540636,1,prime
2026-06-06,0.270838744049784,0.0,0,prime
2026-06-06,-0.16918628786691003,0.0,0,prime
2026-06-06,0.8942553331197376,0.0,0,subprime
2026-06-06,-1.206521886290994,1.0,1,subprime
2026-06-06,-0.25407897001591884,0.011776621909042106,0,prime
2026-06-06,-1.6012670763692647,1.0,1,prime
2026-06-06,-0.10748055294395442,0.0,0,prime
2026-06-06,0.2383232452458604,1.0,1,subprime
2026-06-06,-0.576729797659268,0.9559229053474172,1,subprime
2026-06-06,2.4013056124159853,1.0,1,subprime
2026-06-06,-0.8595166010106964,0.0,0,subprime
2026-06-06,1.7158882782960643,0.03892096452057342,0,subprime
2026-06-06,-0.7697032012180385,0.0,0,subprime
2026-06-06,0.36017097770857204,0.8435931975488952,1,subprime
2026-06-06,2.586662373786794,1.0,1,prime
2026-06-06,0.14435141193537346,0.0,0,prime
2026-06-06,-2.288912490401844,0.0,0,prime
2026-06-06,-0.9976417061851744,0.0,0,subprime
2026-06-06,-0.4971580717794127,1.0,1,prime
2026-06-06,-2.0647046240679416,0.06356599183197434,0,prime
2026-06-06,-1.3852413117507787,0.0,0,prime
2026-06-06,0.5742980056586785,0.0545436042636238,0,subprime
2026-06-06,-0.3288124113434343,1.0,1,subprime
2026-06-06,0.55178535587496,0.0,0,prime
2026-06-06,0.688528586163629,1.0,1,prime
2026-06-06,0.1208932200478084,1.0,1,prime
2026-06-06,1.1697177256401396,0.0,0,prime
2026-06-06,0.5567688220239849,1.0,1,prime
2026-06-06,0.24509621797287207,0.0,0,prime
2026-06-06,0.4743300689905274,1.0,1,prime
2026-06-06,-0.5574806573168415,0.07046164337103186,0,subprime
2026-06-06,-0.9831235738893879,1.0,1,prime
2026-06-06,0.8621286739820346,0.8615466948880124,1,subprime
2026-06-06,-1.4218164076241184,0.010336785985882814,0,subprime
2026-06-06,-0.2776683894316126,1.0,1,prime
2026-06-06,-0.9212440572961326,0.0,0,subprime
2026-06-06,0.6065026377410105,1.0,1,prime
2026-06-06,1.2755719768946472,0.0,0,prime
2026-06-06,-0.8423364601898504,1.0,1,prime
2026-06-06,-0.9584773582380947,1.0,1,prime
2026-06-06,-0.5002953273436823,0.0,0,prime
2026-06-06,1.716807188753327,1.0,1,prime
2026-06-06,0.8224965867834878,1.0,1,prime
2026-06-06,-0.5584953628501325,0.0,0,prime
2026-06-06,-0.004046875116707656,1.0,1,subprime
2026-06-06,0.9362912908333682,0.0,0,prime
2026-06-06,-0.5469239977509972,0.0,0,prime
2026-06-06,0.0052750657859119586,1.0,1,prime
2026-06-06,-0.7443043768278517,0.0,0,prime
2026-06-06,-1.4832679601351908,0.0,0,prime
2026-06-06,-0.6838413867790762,1.0,1,prime
2026-06-06,-0.823475143427471,1.0,1,prime
2026-06-06,-0.15026754092147074,0.0,0,subprime
2026-06-06,1.0921187324507515,1.0,1,prime
2026-06-06,0.14702313433214861,0.0,0,subprime
2026-06-06,0.0168541465881157,1.0,1,prime
2026-06-06,-1.7266637091337285,0.0,0,prime
2026-06-06,0.3916893647652369,0.0,0,prime
2026-06-06,-0.23660961683738754,0.07671531807650409,0,prime
2026-06-06,-0.7014753652126471,1.0,1,prime
2026-06-06,0.5970927077982408,0.0,0,prime
2026-06-06,1.8758115371881579,1.0,1,prime
2026-06-06,-1.4230758978298055,0.0,0,prime
2026-06-06,-1.3033791334500588,1.0,1,prime
2026-06-06,-0.36240464114373744,0.0,0,subprime
2026-06-06,-0.5484687091693897,0.9364879258477357,1,prime
2026-06-06,-0.6067688001761922,0.0,0,subprime
2026-06-06,0.09259102272295125,1.0,1,prime
2026-06-06,0.4524103998300941,0.9197813385374741,1,prime
2026-06-06,-1.0531566755812383,1.0,1,prime
2026-06-06,-2.003412106594096,1.0,1,prime
2026-06-06,0.49390679522103,0.0,0,prime
2026-06-06,1.8129497498750344,0.0,0,prime
2026-06-06,0.37520972248095724,0.7578766816918718,1,subprime
2026-06-06,-2.2477581228986883,0.0,0,prime
2026-06-06,-1.5469493572551327,1.0,1,prime
2026-06-06,0.4185690622613691,0.0,0,prime
2026-06-06,-0.07772213614078416,1.0,1,subprime
2026-06-06,-2.1012795752674926,0.9851938838434009,1,prime
2026-06-06,1.2259446555657216,1.0,1,prime
2026-06-06,1.0802551868211412,1.0,1,subprime
2026-06-06,1.4473183256880784,1.0,1,prime
2026-06-06,0.27473656682744085,0.877557250326612,1,subprime
2026-06-06,-0.701502764751634,0.0,0,prime
2026-06-06,0.4787494847910671,1.0,1,prime
2026-06-06,-1.1115706069651587,0.126959347454975,0,prime
2026-06-06,1.0195006401528601,0.9227814570941772,1,subprime
2026-06-06,0.5903950709089775,0.0,0,prime
2026-06-06,1.510968894765821,1.0,1,prime
2026-06-06,-0.5136660310196121,1.0,1,subprime
2026-06-06,-0.3415085533399328,1.0,1,subprime
2026-06-06,0.9872026301785941,1.0,1,prime
2026-06-06,-0.5453986299342272,0.9191751171071483,1,subprime
2026-06-06,0.19968868104360227,1.0,1,prime
2026-06-06,0.8605509774719448,1.0,1,subprime
2026-06-06,-1.4273756997127196,1.0,1,subprime
2026-06-06,1.1941390691266425,1.0,1,subprime
2026-06-06,1.2024986324581084,0.8757571186117818,1,subprime
2026-06-06,-0.9330868550448624,1.0,1,prime
2026-06-06,-0.5992096607804488,1.0,1,subprime
2026-06-06,0.9042764324443051,1.0,1,subprime
2026-06-06,0.34197088567647155,1.0,1,prime
2026-06-06,-0.20119674284013256,0.8588583203701876,1,prime
2026-06-06,-0.7759297903156135,0.0,0,prime
2026-06-06,1.041217336976683,1.0,1,prime
2026-06-06,0.5691115292524155,0.0,0,prime
2026-06-06,0.59437433746086,0.13507327606204636,0,subprime
2026-06-06,0.06456724046930822,1.0,1,prime
2026-06-06,-0.09249754321577042,1.0,1,prime
2026-06-06,1.0798675640543154,0.0,0,prime
2026-06-06,-1.0854881429014476,1.0,1,prime
2026-06-06,-0.6587820301349597,0.8812300143993206,1,prime
2026-06-06,-2.09903172155536,0.0,0,prime
2026-06-06,-0.8453713178664721,1.0,1,subprime
2026-06-06,-1.0187269446280736,0.0,0,prime
2026-06-06,-0.6584824723488562,0.9466257815186975,1,subprime
2026-06-06,0.08790940180626464,0.0,0,prime
2026-06-06,-0.10490990560126578,0.006466443794254678,0,prime
2026-06-06,-1.0764852658300395,1.0,1,prime
2026-06-06,-0.2057001219268523,1.0,1,prime
2026-06-06,-2.0414061915352666,1.0,1,subprime
2026-06-06,0.0756772114890307,1.0,1,prime
2026-06-06,-0.7729698945469657,0.0,0,subprime
2026-06-06,1.552371261650692,0.12437673364786375,0,subprime
2026-06-06,0.5710944795767674,0.0,0,prime
2026-06-06,0.13861166356513438,1.0,1,subprime
2026-06-06,1.6806184995678475,1.0,1,prime
2026-06-06,1.5651394794203906,0.035085748654555965,0,prime
2026-06-06,-0.15625019819279273,1.0,1,prime
2026-06-06,0.06464973008208245,0.06780676159677988,0,subprime
2026-06-06,0.0636364046330764,0.01517330012092831,0,prime
2026-06-06,-1.3709145809332193,1.0,1,prime
2026-06-06,0.9758657198367074,0.0,0,prime
2026-06-06,1.165247211588571,0.0,0,prime
2026-06-06,-2.418967975581018,0.0,0,prime
2026-06-06,-2.6147418228419794,0.9700404399758367,1,subprime
2026-06-06,-0.8127288019332697,1.0,1,prime
2026-06-06,1.6088584871283986,1.0,1,prime
2026-06-06,-0.6882823546593417,1.0,1,prime
2026-06-06,0.5104318927542382,0.0,0,prime
2026-06-06,0.24755463838787212,1.0,1,prime
2026-06-06,-0.10135342145600033,0.0,0,prime
2026-06-06,-0.22179862541247358,0.0,0,subprime
2026-06-06,0.6201654081696609,1.0,1,prime
2026-06-06,-1.588921992986437,1.0,1,prime
2026-06-06,-0.17449781193612446,0.0,0,prime
2026-06-06,-2.737831455064069,1.0,1,prime
2026-06-06,1.123541068358479,0.9210762695658624,1,prime
2026-06-06,0.5431130492762,0.0,0,subprime
2026-06-06,-2.5005772640983337,0.0,0,prime
2026-06-06,-1.568445853786357,1.0,1,prime
2026-06-06,-0.2341999667912952,0.0,0,prime
2026-06-06,-1.1043051817776919,1.0,1,prime
2026-06-06,-0.08863074020927819,0.0,0,prime
2026-06-06,-1.023321236531623,0.11871285917050217,0,prime
2026-06-06,1.1647757611596172,0.0,0,prime
2026-06-06,-0.05901886251019749,0.0,0,subprime
2026-06-06,-0.5501470878441117,0.9901379176107621,1,prime
2026-06-06,-0.32085860879969064,0.1839598434983603,0,subprime
2026-06-06,1.337175570165728,1.0,1,prime
2026-06-06,-0.91139316692912,0.0112102793542192,0,prime
2026-06-06,-1.3166640021809013,0.03899869824755281,0,prime
2026-06-06,0.17153215739401284,1.0,1,prime
2026-06-07,-0.12752099892747096,1.0,1,prime
2026-06-07,-0.15176377406752498,0.0,0,prime
2026-06-07,2.1157586206584806,0.1312238427446152,0,subprime
2026-06-07,0.39204535300253013,0.0,0,prime
2026-06-07,-0.027072926563400927,1.0,1,prime
2026-06-07,-0.10128543494354972,0.0,0,prime
2026-06-07,1.1357709808443743,0.0,0,prime
2026-06-07,-0.7117638806562724,0.08551405609839016,0,prime
2026-06-07,0.3523504384107941,0.0,0,prime
2026-06-07,-0.06125366549156496,0.1473056421603383,0,subprime
2026-06-07,-0.7281384686950712,1.0,1,subprime
2026-06-07,-1.2706345390338305,1.0,1,prime
2026-06-07,0.7744103592788026,1.0,1,subprime
2026-06-07,-0.05194411606368022,0.0,0,subprime
2026-06-07,0.03625786989818094,1.0,1,subprime
2026-06-07,-1.5303180964802934,0.8173066787730208,1,subprime
2026-06-07,-0.7711350070817627,0.9588845798155148,1,subprime
2026-06-07,0.2736173262986991,1.0,1,subprime
2026-06-07,0.678392370781979,0.0,0,prime
2026-06-07,-1.0288591352555687,1.0,1,prime
2026-06-07,-1.5505856717245396,0.09948086150124116,0,prime
2026-06-07,-0.14552643557012976,0.801499177072371,1,subprime
2026-06-07,1.8184580659252918,0.9664269164018195,1,prime
2026-06-07,4.097629012433051,0.0,0,prime
2026-06-07,0.19792636874640493,1.0,1,prime
2026-06-07,0.671592834855994,0.0,0,prime
2026-06-07,0.5758007888936454,1.0,1,prime
2026-06-07,0.7167720923257697,1.0,1,prime
2026-06-07,-0.6731844370377454,0.0,0,prime
2026-06-07,-0.3132409298286798,0.0,0,prime
2026-06-07,-1.0966217242245595,0.9951533519151199,1,prime
2026-06-07,2.169120270663757,1.0,1,subprime
2026-06-07,-0.49671014716115003,1.0,1,prime
2026-06-07,-0.9337953177637349,0.06899682105021498,0,subprime
2026-06-07,-0.9611956280128181,0.0,0,prime
2026-06-07,-0.16442774176928265,1.0,1,prime
2026-06-07,0.9328004202185399,1.0,1,prime
2026-06-07,0.5649741837241217,0.0,0,prime
2026-06-07,1.0968233006503743,1.0,1,prime
2026-06-07,0.6814708789464767,1.0,1,prime
2026-06-07,-0.2816471588472706,0.10240773364123057,0,subprime
2026-06-07,-0.17220415900585195,0.0,0,prime
2026-06-07,1.8766061834339922,0.9413836677957914,1,subprime
2026-06-07,-0.5890215874926531,0.0,0,prime
2026-06-07,3.7775834886906132,0.918139170449743,1,subprime
2026-06-07,0.12162939813818037,0.9523092715497554,1,prime
2026-06-07,-0.5944671442113857,0.09557589510525863,0,prime
2026-06-07,2.0478461503354985,0.0,0,prime
2026-06-07,1.180806863884404,1.0,1,prime
2026-06-07,0.67146321010975,1.0,1,prime
2026-06-07,-1.6969797059926184,0.9844827417740223,1,subprime
2026-06-07,0.13005522983207932,1.0,1,prime
2026-06-07,1.8315565738434505,1.0,1,prime
2026-06-07,1.2027900349370428,0.03730015354171126,0,subprime
2026-06-07,0.46788147210630426,0.94203281347919,1,subprime
2026-06-07,0.30255390370328283,0.071629808949448,0,subprime
2026-06-07,-0.682205120123182,1.0,1,prime
2026-06-07,-0.1881404720421907,0.8265275123329947,1,subprime
2026-06-07,0.4308487130367725,0.0,0,subprime
2026-06-07,0.47471631174248147,1.0,1,prime
2026-06-07,0.2593915651514301,1.0,1,prime
2026-06-07,0.05311750914530619,1.0,1,prime
2026-06-07,-1.7829923466227904,1.0,1,prime
2026-06-07,0.5084849350007846,0.9051714993310239,1,subprime
2026-06-07,-0.3216246917545064,1.0,1,subprime
2026-06-07,1.2092797801725692,1.0,1,prime
2026-06-07,-0.427189552344453,0.0,0,prime
2026-06-07,0.2534287240506958,0.0,0,prime
2026-06-07,1.6029854577399987,1.0,1,prime
2026-06-07,1.8409069776039768,1.0,1,prime
2026-06-07,1.215730639254515,0.03866972381883573,0,subprime
2026-06-07,0.5464256448676988,1.0,1,prime
2026-06-07,-0.36548428010337103,1.0,1,prime
2026-06-07,-0.2025165023358364,1.0,1,subprime
2026-06-07,-0.2947309184821592,0.05095177807063699,0,subprime
2026-06-07,1.6144741648254815,0.0,0,subprime
2026-06-07,-0.6074770414931947,0.0,0,subprime
2026-06-07,0.19815354393111248,0.0,0,prime
2026-06-07,-1.2604095758348353,1.0,1,subprime
2026-06-07,-0.7977276385070255,1.0,1,prime
2026-06-07,0.5641652526279464,0.0,0,prime
2026-06-07,0.6853721995417013,1.0,1,subprime
2026-06-07,0.5663194672625473,1.0,1,prime
2026-06-07,-0.3039391995115674,0.0,0,prime
2026-06-07,-1.2070351825482357,0.0,0,prime
2026-06-07,-0.1297493134059607,0.708408149229621,1,subprime
2026-06-07,0.22653988842613368,1.0,1,prime
2026-06-07,0.8168894784249459,0.05867812114559706,0,subprime
2026-06-07,0.4885060889361922,1.0,1,prime
2026-06-07,0.49264676370013594,1.0,1,prime
2026-06-07,-1.0750292834049757,0.0,0,prime
2026-06-07,0.5391627124814794,0.0,0,prime
2026-06-07,-1.0042045447334875,0.0,0,subprime
2026-06-07,-0.1001998797979951,1.0,1,subprime
2026-06-07,0.07687850511652904,0.04468264041518105,0,prime
2026-06-07,1.0177124061080178,0.0,0,subprime
2026-06-07,0.3353701332611686,0.0,0,prime
2026-06-07,-0.5469092860922993,0.9682360408184759,1,subprime
2026-06-07,0.003594127795536905,0.0,0,prime
2026-06-07,0.6022613289068648,1.0,1,subprime
2026-06-07,-1.7528746982062506,0.9688750907804058,1,subprime
2026-06-07,-1.512987238025487,0.0,0,subprime
2026-06-07,-0.18392618091151014,0.0,0,prime
2026-06-07,-0.05033186173226506,0.026999676958274543,0,prime
2026-06-07,-0.9843102691732926,0.0,0,prime
2026-06-07,1.1681477966297225,0.8847714464677534,1,prime
2026-06-07,0.698400871040297,0.13178058523396827,0,subprime
2026-06-07,0.25818307152190373,0.0,0,prime
2026-06-07,0.4785102923072081,0.0,0,prime
2026-06-07,-1.8697512810739354,0.0,0,prime
2026-06-07,-0.6781413999568844,0.0,0,prime
2026-06-07,-1.1447446174668414,1.0,1,prime
2026-06-07,-1.0238583726827801,1.0,1,prime
2026-06-07,0.4433409543113852,1.0,1,prime
2026-06-07,1.04867353514558,0.0,0,subprime
2026-06-07,1.9762035660842514,1.0,1,prime
2026-06-07,1.1198971878151651,0.950237403746399,1,prime
2026-06-07,0.32029474978403755,1.0,1,prime
2026-06-07,1.2571681924414797,0.0,0,prime
2026-06-07,2.2540675186739607,1.0,1,prime
2026-06-07,-0.4380816318196871,0.04747996788718011,0,subprime
2026-06-07,-0.130595740707352,0.0,0,prime
2026-06-07,-1.9718918882624472,1.0,1,prime
2026-06-07,-1.0578822974888804,0.9570618425414565,1,prime
2026-06-07,0.7261185748403811,1.0,1,subprime
2026-06-07,-1.1273871502092045,0.0,0,subprime
2026-06-07,1.372739936023747,0.0,0,prime
2026-06-07,-0.7022639525542614,0.007225541230902729,0,subprime
2026-06-07,0.5203511345945209,1.0,1,prime
2026-06-07,0.5624665942794355,0.9370866430933559,1,subprime
2026-06-07,0.5510505875062953,0.0,0,prime
2026-06-07,-0.6240130662652699,0.0,0,prime
2026-06-07,1.7743249394764746,1.0,1,prime
2026-06-07,-0.5659203354300865,0.8516266871639838,1,prime
2026-06-07,-0.6822514421513642,0.0,0,subprime
2026-06-07,-0.2889152399926512,0.0,0,prime
2026-06-07,0.6160003292490986,0.9014064616354631,1,subprime
2026-06-07,-0.3435988768466621,1.0,1,prime
2026-06-07,0.44872114648783823,1.0,1,prime
2026-06-07,-1.5654826558474015,1.0,1,subprime
2026-06-07,0.19532281958231484,1.0,1,prime
2026-06-07,-2.0622255091285067,0.03384539419869439,0,subprime
2026-06-07,-0.48478259050430733,1.0,1,subprime
2026-06-07,0.055466201740788465,0.0,0,prime
2026-06-07,-1.6794713159711383,0.8675809311668984,1,subprime
2026-06-07,0.560528344255067,1.0,1,prime
2026-06-07,-0.2829923298482426,0.0,0,prime
2026-06-07,-0.8708365163901559,1.0,1,prime
2026-06-07,0.3668247411777098,0.0,0,prime
2026-06-07,0.09012793015927038,1.0,1,subprime
2026-06-07,1.4940861048607261,0.08779968993949072,0,subprime
2026-06-07,0.8410974504060059,1.0,1,prime
2026-06-07,-0.12749189258680207,1.0,1,prime
2026-06-07,-0.400215943308737,0.03684620591801516,0,prime
2026-06-07,-0.31730588113156916,0.0,0,prime
2026-06-07,-0.20952574549062356,0.0,0,subprime
2026-06-07,0.8847198858434991,1.0,1,prime
2026-06-07,-2.2216682050473153,1.0,1,prime
2026-06-07,-1.089164953414285,0.05658690648139145,0,prime
2026-06-07,-1.5719217696684047,0.0,0,prime
2026-06-07,-0.6606226599728552,1.0,1,prime
2026-06-07,-2.080265454535023,0.0,0,prime
2026-06-07,-0.42986303610064214,1.0,1,prime
2026-06-07,0.6917807864887795,0.0,0,subprime
2026-06-07,0.22901959770192884,1.0,1,prime
2026-06-07,-1.5290701015819446,1.0,1,prime
2026-06-07,-0.4767390209290527,0.0,0,prime
2026-06-07,1.171590833691422,0.010450526544612775,0,subprime
2026-06-07,-0.9267862841539497,0.0,0,prime
2026-06-07,-0.6496475158410396,1.0,1,prime
2026-06-07,0.6735424420395207,0.0,0,prime
2026-06-07,0.13442170281488938,0.040388439902395906,0,prime
2026-06-07,-0.2899489550971483,1.0,1,subprime
2026-06-07,-0.5794518308536747,0.06639191261479303,0,subprime
2026-06-07,-0.014720499608404117,0.0,0,subprime
2026-06-07,0.023498662568130022,0.0,0,subprime
2026-06-07,0.0769744751921833,0.057717590364716645,0,subprime
2026-06-07,1.4862277594290438,0.0,0,prime
2026-06-07,-0.6679742190697988,1.0,1,prime
2026-06-07,-0.046566942143460834,0.0,0,subprime
2026-06-07,-0.06246799789137723,1.0,1,prime
2026-06-07,0.38299215201687586,0.0,0,prime
2026-06-07,0.064442340552108,1.0,1,prime
2026-06-07,0.19092984172689018,1.0,1,prime
2026-06-07,0.29095227546294433,0.0,0,prime
2026-06-07,1.8381841690338443,1.0,1,prime
2026-06-07,0.26935607232519043,1.0,1,prime
2026-06-07,0.7774103230048331,0.0,0,subprime
2026-06-07,-0.5336842081122346,0.0,0,subprime
2026-06-07,-1.1323779407189272,0.15582919078637406,0,subprime
2026-06-07,1.1548566709268497,1.0,1,prime
2026-06-07,-0.064232957946899,0.0,0,prime
2026-06-07,0.19914891355537112,1.0,1,prime
2026-06-07,-0.11558239286353619,0.009661910976610608,0,prime
2026-06-07,0.24007523005166645,1.0,1,prime
2026-06-07,0.8594605876274062,0.08076433556085336,0,prime
2026-06-07,0.0424579671342006,0.0,0,prime
2026-06-07,1.2461630473090073,0.0,0,prime
2026-06-07,0.7909205077580139,0.0,0,prime
2026-06-07,0.28152948252632476,1.0,1,prime
2026-06-07,-2.0102501944724023,0.9886472598910838,1,prime
2026-06-07,-1.2903271737691135,1.0,1,prime
2026-06-07,1.5020666189046779,0.0,0,prime
2026-06-07,-0.9091339381536879,0.0,0,prime
2026-06-07,-0.0008419795609319964,0.08690074271705431,0,prime
2026-06-07,1.4501314524810065,1.0,1,prime
2026-06-07,-0.07762291929786201,0.09177068328914008,0,subprime
2026-06-07,-0.05321734542535241,0.0,0,prime
2026-06-07,0.2280708106378822,0.0,0,subprime
2026-06-07,0.021596260245446686,0.9962471303365518,1,subprime
2026-06-07,1.0679945084504159,0.0,0,subprime
2026-06-07,-1.0097855351245129,1.0,1,prime
2026-06-07,0.11270014772727217,1.0,1,prime
2026-06-07,-0.28311800212363725,1.0,1,subprime
2026-06-07,-0.8874756689856507,1.0,1,prime
2026-06-07,-0.1422090747098089,1.0,1,prime
2026-06-07,0.8764953752001103,0.0,0,subprime
2026-06-07,1.4740965941231647,1.0,1,prime
2026-06-07,1.934308146330147,1.0,1,prime
2026-06-07,-0.7436435785587194,0.0,0,prime
2026-06-07,-1.4125870964660356,1.0,1,prime
2026-06-07,0.41066654736874825,0.0,0,subprime
2026-06-07,-1.7173556831085168,0.0,0,prime
2026-06-07,-0.5457154784526119,0.0,0,prime
2026-06-07,-0.5056901706203303,1.0,1,prime
2026-06-07,-0.3160288622227549,0.8988846290580079,1,prime
2026-06-07,0.37487902302414106,1.0,1,prime
2026-06-07,1.3690233436201176,0.0,0,prime
2026-06-07,0.295769995817072,0.0,0,prime
2026-06-07,1.2605757286945458,1.0,1,prime
2026-06-07,-0.8797331369296985,0.855411950047951,1,subprime
2026-06-07,-1.3130220003014608,1.0,1,subprime
2026-06-07,0.16222697748384557,0.0,0,prime
2026-06-07,1.0647935686316088,1.0,1,prime
2026-06-07,-1.0269144442070213,1.0,1,prime
2026-06-07,-0.15556701883885138,0.0,0,prime
2026-06-07,-1.0680983882897064,1.0,1,subprime
2026-06-07,-0.31059578361429097,0.0032448365464568594,0,subprime
2026-06-07,-1.3384084689989104,1.0,1,subprime
2026-06-07,-0.29873346192851374,0.9979231600839767,1,prime
2026-06-07,-1.33439639150908,0.8193747245696669,1,subprime
2026-06-07,-0.5427425875509057,1.0,1,subprime
2026-06-07,0.2916114901617978,1.0,1,prime
2026-06-07,0.6604013628217588,0.0,0,prime
2026-06-07,-0.41178143517040183,1.0,1,prime
2026-06-07,1.8217555514229566,1.0,1,subprime
2026-06-07,-0.22015662247724996,0.9825432138486395,1,subprime
2026-06-07,-1.1641649494308106,0.0,0,prime
2026-06-07,-0.002549999609964969,0.0,0,subprime
2026-06-07,0.5122656251455051,1.0,1,prime
2026-06-07,-1.4018442600913603,0.8840988080869747,1,subprime
2026-06-07,-0.5990268011412236,0.0,0,prime
2026-06-07,-0.07840536572178532,1.0,1,prime
2026-06-07,0.0982822279251078,1.0,1,prime
2026-06-07,0.44787205959652027,1.0,1,prime
2026-06-07,0.011453262816316792,0.0,0,prime
2026-06-07,0.19730922162638528,1.0,1,prime
2026-06-07,-1.215224200498525,0.0,0,prime
2026-06-07,-2.803562773522404,0.0,0,subprime
2026-06-07,0.31196840701700557,0.11915294354368539,0,subprime
2026-06-07,2.142522265432458,0.0,0,subprime
2026-06-07,-0.20772989995035898,0.0,0,prime
2026-06-07,-0.34614628028651684,0.903715967157135,1,subprime
2026-06-07,0.9752011237110592,1.0,1,prime
2026-06-07,0.08600725931299501,0.0,0,prime
2026-06-07,-0.383610919270802,0.11377841542941247,0,prime
2026-06-07,0.3811482877683313,1.0,1,subprime
2026-06-07,-1.1457330940395147,1.0,1,prime
2026-06-07,0.31455577193788825,1.0,1,subprime
2026-06-07,0.3259490161068326,0.0,0,subprime
2026-06-07,1.2697339719128218,0.01360153436466054,0,subprime
2026-06-07,0.44115930464053893,1.0,1,prime
2026-06-07,2.560325241242904,1.0,1,prime
2026-06-07,1.0659838799754187,0.0,0,subprime
2026-06-07,0.8056468738002355,1.0,1,prime
2026-06-07,1.505697698055116,1.0,1,prime
2026-06-07,-1.2122576055626402,1.0,1,prime
2026-06-07,-0.4735875807829813,0.9840616670036566,1,prime
2026-06-07,0.0981033298918605,0.0,0,prime
2026-06-07,2.066464597691748,8.90114722165566e-05,0,subprime
2026-06-07,-0.14292741705097203,0.0,0,prime
2026-06-07,-1.3718358859578155,0.9871835800969951,1,prime
2026-06-07,-2.1610508136919853,0.09408147396239333,0,prime
2026-06-07,0.651577832178335,0.9477106166089667,1,prime
2026-06-07,0.5592353290979354,0.06516715292938471,0,prime
2026-06-07,0.029618249097836398,0.8311632417486136,1,subprime
2026-06-07,-0.27798874318048805,0.0,0,prime
2026-06-07,1.1480135981285733,1.0,1,prime
2026-06-07,-1.9008909046364855,0.0,0,prime
2026-06-07,-0.5403872781931456,1.0,1,prime
2026-06-07,1.5596126412109002,0.0,0,prime
2026-06-07,0.46904781479720514,0.0,0,subprime
2026-06-07,-2.2429752227600246,1.0,1,subprime
2026-06-07,0.6275595335517732,1.0,1,prime
2026-06-07,0.40454839281418087,0.041281378984207,0,prime
2026-06-07,0.43112542337019266,0.0,0,subprime
2026-06-07,-2.002409778280338,0.0,0,prime
2026-06-07,-0.28976736315350077,1.0,1,prime
2026-06-07,-0.9503406821472197,1.0,1,prime
2026-06-07,-0.3229108684093008,1.0,1,prime
2026-06-07,-0.21769075728453996,0.0,0,prime
2026-06-07,-1.6313342759574987,1.0,1,subprime
2026-06-07,0.9570016595444837,0.03700600896960847,0,subprime
2026-06-07,-1.0346663602032067,0.0,0,prime
2026-06-07,0.08860646830872089,0.0,0,subprime
2026-06-07,-0.5062812069637821,1.0,1,prime
2026-06-07,0.24086659151976475,0.0,0,prime
2026-06-07,0.8457121065509898,1.0,1,subprime
2026-06-07,0.5543905476274473,1.0,1,prime
2026-06-07,0.21404589178472772,0.029662692284924186,0,prime
2026-06-07,0.12016835142451433,0.0,0,prime
2026-06-07,0.9270000094439741,1.0,1,prime
2026-06-07,0.33762886907554374,0.0,0,prime
2026-06-07,-0.35600969631738466,0.06364973635074893,0,subprime
2026-06-07,2.0992606923487527,1.0,1,prime
2026-06-07,2.543669698425695,1.0,1,prime
2026-06-07,0.4966703107423821,1.0,1,prime
2026-06-07,-1.133942668714414,0.0,0,prime
2026-06-07,-0.48216167343420346,0.0,0,prime
2026-06-07,-0.20171672149685077,1.0,1,prime
2026-06-07,0.8108770688529923,0.0,0,prime
2026-06-07,-0.28371092702815487,0.9408442850878208,1,subprime
2026-06-07,1.7901567084225058,0.03292892610349382,0,prime
2026-06-07,0.6295833062799112,0.0,0,prime
2026-06-07,-0.8919667479398351,1.0,1,prime
2026-06-07,0.3076379318557526,0.0,0,prime
2026-06-07,-1.348329987551216,1.0,1,prime
2026-06-07,-1.6894351297747001,0.9939581829700463,1,prime
2026-06-07,-0.6418277448936017,1.0,1,prime
2026-06-07,0.08519179905985881,0.0,0,subprime
2026-06-07,-1.0353629584532504,1.0,1,prime
2026-06-07,-0.7555182874436278,0.9254032909149956,1,subprime
2026-06-07,0.6107605565054023,0.0,0,prime
2026-06-07,-0.7369877965433936,0.0,0,prime
2026-06-07,-0.5901941441684955,0.990169972066805,1,prime
2026-06-07,-1.1792997548440267,0.911948436450448,1,subprime
2026-06-07,-0.566713922598397,0.0,0,prime
2026-06-07,-0.2296923390254419,1.0,1,prime
2026-06-07,1.1425709704763947,1.0,1,subprime
2026-06-07,-1.4343282423770345,0.020556315650099702,0,subprime
2026-06-07,-0.27171305104456156,0.0,0,prime
2026-06-07,0.537355918187947,0.0,0,prime
2026-06-07,0.5547608451208487,0.0,0,prime
2026-06-07,1.8154715017423473,1.0,1,prime
2026-06-07,0.23389901470697116,0.1548693977900163,0,subprime
2026-06-07,0.14662305012785776,0.9580770661500987,1,prime
2026-06-07,0.6873678539341687,1.0,1,prime
2026-06-07,-0.35479692020066783,1.0,1,prime
2026-06-07,0.9417845002027202,1.0,1,prime
2026-06-07,-2.0369230879661346,0.0,0,prime
2026-06-07,1.4877526582909015,0.0,0,prime
2026-06-07,-0.32938594600506627,1.0,1,prime
2026-06-07,-1.1770082804245048,1.0,1,prime
2026-06-07,-0.748750622936763,0.8517051652158056,1,subprime
2026-06-07,-0.7409452759188454,0.0,0,prime
2026-06-07,0.8387693743257147,1.0,1,prime
2026-06-07,0.513982070780084,1.0,1,prime
2026-06-07,-0.16345605718847853,1.0,1,prime
2026-06-07,-0.5567027910085947,0.0,0,prime
2026-06-07,0.21971213037979792,1.0,1,subprime
2026-06-07,0.5414365978373893,0.0,0,subprime
2026-06-07,-0.05474233922993972,0.9771659704201996,1,prime
2026-06-07,-0.07465935404809282,0.09546329231751594,0,subprime
2026-06-07,-1.4974397475790078,0.0,0,prime
2026-06-07,0.7662431479017138,1.0,1,prime
2026-06-07,-1.1526591265916035,0.04994804704858058,0,subprime
2026-06-07,-0.16202934395687427,0.0,0,prime
2026-06-07,1.7218550178581369,1.0,1,prime
2026-06-07,-0.22059217913073653,0.004247164132249515,0,prime
2026-06-07,-0.8984772085483831,1.0,1,subprime
2026-06-07,-0.6048146330194292,0.0,0,prime
2026-06-07,-0.23470261805441095,0.1400937659218602,0,subprime
2026-06-07,-1.2988606112767194,1.0,1,prime
2026-06-07,0.301720073159687,0.9941416942454049,1,prime
2026-06-07,1.6969631363211104,1.0,1,subprime
2026-06-07,-2.4569709772743757,1.0,1,prime
2026-06-07,1.2873160962180004,1.0,1,prime
2026-06-07,0.20213405233000065,0.7409425978814521,1,subprime
2026-06-07,-1.8017067840096723,0.04993129807870885,0,subprime
2026-06-07,1.2697816146529977,0.0,0,prime
2026-06-07,0.0020108635832232825,0.015101537480095635,0,subprime
2026-06-07,-0.4250654971760987,1.0,1,subprime
2026-06-07,-0.7952595830266955,0.9990349348346883,1,prime
2026-06-07,0.6789776382573482,1.0,1,subprime
2026-06-07,0.9233764511428849,0.0,0,prime
2026-06-07,-1.657299486277893,1.0,1,prime
2026-06-07,0.2605541499262501,0.0,0,prime
2026-06-07,-0.8577544248614593,1.0,1,prime
2026-06-07,-0.780795342947999,0.0,0,subprime
2026-06-07,-0.3297652678028305,0.0,0,prime
2026-06-07,-0.42018649964534743,0.0,0,prime
2026-06-07,-0.5653226339361271,1.0,1,prime
2026-06-07,0.20296979479943658,0.0,0,subprime
2026-06-07,0.5252650226925082,1.0,1,prime
2026-06-07,1.0595420191738438,0.0,0,subprime
2026-06-07,1.1366207177367351,0.0,0,subprime
2026-06-07,-0.12545998148726903,0.0,0,prime
2026-06-07,0.25561524277315306,0.021608995457386107,0,prime
2026-06-07,-0.5448270563499058,1.0,1,prime
2026-06-07,0.14238882805293127,1.0,1,subprime
2026-06-08,0.5560557775814681,0.0,0,prime
2026-06-08,-0.1200856274202046,0.09359056522841513,0,prime
2026-06-08,-0.5720102404595724,0.0,0,prime
2026-06-08,0.5061555985670375,0.8207923163491266,1,subprime
2026-06-08,-0.660562606949974,0.022562612848396654,0,prime
2026-06-08,-0.41149178444162177,1.0,1,prime
2026-06-08,-1.0321900009865703,1.0,1,subprime
2026-06-08,-1.4779119971378747,0.0,0,prime
2026-06-08,1.4701487740991153,0.9411171122091361,1,subprime
2026-06-08,1.5030188158949063,0.0,0,prime
2026-06-08,-0.469827077014588,1.0,1,prime
2026-06-08,0.8190637606442418,0.004038673291483002,0,subprime
2026-06-08,-2.3210887816096046,1.0,1,prime
2026-06-08,-1.1519776864548468,1.0,1,prime
2026-06-08,-0.8244211230127758,0.9669987244506656,1,prime
2026-06-08,-1.275064478128486,1.0,1,prime
2026-06-08,0.16081682961893362,0.9548096885862256,1,prime
2026-06-08,0.5891544035346129,1.0,1,prime
2026-06-08,-2.2968929916424505,1.0,1,prime
2026-06-08,1.2932260237844657,0.0,0,subprime
2026-06-08,-0.17154633096312374,0.09413599081139185,0,subprime
2026-06-08,0.7475232697230952,0.0,0,prime
2026-06-08,-0.6270436851841297,1.0,1,prime
2026-06-08,-1.5526535886277444,1.0,1,prime
2026-06-08,1.2394307389991894,1.0,1,prime
2026-06-08,-1.4727858842565507,0.9430043013342692,1,subprime
2026-06-08,-0.8445580190726839,0.9364071605746385,1,prime
2026-06-08,1.1338271384375957,0.9652313959041198,1,subprime
2026-06-08,2.0359685420953335,0.8772423638877078,1,prime
2026-06-08,1.8522973873671353,0.0,0,prime
2026-06-08,-0.6194975921077246,1.0,1,prime
2026-06-08,-0.7918966357806504,0.984335172876592,1,prime
2026-06-08,1.1936546052422023,0.0,0,prime
2026-06-08,-0.626114070587266,0.0,0,prime
2026-06-08,0.6487866846746948,0.9884978423423444,1,prime
2026-06-08,0.09586311808723451,1.0,1,prime
2026-06-08,0.06324796522224511,0.0,0,subprime
2026-06-08,0.6787950890284258,0.08999492970041287,0,subprime
2026-06-08,-2.0924687067937744,1.0,1,prime
2026-06-08,0.7080652912478931,0.9729471945869657,1,prime
2026-06-08,1.4708705363984251,0.0,0,prime
2026-06-08,0.07689281483972361,0.0,0,prime
2026-06-08,-2.1180426438638276,0.7717033534986453,1,subprime
2026-06-08,-0.20621484736877874,1.0,1,prime
2026-06-08,-1.2324328059979601,1.0,1,prime
2026-06-08,-0.9364126157574696,0.0,0,prime
2026-06-08,0.9867387458267634,0.9326446545152943,1,subprime
2026-06-08,-1.4243045518363342,0.0754459363353798,0,prime
2026-06-08,0.5423652594813536,0.0,0,subprime
2026-06-08,-1.2839309124193639,0.0,0,prime
2026-06-08,0.11429295448060597,0.0,0,prime
2026-06-08,-0.31852376922370085,0.0,0,prime
2026-06-08,-1.7483859856018023,1.0,1,prime
2026-06-08,-0.044635053297730355,1.0,1,prime
2026-06-08,-1.0636186780287122,1.0,1,subprime
2026-06-08,-1.5281370129094876,1.0,1,prime
2026-06-08,0.20487911365280462,0.0,0,prime
2026-06-08,0.05606707725099678,0.0,0,prime
2026-06-08,-1.2076821435084053,1.0,1,prime
2026-06-08,-2.2318784824209468,0.9108961790073528,1,subprime
2026-06-08,-0.28182555299651235,0.9592873996504161,1,subprime
2026-06-08,-0.9432856327490726,1.0,1,prime
2026-06-08,-0.14462900779306975,0.0,0,prime
2026-06-08,-0.7409263569392888,1.0,1,prime
2026-06-08,-0.07505108530551236,1.0,1,subprime
2026-06-08,-0.37305244132440907,1.0,1,prime
2026-06-08,-0.5401246601505726,0.026704763870696674,0,subprime
2026-06-08,-0.7739686773897395,0.067388961013062,0,prime
2026-06-08,-0.2995786591951609,0.9055351045584462,1,subprime
2026-06-08,-0.62361284401912,1.0,1,prime
2026-06-08,-1.3410757448186903,0.9085938438225039,1,prime
2026-06-08,-1.2928573554846985,1.0,1,prime
2026-06-08,-0.8111678052165485,1.0,1,prime
2026-06-08,1.1756670499225985,0.0,0,prime
2026-06-08,-0.880593729165383,0.025141988913695706,0,prime
2026-06-08,-1.991083885320341,0.0,0,prime
2026-06-08,-1.0023181924180888,0.91098990872011,1,subprime
2026-06-08,1.3289904146272296,1.0,1,prime
2026-06-08,0.1866484580926919,1.0,1,subprime
2026-06-08,-0.43881263425789657,0.0,0,prime
2026-06-08,-0.7236093325619265,0.0,0,subprime
2026-06-08,0.4107171647196618,0.0,0,prime
2026-06-08,2.515365399408157,1.0,1,subprime
2026-06-08,-0.17966395585846348,1.0,1,subprime
2026-06-08,0.8609766689761403,1.0,1,prime
2026-06-08,1.3974514341354975,1.0,1,subprime
2026-06-08,-0.19965525330546668,0.010215238433858409,0,prime
2026-06-08,0.2029215170882814,0.9793914111397554,1,subprime
2026-06-08,-0.5435058122971085,0.0,0,prime
2026-06-08,-0.07837667002023987,0.09163118468301312,0,prime
2026-06-08,0.01096309057851661,1.0,1,subprime
2026-06-08,0.06691903407461627,0.0,0,prime
2026-06-08,0.978100026062553,1.0,1,subprime
2026-06-08,-1.5900965618939678,1.0,1,prime
2026-06-08,0.23755881355153974,1.0,1,subprime
2026-06-08,0.5720446410805167,0.0,0,prime
2026-06-08,1.7328530621666316,0.04799214637335339,0,prime
2026-06-08,-0.7017246494756498,0.0,0,prime
2026-06-08,1.6129660498154201,0.919953596415745,1,prime
2026-06-08,1.0518479966366139,0.0,0,prime
2026-06-08,-0.38241594424293146,0.0,0,prime
2026-06-08,1.3200313431781496,0.8900507048098156,1,subprime
2026-06-08,0.2932600311928475,0.0,0,prime
2026-06-08,-1.422600624848576,0.0,0,prime
2026-06-08,0.49214630668545983,0.9927816939337322,1,prime
2026-06-08,0.39148847163156764,0.0051710329736662786,0,prime
2026-06-08,1.0528971247420498,1.0,1,subprime
2026-06-08,1.2380316632217956,0.0,0,prime
2026-06-08,2.314810922792273,0.8408938826012682,1,subprime
2026-06-08,-0.39272873217634297,0.0,0,prime
2026-06-08,0.3257465077407541,0.0,0,prime
2026-06-08,-0.11425384111320375,1.0,1,prime
2026-06-08,-2.5914613455059867,1.0,1,prime
2026-06-08,0.013370442756529929,1.0,1,prime
2026-06-08,-0.9334953480468902,1.0,1,prime
2026-06-08,-0.6050527993882574,1.0,1,prime
2026-06-08,0.5709609430618477,0.0,0,prime
2026-06-08,0.6987143894613206,0.06430783023179054,0,prime
2026-06-08,-1.325944348554473,1.0,1,prime
2026-06-08,0.08225379528132838,1.0,1,prime
2026-06-08,-0.5184875670205628,1.0,1,subprime
2026-06-08,1.5653886074951162,0.2161691750828476,0,subprime
2026-06-08,1.9169843433076175,0.0,0,prime
2026-06-08,0.6297457777431,0.08470499363316406,0,subprime
2026-06-08,-0.2259050752218535,0.0,0,prime
2026-06-08,1.1364614388778729,0.0,0,prime
2026-06-08,-0.4059786405424653,0.059033776065180565,0,prime
2026-06-08,-0.15085180060166667,1.0,1,subprime
2026-06-08,-0.28077231986166507,0.0,0,prime
2026-06-08,-0.5399059606270965,0.05363597570665524,0,subprime
2026-06-08,-0.2258259083903524,0.0,0,prime
2026-06-08,1.0708244384454897,1.0,1,prime
2026-06-08,-1.1914193666491062,0.012350691713400516,0,prime
2026-06-08,0.8679228995100055,0.0,0,prime
2026-06-08,-0.5818191195624947,1.0,1,prime
2026-06-08,-0.8606254969795674,0.9830955750074619,1,subprime
2026-06-08,-0.7428842363790098,0.0,0,prime
2026-06-08,-1.3365404484598362,0.06846182210131971,0,subprime
2026-06-08,1.6104287711797631,1.0,1,prime
2026-06-08,-0.5968553577983274,0.9873184846573225,1,prime
2026-06-08,0.06457742552616005,0.0,0,prime
2026-06-08,0.9375410299404007,0.0,0,prime
2026-06-08,-0.05518642010140439,0.956602634908612,1,subprime
2026-06-08,0.06754998963817856,0.0,0,prime
2026-06-08,1.3192127293550113,0.0,0,prime
2026-06-08,0.06528129066192723,1.0,1,prime
2026-06-08,0.7738351621852936,1.0,1,prime
2026-06-08,-1.3313766023568374,0.10110780929009713,0,subprime
2026-06-08,-0.12088129565926055,0.0,0,prime
2026-06-08,0.36533658254778134,1.0,1,subprime
2026-06-08,0.274849906568493,0.8479927716971847,1,subprime
2026-06-08,-0.040940996638351934,0.0,0,prime
2026-06-08,0.31372402006414485,1.0,1,prime
2026-06-08,-0.6608865321447857,0.9569341622857472,1,subprime
2026-06-08,-0.9451668718329039,0.9601202636497992,1,prime
2026-06-08,1.3591298414039013,0.0,0,prime
2026-06-08,0.17405400550643918,0.0,0,prime
2026-06-08,-0.12208395773872323,0.8216880693548826,1,subprime
2026-06-08,1.659873790101048,0.0,0,prime
2026-06-08,2.9483268666366422,0.8679451517627691,1,subprime
2026-06-08,0.9414337144521462,0.10397102548016543,0,prime
2026-06-08,-2.348148982443277,0.03755132335412076,0,prime
2026-06-08,0.6711595252914756,1.0,1,subprime
2026-06-08,0.7005616853233402,0.8678876758694309,1,subprime
2026-06-08,-2.1834728128071808,1.0,1,prime
2026-06-08,0.9689951345768912,0.0,0,prime
2026-06-08,1.1229267683974558,0.9553068437287036,1,subprime
2026-06-08,0.08514645211412189,0.8764136684904369,1,prime
2026-06-08,0.9518673931373632,1.0,1,prime
2026-06-08,-0.008247519857175666,0.0,0,prime
2026-06-08,-0.7038550403272855,0.0,0,prime
2026-06-08,0.8910320908875364,0.0,0,subprime
2026-06-08,-0.7367116132206968,0.0,0,prime
2026-06-08,-0.9247731090382388,1.0,1,subprime
2026-06-08,0.019526877186656008,0.9487405205104787,1,subprime
2026-06-08,-2.0939759363359256,0.0,0,subprime
2026-06-08,0.24147142668861526,1.0,1,prime
2026-06-08,0.06656024309671445,0.0,0,prime
2026-06-08,0.757439558180427,1.0,1,prime
2026-06-08,-0.309803069141431,0.0,0,subprime
2026-06-08,-0.28022630870217974,0.03597494238461263,0,prime
2026-06-08,0.6688475584300096,0.0,0,subprime
2026-06-08,1.1184809186640947,0.0,0,prime
2026-06-08,-1.6409590496892763,0.06509751231912847,0,subprime
2026-06-08,0.9512353516202939,1.0,1,prime
2026-06-08,0.555138299545082,0.0,0,prime
2026-06-08,0.5773796357092732,0.0,0,prime
2026-06-08,-0.05068550014035586,1.0,1,subprime
2026-06-08,1.8121587457037098,0.13116394310264418,0,subprime
2026-06-08,1.513449286369398,0.0,0,subprime
2026-06-08,0.3763800927447584,0.0,0,prime
2026-06-08,-0.21433168006655542,1.0,1,prime
2026-06-08,1.065996273115081,0.0,0,prime
2026-06-08,0.976045533164353,0.0,0,prime
2026-06-08,-0.1529864990688835,0.9014071080302035,1,subprime
2026-06-08,0.6889104228926989,0.011018277872380024,0,subprime
2026-06-08,2.9097895094930246,1.0,1,subprime
2026-06-08,-0.1257498763959168,0.0,0,prime
2026-06-08,0.6278303834989268,0.0,0,prime
2026-06-08,0.9734516549337602,1.0,1,prime
2026-06-08,-1.5260257567311868,1.0,1,prime
2026-06-08,-1.0796855558699108,1.0,1,subprime
2026-06-08,-1.0229989953592347,1.0,1,prime
2026-06-08,-0.29413858571781654,0.9478072115037627,1,subprime
2026-06-08,0.11401436041703247,0.04259057356685034,0,prime
2026-06-08,-0.05249185046525867,0.22151239870950978,0,subprime
2026-06-08,1.3071966265130053,1.0,1,prime
2026-06-08,-1.8157334094237392,0.9514348788883022,1,subprime
2026-06-08,-0.8435744110323691,1.0,1,prime
2026-06-08,-0.2773236762880631,1.0,1,subprime
2026-06-08,-1.3708520390708214,0.06702556440495214,0,subprime
2026-06-08,1.360303952714167,0.0,0,prime
2026-06-08,-0.38615656298410955,0.042339790872935296,0,prime
2026-06-08,0.6474922496176909,1.0,1,prime
2026-06-08,-1.9361915688395746,0.8323031280075398,1,subprime
2026-06-08,1.6052452862574957,0.0,0,prime
2026-06-08,-1.8196120436719245,1.0,1,prime
2026-06-08,0.04821543290814732,0.1024587286527342,0,prime
2026-06-08,-0.15026749813415516,0.12048481008602628,0,subprime
2026-06-08,0.41190753581931744,0.10733365188243035,0,subprime
2026-06-08,0.7072010096689807,1.0,1,prime
2026-06-08,0.7895687711656447,0.0,0,prime
2026-06-08,-0.803473009444908,0.0,0,prime
2026-06-08,-1.3668938237647852,1.0,1,prime
2026-06-08,0.8727198448804545,1.0,1,subprime
2026-06-08,-0.3269264638575318,1.0,1,subprime
2026-06-08,0.3074555742051052,0.8849764962589165,1,subprime
2026-06-08,-0.5145668901029917,1.0,1,prime
2026-06-08,-0.7995282040876475,0.04573050150273872,0,prime
2026-06-08,0.0011037543618402496,1.0,1,prime
2026-06-08,-0.17914397349979136,0.0,0,subprime
2026-06-08,0.09083611477473938,1.0,1,prime
2026-06-08,-1.837495930035597,0.0,0,prime
2026-06-08,0.9623787207686063,0.8545139187759387,1,subprime
2026-06-08,1.024111630141331,0.0714285236676348,0,subprime
2026-06-08,-0.6948180795053425,0.0,0,prime
2026-06-08,-0.8237762838828072,1.0,1,prime
2026-06-08,0.37011290802726576,0.0,0,prime
2026-06-08,-0.40064290241117534,1.0,1,prime
2026-06-08,0.0674318711081568,0.8420401380810967,1,subprime
2026-06-08,0.4556192488911234,0.8411127841581981,1,subprime
2026-06-08,1.3777559580860297,0.0,0,prime
2026-06-08,0.546923176248589,0.0002977308936265993,0,prime
2026-06-08,1.9025399749250411,0.9153786261513204,1,subprime
2026-06-08,1.6575585960106038,0.0,0,prime
2026-06-08,0.745126765934094,0.0,0,subprime
2026-06-08,1.2660471894331633,0.9708921355351605,1,prime
2026-06-08,-1.1759842827055582,1.0,1,prime
2026-06-08,-0.9862802725404591,0.9925588869704415,1,subprime
2026-06-08,0.10893295041097967,0.0,0,prime
2026-06-08,0.7537243403608179,1.0,1,prime
2026-06-08,0.33146200575107915,1.0,1,prime
2026-06-08,0.4702161336012731,0.007807856313553307,0,subprime
2026-06-08,1.283126716788578,0.0,0,prime
2026-06-08,-0.22537324205822318,0.0,0,prime
2026-06-08,-0.5032921022398459,0.9203662463733163,1,subprime
2026-06-08,0.1907658144037182,0.0,0,prime
2026-06-08,0.4536654104799387,0.0,0,prime
2026-06-08,-0.2624709913225164,0.0,0,prime
2026-06-08,-1.2646732109836014,1.0,1,prime
2026-06-08,1.1309040728125854,0.0,0,subprime
2026-06-08,1.6392949069064326,0.21313643347625402,0,subprime
2026-06-08,-1.1186969510356783,0.0,0,prime
2026-06-08,0.29009340037824916,1.0,1,prime
2026-06-08,-0.006121663383696543,1.0,1,prime
2026-06-08,-1.0849761056644978,1.0,1,prime
2026-06-08,-0.21210480842834517,0.11110716306762064,0,subprime
2026-06-08,-0.10387875635707906,0.0,0,prime
2026-06-08,-1.3674438903080128,1.0,1,prime
2026-06-08,-1.187882501295435,0.12331994169366123,0,subprime
2026-06-08,0.8601289160204425,1.0,1,subprime
2026-06-08,0.08583574737350876,1.0,1,prime
2026-06-08,0.37428972604799615,0.020889837203937472,0,prime
2026-06-08,0.4186881192283376,0.028704180723987865,0,prime
2026-06-08,-0.09194989078853076,0.0,0,prime
2026-06-08,-1.109727913387601,0.0,0,prime
2026-06-08,-0.7497562575187289,0.090406537627603,0,prime
2026-06-08,-0.0834000312949278,1.0,1,prime
2026-06-08,1.4009613172943924,0.8649976227336091,1,subprime
2026-06-08,-0.0628300571626429,1.0,1,prime
2026-06-08,-1.214187416734258,0.0,0,subprime
2026-06-08,-0.36059244970200743,0.0,0,prime
2026-06-08,0.17300909553161312,0.8923628715720837,1,prime
2026-06-08,-0.7067838933885697,0.0,0,prime
2026-06-08,-0.4475560707389207,0.09831370288840696,0,subprime
2026-06-08,0.2166178214315283,1.0,1,prime
2026-06-08,-0.7699066910838932,1.0,1,subprime
2026-06-08,-0.9792900732942761,0.0,0,prime
2026-06-08,0.6166731295094647,1.0,1,prime
2026-06-08,-0.8249855042706279,0.0,0,prime
2026-06-08,-0.4052209199273593,0.0,0,prime
2026-06-08,-0.8926613872848429,0.0,0,prime
2026-06-08,1.5509321615067522,0.9929544829525634,1,prime
2026-06-08,1.5995936207786203,1.0,1,prime
2026-06-08,-0.5338052728301651,0.0,0,prime
2026-06-08,0.3473716923630732,0.0,0,prime
2026-06-08,-0.4234808095721771,0.0,0,prime
2026-06-08,-0.815204684315322,1.0,1,subprime
2026-06-08,2.208027322488576,0.0,0,prime
2026-06-08,-1.6174141461016127,1.0,1,prime
2026-06-08,1.532438869063218,0.0,0,prime
2026-06-08,-0.5012129053342234,1.0,1,subprime
2026-06-08,-1.3087461803364264,0.0,0,prime
2026-06-08,2.0062273740500545,0.008121021873756504,0,prime
2026-06-08,1.163210562781648,1.0,1,prime
2026-06-08,0.9579830383525821,0.9307958744065443,1,subprime
2026-06-08,-2.222326982113382,0.08404878294145925,0,subprime
2026-06-08,-0.14767124248188446,0.0,0,prime
2026-06-08,-2.5749221240553983,1.0,1,prime
2026-06-08,-0.6426983287517027,0.0,0,prime
2026-06-08,0.7943141912750488,0.0,0,prime
2026-06-08,-0.39888848083974576,0.0,0,prime
2026-06-08,-0.700797702311489,0.08269909668587443,0,subprime
2026-06-08,0.38675438976697524,1.0,1,prime
2026-06-08,0.37288818184066047,0.0,0,prime
2026-06-08,0.8601233642794185,0.0,0,prime
2026-06-08,-1.6663649451106808,1.0,1,prime
2026-06-08,1.060783445426071,0.0,0,prime
2026-06-08,-0.8404010079509472,1.0,1,subprime
2026-06-08,-0.7989878404379221,0.07152968086058675,0,subprime
2026-06-08,0.2548567709689313,0.0,0,prime
2026-06-08,-0.8806117067542464,0.032752112780006615,0,prime
2026-06-08,1.8521060062234358,0.14163250956787893,0,subprime
2026-06-08,0.9774833546333608,0.0,0,subprime
2026-06-08,0.6417662100558902,0.0,0,prime
2026-06-08,1.6868344386549237,0.0,0,prime
2026-06-08,0.9115561162352198,0.0,0,prime
2026-06-08,-0.49719002347716834,1.0,1,prime
2026-06-08,-2.186503560549949,0.04522071481960849,0,subprime
2026-06-08,-0.3116860066483561,1.0,1,prime
2026-06-08,0.7260577208255177,1.0,1,prime
2026-06-08,-0.4307584109502434,1.0,1,prime
2026-06-08,0.02045133245796217,1.0,1,prime
2026-06-08,0.46736727844635834,0.0,0,prime
2026-06-08,-0.07409060712397925,1.0,1,prime
2026-06-08,-0.10954097837786168,0.0,0,prime
2026-06-08,-0.9239155430823318,0.0,0,prime
2026-06-08,-1.1013920928588434,1.0,1,prime
2026-06-08,1.8094564455673823,0.0,0,prime
2026-06-08,-1.3332933415410209,0.058494047720500014,0,prime
2026-06-08,-0.5517359057862541,1.0,1,prime
2026-06-08,-0.07606226122928937,0.9869115084074539,1,prime
2026-06-08,-1.180969935542666,1.0,1,prime
2026-06-08,-0.9693906788378412,0.0,0,prime
2026-06-08,-2.1841870237785113,0.9420856143204568,1,subprime
2026-06-08,-1.599386450485757,0.0,0,prime
2026-06-08,0.4694566567272654,0.06035401502215265,0,prime
2026-06-08,0.5053109773606537,1.0,1,subprime
2026-06-08,-0.8984764974707911,0.0,0,prime
2026-06-08,1.2903302054979833,0.0,0,prime
2026-06-08,-0.6864482804517038,0.0,0,prime
2026-06-08,0.14548805309712687,0.0,0,prime
2026-06-08,-0.3520722324592111,1.0,1,prime
2026-06-08,0.31538142645798106,1.0,1,prime
2026-06-08,-0.15181817567876854,0.0,0,prime
2026-06-08,-1.3637165193807435,1.0,1,prime
2026-06-08,-0.9059701235488404,0.8897176743510586,1,subprime
2026-06-08,-1.4383891801049957,1.0,1,prime
2026-06-08,-0.46713359457386905,0.8522271935700645,1,subprime
2026-06-08,0.10145136268232129,0.0,0,prime
2026-06-08,-0.1141694546329084,0.08632065432067702,0,subprime
2026-06-08,1.1279016202756893,0.0,0,prime
2026-06-08,-0.49750724663017964,0.030677826497696098,0,prime
2026-06-08,-1.1347783594409244,1.0,1,prime
2026-06-08,-0.6900995551801471,1.0,1,subprime
2026-06-08,0.5561198656491131,0.9881373188047551,1,prime
2026-06-08,-0.2790251176315618,0.8206476398232438,1,subprime
2026-06-08,-1.0841759771316377,1.0,1,prime
2026-06-08,-0.8872424112916925,1.0,1,prime
2026-06-08,0.37505115145416007,1.0,1,subprime
2026-06-08,1.8640051415187948,0.11919217135131555,0,prime
2026-06-08,0.9187932846849483,1.0,1,prime
2026-06-08,0.08865512001378309,0.9499779994074454,1,prime
2026-06-08,0.7808921749421726,0.0,0,prime
2026-06-08,1.2047375957775799,1.0,1,prime
2026-06-08,0.14606354069746172,1.0,1,prime
2026-06-08,-0.7622948156165654,0.0030950317034037778,0,prime
2026-06-08,2.569169820396351,1.0,1,prime
2026-06-08,-0.6334414263198386,0.0,0,prime
2026-06-08,0.06502109139739744,0.00420642757627121,0,prime
2026-06-08,1.0019177548876008,0.0,0,prime
2026-06-08,0.5852600258569384,1.0,1,prime
2026-06-08,0.22625420081398717,0.11550244695144865,0,subprime
2026-06-08,1.1553886227008185,0.8667238710983254,1,prime
2026-06-08,-0.5910980219780494,1.0,1,prime
2026-06-08,-0.8039815903419764,1.0,1,subprime
2026-06-08,-1.1859521240558748,1.0,1,subprime
2026-06-08,0.7809876763578553,0.9966107261472411,1,prime
2026-06-08,0.3160321019830774,0.0645547333341571,0,subprime
2026-06-08,-1.40522176950182,0.0,0,prime
2026-06-08,-0.09898904854326013,0.0,0,prime
2026-06-08,-0.5164490862473167,0.0,0,prime
2026-06-08,-0.01781353099520635,0.7997208355508308,1,subprime
2026-06-08,0.4404939246725924,0.0,0,prime
2026-06-08,0.5471526148353254,1.0,1,prime
2026-06-08,-0.19058772615570252,0.0,0,prime
2026-06-08,-0.9363110478858896,1.0,1,prime
2026-06-08,0.6863719665091897,0.0,0,prime
2026-06-08,-1.2538833809456966,1.0,1,prime
2026-06-08,0.8316966685945142,1.0,1,subprime
2026-06-09,1.0191556935401798,0.06245939018530025,0,prime
2026-06-09,-0.7655936684786909,1.0,1,subprime
2026-06-09,-0.6379067744966871,0.0,0,prime
2026-06-09,-1.3472802353730817,0.0,0,prime
2026-06-09,0.7139013041368512,1.0,1,prime
2026-06-09,-1.4480672782740005,1.0,1,prime
2026-06-09,0.07588572202185725,0.0,0,prime
2026-06-09,-0.618567213487511,0.9919540583339191,1,prime
2026-06-09,-0.20462557911558885,1.0,1,prime
2026-06-09,-1.6454505383665714,0.0,0,prime
2026-06-09,0.5698969786215768,1.0,1,prime
2026-06-09,-0.48257808923783074,0.0,0,prime
2026-06-09,-0.4767402026954362,0.0,0,subprime
2026-06-09,0.6497999743630156,1.0,1,subprime
2026-06-09,1.0795873451678977,1.0,1,prime
2026-06-09,0.39862990189553416,0.0,0,subprime
2026-06-09,-1.3525836261668398,0.0,0,prime
2026-06-09,0.6672574593565103,0.0,0,prime
2026-06-09,0.7280924973958008,0.003065586279738436,0,prime
2026-06-09,-0.5455208277470792,0.06963687172963923,0,subprime
2026-06-09,-0.6594473838603202,0.0,0,prime
2026-06-09,-1.1215723394604697,0.0,0,prime
2026-06-09,-0.3085761016063085,1.0,1,prime
2026-06-09,-0.8589847871137882,0.0,0,prime
2026-06-09,1.1677824972645001,0.0,0,prime
2026-06-09,1.329740452309081,0.9167315803232592,1,prime
2026-06-09,-0.1271035007744685,0.0,0,prime
2026-06-09,-0.535686458120309,1.0,1,prime
2026-06-09,1.6717496021473692,0.8449515829688452,1,subprime
2026-06-09,1.5831050240824922,0.0,0,prime
2026-06-09,-0.09880411829825536,1.0,1,subprime
2026-06-09,1.0350374801244282,0.0,0,subprime
2026-06-09,1.9400532286208234,1.0,1,prime
2026-06-09,0.39645790868977243,0.0,0,prime
2026-06-09,-0.6069229981726966,1.0,1,prime
2026-06-09,-0.25322043847953574,0.0,0,subprime
2026-06-09,0.10519975511004802,1.0,1,prime
2026-06-09,1.163604939548393,1.0,1,prime
2026-06-09,1.1199000173726763,1.0,1,prime
2026-06-09,0.7045109105533593,0.8714397691317026,1,prime
2026-06-09,1.7291295130500763,1.0,1,prime
2026-06-09,-1.2080546893940127,0.0,0,prime
2026-06-09,0.8691565685098456,1.0,1,prime
2026-06-09,1.4014820153355438,0.0,0,prime
2026-06-09,0.0946426957390531,1.0,1,prime
2026-06-09,-0.6184413870137506,1.0,1,prime
2026-06-09,0.5645821522591196,0.9119446106836819,1,subprime
2026-06-09,-0.43178035686893035,0.0,0,prime
2026-06-09,-0.6204772315219429,0.19304870799176307,0,subprime
2026-06-09,-0.6573891400362039,1.0,1,prime
2026-06-09,-0.09822265420343224,1.0,1,prime
2026-06-09,0.6337974603251858,0.0,0,prime
2026-06-09,0.2396787164523691,0.8744044622011414,1,subprime
2026-06-09,-0.12837961857880684,0.8329460590325598,1,subprime
2026-06-09,1.2933459165686978,1.0,1,subprime
2026-06-09,-0.5040742591701434,0.0,0,prime
2026-06-09,-0.41405505827143785,0.0,0,prime
2026-06-09,0.14706778654898062,1.0,1,prime
2026-06-09,0.5338374189202909,1.0,1,prime
2026-06-09,-1.071250298877588,0.8644133804905813,1,subprime
2026-06-09,0.6467124983011113,0.0,0,prime
2026-06-09,0.3826992784101275,0.0,0,prime
2026-06-09,1.1206361331531278,0.0,0,subprime
2026-06-09,0.17443133894973742,1.0,1,subprime
2026-06-09,-0.0736675867314565,1.0,1,prime
2026-06-09,2.672284347075382,1.0,1,prime
2026-06-09,-0.7675923157715703,0.12992046840102844,0,subprime
2026-06-09,1.5132168010496072,0.029776925826588058,0,prime
2026-06-09,-0.080344219978022,0.0,0,prime
2026-06-09,2.2549243820022498,0.0,0,prime
2026-06-09,1.4673115030602135,1.0,1,subprime
2026-06-09,1.076799214133577,0.0,0,subprime
2026-06-09,-0.4688263099874271,0.027744540806423912,0,prime
2026-06-09,1.7227675047804114,1.0,1,prime
2026-06-09,-0.1319268973359372,1.0,1,prime
2026-06-09,-1.2213451834061427e-06,0.0,0,prime
2026-06-09,0.21711165385971612,0.0,0,prime
2026-06-09,1.2219372767804155,0.0,0,prime
2026-06-09,-1.2292028505754904,1.0,1,prime
2026-06-09,0.06127986435863405,0.010265999470901122,0,prime
2026-06-09,1.3859634845788709,0.0,0,prime
2026-06-09,1.2047678814004439,0.0,0,prime
2026-06-09,0.6209714550098608,0.0,0,prime
2026-06-09,-0.6624601411283912,1.0,1,prime
2026-06-09,0.10827780411988198,1.0,1,prime
2026-06-09,1.2152445999300419,0.0,0,prime
2026-06-09,0.1951398535726001,0.037797073410401484,0,subprime
2026-06-09,-0.9836821886901196,0.9674364652224129,1,prime
2026-06-09,-1.3155106173018682,0.11786933506772945,0,subprime
2026-06-09,-0.041491142912536604,1.0,1,prime
2026-06-09,-0.20129754769497,1.0,1,prime
2026-06-09,-1.230048741969507,0.9407089814269716,1,subprime
2026-06-09,-1.128745774203559,0.03730189666149929,0,subprime
2026-06-09,-1.6363228767875466,0.014293262422501382,0,prime
2026-06-09,0.8144613241863825,0.0,0,prime
2026-06-09,2.464910650580064,1.0,1,prime
2026-06-09,-0.7837330515466568,1.0,1,prime
2026-06-09,-1.5977151821277382,0.0,0,prime
2026-06-09,-1.3337319982455906,0.0,0,subprime
2026-06-09,-0.3473667929669521,0.1274419898490592,0,subprime
2026-06-09,0.6185956187501362,0.014712986471382503,0,subprime
2026-06-09,0.5633302362380067,0.0,0,prime
2026-06-09,1.1324900641209223,0.0,0,prime
2026-06-09,1.554509392606288,0.0,0,prime
2026-06-09,-0.17568100350395044,1.0,1,prime
2026-06-09,-0.3376447258221913,0.9849823110205214,1,prime
2026-06-09,0.6590001086264367,0.0,0,prime
2026-06-09,-1.650093652191865,0.0,0,prime
2026-06-09,-1.0396615727976135,1.0,1,prime
2026-06-09,-0.7431414292845311,0.9203659051005191,1,prime
2026-06-09,-0.049997036972228466,0.753620320492435,1,subprime
2026-06-09,0.7936936547109199,0.0,0,prime
2026-06-09,-0.4937269058592392,1.0,1,prime
2026-06-09,-0.02907449818927428,1.0,1,prime
2026-06-09,-0.4685312130049268,0.0,0,prime
2026-06-09,0.48496694369565835,1.0,1,prime
2026-06-09,-0.9377499453744239,1.0,1,subprime
2026-06-09,1.2024234516623287,1.0,1,subprime
2026-06-09,0.5983243303449758,0.11953258228925558,0,subprime
2026-06-09,1.788206658698817,1.0,1,prime
2026-06-09,0.1269798220723345,0.22681717392349282,0,subprime
2026-06-09,1.0173789557461352,0.01771922410646467,0,subprime
2026-06-09,-1.3818188749917235,0.03141832010892026,0,prime
2026-06-09,-1.073326000289379,1.0,1,prime
2026-06-09,1.9493078785650317,0.0,0,prime
2026-06-09,-0.20868905555833991,1.0,1,prime
2026-06-09,-0.07865537960443614,1.0,1,prime
2026-06-09,1.5246500251443975,0.996508703303004,1,subprime
2026-06-09,0.6700677684731905,0.2707926114477552,0,subprime
2026-06-09,-0.06353565222764893,0.06587426719737366,0,prime
2026-06-09,-0.29435087930300785,1.0,1,prime
2026-06-09,-0.09828354550739386,0.157110758652853,0,subprime
2026-06-09,-0.678787219849815,1.0,1,prime
2026-06-09,2.581436570426133,1.0,1,prime
2026-06-09,-0.7044255257204286,0.09842235192411576,0,subprime
2026-06-09,1.2674943391259794,0.0,0,subprime
2026-06-09,1.4969325778796763,0.0,0,prime
2026-06-09,0.020691336429985135,0.07232234684687244,0,prime
2026-06-09,-0.9946852567307208,0.0,0,prime
2026-06-09,0.1224686779904162,1.0,1,prime
2026-06-09,0.9522265402836289,0.0,0,subprime
2026-06-09,-1.1324848967049834,0.0,0,prime
2026-06-09,-0.3529038243014052,0.9731888271700191,1,prime
2026-06-09,-0.7891345596683895,0.0,0,prime
2026-06-09,-0.9066208162180605,0.060934577138213715,0,subprime
2026-06-09,-0.5614523941493694,0.0,0,subprime
2026-06-09,-0.5254078936105728,0.0,0,prime
2026-06-09,-0.32178499015394835,0.9646298992857847,1,prime
2026-06-09,-0.9017631551800246,0.9379868861056057,1,prime
2026-06-09,0.5851040644039768,0.0,0,prime
2026-06-09,-0.1090312870114729,0.09732181532957444,0,subprime
2026-06-09,-0.16056491172774157,0.9855010830610476,1,prime
2026-06-09,1.0047890824001613,0.9830274418528948,1,prime
2026-06-09,0.17567188847065307,0.0,0,prime
2026-06-09,1.147173717498712,0.003099061488314736,0,prime
2026-06-09,-0.1736019697892492,1.0,1,subprime
2026-06-09,0.14678605270166153,1.0,1,prime
2026-06-09,-0.6078956843291845,1.0,1,subprime
2026-06-09,-1.4806042067335847,1.0,1,prime
2026-06-09,-1.1529503965893555,1.0,1,prime
2026-06-09,0.5183789347022042,0.13079532094682772,0,subprime
2026-06-09,-0.16368430775142168,0.16603160838038172,0,prime
2026-06-09,-0.48737719470881385,1.0,1,prime
2026-06-09,0.4355304974074255,0.0,0,prime
2026-06-09,-0.5675489914383904,1.0,1,prime
2026-06-09,0.4126765339850835,0.0,0,prime
2026-06-09,-1.4479778026988643,0.0,0,prime
2026-06-09,-0.16367403599983385,1.0,1,prime
2026-06-09,0.3951552130796937,1.0,1,subprime
2026-06-09,-0.7367814674889902,1.0,1,prime
2026-06-09,1.260114704322824,1.0,1,subprime
2026-06-09,-0.9023799899593574,0.0,0,prime
2026-06-09,-0.49369331185839244,0.06806627239453156,0,subprime
2026-06-09,-0.32432031688322316,0.9673761207029307,1,prime
2026-06-09,0.4455346273417181,0.08450200975921009,0,subprime
2026-06-09,-0.9895014729586936,0.0,0,subprime
2026-06-09,0.4958579671400879,0.9498321907212375,1,subprime
2026-06-09,-0.8986747872477814,0.1021015424573552,0,prime
2026-06-09,-0.47595510004039987,1.0,1,prime
2026-06-09,-0.7676142766884099,0.0,0,prime
2026-06-09,-0.324493844402229,1.0,1,prime
2026-06-09,-0.27827613336768325,1.0,1,subprime
2026-06-09,0.14639002245963426,1.0,1,prime
2026-06-09,2.316271484850027,0.0,0,prime
2026-06-09,1.310606186303791,0.7614275109237617,1,subprime
2026-06-09,1.5240075598204388,0.0,0,prime
2026-06-09,0.2055719919754422,1.0,1,prime
2026-06-09,-1.4015446399417903,1.0,1,prime
2026-06-09,-0.09666408759892918,0.06870939628242476,0,prime
2026-06-09,0.53740625501958,0.06851134484180016,0,subprime
2026-06-09,0.14385616937380347,0.08304565719689538,0,subprime
2026-06-09,2.3209360793046234,0.8381626493344672,1,subprime
2026-06-09,0.23112076277531984,0.0,0,prime
2026-06-09,-0.32097597807312556,0.0,0,prime
2026-06-09,1.2218808310997031,0.08057620692137815,0,subprime
2026-06-09,-0.9977565186882668,1.0,1,prime
2026-06-09,-0.7386314835079565,0.9391602775186334,1,subprime
2026-06-09,1.0330931309395248,0.0077035630646985626,0,subprime
2026-06-09,1.2908674683999921,1.0,1,prime
2026-06-09,0.5814434732001608,0.9807122384462124,1,subprime
2026-06-09,0.7042128563495165,1.0,1,prime
2026-06-09,-0.10614710630410054,0.0,0,prime
2026-06-09,1.0717966004603894,0.0,0,prime
2026-06-09,0.26339238876159576,1.0,1,prime
2026-06-09,-0.17554922521591437,1.0,1,prime
2026-06-09,-0.38193347683042617,0.0,0,prime
2026-06-09,1.8649656923201279,1.0,1,prime
2026-06-09,-0.17957394116138506,0.7829349495508657,1,subprime
2026-06-09,0.1990221976099666,1.0,1,prime
2026-06-09,0.3664523946785165,1.0,1,subprime
2026-06-09,-0.8821466816232248,0.9647595900112875,1,subprime
2026-06-09,-0.8299515322215288,0.8546356467174563,1,subprime
2026-06-09,0.23576447424142583,0.05570281977348336,0,subprime
2026-06-09,0.7476733778750517,0.0,0,prime
2026-06-09,-0.9444970579788603,0.2147687832959899,0,subprime
2026-06-09,-0.5571764380750702,0.9778634195476288,1,subprime
2026-06-09,-0.6010282587237976,1.0,1,prime
2026-06-09,-2.087025025274851,0.0,0,prime
2026-06-09,0.8283834701678082,0.0,0,prime
2026-06-09,-0.14131751896903988,1.0,1,prime
2026-06-09,1.0288278306253988,1.0,1,prime
2026-06-09,-0.8864290339325641,0.9766594627130432,1,subprime
2026-06-09,1.2809822590810198,1.0,1,prime
2026-06-09,1.010603045123504,1.0,1,prime
2026-06-09,-1.183332124738797,0.0,0,prime
2026-06-09,0.6479295711479435,0.9521803673694326,1,prime
2026-06-09,-0.2369221551003198,0.0,0,prime
2026-06-09,0.0844968413395483,0.0,0,prime
2026-06-09,0.9381497074535158,1.0,1,prime
2026-06-09,-0.6183730821050403,1.0,1,prime
2026-06-09,-1.0086529728159843,0.0,0,prime
2026-06-09,0.8508440686566936,0.0,0,prime
2026-06-09,-0.7122634947872787,1.0,1,prime
2026-06-09,0.3488915148244638,0.9869821737631933,1,subprime
2026-06-09,1.6243165895428722,1.0,1,prime
2026-06-09,-1.5893766804630738,0.0,0,prime
2026-06-09,-0.6804756946664433,0.0,0,prime
2026-06-09,1.9230987314955093,0.0,0,prime
2026-06-09,0.7216159667056448,0.0,0,prime
2026-06-09,0.5361052121549056,0.0,0,prime
2026-06-09,1.2374975420110974,0.0,0,prime
2026-06-09,-1.5507794208397179,0.8178857019310359,1,subprime
2026-06-09,-0.7294073235253608,0.12859721248905973,0,subprime
2026-06-09,-1.1736094052822337,1.0,1,prime
2026-06-09,1.2267584816707326,0.0,0,subprime
2026-06-09,-1.3805970354716064,0.03772130931792117,0,prime
2026-06-09,-0.935048863204506,0.0,0,prime
2026-06-09,0.9838165749964415,1.0,1,prime
2026-06-09,-0.11517701797590779,1.0,1,prime
2026-06-09,-1.0266651258927695,1.0,1,prime
2026-06-09,-0.35663835146754663,0.0,0,prime
2026-06-09,0.6477475382331347,1.0,1,prime
2026-06-09,0.6639122577359432,0.0,0,prime
2026-06-09,0.3402559403710817,0.0,0,prime
2026-06-09,-1.10298319393454,0.0,0,prime
2026-06-09,-1.758918446582629,0.0,0,prime
2026-06-09,0.9341250876452158,0.0,0,subprime
2026-06-09,-0.17722864651343836,0.0,0,subprime
2026-06-09,0.29246983787589503,0.935218219848297,1,subprime
2026-06-09,-0.4304050791284885,1.0,1,prime
2026-06-09,-0.6583450192739524,1.0,1,prime
2026-06-09,-0.19999594326534828,0.04767774717115388,0,subprime
2026-06-09,-0.4561132953075938,1.0,1,prime
2026-06-09,0.7422885345465365,0.0,0,prime
2026-06-09,0.29031449888206723,0.9963809538814712,1,subprime
2026-06-09,-0.5480238842210117,0.0,0,prime
2026-06-09,1.766016910376035,0.0,0,prime
2026-06-09,0.4689255913223388,0.0127768889492101,0,prime
2026-06-09,-1.4541749653381382,0.03788769194387881,0,prime
2026-06-09,0.0835604799563016,1.0,1,prime
2026-06-09,0.8675352768636752,0.0,0,subprime
2026-06-09,-0.23526869176067514,0.0,0,prime
2026-06-09,-0.5086456300757168,0.05337752118580856,0,subprime
2026-06-09,-0.027231488781467014,0.990869742907925,1,prime
2026-06-09,0.28623653909352303,0.8660075616734022,1,subprime
2026-06-09,-1.4436894877836701,0.0,0,prime
2026-06-09,-0.5339638268818012,0.9955303354624283,1,subprime
2026-06-09,0.5765343178745764,0.0,0,prime
2026-06-09,-2.397703782628146,1.0,1,prime
2026-06-09,0.6871248452413621,0.0,0,prime
2026-06-09,0.09477252213544905,1.0,1,prime
2026-06-09,0.3329614518714278,0.0,0,prime
2026-06-09,-1.0203975404581886,1.0,1,subprime
2026-06-09,-0.529919581549628,0.0,0,prime
2026-06-09,1.4801370134878191,1.0,1,prime
2026-06-09,-0.6868434183316267,1.0,1,prime
2026-06-09,0.03179771115035509,0.0,0,prime
2026-06-09,-1.0144400610519275,0.0,0,prime
2026-06-09,1.2542790848946133,1.0,1,prime
2026-06-09,0.12713930281700817,0.10630625993187504,0,subprime
2026-06-09,-2.361876772581594,0.9847770697095309,1,prime
2026-06-09,-0.11678749432922844,0.0,0,prime
2026-06-09,-0.31012815601243565,1.0,1,subprime
2026-06-09,2.4387167448490494,1.0,1,prime
2026-06-09,1.3272100014566608,1.0,1,prime
2026-06-09,0.47849559399123975,1.0,1,prime
2026-06-09,-1.7383976425476197,1.0,1,prime
2026-06-09,-1.4246480853418506,0.0,0,prime
2026-06-09,0.39230145711161607,0.7323292902690464,1,prime
2026-06-09,1.9349004451226262,0.0,0,prime
2026-06-09,-0.01428004470709931,1.0,1,prime
2026-06-09,0.7083152878341556,0.9146748550348037,1,prime
2026-06-09,-0.45851320950667734,0.19336747135605195,0,subprime
2026-06-09,2.0849777186742444,0.9957202170455353,1,prime
2026-06-09,1.3451922949092012,0.0,0,prime
2026-06-09,-1.8609634295779185,0.04512129944539657,0,subprime
2026-06-09,1.583319821135265,0.9666705003912435,1,prime
2026-06-09,0.6768263630640503,1.0,1,prime
2026-06-09,1.9578123419460884,0.07391497234705846,0,prime
2026-06-09,1.1420293061521873,1.0,1,prime
2026-06-09,0.16680129356549284,0.0,0,prime
2026-06-09,-1.2436669752076768,0.22244814222079135,0,subprime
2026-06-09,0.5750813706079955,0.0,0,prime
2026-06-09,0.05994807165783049,1.0,1,prime
2026-06-09,0.6506388792747568,1.0,1,prime
2026-06-09,0.21282233925254398,0.8150868671363722,1,subprime
2026-06-09,0.2763038662595378,0.0,0,prime
2026-06-09,0.7931754116464218,1.0,1,subprime
2026-06-09,0.015038094460774422,0.0,0,prime
2026-06-09,-0.6411932447193232,0.00011905091440120308,0,subprime
2026-06-09,-2.0528012624926064,1.0,1,prime
2026-06-09,1.0355541266776858,1.0,1,prime
2026-06-09,-0.4631738461803226,1.0,1,prime
2026-06-09,-0.26615224269850385,0.9758581309586662,1,prime
2026-06-09,-1.5218298192831328,0.0,0,prime
2026-06-09,0.6436553766053902,0.07504655190424249,0,subprime
2026-06-09,1.21346494705601,0.0,0,subprime
2026-06-09,-0.14562517509123915,0.0,0,prime
2026-06-09,-1.5334038236324514,1.0,1,prime
2026-06-09,-0.9440836892710144,0.0,0,prime
2026-06-09,0.2658801635517761,0.9275765415820403,1,subprime
2026-06-09,0.647877406316718,0.0,0,prime
2026-06-09,-0.1812565473377852,1.0,1,prime
2026-06-09,0.8714139902076009,0.1732060985443082,0,subprime
2026-06-09,1.1084629502175272,1.0,1,prime
2026-06-09,2.3267773029295786,0.20644144416361235,0,subprime
2026-06-09,-1.79600762346677,0.0,0,prime
2026-06-09,0.22434175861903596,0.05747073330275451,0,prime
2026-06-09,-0.9570198341492301,0.0,0,prime
2026-06-09,-2.183027100916027,0.9133032845923044,1,subprime
2026-06-09,0.16549775822289625,0.0,0,prime
2026-06-09,-1.204542135327785,0.0,0,prime
2026-06-09,-1.118937463831348,0.0,0,prime
2026-06-09,0.3721353509282708,0.0,0,prime
2026-06-09,-0.3682999567511371,1.0,1,prime
2026-06-09,-0.1876533614670672,0.06003056725635306,0,prime
2026-06-09,1.9835425026391877,0.9149926690602371,1,subprime
2026-06-09,-0.236558812835622,0.8875649778219036,1,subprime
2026-06-09,0.26036151772039384,0.0,0,subprime
2026-06-09,-0.018862640216638214,0.0,0,subprime
2026-06-09,0.6632081636076742,0.9906749526413258,1,prime
2026-06-09,-0.39437635629635887,0.9458926649028025,1,subprime
2026-06-09,-0.0648446831957083,0.0,0,prime
2026-06-09,-0.9861858710941185,0.0,0,subprime
2026-06-09,1.0805484197498714,1.0,1,subprime
2026-06-09,-1.2438627892002911,0.11288287800048558,0,prime
2026-06-09,-0.3178957904976164,1.0,1,prime
2026-06-09,-1.88602165263987,0.0,0,prime
2026-06-09,-0.28324275929707754,2.2979537748074597e-06,0,prime
2026-06-09,0.4120531863395251,1.0,1,prime
2026-06-09,-1.0023919359360136,0.9761017907532881,1,subprime
2026-06-09,-0.023475630744244906,0.0,0,prime
2026-06-09,1.8658895587217912,0.0,0,prime
2026-06-09,1.1091835258198404,0.08005829935981756,0,subprime
2026-06-09,-0.5905992492708378,1.0,1,prime
2026-06-09,-1.045883148933689,1.0,1,prime
2026-06-09,-0.7123791958584318,0.0,0,prime
2026-06-09,0.1896906986824942,0.1591181931850892,0,subprime
2026-06-09,-0.01756537831598143,1.0,1,prime
2026-06-09,-0.09346998754467628,0.08091841207035011,0,prime
2026-06-09,0.5174620059841618,0.0,0,subprime
2026-06-09,-0.6650398233992753,0.0,0,prime
2026-06-09,0.5646604011110533,1.0,1,prime
2026-06-09,0.21852919995851983,0.0,0,prime
2026-06-09,-0.1329822598613156,1.0,1,prime
2026-06-09,0.010054880197792744,0.0,0,prime
2026-06-09,0.8185798980267228,0.093099991536935,0,subprime
2026-06-09,1.0455200468913977,1.0,1,prime
2026-06-09,0.3154181952503277,0.0,0,prime
2026-06-09,1.7118227763781537,0.0,0,prime
2026-06-09,-1.6169251029152167,1.0,1,prime
2026-06-09,-1.5990682502260323,0.09568774558009427,0,subprime
2026-06-09,-0.14206177847514537,0.0,0,prime
2026-06-09,1.221538978711861,0.0,0,prime
2026-06-09,-0.5876459238123393,1.0,1,subprime
2026-06-09,0.9234945087268124,0.0,0,prime
2026-06-09,1.4889440715963134,1.0,1,prime
2026-06-09,-0.17194235024959867,0.0,0,prime
2026-06-09,0.35662532996367874,1.0,1,prime
2026-06-09,-0.4967214646819343,1.0,1,prime
2026-06-09,-1.5618460432866224,0.9760390922545297,1,subprime
2026-06-09,0.018242047335906307,0.03073725510737446,0,subprime
2026-06-09,1.1075387592173962,0.9546633228892325,1,subprime
2026-06-09,0.5182889692577588,0.08871835528398123,0,subprime
2026-06-09,0.3049135560941314,0.0,0,prime
2026-06-09,0.33965565372580436,0.0,0,prime
2026-06-09,0.6616137322244033,0.16707503277844843,0,subprime
2026-06-09,0.6253319566690486,1.0,1,prime
2026-06-09,0.08091002696389596,0.0,0,prime
2026-06-09,0.23237695220715124,0.0,0,prime
2026-06-10,0.91516378264046,0.9585460234056166,1,prime
2026-06-10,1.1857360320053616,0.10293233701020726,0,prime
2026-06-10,0.7340840231406444,1.0,1,prime
2026-06-10,-0.6887888445916726,0.0,0,prime
2026-06-10,-0.2824352247791018,0.07675977293758598,0,subprime
2026-06-10,-1.4229044068047556,0.00572588738277828,0,subprime
2026-06-10,0.8055691315036589,1.0,1,prime
2026-06-10,1.1802806362881286,0.0,0,prime
2026-06-10,-2.074091714366028,0.0,0,prime
2026-06-10,-0.04665822666245287,1.0,1,prime
2026-06-10,-0.5363215910703882,0.0,0,subprime
2026-06-10,0.3780167121085174,1.0,1,prime
2026-06-10,-1.3288195231176831,0.9775861274017958,1,prime
2026-06-10,0.10324824254477495,0.02667779051297567,0,prime
2026-06-10,0.6569934400456567,0.0,0,prime
2026-06-10,0.23447846040510736,0.0,0,prime
2026-06-10,0.6581479060650086,1.0,1,subprime
2026-06-10,-0.027224237682666755,0.9644137132358255,1,prime
2026-06-10,0.03151751089468032,0.9516805242512506,1,prime
2026-06-10,1.0066273282669673,0.8310898072317954,1,prime
2026-06-10,-0.48348815365400005,0.04245746350631131,0,subprime
2026-06-10,-0.7736234838238607,0.0,0,prime
2026-06-10,0.6950095805774534,1.0,1,prime
2026-06-10,1.0621971656086722,0.9377603696135988,1,subprime
2026-06-10,-0.4983388843240161,0.0,0,prime
2026-06-10,0.4277000749455353,1.0,1,prime
2026-06-10,-1.1152532218510154,0.0,0,prime
2026-06-10,-1.1818938878069942,1.0,1,prime
2026-06-10,0.29710525078742167,0.0,0,prime
2026-06-10,-0.8204848092106134,0.0,0,prime
2026-06-10,0.5282446477822177,0.0,0,prime
2026-06-10,0.7711624112587496,1.0,1,prime
2026-06-10,-1.4760203854126588,1.0,1,prime
2026-06-10,0.38313890079773893,0.03648749777872259,0,subprime
2026-06-10,0.3281902565763682,1.0,1,prime
2026-06-10,1.1629654664529954,0.0,0,prime
2026-06-10,-2.160486678003205,1.0,1,prime
2026-06-10,-0.10731686219159342,0.10137746859894489,0,subprime
2026-06-10,0.229570007450179,1.0,1,prime
2026-06-10,0.7640360216756855,0.0,0,prime
2026-06-10,1.2181216110741084,0.05369652754026144,0,prime
2026-06-10,1.569788226378338,0.01272703747525579,0,prime
2026-06-10,-1.9227936483442567,1.0,1,prime
2026-06-10,0.9275068079774822,1.0,1,prime
2026-06-10,-0.5950083861329161,0.0,0,prime
2026-06-10,1.0128326554003864,0.0,0,subprime
2026-06-10,-0.8296927924805778,1.0,1,prime
2026-06-10,0.08193559396321771,0.2375682188944732,0,subprime
2026-06-10,1.7240964824109903,0.01874771389096202,0,subprime
2026-06-10,-0.5946963211566607,0.0768498357157135,0,subprime
2026-06-10,0.5915155867681161,1.0,1,subprime
2026-06-10,1.8291436467209077,0.0,0,prime
2026-06-10,0.05746439406452306,0.0,0,prime
2026-06-10,-0.7194753725581028,0.7783846230060666,1,subprime
2026-06-10,0.42401499232053025,0.0,0,subprime
2026-06-10,1.2198171460968696,0.03952804856755482,0,subprime
2026-06-10,0.6337116466213822,0.9874282776992287,1,prime
2026-06-10,-0.29515995807409773,0.9963607775370851,1,subprime
2026-06-10,1.1328278299195653,0.9939568040668461,1,prime
2026-06-10,0.44329080298408624,1.0,1,prime
2026-06-10,-0.2699031206164747,0.009216894432591397,0,prime
2026-06-10,0.997142246611721,1.0,1,prime
2026-06-10,-1.7602283922831339,0.0,0,subprime
2026-06-10,0.2555989426177086,0.9652888683844231,1,subprime
2026-06-10,-0.3742896553750773,0.8673159031866093,1,subprime
2026-06-10,0.8916592840746277,0.03741091575031416,0,prime
2026-06-10,-0.12773702734628578,0.8625358401938005,1,subprime
2026-06-10,1.1837139824672833,0.1044891293358157,0,prime
2026-06-10,1.9191712508311276,1.0,1,prime
2026-06-10,0.2854299688605641,0.9289730011577212,1,subprime
2026-06-10,1.6988369654117572,0.16798729852469985,0,subprime
2026-06-10,-0.031449205110147455,0.8818869844956838,1,subprime
2026-06-10,-0.7211238956624046,0.0,0,prime
2026-06-10,-1.5908144509422562,0.0,0,prime
2026-06-10,0.7645849261511043,1.0,1,prime
2026-06-10,0.34255609229127687,0.8379902134155552,1,prime
2026-06-10,-0.23606773458834382,0.9669604241111303,1,prime
2026-06-10,-0.2794745583746781,1.0,1,prime
2026-06-10,1.4525674621469753,1.0,1,prime
2026-06-10,0.9509198006803844,0.9166258807740073,1,subprime
2026-06-10,-0.6683679781017904,1.0,1,prime
2026-06-10,0.25562069284156275,1.0,1,prime
2026-06-10,0.9584525826737695,1.0,1,prime
2026-06-10,-0.18247522986480924,1.0,1,subprime
2026-06-10,-0.3380032303822948,0.0,0,prime
2026-06-10,-0.40574334794197575,1.0,1,prime
2026-06-10,0.029058293350916455,1.0,1,prime
2026-06-10,1.500575324182879,0.0,0,prime
2026-06-10,1.097332240031474,1.0,1,prime
2026-06-10,-0.680204409157145,0.02572652512845805,0,prime
2026-06-10,-0.10929228377967709,0.0,0,prime
2026-06-10,1.415038781655939,0.0,0,prime
2026-06-10,-1.4992994440563867,0.0,0,prime
2026-06-10,-0.18232058026884337,0.8189587720942924,1,prime
2026-06-10,-1.5216832640579598,1.0,1,subprime
2026-06-10,-0.7955839829468107,0.9150382345040469,1,subprime
2026-06-10,0.42569907501235105,0.0,0,prime
2026-06-10,0.6874355770088416,0.0,0,prime
2026-06-10,1.0130931564310426,0.0,0,prime
2026-06-10,-0.531287826917315,1.0,1,subprime
2026-06-10,0.9141873065893235,0.9576002389182694,1,subprime
2026-06-10,-0.09183912616043832,0.957471008909497,1,prime
2026-06-10,-0.8558370180124331,1.0,1,prime
2026-06-10,0.30623500010219895,0.0,0,prime
2026-06-10,1.2037998322288366,1.0,1,subprime
2026-06-10,0.2075543037480375,0.9815403639395913,1,subprime
2026-06-10,0.4219788780692659,0.0,0,prime
2026-06-10,0.7242028375668501,0.10479045210135454,0,subprime
2026-06-10,0.82653331915829,0.0,0,subprime
2026-06-10,0.32727227448163726,1.0,1,subprime
2026-06-10,0.27609130998257136,0.0,0,prime
2026-06-10,-1.978245708929132,1.0,1,prime
2026-06-10,1.0285252773336273,0.0,0,prime
2026-06-10,-0.1279702329725548,0.8010850658464013,1,subprime
2026-06-10,1.031733217638866,0.8994687809591763,1,prime
2026-06-10,-0.9316169303889338,1.0,1,prime
2026-06-10,0.48739453109402786,0.88855053890138,1,prime
2026-06-10,1.715995183711912,1.0,1,prime
2026-06-10,-1.1132592329240427,1.0,1,prime
2026-06-10,-0.13900166949278875,0.9525077682966805,1,subprime
2026-06-10,1.4380665898263525,0.0,0,prime
2026-06-10,0.3060294279547851,0.13698136328494587,0,subprime
2026-06-10,0.16206747268836716,0.8654340006688831,1,subprime
2026-06-10,0.7325749325396514,0.8370833702941877,1,subprime
2026-06-10,-1.1608448534784537,0.0,0,prime
2026-06-10,0.433176557493214,0.0,0,prime
2026-06-10,1.2913519618821176,0.0,0,prime
2026-06-10,0.13630771211392867,1.0,1,prime
2026-06-10,0.15261216597272848,1.0,1,prime
2026-06-10,-0.6881059529056031,0.9653600771648453,1,subprime
2026-06-10,1.3793921709955306,0.0,0,prime
2026-06-10,-2.0800241996760884,1.0,1,prime
2026-06-10,-0.5142035700314329,1.0,1,prime
2026-06-10,1.0344924547020573,0.0,0,prime
2026-06-10,0.9004975904232331,0.0,0,prime
2026-06-10,0.1398471678793153,1.0,1,subprime
2026-06-10,0.7805920116149283,0.0,0,prime
2026-06-10,0.7082046788316082,1.0,1,prime
2026-06-10,0.7763793779983548,0.0,0,subprime
2026-06-10,-0.3582324744843303,1.0,1,prime
2026-06-10,0.3232497652522473,0.9987557836135503,1,prime
2026-06-10,-1.6490559164829885,1.0,1,prime
2026-06-10,-1.0953907333510733,0.11550550996558197,0,subprime
2026-06-10,0.28887349831687453,1.0,1,prime
2026-06-10,0.008864412165232772,0.09151703781516768,0,prime
2026-06-10,-0.46242716366699177,0.8720312254544481,1,subprime
2026-06-10,0.8939207864157117,0.0,0,prime
2026-06-10,0.9303370188698751,1.0,1,subprime
2026-06-10,-0.19217857202697947,0.0,0,prime
2026-06-10,-0.22752343645070394,0.0,0,prime
2026-06-10,-1.2911011322858068,0.0,0,prime
2026-06-10,0.08136821862749238,0.02312624947541897,0,prime
2026-06-10,-1.8112620993776873,0.0,0,prime
2026-06-10,-0.47711335142933703,1.0,1,prime
2026-06-10,-0.6274678461688175,0.04500381675057594,0,prime
2026-06-10,-0.5125904781622649,1.0,1,prime
2026-06-10,-0.5924682981857722,1.0,1,prime
2026-06-10,0.373728862945973,0.0,0,prime
2026-06-10,0.7346726692501339,1.0,1,subprime
2026-06-10,-0.2919682927386842,0.951831203195984,1,prime
2026-06-10,-0.8960766448847386,0.16715314618730528,0,subprime
2026-06-10,0.6310899122534301,0.021981988022838832,0,subprime
2026-06-10,0.7658165372323196,0.0,0,subprime
2026-06-10,-1.3725626605184167,0.0,0,subprime
2026-06-10,-0.4373120284852953,0.0,0,prime
2026-06-10,-0.4309910464335633,0.9110809634425823,1,subprime
2026-06-10,0.2847718732021735,1.0,1,subprime
2026-06-10,-0.7798821358849543,1.0,1,prime
2026-06-10,-1.5206986989696443,1.0,1,prime
2026-06-10,-0.11325578048780227,0.9219774590674408,1,subprime
2026-06-10,1.818262174296037,1.0,1,prime
2026-06-10,-0.4044087626825535,1.0,1,prime
2026-06-10,-1.2837268589986122,0.13473054389315897,0,subprime
2026-06-10,0.488303224092374,0.0,0,prime
2026-06-10,1.886977766214836,0.7627433288231472,1,subprime
2026-06-10,0.9859139508418999,0.9411011847052555,1,prime
2026-06-10,-0.6774454067668949,0.0,0,prime
2026-06-10,1.0584862042051317,0.13384905070646497,0,subprime
2026-06-10,-1.5279825268239926,0.9498783054222795,1,subprime
2026-06-10,-1.2121554829373016,1.0,1,prime
2026-06-10,-0.9789282032365713,0.9660627701645039,1,prime
2026-06-10,0.25579568869669383,0.0,0,prime
2026-06-10,-1.9131696078785618,1.0,1,prime
2026-06-10,-0.12379316942478491,1.0,1,prime
2026-06-10,-0.6410647018938027,0.0,0,prime
2026-06-10,0.5515658528765004,0.0,0,prime
2026-06-10,0.801089685880923,0.0,0,prime
2026-06-10,1.0833630145034816,0.0,0,prime
2026-06-10,-0.6884259055193885,0.0,0,prime
2026-06-10,-1.4455469789315116,0.0,0,prime
2026-06-10,-2.863312922445782,0.0,0,prime
2026-06-10,-0.9673456726287754,0.0,0,prime
2026-06-10,1.0095039009717817,0.0,0,prime
2026-06-10,0.5534159213455917,1.0,1,prime
2026-06-10,1.712414844056342,0.0712955643841932,0,subprime
2026-06-10,-1.3306979497621385,1.0,1,prime
2026-06-10,0.02489092553920328,1.0,1,prime
2026-06-10,-0.43216900622351273,0.11801242492661117,0,subprime
2026-06-10,-0.053680438489026205,1.0,1,prime
2026-06-10,0.6138502686152836,0.1868767987174847,0,subprime
2026-06-10,-0.3561085358383889,0.0,0,prime
2026-06-10,0.496442280506632,0.8983725085638363,1,subprime
2026-06-10,-0.1894238263004868,1.0,1,prime
2026-06-10,-0.9529948355016254,0.9902022635741856,1,prime
2026-06-10,0.09201626850495959,0.0,0,prime
2026-06-10,0.10670885961340873,0.0,0,prime
2026-06-10,2.0572800906139483,1.0,1,subprime
2026-06-10,-2.181550247444508,1.0,1,prime
2026-06-10,-0.906692838487544,0.17125897569649373,0,prime
2026-06-10,0.7317526383478268,0.0,0,prime
2026-06-10,0.23559780242064549,0.0,0,subprime
2026-06-10,-0.5596702277789334,1.0,1,prime
2026-06-10,0.6716054836896211,1.0,1,prime
2026-06-10,-0.4204112982451465,1.0,1,prime
2026-06-10,-0.3364212445674495,0.9756340429236763,1,prime
2026-06-10,-1.953039485892993,0.0,0,prime
2026-06-10,-0.6821420070017976,0.0,0,prime
2026-06-10,-1.0383269992307316,1.0,1,prime
2026-06-10,-0.392155509023301,1.0,1,prime
2026-06-10,-1.1857885686170806,1.0,1,prime
2026-06-10,-0.33054326147211877,0.0,0,prime
2026-06-10,0.7488247481573848,1.0,1,prime
2026-06-10,-0.01895008396207619,0.03741547250348729,0,subprime
2026-06-10,0.577775770333865,1.0,1,prime
2026-06-10,-0.993096942682,1.0,1,prime
2026-06-10,-0.8556581304960431,1.0,1,prime
2026-06-10,1.8268347814993202,0.9312818693647418,1,prime
2026-06-10,-1.6041232966839611,0.0,0,prime
2026-06-10,-0.7006830871348212,0.0,0,subprime
2026-06-10,-0.8436536645719017,0.9925425982319478,1,subprime
2026-06-10,0.16639578539441569,1.0,1,prime
2026-06-10,-1.5268804693507025,0.0,0,prime
2026-06-10,-1.89901234291712,0.11730468061077391,0,subprime
2026-06-10,0.06581040774206562,0.0,0,prime
2026-06-10,1.3853535610143917,1.0,1,prime
2026-06-10,0.47799091519782233,0.10990379772460482,0,subprime
2026-06-10,0.0822557295718584,0.0,0,prime
2026-06-10,0.10275863319685147,0.0,0,prime
2026-06-10,-0.5468533493287177,1.0,1,subprime
2026-06-10,-0.030711646305715885,1.0,1,subprime
2026-06-10,1.654374528252325,0.04236285150490962,0,prime
2026-06-10,0.13436830050400417,1.0,1,subprime
2026-06-10,-0.1660491060117468,0.11106823492124092,0,subprime
2026-06-10,-2.116523076505707,1.0,1,prime
2026-06-10,1.645729557775835,0.06846491879406687,0,subprime
2026-06-10,0.5305606975404517,0.0,0,prime
2026-06-10,0.5305928294209138,1.0,1,prime
2026-06-10,0.9059599852925638,0.0,0,prime
2026-06-10,0.9080862292765406,0.0,0,prime
2026-06-10,1.6405229340074525,0.0,0,prime
2026-06-10,-0.8387311140071491,0.0,0,subprime
2026-06-10,-0.9587640704239838,0.8370065773481785,1,prime
2026-06-10,2.1953343176987636,0.859887486716575,1,subprime
2026-06-10,-0.6570927983110391,0.8788957217351564,1,subprime
2026-06-10,0.798469442062916,0.0,0,prime
2026-06-10,0.3048635806680006,1.0,1,prime
2026-06-10,-1.309014200610815,0.7203228981525317,1,subprime
2026-06-10,0.2149653278493459,1.0,1,prime
2026-06-10,0.5166683928005925,0.0,0,subprime
2026-06-10,-1.3595422452128056,0.9647190937347594,1,subprime
2026-06-10,-1.622433670742181,0.9499192729170972,1,subprime
2026-06-10,-0.2213407640845003,1.0,1,prime
2026-06-10,-0.43404190048072894,0.02864854185310048,0,prime
2026-06-10,-0.44158932520254623,1.0,1,prime
2026-06-10,0.8589488858396581,1.0,1,prime
2026-06-10,-0.3010733459712385,1.0,1,prime
2026-06-10,-1.1620421331736883,0.0,0,prime
2026-06-10,-0.5244146931522433,0.22209018711746628,0,subprime
2026-06-10,-1.2414455447279917,0.8166817407929208,1,subprime
2026-06-10,1.2062628349580646,0.0,0,prime
2026-06-10,-1.9683563236026609,1.0,1,prime
2026-06-10,-0.09585367473620769,0.0,0,prime
2026-06-10,2.0010893028895653,0.0,0,prime
2026-06-10,0.27907621124581455,1.0,1,prime
2026-06-10,-1.3099655432326514,0.0,0,prime
2026-06-10,1.0863766240960961,0.0,0,prime
2026-06-10,0.3905935452448973,0.0,0,prime
2026-06-10,-1.3523122322119576,0.0,0,prime
2026-06-10,1.523251167983151,0.0,0,subprime
2026-06-10,0.8458513315027855,1.0,1,prime
2026-06-10,-0.7495521307718652,1.0,1,prime
2026-06-10,0.31315621456590337,0.0,0,prime
2026-06-10,0.6427391469012956,0.05736632932146457,0,prime
2026-06-10,-0.3152437539733007,0.12684647117910597,0,subprime
2026-06-10,0.23251269684203862,0.0,0,prime
2026-06-10,1.1645599583365749,0.0,0,prime
2026-06-10,1.1466797619694689,0.07024889472576637,0,prime
2026-06-10,-1.4424259878860288,0.9076112419109762,1,prime
2026-06-10,-1.094628703243501,1.0,1,prime
2026-06-10,-0.06715379744717176,0.009749053615982911,0,prime
2026-06-10,1.3453765268588238,0.0,0,prime
2026-06-10,0.48259957474104215,0.11896109158234797,0,prime
2026-06-10,1.2699111471163027,1.0,1,prime
2026-06-10,-2.7183427627130574,1.0,1,subprime
2026-06-10,0.4300549090776936,1.0,1,prime
2026-06-10,-0.8853339652448242,0.0,0,subprime
2026-06-10,-1.1605217024788061,0.0,0,prime
2026-06-10,-0.8776617991735401,1.0,1,prime
2026-06-10,-0.4716205987455846,0.0,0,prime
2026-06-10,-1.5850832615546453,1.0,1,prime
2026-06-10,0.17644373881141648,1.0,1,prime
2026-06-10,-0.9676061974203084,0.9711242937522362,1,prime
2026-06-10,-1.6168168436147148,1.0,1,prime
2026-06-10,2.0494974345290697,0.9232848327216601,1,prime
2026-06-10,0.022332585250441007,0.0,0,prime
2026-06-10,0.2026880767245643,1.0,1,prime
2026-06-10,0.09542444066238012,0.10350811007013538,0,prime
2026-06-10,-0.706255881140088,0.0,0,prime
2026-06-10,1.3687953960658312,0.976821767608812,1,subprime
2026-06-10,0.10560388645239396,0.9776153707776336,1,subprime
2026-06-10,-0.8766490157700568,0.8475542478917101,1,subprime
2026-06-10,-1.5668492183181748,1.0,1,prime
2026-06-10,0.08228885496218141,1.0,1,prime
2026-06-10,0.015718615815146945,1.0,1,subprime
2026-06-10,-0.720791794619063,0.9692405891935244,1,subprime
2026-06-10,0.84093181673358,0.0,0,prime
2026-06-10,0.07175568071435197,0.0,0,prime
2026-06-10,-1.3017295771987814,1.0,1,prime
2026-06-10,-0.4543433986600769,1.0,1,prime
2026-06-10,0.9077076034690388,1.0,1,prime
2026-06-10,1.3617715838718263,1.0,1,prime
2026-06-10,-0.7673107618373236,1.0,1,subprime
2026-06-10,0.5837913648403111,0.2187760122129886,0,subprime
2026-06-10,-1.6010588832876815,0.0,0,prime
2026-06-10,0.10245828991005265,0.9391661817507834,1,subprime
2026-06-10,-0.36655345498664493,1.0,1,prime
2026-06-10,-0.608269666292151,0.13078462846088829,0,subprime
2026-06-10,1.2266125391045526,1.0,1,prime
2026-06-10,-0.6131385561459687,0.0,0,prime
2026-06-10,0.2651370845167205,0.0,0,prime
2026-06-10,-0.7602744346631655,0.17976687534833305,0,subprime
2026-06-10,-0.30459120547713125,0.2711351194050935,0,subprime
2026-06-10,-0.18792881949951432,0.0,0,prime
2026-06-10,0.3501080258506579,0.9978990263271518,1,prime
2026-06-10,0.011511210256331124,0.12015244366129961,0,subprime
2026-06-10,0.3937934098939336,1.0,1,prime
2026-06-10,-0.15598946730287375,1.0,1,prime
2026-06-10,-1.740688297125079,0.05095088301069727,0,subprime
2026-06-10,0.6913234199525827,0.0,0,prime
2026-06-10,0.43582521622753984,0.0,0,prime
2026-06-10,1.1400582965056447,0.0,0,subprime
2026-06-10,0.5894316713150577,0.0,0,subprime
2026-06-10,0.3089597561252216,0.7274249707520708,1,subprime
2026-06-10,0.9172312905952837,0.0,0,prime
2026-06-10,-0.04341490140063781,0.0,0,prime
2026-06-10,0.18534214763980858,1.0,1,prime
2026-06-10,-2.008326195670437,0.0,0,prime
2026-06-10,1.659303479523318,0.0,0,prime
2026-06-10,0.17053211948978528,0.0,0,prime
2026-06-10,-0.8799333144801277,0.0,0,prime
2026-06-10,-1.1862321985443718,1.0,1,prime
2026-06-10,-1.7349347372311439,1.0,1,prime
2026-06-10,2.0558211699433264,0.0658937541547168,0,subprime
2026-06-10,-2.3668087127824724,0.0,0,prime
2026-06-10,-0.7763629789492605,1.0,1,prime
2026-06-10,0.8140160448391429,0.9014320894295115,1,prime
2026-06-10,-2.13359690119249,0.869452595100076,1,subprime
2026-06-10,0.11468133391422734,1.0,1,subprime
2026-06-10,-0.4039196558534607,0.019233448506932857,0,prime
2026-06-10,0.6909971826991081,1.0,1,prime
2026-06-10,-0.9661812897876337,0.0,0,prime
2026-06-10,0.7259652708321598,1.0,1,prime
2026-06-10,-0.4940157964567673,1.0,1,prime
2026-06-10,-0.4763885168399394,0.0,0,prime
2026-06-10,-0.3253171386760651,1.0,1,prime
2026-06-10,-0.8503524107514396,0.0,0,subprime
2026-06-10,2.531608679354854,0.0,0,prime
2026-06-10,-1.3390993224992394,0.0,0,prime
2026-06-10,-0.44785374921974974,0.0,0,prime
2026-06-10,-1.1391485596587057,1.0,1,subprime
2026-06-10,2.10713453753833,0.0,0,prime
2026-06-10,0.1147254329529333,1.0,1,subprime
2026-06-10,-0.18147561386183284,1.0,1,prime
2026-06-10,-0.39555374793901027,0.0,0,prime
2026-06-10,0.04473769691266569,0.0,0,prime
2026-06-10,-0.07533408506391273,0.0,0,prime
2026-06-10,-1.3946058780264516,0.0,0,prime
2026-06-10,-0.26542647787798135,0.0,0,subprime
2026-06-10,-1.3220278542078978,0.0,0,prime
2026-06-10,-1.054245659812802,0.0,0,prime
2026-06-10,-0.5888439786195458,0.0,0,prime
2026-06-10,1.0307593978086755,1.0,1,prime
2026-06-10,1.2744892788023192,0.08275174826624931,0,subprime
2026-06-10,-1.1992161419374108,0.18416022353910208,0,subprime
2026-06-10,-0.020332846187794493,1.0,1,prime
2026-06-10,0.599750675418363,0.0,0,prime
2026-06-10,-1.8710118035847365,0.9221310984155477,1,prime
2026-06-10,-1.3808677708166268,0.0,0,prime
2026-06-10,-0.46863328521409103,0.12878827633212364,0,subprime
2026-06-10,-0.027453273205167855,0.0,0,prime
2026-06-10,0.7550761388609476,1.0,1,prime
2026-06-10,-1.325081596919807,1.0,1,prime
2026-06-10,-0.9043568627838948,0.0,0,prime
2026-06-10,-0.9561360941530938,0.0773765597194214,0,subprime
2026-06-10,-0.7837725618529922,1.0,1,prime
2026-06-10,-0.26745825979761717,0.35667131307131683,0,subprime
2026-06-10,0.487405511288922,0.0,0,subprime
2026-06-10,-1.3381715470657747,0.0,0,prime
2026-06-10,1.0500239940873888,1.0,1,prime
2026-06-10,-0.8210181453735922,0.7767495704370324,1,subprime
2026-06-11,0.9439160957365799,1.0,1,prime
2026-06-11,-0.11426937500632095,0.0,0,prime
2026-06-11,-0.03990664431486551,1.0,1,prime
2026-06-11,-1.0188887474935968,0.15706443828330385,0,subprime
2026-06-11,-0.018988160761492505,1.0,1,prime
2026-06-11,0.7915114390835248,0.0,0,prime
2026-06-11,-2.339692652989873,0.8906893579486705,1,prime
2026-06-11,-0.16123902661130923,0.9681693632034601,1,prime
2026-06-11,0.7404558283965774,0.19411965523184282,0,subprime
2026-06-11,0.06483858022410835,0.09841681543088229,0,prime
2026-06-11,0.20723480610602557,0.0,0,prime
2026-06-11,-0.16289273079520888,0.8453210455909435,1,subprime
2026-06-11,-1.1581942791652307,0.0,0,prime
2026-06-11,-1.9898387934826467,0.0,0,prime
2026-06-11,-1.3283281049286364,0.9713882479336946,1,prime
2026-06-11,-0.2859685332700583,0.0,0,prime
2026-06-11,-1.2345758596959002,0.9652867527115798,1,subprime
2026-06-11,-0.22736817017568986,0.9834437472539161,1,prime
2026-06-11,-0.7903297202793952,1.0,1,prime
2026-06-11,-0.7655201393017058,0.0,0,prime
2026-06-11,-0.2268265594198034,1.0,1,prime
2026-06-11,-0.5166907284808963,0.0,0,prime
2026-06-11,1.0895963572238958,0.0,0,prime
2026-06-11,0.5765863472225811,0.0,0,subprime
2026-06-11,-0.4027693613866796,1.0,1,subprime
2026-06-11,1.035127627907245,0.2751355380444265,0,subprime
2026-06-11,-1.024906008755324,0.0,0,prime
2026-06-11,-1.0804293645909728,1.0,1,prime
2026-06-11,-0.9840707132028192,0.0,0,prime
2026-06-11,0.5636509432227287,1.0,1,prime
2026-06-11,-1.4280856869126237,0.8807464833989738,1,subprime
2026-06-11,-0.9510279380237057,0.0,0,prime
2026-06-11,-0.055353482970294694,0.8270878743220109,1,subprime
2026-06-11,-0.3481327562281989,1.0,1,subprime
2026-06-11,-0.6454074854004954,1.0,1,prime
2026-06-11,-0.3085787218597673,0.0,0,prime
2026-06-11,0.31043547736087396,1.0,1,prime
2026-06-11,0.14645233766231727,0.0,0,subprime
2026-06-11,1.3268251489706588,0.9704434665101419,1,subprime
2026-06-11,0.4315199005739517,1.0,1,prime
2026-06-11,0.6010790863152263,1.0,1,prime
2026-06-11,1.3250361883878496,0.04541361327251824,0,subprime
2026-06-11,0.33458577553834057,0.0,0,subprime
2026-06-11,0.5851686273403546,0.031113670842780723,0,subprime
2026-06-11,-1.3098341458483307,0.08524568730626081,0,prime
2026-06-11,0.03023677167391726,0.0,0,prime
2026-06-11,0.6268169821941166,0.0,0,prime
2026-06-11,-0.2612571060900221,0.0133297531384889,0,prime
2026-06-11,-0.08928298111626451,0.917951370677669,1,subprime
2026-06-11,-1.0803533180437588,0.9042959027107644,1,subprime
2026-06-11,0.5431768074889257,0.8970256079343882,1,subprime
2026-06-11,1.4698128722665107,0.0,0,prime
2026-06-11,0.931193254374656,1.0,1,prime
2026-06-11,-0.15188489047438705,0.11957301473758317,0,prime
2026-06-11,0.8486528641787587,0.0,0,prime
2026-06-11,-0.40985150091752937,1.0,1,prime
2026-06-11,0.6461535542801857,0.9379288271564921,1,subprime
2026-06-11,-0.12484475424859691,0.9342148541410161,1,subprime
2026-06-11,-0.09505859095601066,0.029977968614589456,0,prime
2026-06-11,-1.4610298442891303,0.0,0,prime
2026-06-11,0.9931241439948805,0.0,0,prime
2026-06-11,1.4578431202090643,0.9300123951962384,1,subprime
2026-06-11,0.14129614182802117,1.0,1,prime
2026-06-11,-0.5839127796392724,0.0371626897443918,0,prime
2026-06-11,-0.7522942038673078,0.0,0,prime
2026-06-11,0.6352614843227747,0.9887896963536554,1,subprime
2026-06-11,0.019514520682394343,0.8963741066511263,1,subprime
2026-06-11,-0.0752540831381874,1.0,1,prime
2026-06-11,-1.2882882499238288,0.062404462641816344,0,prime
2026-06-11,1.3324997983854585,0.0,0,prime
2026-06-11,0.39223675305520933,1.0,1,prime
2026-06-11,2.2031182666306157,0.018804222153819633,0,prime
2026-06-11,0.6719162601970523,0.1912755421629855,0,subprime
2026-06-11,-0.6155883112611887,0.009054664529778121,0,subprime
2026-06-11,-1.480986816529557,0.8677955836214035,1,subprime
2026-06-11,0.1974114852282602,1.0,1,prime
2026-06-11,0.5546633144537673,0.963849635793493,1,prime
2026-06-11,-0.8544424044207991,0.9567501205850585,1,prime
2026-06-11,1.174207238340401,0.8696593103935497,1,subprime
2026-06-11,0.2971437546158205,1.0,1,prime
2026-06-11,-0.5540268121296699,0.9387618198754337,1,prime
2026-06-11,-0.06959113268960747,0.0,0,prime
2026-06-11,-0.8075488978888276,0.0,0,subprime
2026-06-11,1.081675570154923,0.8526858212474414,1,subprime
2026-06-11,-0.7773517068888683,1.0,1,prime
2026-06-11,-0.9474685307254886,1.0,1,prime
2026-06-11,-0.8961423086185697,0.9689334296703392,1,subprime
2026-06-11,-0.6424945120544232,0.0,0,prime
2026-06-11,0.5511593109563411,1.0,1,prime
2026-06-11,-1.2256402823647023,0.9352372525762038,1,subprime
2026-06-11,-1.7795675598789888,0.0,0,prime
2026-06-11,1.0749934120109412,1.0,1,prime
2026-06-11,-0.5040762261031119,0.7718467030354182,1,subprime
2026-06-11,-0.2707824191910442,1.0,1,prime
2026-06-11,1.3695830175008792,0.0,0,prime
2026-06-11,0.43617519691565826,0.0,0,prime
2026-06-11,0.035847573276573626,0.0,0,prime
2026-06-11,1.567990794942679,1.0,1,prime
2026-06-11,0.5988938545942587,1.0,1,prime
2026-06-11,0.42270594873157175,0.16086279905848727,0,subprime
2026-06-11,0.2629684794075235,1.0,1,prime
2026-06-11,-0.5182417897366637,0.0,0,prime
2026-06-11,-0.11214012486464227,0.0,0,prime
2026-06-11,0.24656484170353443,1.0,1,prime
2026-06-11,-0.43414942712377264,0.01901826316541988,0,subprime
2026-06-11,0.4467734823879548,0.0,0,prime
2026-06-11,1.3759190817770537,1.0,1,subprime
2026-06-11,-1.4291328530922918,0.9528784436287192,1,subprime
2026-06-11,0.6580698539048814,0.0,0,prime
2026-06-11,1.3187017465839728,1.0,1,prime
2026-06-11,0.8723020578415289,1.0,1,prime
2026-06-11,0.7041076443543616,0.0,0,prime
2026-06-11,-1.3949436517395943,1.0,1,prime
2026-06-11,-1.356368824757211,1.0,1,prime
2026-06-11,-0.16288453588915697,0.0,0,prime
2026-06-11,-0.6261209342023997,0.8681609096053505,1,subprime
2026-06-11,-1.1967558726552157,0.042375513221697414,0,prime
2026-06-11,0.2517374308412365,0.0,0,prime
2026-06-11,-1.0710197852004153,1.0,1,prime
2026-06-11,-1.215133866600259,1.0,1,prime
2026-06-11,1.250075893453781,0.0,0,prime
2026-06-11,-0.7648165059449143,0.0,0,prime
2026-06-11,-2.0683877371226784,0.0,0,prime
2026-06-11,-0.6621700266989345,0.0,0,prime
2026-06-11,0.7154407756953498,1.0,1,prime
2026-06-11,0.37522904739839896,0.0,0,prime
2026-06-11,-1.8107850758580903,0.0,0,prime
2026-06-11,-1.1202275600807334,0.8933578168374772,1,subprime
2026-06-11,-1.0004923982098548,1.0,1,prime
2026-06-11,0.17850521307895778,1.0,1,prime
2026-06-11,0.7609383584239767,0.8312241076582984,1,subprime
2026-06-11,-1.532384959306622,1.0,1,prime
2026-06-11,0.1098736783708891,1.0,1,prime
2026-06-11,0.8452069918978314,1.0,1,prime
2026-06-11,0.1811557147579828,0.028502280959590204,0,prime
2026-06-11,0.9135160927248857,1.0,1,prime
2026-06-11,2.073889167946491,0.0,0,prime
2026-06-11,-1.1860861498024267,1.0,1,prime
2026-06-11,0.789412807894143,1.0,1,prime
2026-06-11,0.04509891911179115,0.0,0,prime
2026-06-11,0.19265630063873287,0.9480129239373036,1,subprime
2026-06-11,0.881033703782082,0.8563317159638385,1,prime
2026-06-11,0.2820900608453056,0.0,0,prime
2026-06-11,-0.014066768623867795,0.0,0,prime
2026-06-11,1.3121211404791213,1.0,1,prime
2026-06-11,0.6583248112339621,0.0,0,prime
2026-06-11,-0.36709467163330056,0.0,0,prime
2026-06-11,-0.30937267425695036,0.8724273175483767,1,subprime
2026-06-11,0.5691635734251462,0.9510324111898002,1,subprime
2026-06-11,0.18854306051823927,1.0,1,prime
2026-06-11,1.5292666848009837,0.0,0,prime
2026-06-11,0.35191504934252943,0.049612884351364586,0,subprime
2026-06-11,-0.7282475024161463,1.0,1,prime
2026-06-11,0.17008276205147554,0.8970710973484116,1,subprime
2026-06-11,0.6758444126939538,0.0,0,prime
2026-06-11,-1.3236441640553207,1.0,1,prime
2026-06-11,1.3123387587606916,1.0,1,subprime
2026-06-11,-0.2935925907959163,1.0,1,prime
2026-06-11,0.28081204218250405,0.0,0,prime
2026-06-11,-0.37061627400466307,1.0,1,prime
2026-06-11,-0.9317972345379117,1.0,1,prime
2026-06-11,0.5198557719649326,0.30594050594395883,0,subprime
2026-06-11,-0.055735042559958634,1.0,1,prime
2026-06-11,0.6602900633836959,1.0,1,prime
2026-06-11,0.5408919910082439,0.0,0,prime
2026-06-11,3.717655893894597,0.0,0,prime
2026-06-11,0.6041355503905952,1.0,1,prime
2026-06-11,0.7687667429396299,0.11820720897109721,0,prime
2026-06-11,-0.44691723034155456,1.0,1,prime
2026-06-11,0.4174166298477647,0.0,0,prime
2026-06-11,0.7885745438487923,0.9988573667619695,1,prime
2026-06-11,1.483610305101805,1.0,1,prime
2026-06-11,0.6139876548459301,1.0,1,prime
2026-06-11,-1.95917765783344,0.0,0,prime
2026-06-11,0.7352527723228974,0.0,0,prime
2026-06-11,0.34382169275680746,0.0,0,subprime
2026-06-11,-1.050183230074065,0.03812025412963714,0,subprime
2026-06-11,0.631693425021635,1.0,1,prime
2026-06-11,0.3902713100939154,1.0,1,prime
2026-06-11,1.4361460446969254,0.0,0,prime
2026-06-11,-3.4506104850004626,0.0,0,subprime
2026-06-11,-0.7646222064672068,0.9745940329676597,1,prime
2026-06-11,1.3333359319668214,0.9999978132791828,1,subprime
2026-06-11,-0.06041081701590379,0.8210054486985248,1,subprime
2026-06-11,1.5419048196811436,0.9589051291970314,1,subprime
2026-06-11,0.9052824269554842,0.0,0,subprime
2026-06-11,-0.4592129690207465,0.9846450213846191,1,subprime
2026-06-11,-1.7626920615035264,1.0,1,prime
2026-06-11,0.766242148873693,0.0,0,prime
2026-06-11,-0.23702075082592985,0.18154048411154683,0,subprime
2026-06-11,0.4113190628389823,1.0,1,prime
2026-06-11,1.7365931938930024,1.0,1,prime
2026-06-11,1.9309375808701286,1.0,1,prime
2026-06-11,1.0518054272434678,0.8717021240661048,1,subprime
2026-06-11,-1.0062093039498972,1.0,1,subprime
2026-06-11,0.828804181156939,0.8480022571617266,1,subprime
2026-06-11,-0.012285271317661384,0.0,0,prime
2026-06-11,1.8272734467956842,1.0,1,prime
2026-06-11,1.0157116452822728,0.0,0,prime
2026-06-11,0.2916501437761196,1.0,1,prime
2026-06-11,-0.8382305258890477,0.0,0,subprime
2026-06-11,0.9858232444064965,0.8751930612426331,1,prime
2026-06-11,-0.7732050543387875,0.0,0,prime
2026-06-11,0.28735946543376123,0.0,0,prime
2026-06-11,-0.9853797795124113,0.0,0,prime
2026-06-11,1.0686525111648726,1.0,1,subprime
2026-06-11,0.4280925927138583,1.0,1,prime
2026-06-11,-0.3795723716923083,0.10134136268361202,0,prime
2026-06-11,1.0515626303961327,0.0079717269009646,0,subprime
2026-06-11,-0.6205066678696649,0.020850629269051957,0,prime
2026-06-11,-0.6140090820242986,0.0,0,prime
2026-06-11,-0.19177960950512246,0.0,0,prime
2026-06-11,0.7667943225071759,0.0,0,subprime
2026-06-11,0.25589498659377957,0.0,0,prime
2026-06-11,-0.3536424795359824,0.9177149519450668,1,subprime
2026-06-11,-0.07862335849270485,1.0,1,prime
2026-06-11,0.20998144066415772,0.0,0,prime
2026-06-11,-0.356347806485556,0.0,0,prime
2026-06-11,1.487943977287859,1.0,1,prime
2026-06-11,-0.6906352628540975,0.0,0,prime
2026-06-11,-0.5313687141945884,1.0,1,prime
2026-06-11,-1.8489953545041837,0.0,0,subprime
2026-06-11,-0.5514033473716395,0.9903081166554447,1,prime
2026-06-11,-0.5928468143203148,1.0,1,prime
2026-06-11,-1.3292144755765447,0.0,0,prime
2026-06-11,0.42712878126707643,0.9261137642768111,1,prime
2026-06-11,0.09559073591568569,1.0,1,prime
2026-06-11,-0.2200957300857299,0.9310707980477623,1,subprime
2026-06-11,-2.95880599753387,0.0,0,prime
2026-06-11,0.025763051156395794,0.013163392153239417,0,prime
2026-06-11,0.09783122960433573,1.0,1,prime
2026-06-11,-1.4487564202961118,1.0,1,prime
2026-06-11,1.3247499282955266,0.9230788504180927,1,prime
2026-06-11,0.7369400048246673,1.0,1,prime
2026-06-11,-0.11645030010141909,0.0,0,prime
2026-06-11,1.2524253914159866,1.0,1,prime
2026-06-11,-0.16794828046842322,0.9124515267959021,1,subprime
2026-06-11,-0.4315975505293583,0.8323113512066039,1,subprime
2026-06-11,-0.1138938931833248,1.0,1,prime
2026-06-11,0.4892445910097087,1.0,1,prime
2026-06-11,1.588419217353524,0.0,0,prime
2026-06-11,-0.14320222836762023,1.0,1,prime
2026-06-11,-0.5779132871924479,1.0,1,prime
2026-06-11,-1.4953889476417441,0.935234251075865,1,subprime
2026-06-11,0.4564195709104492,0.10554594432710168,0,subprime
2026-06-11,0.7306001384272325,1.0,1,prime
2026-06-11,0.6843798617891058,0.0,0,subprime
2026-06-11,1.3668339421619433,0.8713219151461887,1,prime
2026-06-11,-0.1690681827117804,0.2567545226168881,0,subprime
2026-06-11,-0.294922967793517,0.03974264702861097,0,prime
2026-06-11,-3.0032944606723446,0.0,0,prime
2026-06-11,-1.7238686924400266,0.1423915006396187,0,subprime
2026-06-11,-0.15098078606825707,0.0,0,prime
2026-06-11,0.8730428868910299,0.15178695594284428,0,subprime
2026-06-11,-0.794282911206639,1.0,1,prime
2026-06-11,-0.30774923717028885,0.0,0,prime
2026-06-11,0.6822483087376614,0.0,0,prime
2026-06-11,-0.9894087401870559,0.8841800266194392,1,subprime
2026-06-11,0.7825691502222802,0.0,0,prime
2026-06-11,0.12524897961529302,1.0,1,prime
2026-06-11,-0.40388040924426755,1.0,1,prime
2026-06-11,-0.6431508738889509,0.02266190102672025,0,subprime
2026-06-11,-0.4355200040570329,0.7266718267631915,1,subprime
2026-06-11,-2.3689303790181313,1.0,1,subprime
2026-06-11,0.6217157085027972,1.0,1,prime
2026-06-11,1.06315906720107,0.0,0,prime
2026-06-11,0.9709414320131928,0.0,0,prime
2026-06-11,-0.2604087684339732,0.0,0,prime
2026-06-11,1.6050306962956389,1.0,1,prime
2026-06-11,-0.7542424248818569,0.0,0,prime
2026-06-11,0.9399250471105783,0.0,0,prime
2026-06-11,-2.0341079000070694,0.2030558748352492,0,subprime
2026-06-11,1.2420302129974397,0.07424234758985004,0,prime
2026-06-11,-1.4803076372752857,1.0,1,prime
2026-06-11,-0.8676675587632122,0.0,0,prime
2026-06-11,0.7158138107952441,0.9551580683987175,1,subprime
2026-06-11,0.9179973024313374,0.0,0,prime
2026-06-11,-0.8141933895600414,0.0,0,prime
2026-06-11,-0.3278935926727463,0.9857624279136599,1,prime
2026-06-11,-1.4181958139813915,0.0,0,prime
2026-06-11,-0.30069600165023136,1.0,1,prime
2026-06-11,0.3873077334194151,0.17731896551157833,0,subprime
2026-06-11,-1.058038700801261,0.0,0,prime
2026-06-11,1.098678530938996,1.0,1,prime
2026-06-11,-0.45015899392120395,0.0,0,prime
2026-06-11,-0.4298974381794373,0.1722677018743547,0,subprime
2026-06-11,-1.2153232736089046,0.0,0,prime
2026-06-11,-0.4757476423454285,1.0,1,prime
2026-06-11,-2.7958951881302125,0.0,0,prime
2026-06-11,0.2730939763611293,0.9735695982544165,1,subprime
2026-06-11,-0.265191767156085,0.0,0,prime
2026-06-11,0.8938911021841969,0.0,0,prime
2026-06-11,0.33517108134853585,0.0,0,prime
2026-06-11,-0.011056606782928746,1.0,1,prime
2026-06-11,1.2509972639700866,0.8988532927713877,1,subprime
2026-06-11,-0.7848046408509671,1.0,1,prime
2026-06-11,-0.4678629178423419,1.0,1,prime
2026-06-11,-0.13316163302470865,0.0,0,prime
2026-06-11,0.7320230099598527,0.08425207313186123,0,prime
2026-06-11,-2.306270293390196,1.0,1,prime
2026-06-11,1.913053199930688,0.04822479044619796,0,subprime
2026-06-11,-0.691345682507965,0.0626152777707863,0,subprime
2026-06-11,0.8239989966880138,0.0,0,prime
2026-06-11,-0.4760785335187315,1.0,1,prime
2026-06-11,0.060421875134838106,0.0,0,subprime
2026-06-11,-0.05205221952417556,0.0,0,prime
2026-06-11,0.7328975196192252,0.15238726795699453,0,subprime
2026-06-11,-0.48247553393369563,0.9484154124378545,1,prime
2026-06-11,0.7715459957524474,0.17021521079854787,0,subprime
2026-06-11,-0.5242012939204339,0.0,0,prime
2026-06-11,-0.5374357589451657,1.0,1,prime
2026-06-11,-0.5728524222144059,0.9340505119585566,1,subprime
2026-06-11,0.3671035241294055,1.0,1,prime
2026-06-11,-2.9417892089732436,1.0,1,prime
2026-06-11,0.9599163248597662,1.0,1,prime
2026-06-11,1.7480232273540233,0.0,0,prime
2026-06-11,-1.0454753939397927,0.9488267578179951,1,subprime
2026-06-11,0.26114772132368774,0.9586413874736383,1,prime
2026-06-11,1.1616699370700376,1.0,1,prime
2026-06-11,0.7776500616173397,1.0,1,prime
2026-06-11,-0.11044771310175047,0.0,0,prime
2026-06-11,-0.18205963188636853,0.0,0,prime
2026-06-11,-1.2109307628532755,0.0015019441964189417,0,prime
2026-06-11,-0.30074592085945795,1.0,1,prime
2026-06-11,-2.010910951653312,1.0,1,prime
2026-06-11,-1.090337399309384,0.04461855279733162,0,prime
2026-06-11,0.16841238646004156,0.055386721795284255,0,subprime
2026-06-11,-0.6544443653657952,1.0,1,prime
2026-06-11,-0.6106279079367555,1.0,1,prime
2026-06-11,0.05013042203668009,1.0,1,prime
2026-06-11,0.46178612741326214,0.0,0,prime
2026-06-11,-0.46842263914566296,0.0,0,prime
2026-06-11,-0.5547658589709801,1.0,1,prime
2026-06-11,0.7741108942000804,0.04751523026529758,0,subprime
2026-06-11,0.03220438369381291,0.7587004071409386,1,subprime
2026-06-11,-0.487822612611268,0.0,0,prime
2026-06-11,0.3741496744572374,0.0,0,prime
2026-06-11,-0.6107294463562525,1.0,1,prime
2026-06-11,0.547274437603659,0.0,0,prime
2026-06-11,-0.1052125091718367,1.0,1,prime
2026-06-11,0.3409184190546916,1.0,1,prime
2026-06-11,-0.6218262824697927,0.14190487727159645,0,subprime
2026-06-11,0.2286374957733922,0.11080031933046056,0,subprime
2026-06-11,-1.4007240898952085,0.0,0,prime
2026-06-11,-0.7111531830201065,0.0,0,subprime
2026-06-11,1.1347259173244213,0.0,0,prime
2026-06-11,1.6339553146112054,1.0,1,subprime
2026-06-11,0.0671824562708464,1.0,1,subprime
2026-06-11,0.7355151289928823,0.1203494195366391,0,subprime
2026-06-11,0.41337001015509955,0.0,0,subprime
2026-06-11,-0.4205657668634832,1.0,1,prime
2026-06-11,0.22609677467089798,1.0,1,prime
2026-06-11,-1.4252900437285259,0.8982770379103114,1,subprime
2026-06-11,0.6960017591269239,1.0,1,prime
2026-06-11,-0.35144594080152997,1.0,1,prime
2026-06-11,-0.28919116307710946,1.0,1,prime
2026-06-11,-0.3076171713622537,0.0,0,prime
2026-06-11,0.6888886585566786,0.9668789370221171,1,prime
2026-06-11,2.235524646845338,0.955322386020728,1,subprime
2026-06-11,-0.5003938059068839,0.6459349792555069,1,subprime
2026-06-11,-0.882642796564368,0.05328801730857576,0,subprime
2026-06-11,-1.917350740253856,1.0,1,prime
2026-06-11,2.5869790209953663,0.0,0,prime
2026-06-11,-0.9661394048435191,0.0,0,prime
2026-06-11,-1.522585713082991,1.0,1,prime
2026-06-11,0.19573709679721654,0.9899539971847046,1,prime
2026-06-11,1.392322829981117,0.0,0,prime
2026-06-11,0.6436848102678276,0.01995337706896297,0,prime
2026-06-11,-1.0372726195112292,0.9723651868351263,1,subprime
2026-06-11,0.31240889107847103,0.03988017960694232,0,prime
2026-06-11,-1.0233816712591997,1.0,1,prime
2026-06-11,0.7725152784815426,1.0,1,prime
2026-06-11,-1.3455632425404325,0.0,0,prime
2026-06-11,-0.6381527393614148,0.0,0,prime
2026-06-11,1.7795628748982293,0.8706279048623053,1,prime
2026-06-11,0.3882125470413394,0.009761418950853883,0,subprime
2026-06-11,-0.002470100709074794,0.9134973737372273,1,subprime
2026-06-11,-0.05232489290472001,1.0,1,prime
2026-06-11,-0.7945453340633887,1.0,1,prime
2026-06-11,0.3212964509513072,0.0,0,subprime
2026-06-11,-2.6565626414652526,0.0,0,prime
2026-06-11,1.3044732857593773,1.0,1,prime
2026-06-11,1.20719904397148,1.0,1,prime
2026-06-11,0.12032207625674797,0.0,0,prime
2026-06-11,-0.5703279821735222,1.0,1,prime
2026-06-11,1.2328550173448054,0.977144406931282,1,prime
2026-06-11,0.20031217177479807,0.957920792535797,1,subprime
2026-06-11,-0.5474894882718827,0.9399449370949746,1,subprime
2026-06-11,0.7621385757809709,1.0,1,prime
2026-06-11,-0.43557101675316284,0.01467640547182636,0,subprime
2026-06-11,-1.3210318057873378,1.0,1,prime
2026-06-11,0.08606832824398819,0.2686897681030527,0,subprime
2026-06-11,-0.27574171303932665,0.19570747761770868,0,subprime
2026-06-11,-1.4938413944427198,1.0,1,prime
2026-06-11,1.6466132992198939,0.0,0,subprime
2026-06-11,-0.5533846914706196,0.05141604441534279,0,subprime
2026-06-11,0.06480757237801024,1.0,1,prime
2026-06-11,-0.26349176849978767,0.0,0,subprime
2026-06-11,0.20439146911206943,0.9275028807063187,1,subprime
2026-06-11,1.2008367514599454,0.0,0,prime
2026-06-12,-0.3991831881827013,0.09279834776150572,0,prime
2026-06-12,-0.3172084921697984,0.9256336527129828,1,subprime
2026-06-12,-0.23101277453927757,1.0,1,subprime
2026-06-12,0.11819677795553814,0.0,0,prime
2026-06-12,-0.03565050568635322,1.0,1,prime
2026-06-12,0.33449446568945496,0.0,0,prime
2026-06-12,0.2950326629899917,0.7961909077582858,1,subprime
2026-06-12,0.31075932556624064,0.04112445810513454,0,prime
2026-06-12,1.1108570973711847,1.0,1,prime
2026-06-12,0.033470818380823206,0.0,0,prime
2026-06-12,-1.6159216131896426,1.0,1,prime
2026-06-12,0.8889662839606182,1.0,1,prime
2026-06-12,0.2552265203189567,1.0,1,prime
2026-06-12,1.8584366815110986,1.0,1,prime
2026-06-12,1.068582945501182,1.0,1,prime
2026-06-12,1.6615491880708226,0.21234866665019173,0,subprime
2026-06-12,0.8427126741286769,0.0,0,prime
2026-06-12,0.5883370343064784,1.0,1,prime
2026-06-12,0.45465504029742365,0.9735384910230124,1,prime
2026-06-12,0.838066448488776,0.0,0,prime
2026-06-12,-0.177115078822152,0.0,0,prime
2026-06-12,-0.25670298644821066,1.0,1,prime
2026-06-12,-0.7685195908678246,0.9272711317508487,1,prime
2026-06-12,0.2980416045645737,0.9505629322352095,1,subprime
2026-06-12,-1.357608386955585,0.0,0,prime
2026-06-12,-0.41307692689336856,1.0,1,subprime
2026-06-12,-0.7497938052365111,0.763364485987504,1,subprime
2026-06-12,-0.7465483213837422,0.0,0,prime
2026-06-12,1.004198403414857,0.03696790311614154,0,prime
2026-06-12,-0.6286312448400097,0.0,0,prime
2026-06-12,0.31617612919385124,0.9618877971100914,1,subprime
2026-06-12,0.07372836725366452,0.9705089289572574,1,prime
2026-06-12,0.25261082236203003,0.2108579105040831,0,prime
2026-06-12,1.921258098233299,0.0,0,prime
2026-06-12,0.5196937786475032,1.0,1,prime
2026-06-12,-0.1054651376636096,0.8818336271626063,1,subprime
2026-06-12,1.5169453187864497,1.0,1,prime
2026-06-12,1.904837193083689,0.0,0,prime
2026-06-12,1.9378243619906563,1.0,1,prime
2026-06-12,-0.9258469887317304,0.11558990227638757,0,subprime
2026-06-12,-0.39015482430043885,1.0,1,prime
2026-06-12,0.4436482387788104,0.0,0,prime
2026-06-12,1.6355885099513656,0.0,0,prime
2026-06-12,0.37475142802176437,1.0,1,prime
2026-06-12,-1.2159221721760305,1.0,1,prime
2026-06-12,-0.294687868618594,1.0,1,prime
2026-06-12,0.7615687096372216,0.8842270042924275,1,subprime
2026-06-12,1.107225567947715,0.0,0,prime
2026-06-12,1.786959338086735,0.0,0,prime
2026-06-12,0.44363391946865127,0.0,0,prime
2026-06-12,0.5954662688147392,1.0,1,prime
2026-06-12,1.4320763501077405,0.11647297642455368,0,subprime
2026-06-12,0.12153753792631854,0.8350199682800156,1,subprime
2026-06-12,-0.35357963536196374,0.0,0,prime
2026-06-12,1.4857590266779057,0.0,0,prime
2026-06-12,-0.4494831269415892,0.0,0,subprime
2026-06-12,-1.3739328927706704,0.0,0,prime
2026-06-12,-0.1462867522263847,1.0,1,prime
2026-06-12,-1.5222976723216275,0.8524686813918545,1,subprime
2026-06-12,-1.4205192495655978,0.0,0,prime
2026-06-12,-1.0672649417454756,1.0,1,prime
2026-06-12,0.6556767612769178,0.9074594550121571,1,subprime
2026-06-12,-0.40385589991424986,0.0,0,prime
2026-06-12,0.2570038855732441,1.0,1,prime
2026-06-12,0.2279332061277917,1.0,1,prime
2026-06-12,-0.5537364223869543,1.0,1,subprime
2026-06-12,1.279151773862558,0.0,0,prime
2026-06-12,-0.776003853150969,0.0,0,prime
2026-06-12,-0.18999819759655517,0.02048927008322643,0,subprime
2026-06-12,-0.8636645336953295,0.0,0,prime
2026-06-12,-1.3316556430696491,1.0,1,prime
2026-06-12,-1.0309765898137628,1.0,1,prime
2026-06-12,-0.5781491942510284,0.871250069120266,1,subprime
2026-06-12,-0.4319993245240311,0.0033246052530425257,0,prime
2026-06-12,1.3183625778318955,0.0,0,subprime
2026-06-12,0.3451242590701732,0.03383434383929726,0,prime
2026-06-12,0.007684700437605882,0.9530070569770757,1,prime
2026-06-12,0.25635750365189347,0.0,0,prime
2026-06-12,0.38295273997304513,0.011077329453950666,0,prime
2026-06-12,0.1463536041293822,1.0,1,prime
2026-06-12,0.05796042029408056,0.05631340864727133,0,prime
2026-06-12,1.0650780943120075,0.0,0,prime
2026-06-12,1.2773664469301698,0.0,0,prime
2026-06-12,0.35050428619930196,0.13428910488755,0,subprime
2026-06-12,1.2535922888419508,0.06553005841749801,0,subprime
2026-06-12,0.6442210117280778,0.0,0,prime
2026-06-12,1.1765993180940568,0.8772082745889365,1,subprime
2026-06-12,-1.633623799435082,0.0,0,prime
2026-06-12,-0.10940103278878284,0.0,0,prime
2026-06-12,-0.35307226809219416,0.0,0,prime
2026-06-12,-0.2323970428042069,0.0,0,prime
2026-06-12,0.5353685862461767,1.0,1,prime
2026-06-12,-0.19743073008627443,0.18185337085958456,0,subprime
2026-06-12,0.9860194259360917,1.0,1,prime
2026-06-12,-2.0194718115022137,0.8643367850008399,1,subprime
2026-06-12,0.0733674056926968,1.0,1,prime
2026-06-12,-0.423078979655899,0.04094877866733611,0,subprime
2026-06-12,-1.0694842023752307,0.023140138149065487,0,prime
2026-06-12,0.5406427972419421,0.9547006370049325,1,prime
2026-06-12,0.07607705250371725,1.0,1,prime
2026-06-12,-0.8978306144948652,0.0,0,prime
2026-06-12,0.5556848190287832,0.22734091241836638,0,subprime
2026-06-12,-1.3612023681915524,0.0,0,subprime
2026-06-12,0.8207153449545918,0.0,0,prime
2026-06-12,-2.1357956608658295,0.0,0,prime
2026-06-12,-0.8607710032449288,0.9985256829291045,1,subprime
2026-06-12,-0.6223323502508594,1.0,1,prime
2026-06-12,-1.363461133999026,0.2759362816779971,0,subprime
2026-06-12,-0.057089342550189014,9.248242219912772e-05,0,prime
2026-06-12,-0.33760442705511495,1.0,1,subprime
2026-06-12,-0.30207591621525187,0.8867126363877175,1,prime
2026-06-12,2.071945591981389,0.0,0,prime
2026-06-12,-1.0333313962678146,0.08457371280684267,0,prime
2026-06-12,0.04723583415368362,0.0,0,prime
2026-06-12,0.3722569431839577,1.0,1,prime
2026-06-12,0.7500518209738283,0.009863626405120174,0,prime
2026-06-12,0.5250441960833647,1.0,1,prime
2026-06-12,1.9507341625709265,0.0,0,prime
2026-06-12,0.5900059118855686,1.0,1,subprime
2026-06-12,0.1182025188645429,0.9728602485506254,1,subprime
2026-06-12,0.3840893637733412,1.0,1,prime
2026-06-12,-0.8304367481678967,0.016263700007252926,0,subprime
2026-06-12,0.1637359494327668,0.0,0,prime
2026-06-12,-0.46690163600564144,1.0,1,prime
2026-06-12,-0.582707643001721,0.0,0,prime
2026-06-12,1.402783271634582,0.9210309864283173,1,subprime
2026-06-12,1.4239365238176562,0.0,0,prime
2026-06-12,0.6087735591218267,1.0,1,prime
2026-06-12,-0.47323627938772395,0.0,0,prime
2026-06-12,-1.143690299045851,0.9979964267505717,1,prime
2026-06-12,0.3106199920241743,0.9993807356549882,1,prime
2026-06-12,0.1788491093283602,0.0,0,prime
2026-06-12,0.027736257705928084,0.9317808747489109,1,subprime
2026-06-12,-1.5189052071294962,0.018035899523170265,0,subprime
2026-06-12,-0.9621569399703266,0.0,0,prime
2026-06-12,1.2662533833579674,0.9686430614295101,1,subprime
2026-06-12,2.1809729314251887,0.0,0,prime
2026-06-12,-0.38717242013266956,0.0,0,prime
2026-06-12,-0.9547072415854262,1.0,1,prime
2026-06-12,-0.22846294784001384,0.0,0,subprime
2026-06-12,-0.2898636217753568,0.13811988450970503,0,subprime
2026-06-12,0.15111938627888702,1.0,1,prime
2026-06-12,0.8371645692817811,1.0,1,prime
2026-06-12,-1.3100177025625668,1.0,1,prime
2026-06-12,-0.9356554711797641,0.035879714289609094,0,prime
2026-06-12,-0.07100956473600997,1.0,1,prime
2026-06-12,0.4523040877907118,0.0,0,subprime
2026-06-12,-0.5107649879791095,0.9627699386540499,1,subprime
2026-06-12,-1.1697152098388393,0.0,0,prime
2026-06-12,-0.12769654629887014,1.0,1,prime
2026-06-12,1.4266353202269881,0.9726316101149778,1,prime
2026-06-12,-1.7059828729599817,1.0,1,subprime
2026-06-12,-0.3382577303856364,1.0,1,prime
2026-06-12,-0.37562707956741276,0.0,0,prime
2026-06-12,3.0147253145111415,0.0,0,prime
2026-06-12,0.21797558032693495,0.0,0,prime
2026-06-12,-0.3811808412528674,0.0,0,prime
2026-06-12,0.3164646302035774,0.0,0,prime
2026-06-12,-2.602963462753444,0.9236838643402381,1,prime
2026-06-12,-0.5566164335585314,0.9082386775560373,1,subprime
2026-06-12,0.948438849950137,0.013721133632670648,0,prime
2026-06-12,-0.2251202610779118,0.0759716713785005,0,subprime
2026-06-12,-0.3559093183154103,0.8737512644156197,1,subprime
2026-06-12,-0.612676358637463,1.0,1,prime
2026-06-12,-1.737317273316084,0.0,0,prime
2026-06-12,0.30092530245237836,0.028164503113021877,0,prime
2026-06-12,-0.08518707769424479,1.0,1,prime
2026-06-12,-0.9243703519398963,0.04655261136005728,0,subprime
2026-06-12,-0.019383882869589676,0.09184467689598216,0,subprime
2026-06-12,-0.8846566880516843,0.0,0,prime
2026-06-12,-1.56539513293955,0.0,0,prime
2026-06-12,0.09030706658643396,1.0,1,subprime
2026-06-12,0.9522608353413237,1.0,1,prime
2026-06-12,-0.4984653762099201,0.01329805145014136,0,prime
2026-06-12,-0.4567030359138423,1.0,1,prime
2026-06-12,0.13350640744258685,0.01629298080803021,0,prime
2026-06-12,0.26277496659892274,1.0,1,prime
2026-06-12,0.2426937608492056,0.0,0,prime
2026-06-12,0.8088185726474004,0.00905870331675003,0,subprime
2026-06-12,0.9066005524739861,0.0,0,prime
2026-06-12,1.007733009505862,0.0,0,prime
2026-06-12,-1.8339214603719818,0.0,0,prime
2026-06-12,-0.7202914767012131,1.0,1,prime
2026-06-12,0.25515295510418057,0.9521541506621793,1,prime
2026-06-12,-0.2557644775775736,0.07957098745706823,0,prime
2026-06-12,0.19308004558340688,0.0,0,prime
2026-06-12,-2.375491385087129,1.0,1,prime
2026-06-12,-0.780876391122776,0.0,0,prime
2026-06-12,1.1314420746389187,1.0,1,prime
2026-06-12,-0.058850372013586776,0.038952519416092596,0,subprime
2026-06-12,1.5767556787138244,1.0,1,subprime
2026-06-12,0.712730628728192,1.0,1,prime
2026-06-12,-1.0599112994390398,1.0,1,prime
2026-06-12,-0.22535506485353274,0.024162279148828514,0,prime
2026-06-12,1.4617035502384488,0.0,0,prime
2026-06-12,-0.2588255913398982,0.0,0,prime
2026-06-12,-0.3417536118044649,1.0,1,prime
2026-06-12,1.0277567349295813,0.11044622147753158,0,prime
2026-06-12,-0.6172922860808913,1.0,1,prime
2026-06-12,-0.5105125820558208,1.0,1,prime
2026-06-12,0.22517298371446534,1.0,1,prime
2026-06-12,0.022702768183110993,0.2712547664281916,0,subprime
2026-06-12,-1.3124526430137038,0.0,0,prime
2026-06-12,0.5796653280316635,0.0,0,prime
2026-06-12,-0.449465030844683,1.0,1,prime
2026-06-12,-0.2289052473544166,1.0,1,subprime
2026-06-12,-0.6814567883941559,1.0,1,prime
2026-06-12,0.16858710144962774,0.0,0,subprime
2026-06-12,-1.914962810399789,0.03081673196692461,0,prime
2026-06-12,-0.5190193216655142,0.9440041674152929,1,subprime
2026-06-12,-1.1473967703263501,0.13137003303860265,0,subprime
2026-06-12,0.27712994746157155,1.0,1,prime
2026-06-12,-0.32029915992420754,1.0,1,prime
2026-06-12,1.3071788227865673,0.038783230079795034,0,prime
2026-06-12,0.416678565894295,1.0,1,prime
2026-06-12,-0.6710198412105256,0.0,0,prime
2026-06-12,-0.22868076999758186,1.0,1,prime
2026-06-12,-3.0634850703939867,1.0,1,prime
2026-06-12,0.23411157055289272,0.16114681196453604,0,subprime
2026-06-12,-0.8396882457634387,0.05260294630680931,0,prime
2026-06-12,-0.08540201902075384,0.10968519479317132,0,subprime
2026-06-12,0.12060902547207145,0.03900488906866398,0,prime
2026-06-12,1.2890846025404834,1.0,1,prime
2026-06-12,-1.0646429827409607,0.9538162731456348,1,prime
2026-06-12,-1.7624842940364351,0.0,0,prime
2026-06-12,-0.8159677892520476,0.9357352951206314,1,prime
2026-06-12,-0.8633170552683386,0.0696600034265387,0,subprime
2026-06-12,1.9260285842945346,1.0,1,prime
2026-06-12,1.8124593014178891,1.0,1,prime
2026-06-12,-1.3601680353756536,0.7504699471242893,1,subprime
2026-06-12,1.2824035759024905,0.0,0,prime
2026-06-12,-1.4945330240363635,0.0,0,prime
2026-06-12,-0.5162970027098858,0.04227154494584898,0,prime
2026-06-12,0.3876750700821519,0.8643677330603812,1,subprime
2026-06-12,0.5708650276915841,1.0,1,prime
2026-06-12,0.225214770906387,0.9357826326123637,1,prime
2026-06-12,1.3261619754954215,0.17283793262967595,0,subprime
2026-06-12,2.0763097469502334,0.1985405315540194,0,subprime
2026-06-12,-0.5583848247692171,1.0,1,prime
2026-06-12,0.12134274138459011,0.0,0,prime
2026-06-12,-0.45894455482367863,1.0,1,prime
2026-06-12,-0.42909298575831273,0.8572558070033274,1,subprime
2026-06-12,-0.034654569500518456,0.0,0,prime
2026-06-12,0.04717462868823738,0.0,0,prime
2026-06-12,-1.2260383493429825,0.011318771060300936,0,prime
2026-06-12,0.1871598725283708,0.0,0,prime
2026-06-12,0.7978358817438774,0.0,0,prime
2026-06-12,0.9509406594683207,0.9934387947364985,1,prime
2026-06-12,-0.7103725795960751,0.0,0,prime
2026-06-12,-0.9360332690611097,1.0,1,prime
2026-06-12,-0.7092540954973959,0.7151114487100092,1,prime
2026-06-12,1.2678284581732784,0.10900927669444758,0,subprime
2026-06-12,-0.8881995227193773,0.05687538807617526,0,prime
2026-06-12,-0.5727356733034207,0.9619831396447578,1,prime
2026-06-12,0.8388522520854812,0.81388886481639,1,subprime
2026-06-12,-0.5340373709928162,0.9968214514484214,1,prime
2026-06-12,0.04178684325071459,0.9822753523303452,1,prime
2026-06-12,1.5671384459636621,0.0,0,prime
2026-06-12,0.38621051111084737,1.0,1,prime
2026-06-12,0.22740566555373998,0.07324634455525658,0,prime
2026-06-12,-1.8242049047596773,0.2102877624472725,0,subprime
2026-06-12,-0.12723240315816656,0.06755182960744921,0,prime
2026-06-12,-0.3957811201719467,0.0,0,prime
2026-06-12,1.1911964385526452,0.0,0,prime
2026-06-12,0.6161542749100187,0.0,0,prime
2026-06-12,-0.775120853545459,1.0,1,prime
2026-06-12,-0.02485903886873604,0.0,0,prime
2026-06-12,1.3854605522518857,0.007551743040791925,0,prime
2026-06-12,1.2005011012613847,0.8598672577401105,1,subprime
2026-06-12,0.7625221876125138,0.08608083500071513,0,subprime
2026-06-12,-0.4132117888857817,0.9539908996619457,1,subprime
2026-06-12,-1.5360552778255703,0.0,0,prime
2026-06-12,-0.24693689026882445,0.0,0,prime
2026-06-12,1.6261071445907527,1.0,1,subprime
2026-06-12,1.1720683439187836,1.0,1,prime
2026-06-12,0.20719963701178684,0.13718125472694745,0,subprime
2026-06-12,-0.6607123109976684,1.0,1,prime
2026-06-12,-0.0007333578222405142,1.0,1,prime
2026-06-12,0.6462967623430703,0.0,0,prime
2026-06-12,0.1459966236899497,0.0,0,subprime
2026-06-12,-2.2512303970336087,0.0,0,prime
2026-06-12,-0.8026051000100822,1.0,1,subprime
2026-06-12,0.4124335682183882,0.9490601171913134,1,prime
2026-06-12,-0.08423247600979217,0.1223981820625067,0,subprime
2026-06-12,-2.032572639059151,0.0,0,prime
2026-06-12,-0.5544384791819476,1.0,1,prime
2026-06-12,2.0298820154018524,0.06411904981894806,0,subprime
2026-06-12,-0.1812348241604811,0.9923563369634589,1,prime
2026-06-12,0.25531253228866874,0.0,0,prime
2026-06-12,-0.7620313468915303,0.0,0,prime
2026-06-12,0.07384194818397533,0.08106318061568625,0,subprime
2026-06-12,-0.9978040788400376,0.8758822394636923,1,subprime
2026-06-12,-2.2577480775365797,0.017197664682941635,0,subprime
2026-06-12,0.9529288476981719,0.9306065633215238,1,subprime
2026-06-12,-0.2492388868387338,0.0,0,subprime
2026-06-12,-0.07870734430787057,0.0,0,prime
2026-06-12,0.6933154269222396,1.0,1,prime
2026-06-12,-1.1816179948503014,1.0,1,prime
2026-06-12,0.4912411357303013,1.0,1,prime
2026-06-12,-1.5215265185551958,0.06500445527628249,0,prime
2026-06-12,-0.8687180232982015,0.0,0,subprime
2026-06-12,-0.17057960709545508,0.0716363815492263,0,prime
2026-06-12,0.7668246557770089,0.9587916305496308,1,prime
2026-06-12,-0.822718564983698,1.0,1,prime
2026-06-12,-0.9594723919390278,0.753054756915898,1,subprime
2026-06-12,0.4840986513137966,0.0,0,prime
2026-06-12,-0.6911339496124951,0.0,0,prime
2026-06-12,-1.4626025189414888,0.9934465795430414,1,prime
2026-06-12,-0.6283406772254707,1.0,1,prime
2026-06-12,-0.0854090093759148,0.0,0,prime
2026-06-12,1.32836709896987,1.0,1,prime
2026-06-12,1.2800496640915016,1.0,1,prime
2026-06-12,0.12162829206738679,1.0,1,prime
2026-06-12,-1.4191047883276615,0.10113235051008461,0,subprime
2026-06-12,1.1068902850280993,0.8232746946480022,1,subprime
2026-06-12,0.8247331079283826,0.8473145216998477,1,subprime
2026-06-12,2.1728796934356436,0.9972607544680369,1,subprime
2026-06-12,1.1522220219799193,0.0,0,prime
2026-06-12,0.5070890825856196,0.8528063593533785,1,subprime
2026-06-12,0.9057314516503431,1.0,1,prime
2026-06-12,-0.6442309200942287,1.0,1,prime
2026-06-12,1.454546687443638,0.0,0,prime
2026-06-12,0.5730234393104857,1.0,1,prime
2026-06-12,-0.12966089714905527,0.0,0,prime
2026-06-12,-0.7969092071120351,0.8152170669308799,1,subprime
2026-06-12,0.2448654377694239,0.0,0,prime
2026-06-12,0.5609847093232693,0.0,0,prime
2026-06-12,1.0627416651824255,0.9113085162403887,1,prime
2026-06-12,-0.463646383787436,1.0,1,prime
2026-06-12,-0.9218224227815524,1.0,1,prime
2026-06-12,1.2852683647161036,0.0,0,prime
2026-06-12,1.0836897806579429,0.7982675610654298,1,subprime
2026-06-12,-0.30984882828793636,0.0,0,prime
2026-06-12,0.2202734857077179,0.0,0,prime
2026-06-12,0.2754480582564064,1.0,1,prime
2026-06-12,0.15505945657227502,0.991449831108707,1,prime
2026-06-12,-0.6046434701071906,1.0,1,prime
2026-06-12,-0.2759739924845278,0.0,0,prime
2026-06-12,1.4632236740174707,1.0,1,prime
2026-06-12,1.122757147850951,0.17182583015781172,0,subprime
2026-06-12,1.4522554328414425,1.0,1,subprime
2026-06-12,-0.9883800591228361,1.0,1,prime
2026-06-12,1.7005971538710332,1.0,1,subprime
2026-06-12,-0.04122975404329799,0.0,0,subprime
2026-06-12,-0.7521631171187176,0.9336600877963825,1,subprime
2026-06-12,-1.852660985398388,0.0,0,subprime
2026-06-12,0.9273225218703519,0.0,0,prime
2026-06-12,0.2786066517910585,1.0,1,subprime
2026-06-12,-1.1513206699377627,0.1541724646032322,0,subprime
2026-06-12,1.1781442489945917,1.0,1,subprime
2026-06-12,1.1540296643322183,0.0,0,subprime
2026-06-12,0.714422731555958,0.0,0,prime
2026-06-12,-0.40738259200143534,0.8867484198743087,1,subprime
2026-06-12,0.14544143053725403,0.0592552342403643,0,subprime
2026-06-12,-0.021789404980557123,0.0,0,prime
2026-06-12,-0.48836553899510127,0.803397992759733,1,subprime
2026-06-12,-0.7407894960992468,0.0,0,prime
2026-06-12,0.4496239123491506,0.8106460867652672,1,subprime
2026-06-12,1.6124313451643069,1.0,1,prime
2026-06-12,-0.7432083940440112,0.017198435665264855,0,prime
2026-06-12,1.2546704698245041,0.0,0,prime
2026-06-12,1.1540193476707135,1.0,1,prime
2026-06-12,0.7043157243149969,0.9603808320354074,1,prime
2026-06-12,0.09471483699518139,0.9976720667217146,1,prime
2026-06-12,-0.1768381482480649,0.08610933922772931,0,subprime
2026-06-12,0.6735284496948314,0.9276173269102933,1,prime
2026-06-12,-0.18408090838837557,0.16084987735480616,0,subprime
2026-06-12,-0.5181759470070452,0.05781603212488151,0,prime
2026-06-12,-0.7122417445002956,0.0,0,prime
2026-06-12,0.021941878193036075,1.0,1,prime
2026-06-12,1.2399523831039923,0.17716365596616118,0,prime
2026-06-12,0.895052661713297,0.0,0,prime
2026-06-12,-0.33785058623144726,0.0,0,prime
2026-06-12,-0.1901298692188716,0.9322894371413,1,subprime
2026-06-12,-0.18406280122858956,1.0,1,subprime
2026-06-12,-0.6623687127572444,0.0,0,prime
2026-06-12,-1.018509155190492,0.8649214396749035,1,subprime
2026-06-12,0.7529235379090324,0.08656130890100654,0,subprime
2026-06-12,-0.9204925296511717,1.0,1,prime
2026-06-12,0.9932582207978244,0.12129025112684624,0,subprime
2026-06-12,-0.11001273936179502,1.0,1,prime
2026-06-12,0.03106796399953513,0.05744172807976557,0,subprime
2026-06-12,0.309958066060764,1.0,1,prime
2026-06-12,-1.5481791460002843,0.9959535961724387,1,prime
2026-06-12,-0.4782620471558189,0.0,0,prime
2026-06-12,0.27752234233081097,0.0,0,prime
2026-06-12,1.398257159061855,0.0,0,prime
2026-06-12,1.2859646474803608,1.0,1,prime
2026-06-12,0.33211794609814027,0.8314613972615864,1,subprime
2026-06-12,-1.700661279228111,1.0,1,subprime
2026-06-12,0.13210974328784947,1.0,1,subprime
2026-06-12,-0.28248970991434313,0.9133474113495815,1,subprime
2026-06-12,-2.0232239460897667,0.0,0,prime
2026-06-12,-1.3518632847445495,0.0623916265208921,0,subprime
2026-06-12,0.5636719185621252,0.0,0,prime
2026-06-12,-0.55707004592802,1.0,1,prime
2026-06-12,0.85440992779858,0.0,0,prime
2026-06-12,1.6383469662659464,1.0,1,prime
2026-06-12,-1.8108158612665586,1.0,1,subprime
2026-06-12,-2.1154848038887586,0.0,0,prime
2026-06-13,-1.0054069624663398,0.9290244159708341,1,prime
2026-06-13,-0.4212191576508343,0.0,0,prime
2026-06-13,1.061824832698466,0.0,0,prime
2026-06-13,-0.40676635246717663,0.08224501198276454,0,subprime
2026-06-13,0.7188099545575971,0.0,0,subprime
2026-06-13,-1.789387542025301,1.0,1,prime
2026-06-13,3.0420947529787385,0.9576445868680139,1,prime
2026-06-13,-0.34358955091510274,0.0,0,prime
2026-06-13,-0.36913735051955526,0.08019251537060926,0,prime
2026-06-13,1.256314038492818,0.9407180815622387,1,subprime
2026-06-13,-0.15082970709283752,0.17879958320981523,0,subprime
2026-06-13,-1.1272411963719038,0.91960581142759,1,prime
2026-06-13,0.03256614250873683,0.9447332097813959,1,prime
2026-06-13,-1.3228041445803582,0.0,0,prime
2026-06-13,0.3708166547944963,0.7756119406017834,1,subprime
2026-06-13,-0.9001433425330886,0.8063823942267607,1,subprime
2026-06-13,0.5231518635919337,0.11663386896144275,0,subprime
2026-06-13,0.5229715035105912,0.009500817135229656,0,subprime
2026-06-13,-1.0749197533539778,1.0,1,prime
2026-06-13,0.8798786670824456,0.08367934150127845,0,subprime
2026-06-13,-0.7646121974993254,0.0,0,subprime
2026-06-13,-1.6044375392001886,0.0,0,prime
2026-06-13,0.20187778394587869,0.9863159586655135,1,prime
2026-06-13,-0.05229365429931347,0.0,0,prime
2026-06-13,1.104687759961767,1.0,1,prime
2026-06-13,-0.6613110275245486,0.20031157821210488,0,subprime
2026-06-13,-0.564144683888777,0.0,0,prime
2026-06-13,0.4744017256127242,0.024884996205645285,0,subprime
2026-06-13,0.5298493262455125,0.0,0,prime
2026-06-13,-1.4875798415004515,0.0,0,prime
2026-06-13,1.1034538574274881,0.0,0,prime
2026-06-13,-0.44774570597840435,1.0,1,prime
2026-06-13,0.8277382951429879,0.0,0,prime
2026-06-13,1.0959965002694136,0.09812021501323576,0,subprime
2026-06-13,0.11282243692194821,0.8066708904376165,1,subprime
2026-06-13,0.7751807084823186,1.0,1,prime
2026-06-13,-1.1370708398276397,1.0,1,prime
2026-06-13,0.6153715281911427,0.0,0,prime
2026-06-13,0.31799138622120005,0.0,0,prime
2026-06-13,-0.07055920236529309,0.0,0,prime
2026-06-13,0.7289661928792355,0.9464908788954101,1,subprime
2026-06-13,-0.5177465894935884,1.0,1,prime
2026-06-13,0.2787019505472125,0.0,0,prime
2026-06-13,1.184229487580629,0.0,0,prime
2026-06-13,-0.7520829350004502,0.09298221303151344,0,subprime
2026-06-13,-1.1318395691558536,1.0,1,prime
2026-06-13,-0.6316118320865114,1.0,1,prime
2026-06-13,0.0002824692812704111,1.0,1,prime
2026-06-13,-1.0899058987874413,0.8435487738194082,1,subprime
2026-06-13,0.4249447621153586,1.0,1,prime
2026-06-13,0.16744018266639218,0.0,0,prime
2026-06-13,1.1853516761098943,0.0,0,subprime
2026-06-13,-0.006649077395797541,1.0,1,prime
2026-06-13,-1.4877863698131157,1.0,1,prime
2026-06-13,3.8473675533425493,0.014737787811662226,0,prime
2026-06-13,-0.32885731588746125,1.0,1,prime
2026-06-13,0.3713613897869144,0.003706304630962179,0,prime
2026-06-13,-0.041224620361966634,1.0,1,prime
2026-06-13,2.1181692766373974,0.0,0,prime
2026-06-13,-0.8972199989624172,0.0,0,prime
2026-06-13,-2.077020696997303,1.0,1,prime
2026-06-13,0.2427780069016991,0.06450092536195193,0,subprime
2026-06-13,0.4926585436279864,0.9198108970390221,1,subprime
2026-06-13,-1.821370331694772,1.0,1,prime
2026-06-13,-0.11361372921397969,0.8416220736771277,1,subprime
2026-06-13,-0.6883615472633196,0.016364941746307426,0,prime
2026-06-13,-1.2261153930268438,0.3798934735178796,0,subprime
2026-06-13,-0.0618814698145792,1.0,1,prime
2026-06-13,0.35638745976403535,0.9695684695739737,1,prime
2026-06-13,-0.01579935574302318,1.0,1,prime
2026-06-13,0.9325308887594963,0.052582293128691504,0,subprime
2026-06-13,-0.31808546935636767,1.0,1,prime
2026-06-13,0.3185197482801172,0.12569836462894562,0,subprime
2026-06-13,-1.785270809231449,1.0,1,prime
2026-06-13,0.78079075942761,0.0,0,prime
2026-06-13,-0.4713845244281352,1.0,1,prime
2026-06-13,1.4618083684502532,1.0,1,prime
2026-06-13,1.6986764810373607,0.0,0,prime
2026-06-13,0.5736081853494769,0.8270952753985029,1,subprime
2026-06-13,1.6967727517439848,0.08170580347995027,0,subprime
2026-06-13,-1.4180750587864803,0.0,0,prime
2026-06-13,0.48818635120525894,0.13281773625769955,0,prime
2026-06-13,-0.8387341719424033,0.09319269955676723,0,prime
2026-06-13,-0.11883981995891511,0.8873607908839165,1,subprime
2026-06-13,0.4366518536032325,0.9981589369565823,1,subprime
2026-06-13,-0.2291304356286037,0.0,0,prime
2026-06-13,2.161559276976526,1.0,1,prime
2026-06-13,1.526035332085914,0.0,0,prime
2026-06-13,-1.059571032772082,0.03227307904496854,0,prime
2026-06-13,1.4094205435059854,0.12539683080069536,0,subprime
2026-06-13,1.5971102721471804,0.0,0,prime
2026-06-13,-0.4222657563640616,1.0,1,prime
2026-06-13,-0.2967683696505419,0.8569426220281933,1,subprime
2026-06-13,-0.03086558573905843,0.9628078379908661,1,prime
2026-06-13,0.0940866723828258,1.0,1,prime
2026-06-13,0.21185982097281475,0.8520105084720481,1,prime
2026-06-13,0.6942039628144138,0.0,0,prime
2026-06-13,-0.7146447085026076,0.9305328083129654,1,subprime
2026-06-13,0.8706864162047928,0.0,0,prime
2026-06-13,0.24927581651951136,0.0,0,prime
2026-06-13,0.4746997628271319,0.0,0,prime
2026-06-13,0.2648141915505947,0.0,0,prime
2026-06-13,1.03993745020922,0.0,0,prime
2026-06-13,-0.3272813158881695,0.1759102342637069,0,subprime
2026-06-13,-0.5154432703746337,0.0,0,prime
2026-06-13,0.28428928614751137,0.0,0,prime
2026-06-13,0.13038881117977538,1.0,1,prime
2026-06-13,0.12656732187861963,0.8241312172561314,1,subprime
2026-06-13,-0.7903769592241116,0.13905164982531065,0,subprime
2026-06-13,0.03539192523285197,0.0,0,prime
2026-06-13,1.7271006961918305,0.7097645847436052,1,subprime
2026-06-13,-0.6838583565413624,0.0,0,prime
2026-06-13,0.14175654398836665,0.0,0,subprime
2026-06-13,1.0041318191420237,0.22818626033292697,0,subprime
2026-06-13,1.1908409948225456,0.1482424892734109,0,subprime
2026-06-13,-0.34067173101089576,0.1460430402624185,0,subprime
2026-06-13,0.663432191003947,0.8937442405462298,1,subprime
2026-06-13,-0.3976792367021305,0.005813276684888097,0,prime
2026-06-13,-1.181197693397677,1.0,1,prime
2026-06-13,0.5401499491707279,1.0,1,prime
2026-06-13,0.38704113402705576,1.0,1,prime
2026-06-13,0.8627121503838796,1.0,1,prime
2026-06-13,1.443739654032025,1.0,1,prime
2026-06-13,-0.20002075409928788,0.0,0,prime
2026-06-13,0.05054308013342807,1.0,1,prime
2026-06-13,0.28936458661724673,1.0,1,prime
2026-06-13,-0.7681378978995367,0.11041951204653588,0,subprime
2026-06-13,-1.2265207506190614,1.0,1,prime
2026-06-13,-0.8711810370050647,0.20694684255512835,0,subprime
2026-06-13,0.9519962916775044,0.0,0,prime
2026-06-13,-0.9750857808169133,0.972737923025619,1,prime
2026-06-13,0.4797333841191713,0.0,0,prime
2026-06-13,0.518459299836579,0.18113363975377336,0,subprime
2026-06-13,0.47041785563469407,0.8872931635678933,1,subprime
2026-06-13,1.7373874866868289,1.0,1,prime
2026-06-13,-0.5054290512512112,0.0,0,prime
2026-06-13,-1.1556631203132535,0.13140935429737732,0,subprime
2026-06-13,0.7459198433040161,0.9638543748667844,1,prime
2026-06-13,0.3933598811077436,0.0,0,prime
2026-06-13,-0.9252345383952867,1.0,1,prime
2026-06-13,0.7071106954313434,0.0,0,prime
2026-06-13,-1.1456456939538024,0.0,0,prime
2026-06-13,0.33581460961128906,1.0,1,prime
2026-06-13,1.7886851132704593,0.971480294416037,1,subprime
2026-06-13,0.37402822598284446,0.09048089600334425,0,subprime
2026-06-13,-0.6179362946473024,0.0,0,prime
2026-06-13,-0.3240661382856111,0.8276635763458505,1,subprime
2026-06-13,1.2844111169146164,1.0,1,prime
2026-06-13,-1.0058164758345538,0.16860471298871452,0,subprime
2026-06-13,-2.303712325945913,0.149010485346113,0,subprime
2026-06-13,-0.8779432844416158,0.026806672249121866,0,prime
2026-06-13,-1.3495840064613747,0.0449956545604768,0,prime
2026-06-13,-1.2018639592338545,0.0,0,prime
2026-06-13,0.15312044998821445,0.00682209127781519,0,prime
2026-06-13,0.22240711289468,1.0,1,prime
2026-06-13,-0.4532924395897833,0.0,0,prime
2026-06-13,1.2320907221161663,0.8552983711022465,1,subprime
2026-06-13,-3.1271731431401784,0.0,0,prime
2026-06-13,-0.14057831722189856,0.8538988128999379,1,subprime
2026-06-13,0.5444881872421333,1.0,1,prime
2026-06-13,-0.5950740678666973,0.8306486234710335,1,subprime
2026-06-13,0.634890691874586,0.9642332266334328,1,prime
2026-06-13,0.6090579694292048,0.0,0,prime
2026-06-13,-1.1758713295256185,0.0,0,prime
2026-06-13,0.8738755044978272,0.08700339580383745,0,prime
2026-06-13,0.6337002291310377,0.0,0,prime
2026-06-13,0.8240570052761614,0.0,0,prime
2026-06-13,-0.7778658370843662,0.0,0,prime
2026-06-13,-0.2738177252549377,0.15289141174867715,0,subprime
2026-06-13,-0.4532013252298877,1.0,1,prime
2026-06-13,-0.6569360151527006,0.9053544093015001,1,subprime
2026-06-13,-0.030503726009809103,0.9343461426915741,1,subprime
2026-06-13,1.8165371098605607,1.0,1,prime
2026-06-13,-0.10214878441416801,1.0,1,prime
2026-06-13,-0.3609383439050552,0.9550169515150163,1,prime
2026-06-13,0.18797009860939293,1.0,1,prime
2026-06-13,-0.9185821791709888,0.07493077516603086,0,prime
2026-06-13,0.06941746749692744,1.0,1,prime
2026-06-13,0.35989254404683285,0.0,0,prime
2026-06-13,0.3752238707404456,0.95542733767372,1,prime
2026-06-13,0.10196981518832786,0.0,0,prime
2026-06-13,-1.0281343466959203,1.0,1,prime
2026-06-13,0.5207688349632064,0.0,0,prime
2026-06-13,-0.2362433607608555,0.0,0,prime
2026-06-13,-0.4674499895943831,0.0,0,prime
2026-06-13,0.31706621451107053,0.0,0,prime
2026-06-13,-1.755643023434688,0.0,0,prime
2026-06-13,0.6096586724083143,0.09701672072172474,0,subprime
2026-06-13,-0.967640437053983,1.0,1,prime
2026-06-13,1.5122495333594492,1.0,1,prime
2026-06-13,-1.9177115869130459,0.0,0,prime
2026-06-13,0.5468186948140223,0.0,0,prime
2026-06-13,-0.6021627471904205,1.0,1,prime
2026-06-13,0.0731047059576271,1.0,1,prime
2026-06-13,-0.6416304697179243,0.8179941410749363,1,prime
2026-06-13,-1.4362492858875457,0.15909043422042882,0,subprime
2026-06-13,-0.042319010271844794,0.16951948408041845,0,subprime
2026-06-13,-0.0241176470525893,0.0,0,prime
2026-06-13,-0.6159809201918774,0.0,0,prime
2026-06-13,-0.6192325382057434,0.03650874961199582,0,subprime
2026-06-13,0.37778300113591295,1.0,1,prime
2026-06-13,0.42718298099071017,1.0,1,prime
2026-06-13,-0.7075414375545362,0.0,0,prime
2026-06-13,-0.5978269949971986,0.9746299094467443,1,subprime
2026-06-13,-0.9819918787764597,0.9426548961964646,1,subprime
2026-06-13,-0.5667015714202084,0.04828868631653441,0,subprime
2026-06-13,0.03314698487957519,0.015985813961283582,0,prime
2026-06-13,1.5048731737208518,1.0,1,prime
2026-06-13,-0.7493340103842432,1.0,1,prime
2026-06-13,-1.4963061406340565,0.06384783132612915,0,prime
2026-06-13,1.177358663939349,0.6683152898631773,1,subprime
2026-06-13,0.6343770614186891,0.02663015799197818,0,prime
2026-06-13,1.444644559846159,0.8615985286246015,1,subprime
2026-06-13,-0.0030936084464678695,0.011889094338147763,0,prime
2026-06-13,-0.9897294465971194,0.0,0,prime
2026-06-13,0.2997096881007003,1.0,1,prime
2026-06-13,0.9738717266465516,0.8960064052242478,1,subprime
2026-06-13,-0.7658331401889993,1.0,1,prime
2026-06-13,0.6625705087229715,0.9197265639243679,1,subprime
2026-06-13,0.17667696827511745,1.0,1,prime
2026-06-13,-0.8136113071610604,0.11501844566362424,0,subprime
2026-06-13,-1.8370633105588734,0.0,0,prime
2026-06-13,0.40867425953781966,0.08833104160501637,0,prime
2026-06-13,0.9603129816657308,0.9548884770209632,1,subprime
2026-06-13,1.4672484620249666,0.9880527948466238,1,prime
2026-06-13,-2.1339466860105487,0.0,0,prime
2026-06-13,-0.8315101522942292,1.0,1,prime
2026-06-13,-0.4397962406920035,0.0,0,prime
2026-06-13,0.40205382572445286,1.0,1,subprime
2026-06-13,-1.810721986538684,0.0,0,prime
2026-06-13,-0.275699835672294,0.0,0,prime
2026-06-13,-0.021608638350898855,1.0,1,subprime
2026-06-13,-0.1929612048116951,0.9751505006317092,1,prime
2026-06-13,1.0498646534328333,0.1356049084990127,0,subprime
2026-06-13,0.5716196553694235,0.0,0,prime
2026-06-13,0.8179678051206566,0.935600869110153,1,subprime
2026-06-13,1.120018244277448,0.039267773268928274,0,prime
2026-06-13,-0.6044675858413671,0.0,0,prime
2026-06-13,-1.2576619451534705,0.0,0,prime
2026-06-13,1.732125729859936,1.0,1,prime
2026-06-13,-0.5163070250047876,1.0,1,prime
2026-06-13,-1.1972783928755015,0.9364566916082965,1,prime
2026-06-13,0.1999684866296724,0.002047900141728398,0,prime
2026-06-13,0.9568630530997431,1.0,1,prime
2026-06-13,-2.3432065921510468,0.0,0,prime
2026-06-13,0.16440608658105982,1.0,1,prime
2026-06-13,-0.6691143323959297,1.0,1,subprime
2026-06-13,0.5310574097005156,0.0,0,prime
2026-06-13,-0.5148378506520354,0.0,0,prime
2026-06-13,-0.16940718982792563,1.0,1,prime
2026-06-13,1.0943827900366647,1.0,1,prime
2026-06-13,-0.24940084632604456,1.0,1,prime
2026-06-13,1.520842445214739,0.007247414289785481,0,prime
2026-06-13,-0.47650175109239795,0.0,0,prime
2026-06-13,-0.17785102991669705,0.9365535428496652,1,prime
2026-06-13,1.7732927496862274,1.0,1,prime
2026-06-13,-0.05461757630795845,0.1257878053522709,0,subprime
2026-06-13,-0.36866626723554213,0.0,0,prime
2026-06-13,-0.7904033979909107,0.0,0,prime
2026-06-13,-2.456682259860437,0.057912304338988245,0,subprime
2026-06-13,0.8096513231167348,0.992358329066715,1,prime
2026-06-13,0.05185928776428655,0.0,0,prime
2026-06-13,0.5333103200779882,1.0,1,prime
2026-06-13,-0.2537649612676398,0.0,0,prime
2026-06-13,2.699400872962286,0.9809542444887636,1,prime
2026-06-13,1.035332794745857,1.0,1,prime
2026-06-13,-1.2532516370465774,0.7907864372982341,1,subprime
2026-06-13,0.9163729009165973,1.0,1,subprime
2026-06-13,-0.13358312934673974,0.8594480045012731,1,subprime
2026-06-13,0.8415106661029491,0.037393976962259406,0,prime
2026-06-13,0.5172116772243535,0.8275359553132117,1,subprime
2026-06-13,0.5491949348723074,0.0,0,prime
2026-06-13,0.9439974217770584,0.14680135283206136,0,subprime
2026-06-13,0.6004940907172883,0.09558825915412812,0,subprime
2026-06-13,-0.766725296410732,0.9383176741308322,1,subprime
2026-06-13,0.4387504222314224,0.938640884137604,1,prime
2026-06-13,1.088799512698197,1.0,1,prime
2026-06-13,1.1650646273400949,0.7910321296039516,1,subprime
2026-06-13,-0.4597778900603552,0.08814571290887943,0,prime
2026-06-13,-1.0452473627173413,1.0,1,prime
2026-06-13,1.9479383484875112,0.9702276424316139,1,subprime
2026-06-13,0.3160954998803094,0.0,0,prime
2026-06-13,-2.1452298779060137,1.0,1,prime
2026-06-13,0.5879737729905081,1.0,1,prime
2026-06-13,-0.37396029384465684,0.042005393046780436,0,subprime
2026-06-13,-0.2696088766661036,0.03439709080601569,0,prime
2026-06-13,2.385275434060161,0.02953740287079648,0,prime
2026-06-13,0.9045336819672886,1.0,1,prime
2026-06-13,1.3273197699150685,0.8879951648668195,1,prime
2026-06-13,-0.983937637224736,1.0,1,subprime
2026-06-13,1.0795951357529003,0.17347575690409156,0,subprime
2026-06-13,0.07588162195180698,0.06841023579330549,0,subprime
2026-06-13,-0.02237313585697784,0.8445774841978886,1,prime
2026-06-13,-0.7208558871873227,0.9950470634887809,1,subprime
2026-06-13,1.6809756444635877,0.8133915202834169,1,subprime
2026-06-13,1.407404744513089,0.04620935832145687,0,prime
2026-06-13,0.7527928309333967,0.6599545754098955,1,subprime
2026-06-13,-1.933232288972087,0.7293304382040302,1,subprime
2026-06-13,0.8109641771179475,1.0,1,prime
2026-06-13,0.6274736941773634,0.8873133786372381,1,subprime
2026-06-13,-0.31760255657328385,1.0,1,prime
2026-06-13,1.398464725300551,0.0,0,prime
2026-06-13,-0.5912211448435061,0.07164631552982861,0,subprime
2026-06-13,-1.6035001934467883,0.0,0,prime
2026-06-13,-1.0468324482640303,0.0,0,subprime
2026-06-13,1.0428954376306558,1.0,1,prime
2026-06-13,-0.33843471306132644,0.0,0,prime
2026-06-13,-0.6420857103896366,1.0,1,prime
2026-06-13,-0.6068326119524974,1.0,1,prime
2026-06-13,1.3018339867524675,0.0,0,prime
2026-06-13,1.3855608538768502,1.0,1,prime
2026-06-13,0.15371854863259643,0.0,0,prime
2026-06-13,-0.40963645903170454,0.020863970695922107,0,prime
2026-06-13,-2.2779530010119275,1.0,1,prime
2026-06-13,-0.008714604030470073,0.025588800841840523,0,subprime
2026-06-13,-1.4205398649777765,1.0,1,prime
2026-06-13,-1.6956839043793157,0.010586971749575083,0,subprime
2026-06-13,-1.102679631835922,0.9874565148027101,1,prime
2026-06-13,1.6477944400789546,0.118265754906486,0,subprime
2026-06-13,-0.4951054984901657,0.0,0,prime
2026-06-13,-0.10035468743329115,0.0,0,prime
2026-06-13,0.7165043814051103,0.9357704463499807,1,prime
2026-06-13,-0.16145832812428645,0.8703799292699599,1,subprime
2026-06-13,0.4262801646389978,1.0,1,prime
2026-06-13,-0.9272263469796079,0.0,0,prime
2026-06-13,1.3333763703006096,0.8606144808840039,1,subprime
2026-06-13,0.2381412443896072,1.0,1,prime
2026-06-13,1.3301979263838648,0.10369359450584101,0,subprime
2026-06-13,0.8671016961426443,1.0,1,prime
2026-06-13,1.377284009782948,0.0,0,prime
2026-06-13,0.7775364301600188,0.0,0,prime
2026-06-13,-0.609287399975767,0.0,0,prime
2026-06-13,-0.6765158755842408,0.0,0,prime
2026-06-13,0.9786563565792094,0.8240568171889232,1,subprime
2026-06-13,-0.2805353099700087,0.0,0,prime
2026-06-13,0.6954340006063301,1.0,1,prime
2026-06-13,0.006152029831659531,0.0,0,subprime
2026-06-13,0.14247503184941637,0.0,0,prime
2026-06-13,-0.674986395057671,0.03332755653026401,0,prime
2026-06-13,0.22066713476022937,1.0,1,prime
2026-06-13,-1.424605886805295,0.8746862365149173,1,subprime
2026-06-13,-0.21216674997669066,0.007285633155661608,0,prime
2026-06-13,0.9168775656174322,0.0011439277350748234,0,prime
2026-06-13,0.7932172627960186,0.1851177182077709,0,subprime
2026-06-13,-0.18016791251274988,0.0,0,prime
2026-06-13,-0.555922844789577,1.0,1,prime
2026-06-13,0.38011279332574777,0.9492409721942048,1,prime
2026-06-13,-0.8923888952767373,0.0,0,prime
2026-06-13,0.5593398198960615,0.0,0,prime
2026-06-13,0.39604675643243487,1.0,1,subprime
2026-06-13,-0.18681856723835535,0.0,0,subprime
2026-06-13,-0.4126908423018375,1.0,1,prime
2026-06-13,-1.3266629872798623,1.0,1,prime
2026-06-13,-0.06490118720554389,1.0,1,prime
2026-06-13,-0.2985440106087887,0.9011852892364354,1,prime
2026-06-13,-0.6184194351258205,0.0,0,prime
2026-06-13,0.9534165618521576,0.0,0,subprime
2026-06-13,0.72589121449021,1.0,1,prime
2026-06-13,1.5287007410126907,0.9437477247529114,1,subprime
2026-06-13,-1.4707608799764291,0.0,0,prime
2026-06-13,1.3232184428865374,1.0,1,prime
2026-06-13,0.0106104934158586,0.017484123628823664,0,prime
2026-06-13,0.21541040011716225,0.0,0,prime
2026-06-13,1.1408997242778949,1.0,1,prime
2026-06-13,0.04866657580244059,0.0,0,prime
2026-06-13,-0.4584440843008098,0.8768860164841246,1,subprime
2026-06-13,1.2644795675612457,1.0,1,prime
2026-06-13,1.8064213739267156,0.0,0,prime
2026-06-13,0.017864368206624223,1.0,1,prime
2026-06-13,-0.5714155054998922,1.0,1,prime
2026-06-13,0.3448270139188622,0.0,0,prime
2026-06-13,-0.16936980114477276,1.0,1,prime
2026-06-13,2.380950712874836,0.0,0,prime
2026-06-13,1.9395668939052473,0.0,0,prime
2026-06-13,-0.0028361443391277095,0.0,0,prime
2026-06-13,1.287441832528044,0.0,0,prime
2026-06-13,0.6067714081307772,1.0,1,prime
2026-06-13,-0.21398552201490312,0.9265058508948759,1,subprime
2026-06-13,0.6265133962094869,1.0,1,prime
2026-06-13,0.5204752523403358,1.0,1,prime
2026-06-13,1.0457674825473067,0.0,0,prime
2026-06-13,-0.9359268395789024,0.0,0,prime
2026-06-13,0.3780078720373892,0.005704939243573459,0,subprime
2026-06-13,-0.41603330103340785,0.0,0,prime
2026-06-13,0.5963908143054395,0.15934785010247104,0,subprime
2026-06-13,-1.2716888417544554,0.14866959078412512,0,subprime
2026-06-13,0.48505594194273693,1.0,1,prime
2026-06-13,0.9268650152301449,0.0,0,prime
2026-06-13,0.8818874551557381,0.30220439841972546,0,subprime
2026-06-13,0.2961973874771033,0.0,0,prime
2026-06-13,-2.0241888876824823,1.0,1,prime
2026-06-13,0.5234546070763643,0.19439004095379214,0,subprime
2026-06-13,0.6269784206747407,1.0,1,prime
2026-06-13,0.16235195454724397,0.9582273341978461,1,prime
2026-06-13,0.07730372854430673,0.005643622379360502,0,prime
2026-06-13,-0.31460995669805814,0.0,0,prime
2026-06-13,-0.8599360243724163,1.0,1,prime
2026-06-13,0.6538283345564482,0.9235426351711362,1,prime
2026-06-13,0.8485346424870472,0.0,0,prime
2026-06-13,-0.09625069288783487,0.0,0,prime
2026-06-14,-0.49793663305273417,0.869673691740188,1,subprime
2026-06-14,-0.6380247383073803,0.9180756172000615,1,subprime
2026-06-14,-0.32474331232431936,0.0,0,prime
2026-06-14,0.1589893928116215,0.14135670973396874,0,subprime
2026-06-14,0.7583549787955471,0.0,0,prime
2026-06-14,0.3813225596277911,0.11596866362149752,0,subprime
2026-06-14,-0.6297285231602244,0.18359420055653752,0,subprime
2026-06-14,2.0020020189045087,0.0,0,prime
2026-06-14,-0.007641565884601676,0.0,0,prime
2026-06-14,0.5613964679474439,0.16559617897854403,0,subprime
2026-06-14,0.2617531487553698,0.0,0,prime
2026-06-14,1.5351252423332271,0.1866294141674919,0,subprime
2026-06-14,-0.2556514988715369,0.12577827850273132,0,subprime
2026-06-14,0.7171962058981004,1.0,1,prime
2026-06-14,-0.2692728951425812,0.0,0,prime
2026-06-14,-0.45430907994463837,0.0,0,prime
2026-06-14,2.104371570278124,1.0,1,prime
2026-06-14,-2.236831055987616,0.0,0,prime
2026-06-14,0.6253779839448944,1.0,1,prime
2026-06-14,-0.562590673130348,0.11443116220770894,0,subprime
2026-06-14,0.8469005858817267,0.8560968038389924,1,subprime
2026-06-14,-0.5559006431530709,0.29137393284853874,0,subprime
2026-06-14,-0.30535217409353754,0.0,0,prime
2026-06-14,-0.08492975640006768,0.7630503937235648,1,subprime
2026-06-14,-0.38466888741430005,0.0,0,prime
2026-06-14,-0.45796897960643784,0.831875396551359,1,subprime
2026-06-14,-0.4733291715970358,0.0,0,prime
2026-06-14,-1.28230143243627,0.0,0,prime
2026-06-14,-0.612320494015657,0.960777988714542,1,prime
2026-06-14,-0.673373640315494,0.9432207670932717,1,prime
2026-06-14,-2.101184133539995,0.0,0,prime
2026-06-14,0.2310954612220844,0.0,0,prime
2026-06-14,-1.3382977302579833,0.0,0,prime
2026-06-14,1.324905940304048,1.0,1,prime
2026-06-14,-0.13687745716626318,1.0,1,prime
2026-06-14,0.4666080463460817,1.0,1,prime
2026-06-14,0.8292952897129898,0.0,0,prime
2026-06-14,0.4465152395640593,0.0,0,prime
2026-06-14,1.2429099765304459,1.0,1,prime
2026-06-14,1.1911917842726243,0.0,0,prime
2026-06-14,-0.8181277907784791,0.9365040727552987,1,subprime
2026-06-14,-0.09799062559861857,0.8648017627186585,1,subprime
2026-06-14,-0.5343229681112108,0.9432979109928452,1,subprime
2026-06-14,-0.03143537294121842,0.936780587719103,1,prime
2026-06-14,0.5409784795185559,1.0,1,prime
2026-06-14,-0.145798948885967,0.0,0,prime
2026-06-14,0.1667404723010668,0.0,0,prime
2026-06-14,0.9251999450733679,0.0,0,prime
2026-06-14,-1.328834891825394,0.9063479606948036,1,subprime
2026-06-14,-1.4779945831390604,1.0,1,prime
2026-06-14,0.3088579939389083,1.0,1,prime
2026-06-14,-0.8838831006487248,0.0,0,prime
2026-06-14,-0.6712497846726397,0.9999148641554305,1,subprime
2026-06-14,0.010703102885597927,0.981054078365545,1,prime
2026-06-14,0.964406284930332,0.2540360951069457,0,subprime
2026-06-14,-0.7010682256279457,1.0,1,prime
2026-06-14,1.5247097002475813,1.0,1,prime
2026-06-14,-1.1227768743726882,0.9265053068534962,1,subprime
2026-06-14,0.377001962219483,0.0,0,prime
2026-06-14,0.0003266965911488706,0.9977848513447334,1,prime
2026-06-14,0.005411021165136129,1.0,1,prime
2026-06-14,-0.5613225984851302,0.9400959111923389,1,subprime
2026-06-14,1.0372390161876623,1.0,1,prime
2026-06-14,-0.9356180887349627,0.0,0,prime
2026-06-14,-0.9987879712155215,0.13923760414660946,0,prime
2026-06-14,1.359257877158579,0.983146136061226,1,prime
2026-06-14,1.1027716604479643,0.1546772612956113,0,subprime
2026-06-14,0.35500483529237525,0.0,0,prime
2026-06-14,0.04424548008964538,0.7367551031239539,1,subprime
2026-06-14,0.6993086160847862,0.0,0,prime
2026-06-14,-1.004264600195492,1.0,1,prime
2026-06-14,0.4903762411011689,0.029381359878571295,0,subprime
2026-06-14,0.45477490948174365,0.8682238522010148,1,subprime
2026-06-14,0.831420440776581,1.0,1,prime
2026-06-14,0.7170484720728312,1.0,1,prime
2026-06-14,-1.161748143949883,0.0,0,prime
2026-06-14,-1.165653123695704,0.015249438621611336,0,subprime
2026-06-14,0.8446334205668116,1.0,1,prime
2026-06-14,0.6091186019510145,0.0,0,prime
2026-06-14,-0.3613706424810113,1.0,1,prime
2026-06-14,-0.7887155350773296,1.0,1,prime
2026-06-14,1.3793133316336215,1.0,1,prime
2026-06-14,0.06333018211548502,0.0,0,prime
2026-06-14,-1.0053053368250782,0.9646358099207808,1,subprime
2026-06-14,-0.7197479895819,0.0,0,prime
2026-06-14,-1.5982247175106297,0.0,0,prime
2026-06-14,0.28935993758478695,0.9657480877116763,1,prime
2026-06-14,-0.6945195685976782,0.9307656369588531,1,prime
2026-06-14,-0.9269561776474435,0.9891905858143882,1,subprime
2026-06-14,0.21305489498920277,0.0,0,subprime
2026-06-14,-0.14934828383266452,1.0,1,prime
2026-06-14,1.0198491992766505,1.0,1,prime
2026-06-14,-1.0255450135237836,0.7543860782203335,1,subprime
2026-06-14,-0.3409739473548919,0.9309046708886185,1,subprime
2026-06-14,0.507234580398151,0.8537094127050157,1,subprime
2026-06-14,0.035333053688369954,1.0,1,prime
2026-06-14,1.0925639520524162,1.0,1,prime
2026-06-14,-0.26763989667639776,0.10075148616255059,0,prime
2026-06-14,3.288528727866465,0.8255659803066409,1,subprime
2026-06-14,-1.1580837045325336,0.0,0,prime
2026-06-14,-1.4569425024040108,1.0,1,prime
2026-06-14,-0.16863246703885065,0.1367303110470709,0,subprime
2026-06-14,-0.27527999913285317,0.24448294690297998,0,subprime
2026-06-14,0.6000648207161975,1.0,1,prime
2026-06-14,-1.9116772143188916,0.0558664184289129,0,subprime
2026-06-14,0.5692735562018595,1.0,1,prime
2026-06-14,-0.33238266660681615,1.0,1,prime
2026-06-14,-1.2292152575213513,0.06651512569063234,0,subprime
2026-06-14,-1.33107341722269,0.0,0,prime
2026-06-14,2.1300126660021705,1.0,1,subprime
2026-06-14,1.7941205635452724,1.0,1,prime
2026-06-14,0.29445714909689286,0.0,0,subprime
2026-06-14,0.8524930578905175,0.8408390234337542,1,subprime
2026-06-14,1.9018247236919017,1.0,1,prime
2026-06-14,0.19191550546889,1.0,1,prime
2026-06-14,0.3440544279970179,0.0,0,prime
2026-06-14,-0.6711027969297229,0.8542365785709263,1,subprime
2026-06-14,0.6932539190148284,0.1095057615675584,0,prime
2026-06-14,-2.2440317886108807,0.11146946697689851,0,subprime
2026-06-14,-0.3070946590989566,0.21667171640661986,0,subprime
2026-06-14,0.3594549565297853,1.0,1,prime
2026-06-14,0.20474782409319534,1.0,1,prime
2026-06-14,-0.7925471817186736,0.0,0,prime
2026-06-14,1.1518508134024774,0.0,0,prime
2026-06-14,2.3161919719052677,1.0,1,prime
2026-06-14,1.0205520016058867,1.0,1,prime
2026-06-14,-0.1909949120614329,0.10059621764604754,0,subprime
2026-06-14,-0.11225325473489635,0.12100837207034616,0,subprime
2026-06-14,0.8086401267579347,0.20067289548852563,0,subprime
2026-06-14,-1.8190783403265085,0.9025065471520647,1,subprime
2026-06-14,-2.364692482988359,0.09224780262059881,0,subprime
2026-06-14,-0.5072245624841848,0.15873316909586824,0,subprime
2026-06-14,-0.621013995850785,0.0,0,prime
2026-06-14,-0.20403231172192773,0.19034530941487582,0,prime
2026-06-14,-0.014918775654084818,0.8991095595260878,1,prime
2026-06-14,-0.12139928434591274,0.9858038173484669,1,prime
2026-06-14,0.5720159419233317,0.0,0,prime
2026-06-14,0.22889367935528354,1.0,1,prime
2026-06-14,1.2914644157101831,0.7160041760852478,1,subprime
2026-06-14,0.3964309645373273,0.8464005170919079,1,subprime
2026-06-14,-0.819098212764855,0.0,0,prime
2026-06-14,-0.1467611228490503,0.0,0,prime
2026-06-14,0.6473358830545684,0.9364030709180879,1,subprime
2026-06-14,1.6210471518867482,0.9925653068769686,1,subprime
2026-06-14,-1.8864494982370572,0.0,0,prime
2026-06-14,-0.44446948364898725,1.0,1,prime
2026-06-14,-0.7726399295024617,1.0,1,prime
2026-06-14,-0.5714949526872676,1.0,1,prime
2026-06-14,-1.6254799932217332,0.9027700933976626,1,prime
2026-06-14,-0.5407622039673883,0.0,0,subprime
2026-06-14,-0.2923561986722414,0.0,0,prime
2026-06-14,-0.3942279350677986,0.16992676754101133,0,prime
2026-06-14,-0.588332602826646,0.0,0,prime
2026-06-14,-0.004640662624798674,1.0,1,subprime
2026-06-14,-0.8141262798316472,0.9511787090279532,1,subprime
2026-06-14,0.04278858901442309,0.16633965703230014,0,subprime
2026-06-14,-0.8840470585408796,0.9969697248958805,1,prime
2026-06-14,-1.9281895166156167,0.1273099113880309,0,subprime
2026-06-14,-0.052825367706779265,0.8795103932225944,1,prime
2026-06-14,-0.4397129097248268,0.0,0,prime
2026-06-14,-0.38422593398130667,0.9998360054780657,1,prime
2026-06-14,0.128413949949062,0.0,0,prime
2026-06-14,-0.5272062798651396,1.0,1,prime
2026-06-14,0.5056143339634959,1.0,1,prime
2026-06-14,0.7412349820432109,0.9748636945630652,1,subprime
2026-06-14,0.031375583240830875,0.0,0,prime
2026-06-14,0.1373039848308458,0.14848810210476693,0,subprime
2026-06-14,0.02740007756977689,0.8512238481668767,1,prime
2026-06-14,0.2835231883821068,0.0,0,prime
2026-06-14,1.7343143829269847,1.0,1,prime
2026-06-14,-0.6727318549589802,1.0,1,prime
2026-06-14,-2.2195761102424023,1.0,1,prime
2026-06-14,-0.32467125454626594,0.0,0,prime
2026-06-14,-0.8693940215713134,1.0,1,prime
2026-06-14,0.7505416696684998,1.0,1,prime
2026-06-14,0.21311726452195945,1.0,1,prime
2026-06-14,0.3674739955731681,1.0,1,prime
2026-06-14,-0.737660637047292,0.0,0,prime
2026-06-14,-0.546640609090811,0.0,0,prime
2026-06-14,-0.7858368104805352,1.0,1,prime
2026-06-14,-0.787385531315294,0.0,0,prime
2026-06-14,-0.6868452547500706,1.0,1,prime
2026-06-14,0.5338444373728665,0.8019538415020285,1,subprime
2026-06-14,0.6751112420010696,0.8195603160164617,1,subprime
2026-06-14,-1.1873585587399555,0.943384473006004,1,subprime
2026-06-14,-0.05376495405745141,0.8170795864160959,1,subprime
2026-06-14,-0.5740950178979558,1.0,1,prime
2026-06-14,-1.1227393404940669,1.0,1,prime
2026-06-14,-0.2892382185106327,0.13272404912048888,0,subprime
2026-06-14,-0.03803249410659764,0.01532707638720665,0,subprime
2026-06-14,0.5174137952675432,0.0,0,prime
2026-06-14,-1.0944137896786281,0.0,0,prime
2026-06-14,0.4444023395137558,0.0,0,subprime
2026-06-14,0.7782819579262424,0.7360219500216865,1,subprime
2026-06-14,0.10124478084744867,0.0,0,prime
2026-06-14,-1.7438784662803932,0.0,0,prime
2026-06-14,0.1583333689006038,0.0,0,prime
2026-06-14,-0.1355638263964351,0.0,0,prime
2026-06-14,-1.077305871283271,0.07340470586001238,0,subprime
2026-06-14,-0.41802788179500466,0.0,0,prime
2026-06-14,1.9460252050964018,0.060941991795003765,0,subprime
2026-06-14,1.0727574598917322,1.0,1,prime
2026-06-14,-0.43073472997817747,0.0,0,prime
2026-06-14,-0.4964591191876818,0.9960870985227344,1,prime
2026-06-14,0.2603241463517069,0.0,0,prime
2026-06-14,-0.9953112822219834,0.8441556876037827,1,subprime
2026-06-14,0.1586204740468858,0.9671937693260243,1,subprime
2026-06-14,-2.4434963044038778,0.0,0,prime
2026-06-14,-0.46276551436219976,1.0,1,prime
2026-06-14,-0.22447576127453334,1.0,1,prime
2026-06-14,0.5229929954533925,0.0,0,prime
2026-06-14,0.2885615342994213,0.9789666476285043,1,prime
2026-06-14,0.09521659598431668,1.0,1,prime
2026-06-14,0.1780127625828846,0.0,0,prime
2026-06-14,0.6659060363204568,0.859797766351714,1,subprime
2026-06-14,-0.12566875217559886,1.0,1,prime
2026-06-14,-0.4675994015244744,0.0,0,prime
2026-06-14,1.609853108328531,0.1368412512166211,0,subprime
2026-06-14,-0.6342281198596829,0.0,0,prime
2026-06-14,-0.03352097370967727,0.0,0,prime
2026-06-14,-0.19080736667732393,0.0,0,prime
2026-06-14,-1.0273932594818236,1.0,1,prime
2026-06-14,1.1432872723902194,0.9042813041358435,1,subprime
2026-06-14,0.5194576905082112,1.0,1,prime
2026-06-14,0.36001738579890136,0.3156859462797086,0,subprime
2026-06-14,-0.46512336581460656,1.0,1,prime
2026-06-14,0.7942564429176125,1.0,1,prime
2026-06-14,-0.49269324001767445,0.0,0,prime
2026-06-14,0.9953403290229886,0.0,0,prime
2026-06-14,-0.42349400230049744,0.0,0,subprime
2026-06-14,0.13853457852536905,0.0,0,prime
2026-06-14,-0.18275026281694187,1.0,1,prime
2026-06-14,-0.15757666152829902,0.1399201712412983,0,prime
2026-06-14,-0.7968225826259099,0.0,0,prime
2026-06-14,-1.5288561794871283,1.0,1,prime
2026-06-14,0.014141458969644614,0.02179630480904836,0,subprime
2026-06-14,1.150072289290056,0.0,0,prime
2026-06-14,-0.6221459725821684,0.0,0,prime
2026-06-14,-0.6124406558091392,0.023107474147058216,0,subprime
2026-06-14,-2.2621621683200774,0.9916722301517844,1,prime
2026-06-14,-0.9270345485453833,0.6130466523882534,1,subprime
2026-06-14,0.06993598508544814,1.0,1,prime
2026-06-14,-0.7538056705652161,1.0,1,prime
2026-06-14,-0.5357866099398282,1.0,1,prime
2026-06-14,-0.5165997625127521,0.9123473735785339,1,prime
2026-06-14,-1.6718127633659416,0.0,0,prime
2026-06-14,-1.440625970236324,1.0,1,prime
2026-06-14,1.4532456258323183,1.0,1,prime
2026-06-14,1.0627751419985332,0.19775070032748737,0,subprime
2026-06-14,1.1804758045938113,0.9985940076526385,1,prime
2026-06-14,-0.4853112174527496,0.0,0,prime
2026-06-14,-0.2913770462815082,0.04729041382846068,0,subprime
2026-06-14,0.09590506896273791,0.0,0,prime
2026-06-14,-0.17167791778383576,0.0,0,prime
2026-06-14,1.3972250332548322,1.0,1,prime
2026-06-14,-1.0044672969757606,0.9689026870929589,1,subprime
2026-06-14,0.9172690148227053,0.9300026042365348,1,subprime
2026-06-14,-1.8974703568425895,1.0,1,subprime
2026-06-14,0.8114261533495873,1.0,1,prime
2026-06-14,0.6636906390546468,0.0,0,prime
2026-06-14,-0.0765235147080842,0.0,0,prime
2026-06-14,0.5371159391700729,0.9897139793209453,1,subprime
2026-06-14,0.396901797973955,0.0,0,prime
2026-06-14,1.4911170223776264,0.0,0,prime
2026-06-14,0.7242245656554346,1.0,1,prime
2026-06-14,0.8101477789249062,1.0,1,prime
2026-06-14,-0.42834135412841995,0.17016522083976146,0,subprime
2026-06-14,-0.22320192983088016,0.0,0,prime
2026-06-14,0.9340429247869221,0.0,0,prime
2026-06-14,-1.7461225045675701,1.0,1,prime
2026-06-14,-0.3254637691018312,0.0,0,prime
2026-06-14,-0.36451162646176777,1.0,1,prime
2026-06-14,1.3839873824057447,0.8113536487700777,1,subprime
2026-06-14,0.23806666682304256,0.04299611759849589,0,subprime
2026-06-14,-1.5237572241197712,0.7616263437087865,1,subprime
2026-06-14,-0.7918646892947171,0.7069438505281798,1,subprime
2026-06-14,-0.990627237462309,1.0,1,prime
2026-06-14,-1.645911385104306,0.14201626871776918,0,subprime
2026-06-14,0.6878647131526964,0.002525129015087474,0,subprime
2026-06-14,-0.21525965896267618,0.028693857017538432,0,prime
2026-06-14,0.7412603899745432,0.9630177850600398,1,prime
2026-06-14,-1.0322061026396587,0.0,0,prime
2026-06-14,1.1977545045879354,1.0,1,prime
2026-06-14,-1.7257523990239214,1.0,1,prime
2026-06-14,0.9146515132796195,0.7232175800612275,1,subprime
2026-06-14,-0.15085992058172928,0.14509571817605138,0,subprime
2026-06-14,0.9182704164405028,1.0,1,prime
2026-06-14,-0.722200260403911,0.2531166205656722,0,subprime
2026-06-14,-0.18780383711174206,0.0,0,prime
2026-06-14,-0.7038172233523567,0.0,0,prime
2026-06-14,-0.2524405669545111,0.0,0,prime
2026-06-14,-0.5271244231690545,1.0,1,prime
2026-06-14,-1.634161359472307,1.0,1,subprime
2026-06-14,-0.9517000704469113,1.0,1,prime
2026-06-14,1.1383778704054772,0.0,0,prime
2026-06-14,-0.36190042270557804,0.883244854238131,1,subprime
2026-06-14,0.5466622255535439,1.0,1,prime
2026-06-14,1.7727755403001464,0.0,0,subprime
2026-06-14,0.21598665531825112,0.0,0,prime
2026-06-14,0.9528634273813225,0.009009655043417164,0,prime
2026-06-14,-0.7125388071091283,0.0,0,prime
2026-06-14,0.7971045554105262,0.0,0,prime
2026-06-14,0.8075204586261472,0.043480426527656366,0,subprime
2026-06-14,1.9645956840621641,1.0,1,prime
2026-06-14,-0.8280961207591919,0.0,0,prime
2026-06-14,-0.14264840447537494,0.0,0,prime
2026-06-14,0.40207886229329487,0.13002387194329568,0,subprime
2026-06-14,1.8839476221618965,1.0,1,prime
2026-06-14,-0.05919814476908625,0.10846562547009136,0,subprime
2026-06-14,-0.1027857839291763,0.0,0,prime
2026-06-14,1.808721013315722,0.0,0,prime
2026-06-14,0.7211283747722078,0.288316676596211,0,subprime
2026-06-14,-0.08913464287347118,0.0,0,prime
2026-06-14,-0.07190080735579746,1.0,1,prime
2026-06-14,0.17988153664104975,0.9426710202264095,1,prime
2026-06-14,-1.7692999203756452,0.08399521158195813,0,prime
2026-06-14,-1.5890595468909536,0.0,0,prime
2026-06-14,-0.9680391222472869,0.9918893780030966,1,subprime
2026-06-14,1.0387447118076325,0.06356266959002625,0,subprime
2026-06-14,0.9899869689885856,0.0,0,prime
2026-06-14,-0.13985793738887384,0.0,0,prime
2026-06-14,-0.728206809454346,1.0,1,prime
2026-06-14,-1.2267148140439998,1.0,1,prime
2026-06-14,-0.7410700893905585,0.19083925600685397,0,subprime
2026-06-14,-0.3284455469701356,0.10024870452354481,0,subprime
2026-06-14,0.5488004915884964,0.0,0,prime
2026-06-14,0.3032472189865841,0.9259304579254548,1,subprime
2026-06-14,0.10602444711525051,0.824395857164001,1,subprime
2026-06-14,-0.22894979373475258,0.08374120148139344,0,subprime
2026-06-14,0.5773439766607693,0.9794550763855618,1,subprime
2026-06-14,-0.17629533251561944,1.0,1,prime
2026-06-14,0.6511383793413487,0.0,0,prime
2026-06-14,1.2745489010694075,0.0,0,prime
2026-06-14,-1.5431114894400728,0.0,0,prime
2026-06-14,0.6010513516679307,1.0,1,prime
2026-06-14,0.10833581308742728,1.0,1,prime
2026-06-14,-0.7037403105782241,1.0,1,prime
2026-06-14,-0.15469031850180506,0.0,0,prime
2026-06-14,0.5282372454080414,1.0,1,prime
2026-06-14,-0.6010869514429369,0.0,0,prime
2026-06-14,-0.249525579298397,0.2876736374971814,0,subprime
2026-06-14,0.690729225591869,0.8426533866878395,1,subprime
2026-06-14,1.2528894931768986,0.0,0,prime
2026-06-14,0.4605327629937729,1.0,1,prime
2026-06-14,-0.3760383431653045,0.0,0,prime
2026-06-14,-0.23722078115612577,1.0,1,prime
2026-06-14,0.4920982257337759,1.0,1,prime
2026-06-14,-0.996222447922908,0.7779485915129466,1,subprime
2026-06-14,2.0966216077297912,0.9484527799355051,1,subprime
2026-06-14,0.11686318045885447,0.013231225911798941,0,subprime
2026-06-14,-0.4666246672179849,1.0,1,prime
2026-06-14,0.5783569960085162,0.9271776645651547,1,subprime
2026-06-14,-0.47250317352706067,0.7688681283388559,1,subprime
2026-06-14,0.019456509149396256,0.0,0,prime
2026-06-14,0.18501166544027797,0.0,0,subprime
2026-06-14,-0.19862907205793073,0.19097713845463232,0,subprime
2026-06-14,0.3751941846502976,0.8474440313344803,1,subprime
2026-06-14,0.8299084520766022,1.0,1,prime
2026-06-14,0.42177468356564896,0.9611460908253138,1,subprime
2026-06-14,0.2870439382541368,0.0,0,prime
2026-06-14,-0.425671995993298,0.0,0,prime
2026-06-14,-1.1900098837991717,0.016141306932425173,0,prime
2026-06-14,0.9840851241848821,1.0,1,prime
2026-06-14,-1.382675738766544,1.0,1,prime
2026-06-14,-0.04654528966959867,0.0,0,prime
2026-06-14,0.3159037992613586,0.0,0,prime
2026-06-14,-1.0200909319440712,0.011411514213759757,0,subprime
2026-06-14,0.31566684758806235,1.0,1,prime
2026-06-14,0.9224156685487704,0.0,0,prime
2026-06-14,0.7448115826480217,0.0,0,prime
2026-06-14,0.06984364544145892,0.0,0,prime
2026-06-14,-0.10914000136632926,0.7920034435273627,1,subprime
2026-06-14,-0.2930658781520617,0.12079814101895463,0,subprime
2026-06-14,1.4826842292425475,1.0,1,prime
2026-06-14,-1.078169895774965,1.0,1,prime
2026-06-14,0.606884260073499,0.0,0,subprime
2026-06-14,1.5557169882506483,0.0,0,prime
2026-06-14,0.18336036121353716,0.18907747019646726,0,subprime
2026-06-14,-1.448721311814033,1.0,1,prime
2026-06-14,-1.2804461128227056,1.0,1,prime
2026-06-14,-0.12761385030554998,1.0,1,prime
2026-06-14,-0.1974400489556974,1.0,1,prime
2026-06-14,0.2774190428805222,0.0,0,prime
2026-06-14,0.7411644777233257,0.0,0,prime
2026-06-14,0.688169665615682,0.0,0,prime
2026-06-14,1.5248200167071007,0.9691392951675062,1,subprime
2026-06-14,-1.3832097613681331,0.0,0,prime
2026-06-14,2.3773335054706193,0.22046984253926977,0,subprime
2026-06-14,-0.8233601918940106,0.8772269426213158,1,subprime
2026-06-14,-0.1329234415057214,0.0,0,prime
2026-06-14,-0.900952059913357,0.0,0,prime
2026-06-14,-0.10505599977270136,0.9460742510663145,1,subprime
2026-06-14,0.024362506221633568,1.0,1,prime
2026-06-14,-0.05339699855419832,0.2655166418216851,0,subprime
2026-06-14,0.7969583819415653,0.0,0,prime
2026-06-14,1.7041267377352607,1.0,1,prime
2026-06-14,-0.9328062590657904,0.0,0,prime
2026-06-14,0.22063836662073275,0.0,0,prime
2026-06-14,-0.20129618173589553,0.8731406890329325,1,prime
2026-06-14,-0.10128151174797494,0.0,0,prime
2026-06-15,-1.4302392228290617,1.0,1,prime
2026-06-15,-0.855756557814362,0.0,0,prime
2026-06-15,-0.5016790621924585,0.02857822584968714,0,prime
2026-06-15,0.09230600545050208,0.0,0,prime
2026-06-15,-0.8761639302349528,0.15932623964646625,0,subprime
2026-06-15,1.207006054193161,1.0,1,prime
2026-06-15,2.138036656436434,0.9930419405901163,1,subprime
2026-06-15,0.2142083952638601,0.0,0,prime
2026-06-15,-0.7499460757134778,0.0,0,prime
2026-06-15,-1.5010015609698963,0.031132963387352053,0,prime
2026-06-15,0.4270739726326875,1.0,1,prime
2026-06-15,-1.028102418201755,0.0,0,prime
2026-06-15,0.9178595494526351,1.0,1,prime
2026-06-15,-0.2582927827718454,0.0,0,prime
2026-06-15,-1.3465392488887908,1.0,1,prime
2026-06-15,1.0066560655790529,0.7797994133022466,1,subprime
2026-06-15,-0.5715946706672619,0.0,0,prime
2026-06-15,-0.9488665125875795,1.0,1,prime
2026-06-15,0.444504287186476,1.0,1,prime
2026-06-15,0.2200093336126007,0.1904616620044665,0,subprime
2026-06-15,0.8681224136981184,1.0,1,prime
2026-06-15,2.322893377312531,0.8005368220041137,1,subprime
2026-06-15,-0.8827941232339603,0.9041845776100583,1,subprime
2026-06-15,-0.0777554793414854,0.0,0,prime
2026-06-15,1.6770122393159492,0.8068933396443307,1,subprime
2026-06-15,0.8122602833293721,0.17888566772770298,0,subprime
2026-06-15,0.6753651886170129,0.976730417216404,1,prime
2026-06-15,-0.5666147124814918,1.0,1,prime
2026-06-15,0.5739036961231114,0.10094939986418963,0,subprime
2026-06-15,-0.5927270386762576,0.0,0,subprime
2026-06-15,0.47062422081454885,1.0,1,prime
2026-06-15,-0.06824301696672722,0.1811704803761744,0,subprime
2026-06-15,-1.098292214020884,0.0,0,prime
2026-06-15,-1.0832740675279307,0.1420612892217838,0,subprime
2026-06-15,-0.35797150586737725,0.8118813037470309,1,subprime
2026-06-15,-1.0627641953295794,0.6837268873841422,1,subprime
2026-06-15,0.9624845553675097,1.0,1,prime
2026-06-15,0.696701808607535,0.0,0,prime
2026-06-15,-0.11609586422446345,0.8932340729801789,1,subprime
2026-06-15,-0.05143479595812273,1.0,1,prime
2026-06-15,0.27093270238158573,0.0,0,prime
2026-06-15,-0.2793887683707384,0.0,0,prime
2026-06-15,-0.8847840381180464,0.991754420367455,1,prime
2026-06-15,-1.2328118827283547,0.0,0,prime
2026-06-15,-1.9607129460625328,0.9423441094471801,1,subprime
2026-06-15,0.8383881934727034,0.0,0,subprime
2026-06-15,0.24948470484150093,1.0,1,prime
2026-06-15,-0.1651087617661361,0.9009928414595262,1,subprime
2026-06-15,-1.8403858258994286,0.09417419826767345,0,prime
2026-06-15,0.46743972092562064,0.9611662750520111,1,prime
2026-06-15,0.8524394854999495,1.0,1,prime
2026-06-15,0.825194961592562,1.0,1,prime
2026-06-15,1.1347178395447515,1.0,1,prime
2026-06-15,-1.0742666206678932,0.0,0,prime
2026-06-15,-0.3890418291575696,1.0,1,prime
2026-06-15,-0.09882363525487657,1.0,1,prime
2026-06-15,-0.4586657876518037,0.0,0,prime
2026-06-15,-1.0114777649636013,0.6653386002043522,1,subprime
2026-06-15,0.38296927269246045,1.0,1,prime
2026-06-15,1.1146909526180875,0.0,0,prime
2026-06-15,-0.21143282029263968,1.0,1,prime
2026-06-15,-1.16841610756075,1.0,1,prime
2026-06-15,-1.3508597973789072,0.03365434571980329,0,subprime
2026-06-15,0.06179813521264385,0.0,0,prime
2026-06-15,-1.7362716518318715,1.0,1,prime
2026-06-15,0.9745594198375334,0.0,0,prime
2026-06-15,-1.4232312054172442,1.0,1,prime
2026-06-15,-0.19716935850004966,0.0,0,subprime
2026-06-15,-0.25767675806441326,0.0,0,prime
2026-06-15,0.29689157201696875,0.0,0,prime
2026-06-15,-1.3054482032868258,1.0,1,prime
2026-06-15,0.6648554680126771,0.8722341025702103,1,subprime
2026-06-15,0.7325692418852832,0.0,0,prime
2026-06-15,-0.5900316737232746,1.0,1,prime
2026-06-15,-1.627800788386727,0.004888178455193071,0,prime
2026-06-15,-1.2279105726800033,1.0,1,prime
2026-06-15,0.7669462968232309,0.9750027397797691,1,prime
2026-06-15,-1.5245516160113888,0.0,0,prime
2026-06-15,-0.23727421652492633,0.004087802715594779,0,prime
2026-06-15,-0.7063910461188488,0.15336271852571276,0,subprime
2026-06-15,1.1611568946163429,1.0,1,prime
2026-06-15,-0.09586869338711915,0.057471195587576046,0,subprime
2026-06-15,-0.4278078872423144,0.0,0,prime
2026-06-15,-0.7523647535426231,0.1510738183819002,0,subprime
2026-06-15,-0.2730469489490247,0.8481363030124414,1,subprime
2026-06-15,-0.68783631967823,1.0,1,prime
2026-06-15,1.010615775610672,0.0,0,prime
2026-06-15,1.2222518667968063,1.0,1,prime
2026-06-15,1.1189323304652496,1.0,1,prime
2026-06-15,-0.02293436916816318,1.0,1,prime
2026-06-15,0.50783211860527,0.9252575904623683,1,subprime
2026-06-15,1.2591589196458883,1.0,1,prime
2026-06-15,0.7712621975762918,0.9398211627616413,1,subprime
2026-06-15,-0.5008389248349208,0.6352867086320502,1,subprime
2026-06-15,0.9885548648513098,1.0,1,prime
2026-06-15,2.2990432783220087,0.31283319316452374,0,subprime
2026-06-15,0.1612300353177721,1.0,1,prime
2026-06-15,-0.4937508933297428,0.007876591060936383,0,subprime
2026-06-15,-0.4595024265891706,0.0,0,prime
2026-06-15,0.955571789962217,1.0,1,prime
2026-06-15,0.8715275401917567,0.210352441597981,0,subprime
2026-06-15,0.7879065474751729,0.0,0,prime
2026-06-15,-0.6206387898096607,0.01104930161579079,0,prime
2026-06-15,-0.46633506350946974,0.0,0,prime
2026-06-15,0.6972088033112416,0.0658810448320224,0,subprime
2026-06-15,-2.894948669190485,1.0,1,prime
2026-06-15,1.0131065884651127,0.03356803496495098,0,prime
2026-06-15,-0.13775064643990817,0.30769916107011624,0,subprime
2026-06-15,-0.33076064494453083,0.0,0,prime
2026-06-15,-1.3391182895377711,0.04887855626382043,0,prime
2026-06-15,1.1513918284492783,0.27024799548451295,0,subprime
2026-06-15,-1.027183648199542,0.0,0,prime
2026-06-15,1.9886532208998573,0.881878722621601,1,subprime
2026-06-15,-1.2564160453663358,1.0,1,prime
2026-06-15,-0.8457939306560444,1.0,1,prime
2026-06-15,0.2975018733603974,0.10539712302519229,0,subprime
2026-06-15,-0.08894561010790067,0.982648500277304,1,prime
2026-06-15,-0.2763451752588188,0.15259056426079048,0,subprime
2026-06-15,2.2053431761430646,1.0,1,prime
2026-06-15,0.38051177142217196,0.8527417324257214,1,subprime
2026-06-15,-0.4768847812028168,0.0,0,prime
2026-06-15,-1.720284203989299,0.05955108430816014,0,prime
2026-06-15,-0.5695368393492787,0.0,0,prime
2026-06-15,-1.5083979548017599,1.0,1,prime
2026-06-15,-1.5155241996680138,0.0,0,prime
2026-06-15,-0.1836606161634801,0.9010583598341051,1,subprime
2026-06-15,0.6436942870149204,0.0,0,prime
2026-06-15,-0.6644165675682715,1.0,1,prime
2026-06-15,-0.3319403330579678,0.0,0,prime
2026-06-15,0.9257823680017466,1.0,1,prime
2026-06-15,-0.14744890046531373,1.0,1,prime
2026-06-15,-1.5281792561155783,1.0,1,prime
2026-06-15,0.624879186802512,0.0,0,prime
2026-06-15,0.05237736998633437,0.06548605594823972,0,subprime
2026-06-15,-1.6421419747554564,1.0,1,prime
2026-06-15,-0.046769339817387574,1.0,1,prime
2026-06-15,-0.867074942312872,0.0,0,prime
2026-06-15,-1.0744398806327122,0.0,0,prime
2026-06-15,0.6398490834603354,0.0,0,prime
2026-06-15,-0.08245665590409476,1.0,1,prime
2026-06-15,0.8600918263720166,1.0,1,prime
2026-06-15,0.07490855895178423,0.8578004741149693,1,subprime
2026-06-15,-0.9568537328867923,1.0,1,prime
2026-06-15,-0.32381543245337063,1.0,1,prime
2026-06-15,-1.3663021536978965,0.0,0,prime
2026-06-15,-0.9039998795656281,0.9889777553435461,1,prime
2026-06-15,0.20610267716155778,0.15203611322420038,0,subprime
2026-06-15,-0.40474531217139814,1.0,1,prime
2026-06-15,-0.07897642037163216,0.11383250019503033,0,prime
2026-06-15,-0.500283525705349,0.1562784765627613,0,subprime
2026-06-15,-0.3154680422393325,0.0,0,prime
2026-06-15,0.7603133516082198,0.9945772865833337,1,prime
2026-06-15,0.34104095574298116,0.0,0,prime
2026-06-15,1.2468663037748609,0.0,0,prime
2026-06-15,1.302490601133484,0.0,0,subprime
2026-06-15,0.04733477751381001,0.0,0,prime
2026-06-15,-1.2401637342927967,0.0,0,prime
2026-06-15,-0.16272167614571667,0.0,0,prime
2026-06-15,-0.9798889699426935,0.0,0,prime
2026-06-15,-0.11915521159361138,1.0,1,prime
2026-06-15,-0.09471758712400588,1.0,1,prime
2026-06-15,0.9565342784442185,0.0,0,prime
2026-06-15,-0.5850664673830458,0.8233066070012582,1,subprime
2026-06-15,-0.19038390067439778,0.0,0,prime
2026-06-15,-0.4089595157959531,0.9321971198299144,1,subprime
2026-06-15,-0.5273746011390774,0.0,0,prime
2026-06-15,0.6273063421471242,0.08251177498167206,0,subprime
2026-06-15,-0.8587397793575977,1.0,1,prime
2026-06-15,-1.012371043082772,0.0,0,prime
2026-06-15,-2.1151195529303712,0.2600766375655497,0,subprime
2026-06-15,-0.7058855398827566,0.0,0,prime
2026-06-15,-0.5319831013534401,1.0,1,prime
2026-06-15,-1.1592013728725388,1.0,1,prime
2026-06-15,0.9635296311873123,0.7983601540922485,1,subprime
2026-06-15,-1.0695892028537857,0.0,0,prime
2026-06-15,-0.19523701650307757,0.0421595947887901,0,subprime
2026-06-15,-0.29898932469728345,0.7965389279920582,1,subprime
2026-06-15,0.5385083354208304,0.0,0,prime
2026-06-15,-1.5210915546668142,0.027407213315601503,0,prime
2026-06-15,0.12438406412231878,0.25437491324099365,0,subprime
2026-06-15,-0.645538522329354,1.0,1,prime
2026-06-15,1.7975501827422495,1.0,1,prime
2026-06-15,0.6178173359677784,0.0,0,prime
2026-06-15,-0.8644891399728077,1.0,1,prime
2026-06-15,1.0084775437571034,1.0,1,prime
2026-06-15,0.27527428225511963,0.0,0,subprime
2026-06-15,-0.8840631706494548,1.0,1,prime
2026-06-15,0.9697046081919188,0.0,0,prime
2026-06-15,0.3352629205181699,0.0,0,prime
2026-06-15,-0.8992764194651476,0.23023999129821288,0,subprime
2026-06-15,-1.448326035714362,0.17984029707125002,0,subprime
2026-06-15,-0.9465469261865325,0.03946889875572605,0,subprime
2026-06-15,0.41422376792618737,1.0,1,prime
2026-06-15,-0.812482847512355,1.0,1,prime
2026-06-15,1.2230526190492996,0.8684666980776655,1,subprime
2026-06-15,-0.22496919835433155,0.0,0,prime
2026-06-15,-1.1753117437866187,1.0,1,prime
2026-06-15,-0.4810356196356428,0.0,0,prime
2026-06-15,0.6967634792238349,0.0,0,prime
2026-06-15,-0.1278833746839308,0.0,0,prime
2026-06-15,0.04581021412698866,1.0,1,prime
2026-06-15,-1.224082841758534,1.0,1,prime
2026-06-15,-0.4223100323146911,1.0,1,prime
2026-06-15,0.041364568907796,0.11731235746945123,0,prime
2026-06-15,-1.5620669563948613,0.7989249848309018,1,subprime
2026-06-15,-0.42402815557179263,0.0,0,prime
2026-06-15,0.5327606546289738,0.0,0,prime
2026-06-15,1.2565777863924432,0.8198514861152495,1,subprime
2026-06-15,-0.5659249574775512,0.0,0,prime
2026-06-15,-0.11284192879878156,0.86157168614657,1,subprime
2026-06-15,-0.8351875756708119,1.0,1,prime
2026-06-15,-0.9613080674548874,0.0,0,prime
2026-06-15,-1.100929392851333,0.0,0,prime
2026-06-15,-0.5551069447564052,0.0002965627126890191,0,prime
2026-06-15,0.48664505377849016,1.0,1,prime
2026-06-15,-0.5510926345735476,1.0,1,prime
2026-06-15,0.5229972894991526,1.0,1,prime
2026-06-15,-0.10428727648590674,0.0,0,subprime
2026-06-15,-0.09826655091357302,0.14270420049232174,0,subprime
2026-06-15,-0.21803079990363422,0.8051370018816254,1,subprime
2026-06-15,-0.37762534250397994,0.9361011957134655,1,subprime
2026-06-15,-0.12004825138589338,1.0,1,prime
2026-06-15,1.0425130742568935,1.0,1,prime
2026-06-15,-0.8810198591227579,0.0,0,prime
2026-06-15,-0.30957239940455133,0.8598002136103827,1,subprime
2026-06-15,-0.5197391640006376,0.0,0,prime
2026-06-15,0.6517606011611007,1.0,1,prime
2026-06-15,-0.44319402230659755,1.0,1,prime
2026-06-15,0.5236484341264405,0.0,0,prime
2026-06-15,-1.6481837699634148,0.9495844909742397,1,prime
2026-06-15,-0.5381903974945693,0.7369657638096955,1,subprime
2026-06-15,0.4827263274582193,0.8720023674550523,1,subprime
2026-06-15,-0.10137295939503461,0.001724623441224843,0,subprime
2026-06-15,0.8148046731935407,0.0,0,prime
2026-06-15,1.4118712252293248,0.0,0,prime
2026-06-15,0.47142355375262657,1.0,1,prime
2026-06-15,0.7518859265311373,0.0,0,prime
2026-06-15,0.43687363454871037,0.8232482289226438,1,subprime
2026-06-15,-0.3407234383758441,1.0,1,prime
2026-06-15,0.8877324942515911,0.9922383560876302,1,subprime
2026-06-15,0.4677418189753519,1.0,1,prime
2026-06-15,-0.4199019780891015,1.0,1,prime
2026-06-15,-1.1085643467844608,1.0,1,prime
2026-06-15,0.08467111539656222,0.9661029855666535,1,subprime
2026-06-15,-2.126845679679938,1.0,1,prime
2026-06-15,1.0575783472371332,1.0,1,prime
2026-06-15,-0.4631583032697644,1.0,1,subprime
2026-06-15,0.4213192099251678,0.0,0,prime
2026-06-15,0.7052509510328813,0.0,0,prime
2026-06-15,0.4750242994345045,0.07033296952424917,0,subprime
2026-06-15,1.0867191237878573,0.018310873309371076,0,prime
2026-06-15,0.5061215245857306,0.11125299162126093,0,subprime
2026-06-15,-1.0843397271235435,1.0,1,prime
2026-06-15,0.6412104071146312,0.0,0,prime
2026-06-15,0.9139170217840357,1.0,1,prime
2026-06-15,0.44605781421316454,0.9661709940328268,1,subprime
2026-06-15,-1.4071934432967876,0.1375649144124297,0,subprime
2026-06-15,-0.6344414656737983,0.9452807047309402,1,prime
2026-06-15,-1.4071810142788304,0.0,0,prime
2026-06-15,0.15601140055463283,1.0,1,prime
2026-06-15,1.525647728967868,0.0,0,prime
2026-06-15,1.522526418398833,0.0,0,prime
2026-06-15,1.105159191257766,1.0,1,prime
2026-06-15,-0.08864709515683025,1.0,1,prime
2026-06-15,-0.6482052949029965,1.0,1,prime
2026-06-15,0.6405835263646231,0.0003964202389493132,0,prime
2026-06-15,-0.17004723433521296,0.0,0,prime
2026-06-15,0.04326980121919313,1.0,1,prime
2026-06-15,0.337543642438987,0.16085869827519622,0,subprime
2026-06-15,0.06276298364350112,0.0,0,prime
2026-06-15,0.3414751341120705,0.0,0,prime
2026-06-15,-0.2896277464978968,0.10247024266595847,0,subprime
2026-06-15,-0.4131609883884258,1.0,1,prime
2026-06-15,0.3876887859584528,1.0,1,prime
2026-06-15,0.19621907178520112,0.0,0,prime
2026-06-15,-1.7589235371164684,0.9129868511385874,1,subprime
2026-06-15,-1.4630811574703517,0.9221852282898705,1,subprime
2026-06-15,0.48176937607993653,0.10148313357840433,0,subprime
2026-06-15,-0.32010564945142933,1.0,1,prime
2026-06-15,0.5286934757866986,0.0,0,prime
2026-06-15,-0.7628574310565356,1.0,1,prime
2026-06-15,-0.23415211712628364,1.0,1,prime
2026-06-15,1.387198677634999,0.18945643716183225,0,subprime
2026-06-15,-1.0661187023878267,0.0,0,prime
2026-06-15,1.6369041798179556,0.730633627639227,1,subprime
2026-06-15,-1.050667681435146,0.8830406419733532,1,prime
2026-06-15,-1.7256974195862405,0.9401850698341333,1,prime
2026-06-15,-2.79199304098615,1.0,1,prime
2026-06-15,0.658644092083088,1.0,1,prime
2026-06-15,-0.3168031737047542,0.0,0,prime
2026-06-15,0.31182002391279084,0.0,0,prime
2026-06-15,-0.5599343941135322,0.05691519143552776,0,prime
2026-06-15,1.1165606750361947,0.2516015543912035,0,subprime
2026-06-15,-2.060965064853832,0.07145832037161047,0,subprime
2026-06-15,-0.39262851957015066,1.0,1,prime
2026-06-15,-0.4308547096169286,0.015115755680754836,0,subprime
2026-06-15,0.23456792131663745,0.06344841256860476,0,prime
2026-06-15,2.8416296016830724,1.0,1,prime
2026-06-15,0.008060796597730825,0.1685094784719239,0,subprime
2026-06-15,-1.433904303418191,0.0,0,prime
2026-06-15,0.6471357331899654,0.12791961408880476,0,subprime
2026-06-15,0.5426613788169334,0.0,0,prime
2026-06-15,0.7022345808163091,1.0,1,prime
2026-06-15,0.1735067962901939,1.0,1,prime
2026-06-15,0.9493368084170088,0.3408119362000928,0,subprime
2026-06-15,2.0829181008686697,0.0,0,prime
2026-06-15,1.2824447615442587,1.0,1,prime
2026-06-15,-0.6984625250328503,1.0,1,prime
2026-06-15,0.045856721969125436,0.0,0,prime
2026-06-15,-0.02570581856954403,0.23118294967962655,0,subprime
2026-06-15,0.3344759908748412,0.03888567197006089,0,subprime
2026-06-15,0.5007805890176789,0.0,0,prime
2026-06-15,0.16739623750229626,1.0,1,prime
2026-06-15,0.10787300939524018,0.1194441433902434,0,subprime
2026-06-15,0.7844199633631691,1.0,1,prime
2026-06-15,-1.9284945245991418,0.0033944805851086057,0,prime
2026-06-15,-0.44463204707101517,1.0,1,prime
2026-06-15,-0.7141991803436395,0.11195708957062268,0,subprime
2026-06-15,-0.08404834153578897,0.0,0,prime
2026-06-15,-1.0408794988227064,0.0,0,prime
2026-06-15,-1.1458835434829908,0.0,0,prime
2026-06-15,0.29369954836270945,0.0683977568950841,0,prime
2026-06-15,0.15158093057796634,0.0,0,prime
2026-06-15,-0.4687028969411736,0.0,0,prime
2026-06-15,-0.6786466513419505,0.32655211140219004,0,subprime
2026-06-15,2.7234806709366506,0.0,0,subprime
2026-06-15,0.7492330503551538,0.0,0,prime
2026-06-15,0.3385592348654224,0.2343778385811472,0,subprime
2026-06-15,-0.3043976123170331,1.0,1,prime
2026-06-15,-0.23845051869902797,1.0,1,prime
2026-06-15,0.9673527548150795,0.0,0,prime
2026-06-15,0.926931694281363,1.0,1,prime
2026-06-15,-1.0931055122901456,0.9129555641014628,1,prime
2026-06-15,1.5028926724596057,0.9386079559811457,1,subprime
2026-06-15,-0.8185914964085427,0.0,0,prime
2026-06-15,-1.1373774056774753,0.0,0,prime
2026-06-15,-0.8496276177730882,0.0,0,prime
2026-06-15,0.6708191157109492,0.02297363913080673,0,prime
2026-06-15,1.2024050807317244,0.845842894734921,1,subprime
2026-06-15,0.639417497148051,0.2156424450502853,0,subprime
2026-06-15,-0.21134802166111633,0.9571826885186614,1,prime
2026-06-15,0.5193380862178717,1.0,1,prime
2026-06-15,-0.05349088362883853,0.9969355065404399,1,prime
2026-06-15,0.41111656482157904,0.0,0,prime
2026-06-15,-0.3516004898584214,0.1053672978026518,0,subprime
2026-06-15,0.6972756606763307,1.0,1,subprime
2026-06-15,-0.546763959927688,0.0,0,prime
2026-06-15,-0.6124587756131475,0.8605721381468936,1,subprime
2026-06-15,-0.3719054821215144,0.0,0,prime
2026-06-15,0.5097116196477275,0.9778821708845595,1,prime
2026-06-15,1.5040302601989932,1.0,1,prime
2026-06-15,-0.2876439528035513,0.009003981880355214,0,subprime
2026-06-15,0.6772372104469626,0.0,0,prime
2026-06-15,0.5986136701788902,0.0,0,prime
2026-06-15,-0.0743838244625611,0.9329421152650802,1,subprime
2026-06-15,0.629945893291585,0.0,0,prime
2026-06-15,-0.23182894320753203,0.0,0,prime
2026-06-15,0.17799158804871443,0.9388419138643936,1,subprime
2026-06-15,-1.2412501192536078,1.0,1,prime
2026-06-15,0.07799020381997887,1.0,1,prime
2026-06-15,-0.49512923348425497,0.0,0,prime
2026-06-15,0.08394525517353663,0.7744597060059748,1,subprime
2026-06-15,-1.06499947367361,0.7267738281474564,1,subprime
2026-06-15,-1.3824858780750804,1.0,1,prime
2026-06-15,-0.8528214567887679,0.17604244170065914,0,subprime
2026-06-15,0.5744419552222567,0.0,0,prime
2026-06-15,0.07440044041614813,1.0,1,prime
2026-06-15,-0.7094237952734999,0.0,0,prime
2026-06-15,1.8032527682635417,1.0,1,prime
2026-06-15,-0.7830295418092053,0.9559234853385026,1,prime
2026-06-15,0.4290969773208169,0.9209602843058194,1,prime
2026-06-15,2.3384297902480182,0.0,0,prime
2026-06-15,-0.973746574463888,0.0,0,prime
2026-06-15,-0.7350953408100744,0.0,0,prime
2026-06-15,-0.5770459219918193,1.0,1,prime
2026-06-15,-0.8000047914079209,0.13233031937196768,0,subprime
2026-06-15,0.9268242266601001,0.8171014849757293,1,subprime
2026-06-15,1.595547438634455,0.030769280128818605,0,prime
2026-06-15,1.3727286116419095,1.0,1,prime
2026-06-15,1.277935842681668,1.0,1,prime
2026-06-15,-0.013033592729518657,1.0,1,prime
2026-06-15,-0.8469653483847702,0.028010664666402882,0,subprime
2026-06-15,-0.104203846219232,1.0,1,prime
2026-06-15,2.398847493627021,0.0,0,prime
2026-06-15,-1.7992416147387902,0.3362650370230938,0,subprime
2026-06-15,1.0076497007545084,0.03599950305242608,0,prime
2026-06-15,-1.2687019178915704,1.0,1,prime
2026-06-15,-0.1641833193171109,0.9032665694984602,1,subprime
2026-06-15,1.877481003954086,1.0,1,prime
2026-06-15,0.46990209222142315,1.0,1,prime
2026-06-15,1.727389171671858,0.0,0,prime
2026-06-15,-0.3458163987098453,0.0,0,prime
2026-06-15,0.8361868402753218,0.7212665468505115,1,subprime
2026-06-15,-0.5975425054452869,0.0,0,prime
2026-06-15,1.1729283201581044,1.0,1,prime
2026-06-15,1.3566249242702764,1.0,1,prime
2026-06-15,0.39546641666848203,0.7986582858172304,1,prime
2026-06-15,-1.2697622070465575,1.0,1,prime
2026-06-15,-0.2542634952665385,0.0,0,subprime
2026-06-15,0.22858738359039107,0.0,0,prime
2026-06-16,0.585593885388929,0.0,0,subprime
2026-06-16,0.30141856902084546,0.7443620670375324,1,subprime
2026-06-16,-0.1268636378378667,1.0,1,prime
2026-06-16,-0.7700779255331264,1.0,1,prime
2026-06-16,-1.2297090619101694,1.0,1,prime
2026-06-16,0.010878872558983253,0.11370046609391524,0,subprime
2026-06-16,1.841426694644401,1.0,1,prime
2026-06-16,0.6064515370396614,0.0,0,prime
2026-06-16,-0.8704700180433226,1.0,1,prime
2026-06-16,2.2494008153166676,0.7655600703908017,1,subprime
2026-06-16,-0.7260092906732228,1.0,1,prime
2026-06-16,-0.7346275074936441,0.199702319338932,0,subprime
2026-06-16,-0.7093517324829558,0.0,0,prime
2026-06-16,-0.7802838856261036,1.0,1,prime
2026-06-16,0.9185859448191901,1.0,1,prime
2026-06-16,-0.4148861226935508,1.0,1,prime
2026-06-16,0.7658339041839864,0.6251994037347189,1,subprime
2026-06-16,0.3486168303623033,0.0,0,prime
2026-06-16,-0.1079523858707772,0.0,0,prime
2026-06-16,-1.8857954333044706,1.0,1,prime
2026-06-16,-1.3031231897548812,0.7035567115849336,1,subprime
2026-06-16,0.1000087832633413,0.0,0,prime
2026-06-16,-2.0689403801493027,0.0,0,prime
2026-06-16,-0.8239852799001985,0.11468162793866726,0,subprime
2026-06-16,0.8789879930207419,1.0,1,prime
2026-06-16,-0.4756064558932632,0.0,0,prime
2026-06-16,-1.2440513208452217,1.0,1,prime
2026-06-16,-2.1027301733436965,1.0,1,prime
2026-06-16,1.1419156000727138,0.0660247435052169,0,subprime
2026-06-16,-0.4448531772421522,0.9464184733211927,1,prime
2026-06-16,0.12071506205345056,0.9354295857685652,1,prime
2026-06-16,0.8781163812729682,0.1609701517493642,0,subprime
2026-06-16,0.8342901973754541,0.0,0,prime
2026-06-16,2.0835359109408467,0.0,0,prime
2026-06-16,-0.26470027336984947,0.8126295922968396,1,subprime
2026-06-16,0.6188342122386656,1.0,1,prime
2026-06-16,-1.072297507971452,0.8699091657749464,1,subprime
2026-06-16,0.19754042326590507,0.8752733428560028,1,subprime
2026-06-16,-1.3576924784612614,0.0,0,subprime
2026-06-16,-0.05336823384137468,0.0,0,prime
2026-06-16,-1.144773160946403,0.0,0,prime
2026-06-16,0.9157271193703498,0.033469893289515495,0,prime
2026-06-16,-0.49830568362973704,0.0005775457539227424,0,subprime
2026-06-16,0.3759296304599055,0.9763308024304987,1,subprime
2026-06-16,-0.29303885795931234,0.8571271711749988,1,subprime
2026-06-16,1.3526716788930366,0.0,0,prime
2026-06-16,0.47164616040307344,1.0,1,prime
2026-06-16,-1.0738647095938207,0.0,0,prime
2026-06-16,1.4227355751196444,0.19973844814351618,0,subprime
2026-06-16,0.4003744338951036,0.0,0,prime
2026-06-16,-0.767364385253038,0.0,0,prime
2026-06-16,-1.9860967713378923,0.0,0,prime
2026-06-16,0.7806385249033992,0.43136439248083597,0,subprime
2026-06-16,1.2064132429637782,0.5874851567120272,1,subprime
2026-06-16,0.29649079531934136,1.0,1,prime
2026-06-16,-0.2030935189575904,0.9126177762996248,1,prime
2026-06-16,-1.6483522497040195,0.06175302655425355,0,subprime
2026-06-16,-0.7882378444235902,1.0,1,prime
2026-06-16,1.0194397704239146,0.7970551567807144,1,prime
2026-06-16,0.4579693602366875,0.0,0,prime
2026-06-16,-1.46100380220705,0.6146875112620263,1,subprime
2026-06-16,0.5858282094279068,0.0,0,prime
2026-06-16,-0.50561058558743,0.7894565202455278,1,subprime
2026-06-16,-2.0414840321288117,1.0,1,prime
2026-06-16,-0.04692468049714596,0.0,0,prime
2026-06-16,0.1934890999501255,0.0,0,prime
2026-06-16,-0.19881174915764377,1.0,1,prime
2026-06-16,1.1141058899147773,1.0,1,prime
2026-06-16,-0.27144952624635843,0.0,0,prime
2026-06-16,-0.5021589172220976,0.0,0,prime
2026-06-16,-0.541307409280175,0.0,0,prime
2026-06-16,-0.3323568042231217,0.0,0,prime
2026-06-16,-0.2506422530066831,0.8772465154772191,1,subprime
2026-06-16,-1.4728098165574413,0.1774117974186814,0,subprime
2026-06-16,-1.5662347051062864,0.9443559843076806,1,subprime
2026-06-16,-0.022822312376585423,0.6606754878630611,1,subprime
2026-06-16,-0.9615505833927716,0.0,0,prime
2026-06-16,-0.5663243058948186,0.0003993539576020999,0,subprime
2026-06-16,-1.1487694986655295,1.0,1,prime
2026-06-16,-0.6790832594681573,0.9199919177095419,1,subprime
2026-06-16,1.1991048943350504,0.0,0,prime
2026-06-16,0.1564367753669164,0.06900522819166083,0,prime
2026-06-16,-0.34501873558377455,1.0,1,prime
2026-06-16,-0.07628806409824014,0.0,0,prime
2026-06-16,-0.24454263222909203,1.0,1,prime
2026-06-16,-0.6223577779940732,1.0,1,prime
2026-06-16,-1.0795674470682028,0.0,0,prime
2026-06-16,0.17355815576496073,0.9975017087385936,1,prime
2026-06-16,0.21581164759013544,0.0,0,prime
2026-06-16,0.7677083977719515,0.0,0,prime
2026-06-16,1.0355336320321626,0.10085920969222831,0,subprime
2026-06-16,-1.1389323213916875,0.8314823929353262,1,subprime
2026-06-16,1.6034280634661502,1.0,1,prime
2026-06-16,-1.4396890984508575,0.7832028586905,1,subprime
2026-06-16,-0.41230098756509037,0.9269317586710168,1,subprime
2026-06-16,-1.9091775786558614,1.0,1,prime
2026-06-16,2.0163452548660397,0.08974961378788537,0,subprime
2026-06-16,1.086164246449373,0.002655346989197921,0,subprime
2026-06-16,0.5959242834131178,1.0,1,prime
2026-06-16,-0.7603042516168156,0.0,0,prime
2026-06-16,0.030751058527212608,0.0,0,prime
2026-06-16,-0.5082301460029024,0.0,0,prime
2026-06-16,-0.2227814895571743,1.0,1,prime
2026-06-16,0.5583904593318322,0.0,0,prime
2026-06-16,0.6998155984339824,0.01510305092127276,0,prime
2026-06-16,0.7271788120556906,0.0,0,prime
2026-06-16,-0.7797497108557943,1.0,1,prime
2026-06-16,-1.2342770350479613,0.8427540048581992,1,subprime
2026-06-16,0.542379710256829,0.0,0,prime
2026-06-16,-0.7606700385670637,0.0,0,prime
2026-06-16,0.593311189382855,0.9153371973167798,1,subprime
2026-06-16,1.46978403176857,1.0,1,prime
2026-06-16,-0.23141298280316644,0.8122581146388965,1,subprime
2026-06-16,0.40291259626853315,0.8683487108049575,1,subprime
2026-06-16,0.9668219556772931,0.14469493329899338,0,subprime
2026-06-16,0.06219049783241842,0.8299598238589291,1,subprime
2026-06-16,-0.24604806779803437,1.0,1,prime
2026-06-16,0.7955519622816525,1.0,1,prime
2026-06-16,-1.1890250113929344,0.051640242002597314,0,subprime
2026-06-16,0.5620105227346041,0.0,0,prime
2026-06-16,-0.005967692072755676,0.0,0,prime
2026-06-16,-0.7097125361908931,0.1628430533253283,0,subprime
2026-06-16,-0.5730175986217492,0.025287661502867653,0,prime
2026-06-16,1.5206907944204073,0.0,0,prime
2026-06-16,1.316946998418168,0.9609454102903288,1,subprime
2026-06-16,-1.0725300082745832,0.0,0,prime
2026-06-16,-1.6272426433907634,1.0,1,prime
2026-06-16,-0.011554871446927321,1.0,1,prime
2026-06-16,1.3714939725325765,0.0,0,prime
2026-06-16,0.4955054511683147,0.0,0,prime
2026-06-16,-0.09191693446411933,1.0,1,prime
2026-06-16,0.8469371205442271,0.8656282569087455,1,subprime
2026-06-16,1.572258390723823,0.9005792823817369,1,subprime
2026-06-16,-0.9973300949817179,0.12155735164698664,0,prime
2026-06-16,0.8147767689398547,0.8320017940310273,1,subprime
2026-06-16,1.9845685973373077,0.8408693531627376,1,prime
2026-06-16,-0.9048720542687005,0.21349752240015443,0,subprime
2026-06-16,-0.13042090244280483,0.022132836199193512,0,prime
2026-06-16,-0.9602425185831811,1.0,1,prime
2026-06-16,1.6956227363353689,1.0,1,prime
2026-06-16,-0.28658609267385554,1.0,1,prime
2026-06-16,-0.23031216609758526,0.0,0,prime
2026-06-16,0.9747956810698768,1.0,1,prime
2026-06-16,-1.0665191270871415,0.08764637821086135,0,prime
2026-06-16,0.2162463645780494,0.0,0,prime
2026-06-16,0.813041115097145,0.12487598563546863,0,subprime
2026-06-16,-1.6212837561009827,0.0,0,prime
2026-06-16,-0.33344650131765186,1.0,1,prime
2026-06-16,0.3781107360786402,0.0,0,prime
2026-06-16,-1.5371806978702818,1.0,1,prime
2026-06-16,-1.355051664023901,1.0,1,prime
2026-06-16,-1.0365690584908087,1.0,1,prime
2026-06-16,0.030057122821817724,0.5472756670320187,1,subprime
2026-06-16,0.03339186287763182,0.7919016892063382,1,subprime
2026-06-16,-0.8837449287354797,1.0,1,prime
2026-06-16,2.317307138944443,1.0,1,prime
2026-06-16,2.8979659308672407,1.0,1,prime
2026-06-16,-1.5243448296186348,0.20950822242815406,0,subprime
2026-06-16,1.1330579415859683,0.8175629535099534,1,subprime
2026-06-16,1.0947013402153263,0.19296702155214007,0,subprime
2026-06-16,-0.42208337448992106,1.0,1,prime
2026-06-16,-0.9566293734701957,0.2186889878789388,0,subprime
2026-06-16,0.5698341581484508,0.0,0,prime
2026-06-16,-0.9325197030441846,0.0,0,prime
2026-06-16,0.33316635057753446,0.0171397697737678,0,subprime
2026-06-16,-0.26029036725856125,0.02534117537546754,0,subprime
2026-06-16,0.8875382550529061,1.0,1,prime
2026-06-16,0.2670435532863819,0.0,0,prime
2026-06-16,-0.08619688577221736,0.9290033835069534,1,subprime
2026-06-16,1.2957763092689907,0.16886028121016597,0,subprime
2026-06-16,0.9658579241792987,1.0,1,prime
2026-06-16,-0.21569948776811512,1.0,1,prime
2026-06-16,1.2439216948741203,0.9876042372892189,1,prime
2026-06-16,0.9921096545857905,1.0,1,prime
2026-06-16,-0.4617730385378242,0.0,0,prime
2026-06-16,-0.23039877602196604,0.10615434640294655,0,subprime
2026-06-16,1.344171338404654,1.0,1,prime
2026-06-16,-0.23256984878852918,1.0,1,prime
2026-06-16,0.5378083960713502,0.858838599957451,1,subprime
2026-06-16,0.5381359608894947,0.28726410162927507,0,subprime
2026-06-16,-0.3040612015299858,0.06276088802357396,0,prime
2026-06-16,0.1786777382244926,1.0,1,prime
2026-06-16,-1.2784431290429072,0.9924603142423083,1,subprime
2026-06-16,0.8539534975111658,0.21339997074356273,0,subprime
2026-06-16,-0.581744874611862,0.8412989376467027,1,subprime
2026-06-16,0.559274012409775,0.8738641472442149,1,subprime
2026-06-16,0.3186094134339417,0.9083887984379506,1,subprime
2026-06-16,-0.09373239785828771,0.0919945578401046,0,subprime
2026-06-16,0.4799380655425212,0.0,0,prime
2026-06-16,1.0593730121499363,0.0,0,prime
2026-06-16,0.22080548374970305,0.0,0,prime
2026-06-16,0.06474790556751558,0.0,0,prime
2026-06-16,-1.7765060914699564,0.8078416729637312,1,subprime
2026-06-16,-0.21502278205968905,0.8008403948456222,1,subprime
2026-06-16,1.2223365847081324,0.0,0,prime
2026-06-16,-1.4431690503902252,0.6041803280979057,1,subprime
2026-06-16,-0.7833275894770366,1.0,1,prime
2026-06-16,2.396818751134672,0.9706454518886636,1,prime
2026-06-16,0.5185284489533625,1.0,1,prime
2026-06-16,0.9813116527133536,0.0,0,prime
2026-06-16,-0.033022239741755624,0.12882397080479463,0,subprime
2026-06-16,0.2930624542824726,1.0,1,prime
2026-06-16,-0.21172811452026763,0.0,0,prime
2026-06-16,1.495770022520592,0.0,0,subprime
2026-06-16,-0.05975679389138008,0.0,0,prime
2026-06-16,0.538293248347315,0.9810436871097211,1,prime
2026-06-16,0.34999796820596063,0.27994960813867686,0,subprime
2026-06-16,0.8692861802083865,1.0,1,prime
2026-06-16,-0.9993005202047079,1.0,1,prime
2026-06-16,0.019802385633696056,1.0,1,prime
2026-06-16,0.7087030655398557,0.0,0,prime
2026-06-16,0.6426920609853907,1.0,1,prime
2026-06-16,-0.14496713280772724,0.007576677008222649,0,prime
2026-06-16,-0.009726417597289611,0.0,0,prime
2026-06-16,0.024688087930672623,1.0,1,prime
2026-06-16,-0.020657480959664812,1.0,1,prime
2026-06-16,1.5018034510243805,0.0,0,prime
2026-06-16,0.4123549548851139,1.0,1,prime
2026-06-16,0.7539495544093325,1.0,1,prime
2026-06-16,1.2206936601583052,0.0,0,prime
2026-06-16,-2.0038997451707092,1.0,1,prime
2026-06-16,0.9507829022018758,0.0,0,prime
2026-06-16,-0.1836179367153992,0.0,0,prime
2026-06-16,1.6608906340413405,0.0,0,prime
2026-06-16,0.9563418536931158,0.0,0,prime
2026-06-16,0.44449610106284354,0.798394879904813,1,subprime
2026-06-16,1.4964549522123671,1.0,1,prime
2026-06-16,0.6143968056268457,1.0,1,prime
2026-06-16,1.2436171054362928,0.08762541723840417,0,subprime
2026-06-16,-1.1343789490175182,1.0,1,prime
2026-06-16,0.25219179415862536,0.0,0,prime
2026-06-16,0.02095781512379515,1.0,1,prime
2026-06-16,0.42231133114641145,0.058851298213907804,0,prime
2026-06-16,0.3600562689501327,0.006215720106753933,0,prime
2026-06-16,-0.46106914785956893,1.0,1,prime
2026-06-16,2.283876817017502,0.8958408988322601,1,subprime
2026-06-16,-0.7841654534043296,0.0,0,prime
2026-06-16,-1.513549536517626,1.0,1,prime
2026-06-16,1.0804975634313887,0.0852033511495769,0,subprime
2026-06-16,-0.6861240979567398,1.0,1,prime
2026-06-16,-0.31685433921972,1.0,1,prime
2026-06-16,1.3493085496579746,0.0,0,prime
2026-06-16,1.5812078845874364,0.0,0,prime
2026-06-16,2.2071345543199037,0.14248073105541356,0,prime
2026-06-16,-1.5033566685015438,0.13479241516927637,0,subprime
2026-06-16,0.101033303221535,0.0,0,prime
2026-06-16,-1.233249441171273,0.0,0,prime
2026-06-16,0.6786032109795267,0.0,0,prime
2026-06-16,-1.1434197654195293,0.22604188498610894,0,subprime
2026-06-16,-1.0162871694969138,0.8431946012629131,1,subprime
2026-06-16,-1.7269084840225488,0.0,0,prime
2026-06-16,-0.601157014632763,0.09474302599560512,0,subprime
2026-06-16,1.1200739303902618,1.0,1,prime
2026-06-16,0.21545000979632134,0.09186625209562638,0,subprime
2026-06-16,0.2159518164664659,1.0,1,prime
2026-06-16,-0.9938248574545592,1.0,1,prime
2026-06-16,-0.9234430453397929,0.0,0,prime
2026-06-16,-0.48942434629022946,1.0,1,prime
2026-06-16,0.1890797698509226,1.0,1,prime
2026-06-16,0.35388215490357644,0.0002004016440869949,0,subprime
2026-06-16,1.1332308822337862,1.0,1,prime
2026-06-16,0.9280954010946755,0.0,0,prime
2026-06-16,0.1684355728959331,0.0,0,prime
2026-06-16,-1.991127776029056,0.9863160027467655,1,prime
2026-06-16,-0.860751128479309,0.16123690825168874,0,subprime
2026-06-16,-1.0693445394540333,0.0,0,prime
2026-06-16,0.6336592654015496,1.0,1,prime
2026-06-16,1.9455114922028942,1.0,1,prime
2026-06-16,-2.429933894026884,0.8533517247021023,1,subprime
2026-06-16,-0.6753575711863695,0.0,0,prime
2026-06-16,-0.18512929946824572,0.12667115676255286,0,subprime
2026-06-16,-0.12024493508575862,0.960683385731027,1,prime
2026-06-16,0.9847493109346094,1.0,1,prime
2026-06-16,-0.4753788029843587,1.0,1,prime
2026-06-16,0.5074076350327733,0.0,0,prime
2026-06-16,2.2105918994406943,0.1998892912226688,0,subprime
2026-06-16,1.119032028146492,0.0,0,prime
2026-06-16,0.7390825831352444,1.0,1,prime
2026-06-16,-1.244642139081364,0.0,0,prime
2026-06-16,0.9794484436021957,0.0,0,prime
2026-06-16,-0.1746767257232611,0.0,0,prime
2026-06-16,0.495792577917832,1.0,1,prime
2026-06-16,-0.616337483847412,0.0,0,subprime
2026-06-16,1.7838560903451668,0.052301983987332934,0,prime
2026-06-16,1.2883016721832146,0.31363798690953826,0,subprime
2026-06-16,-0.07633590851599256,0.0,0,prime
2026-06-16,-0.7280023595152307,0.0,0,prime
2026-06-16,0.4331524658660177,0.0,0,prime
2026-06-16,0.3392856903185967,0.023774797954251373,0,prime
2026-06-16,0.6448297006799135,0.17683581974785614,0,subprime
2026-06-16,0.8132688326242861,1.0,1,prime
2026-06-16,-1.0948336620316292,0.7650914808216116,1,subprime
2026-06-16,-0.37140683933825086,0.0,0,prime
2026-06-16,-0.271970262047178,1.0,1,prime
2026-06-16,0.46223897905234945,0.9938912029429754,1,subprime
2026-06-16,-1.595688209060607,0.0,0,prime
2026-06-16,-0.019951572819671002,0.0,0,prime
2026-06-16,-0.4780818152839856,1.0,1,prime
2026-06-16,-1.9159343646387308,1.0,1,prime
2026-06-16,0.3385671674449634,0.9912301963847673,1,subprime
2026-06-16,0.8765660769745718,1.0,1,subprime
2026-06-16,-0.19076929010876925,1.0,1,subprime
2026-06-16,0.8532643251033233,0.0,0,prime
2026-06-16,-0.517215156149048,0.8370225685396556,1,subprime
2026-06-16,0.22819356054707707,1.0,1,prime
2026-06-16,-0.5608924174191443,1.0,1,prime
2026-06-16,1.1415167748758637,0.02815700196653212,0,subprime
2026-06-16,-1.1465241681475329,0.9458429482432874,1,subprime
2026-06-16,-0.1794494726288632,0.0,0,prime
2026-06-16,-0.3992735747390036,0.44435274473982306,0,subprime
2026-06-16,0.26513802132023795,1.0,1,prime
2026-06-16,1.636430005490365,0.0,0,prime
2026-06-16,-0.39419434155455946,1.0,1,prime
2026-06-16,2.0975128633926365,1.0,1,prime
2026-06-16,-0.407003727149073,0.8940823374371022,1,subprime
2026-06-16,2.5200746057677237,0.0,0,prime
2026-06-16,-0.3321706154889577,1.0,1,prime
2026-06-16,-0.5857022567944649,0.0,0,prime
2026-06-16,1.115174476261855,1.0,1,prime
2026-06-16,-0.019929629858915734,0.0,0,prime
2026-06-16,-0.5873433686675364,0.0,0,prime
2026-06-16,-0.6499602466937681,1.0,1,prime
2026-06-16,-0.6246626661606315,1.0,1,prime
2026-06-16,0.20003178958107526,0.9999456503936406,1,prime
2026-06-16,-0.7882063878056084,1.0,1,prime
2026-06-16,0.6196172010024793,0.0,0,prime
2026-06-16,-0.5293745430768515,1.0,1,prime
2026-06-16,1.4114341762341758,0.3410364445680959,0,subprime
2026-06-16,0.062260538931376966,1.0,1,prime
2026-06-16,1.4215592144512883,0.0,0,prime
2026-06-16,1.2231335114634678,0.28633688748496405,0,subprime
2026-06-16,-0.4553692589393483,1.0,1,prime
2026-06-16,-0.9921495346719648,0.9399272245438555,1,prime
2026-06-16,-1.5808103049529898,0.0,0,prime
2026-06-16,-0.40442726360612696,0.8586435405451702,1,subprime
2026-06-16,1.587153307693153,0.012715788545951554,0,prime
2026-06-16,-0.0014995948372208277,0.11065681314692033,0,subprime
2026-06-16,-0.10964135694711588,1.0,1,prime
2026-06-16,-0.34194765961374285,0.0,0,prime
2026-06-16,1.54154218125251,0.17753891100465946,0,subprime
2026-06-16,-0.2866160511294664,1.0,1,prime
2026-06-16,0.005743795410258009,1.0,1,prime
2026-06-16,-1.444738332847115,0.0,0,prime
2026-06-16,0.03981963769587153,1.0,1,prime
2026-06-16,-0.15088509429292699,0.9710067023252211,1,subprime
2026-06-16,0.8628963716092728,1.0,1,prime
2026-06-16,-0.03441725864617454,1.0,1,prime
2026-06-16,0.329645585949697,1.0,1,prime
2026-06-16,0.5748917384926984,0.7567242165578457,1,subprime
2026-06-16,0.6322922897492791,1.0,1,prime
2026-06-16,0.6851320243103223,1.0,1,prime
2026-06-16,0.18826431175249328,0.7129406998709937,1,subprime
2026-06-16,-0.8634888567367489,0.0,0,prime
2026-06-16,-0.04007175260680504,1.0,1,prime
2026-06-16,-0.21704640541644624,1.0,1,prime
2026-06-16,0.785419147505252,0.0,0,prime
2026-06-16,-1.765059716570742,0.24810869262273877,0,subprime
2026-06-16,0.6567138439729019,0.08937426262734088,0,subprime
2026-06-16,0.9018351425174389,0.0,0,prime
2026-06-16,-0.18999734850881078,0.011063690293380946,0,prime
2026-06-16,-0.20014853324425608,0.7398676010961933,1,subprime
2026-06-16,1.4123717454326359,0.9385088491985931,1,subprime
2026-06-16,-1.2360179452355011,1.0,1,prime
2026-06-16,-2.0712478984109475,0.9226382139258666,1,subprime
2026-06-16,0.8644080477291626,0.01567795738912592,0,prime
2026-06-16,0.47748471562992095,1.0,1,prime
2026-06-16,1.8494532802753905,1.0,1,prime
2026-06-16,-0.3098351793835202,0.9702060697583295,1,prime
2026-06-16,-0.45903333085993975,0.024972220461406514,0,prime
2026-06-16,0.21621025920088244,0.8675607919494801,1,subprime
2026-06-16,-0.11978526639020742,0.7935980642353899,1,subprime
2026-06-16,-0.36017832698580343,1.0,1,prime
2026-06-16,-0.5513422542806781,0.0,0,prime
2026-06-16,-0.651402029905292,0.01815629709590999,0,subprime
2026-06-16,-1.0234617763070895,0.8660901692198378,1,subprime
2026-06-16,0.3387345630451959,1.0,1,prime
2026-06-16,-0.5863455992909269,0.0,0,prime
2026-06-16,-0.3474250363583538,0.7742394667245005,1,subprime
2026-06-16,0.9778956197156236,0.7320934870299128,1,subprime
2026-06-16,1.5880847649428331,0.9449056033101533,1,prime
2026-06-16,-0.4087415770812547,1.0,1,prime
2026-06-16,0.37015942930046547,0.0,0,prime
2026-06-16,0.12628974176954097,0.6730307808391119,1,subprime
2026-06-16,0.41609941172113124,0.0,0,prime
2026-06-16,1.2378264368582506,1.0,1,prime
2026-06-16,-2.5690646505502555,0.6866600454857066,1,subprime
2026-06-16,1.4445855847206623,1.0,1,prime
2026-06-16,1.8777835438332404,0.0,0,prime
2026-06-16,0.200739924858408,0.0,0,prime
2026-06-16,1.807657144390809,0.0,0,prime
2026-06-16,0.5868764385670294,0.0,0,prime
2026-06-16,0.13818337039651868,0.9735752945285204,1,prime
2026-06-16,-1.8728749717527193,0.0,0,prime
2026-06-16,-1.5182434745815365,1.0,1,prime
2026-06-16,-0.3686068407137562,1.0,1,prime
2026-06-16,0.0016053639558776488,0.0,0,prime
2026-06-16,-0.4200446948412777,0.0,0,prime
2026-06-16,2.170713520582646,0.0,0,prime
2026-06-16,-0.9387730815015765,1.0,1,prime
2026-06-16,0.6458128289169237,0.9140298674108139,1,subprime
2026-06-17,-1.1509090692371111,0.8913617733226654,1,subprime
2026-06-17,-1.2248653105314615,0.755035320627022,1,subprime
2026-06-17,-0.45845092995499775,1.0,1,prime
2026-06-17,0.0783000627941169,0.025612714717288182,0,subprime
2026-06-17,0.51723390386978,0.8535902856744394,1,subprime
2026-06-17,0.3691737349285918,0.31633952560988143,0,subprime
2026-06-17,0.2622157962361488,0.9433511588008654,1,prime
2026-06-17,0.3747557395964784,0.0,0,prime
2026-06-17,1.1117290329831824,0.0,0,prime
2026-06-17,0.9567145396075454,0.0,0,prime
2026-06-17,-0.15436724351323117,0.0,0,prime
2026-06-17,-0.3884045037442215,0.29371823649737727,0,subprime
2026-06-17,1.1135865006138022,1.0,1,prime
2026-06-17,-0.999689670203198,0.0,0,prime
2026-06-17,-0.38969848033980325,0.0936128682602605,0,subprime
2026-06-17,-0.902051455831832,0.262702043510214,0,subprime
2026-06-17,1.7540134468313102,0.0,0,prime
2026-06-17,-0.02638603523693791,0.8658917227772607,1,subprime
2026-06-17,1.4201891806438551,1.0,1,subprime
2026-06-17,-0.05588420490179999,1.0,1,prime
2026-06-17,-0.34080765795278906,0.15178080685979847,0,subprime
2026-06-17,-1.511926398189337,0.24828890589910196,0,subprime
2026-06-17,-0.8310688308766273,0.0,0,prime
2026-06-17,-0.04920001534140299,0.0,0,prime
2026-06-17,-0.6594065709589524,0.0,0,prime
2026-06-17,-0.2788036842605292,1.0,1,prime
2026-06-17,0.9683896549002328,0.05788209815729625,0,prime
2026-06-17,-0.9496125644534235,0.04388938675757856,0,prime
2026-06-17,-0.011397294733456716,0.8326401441710609,1,subprime
2026-06-17,0.48750454112897373,0.8960858136319149,1,subprime
2026-06-17,0.8302684879680066,0.9062173877388299,1,subprime
2026-06-17,-0.048498918463316366,1.0,1,prime
2026-06-17,1.3179673991815852,0.0,0,prime
2026-06-17,-0.2956336847037976,0.0,0,prime
2026-06-17,-0.2697627185476438,0.0,0,prime
2026-06-17,0.3058110126460677,0.03672041864451803,0,subprime
2026-06-17,-0.5491517710230327,0.8816624836236028,1,subprime
2026-06-17,1.050844043108115,0.1911197079295319,0,subprime
2026-06-17,-2.7778796333354956,1.0,1,prime
2026-06-17,1.4116492629464643,0.7170582381358903,1,subprime
2026-06-17,0.01534355947510357,0.0,0,prime
2026-06-17,-0.7430513330577276,0.0,0,prime
2026-06-17,0.09322296831941687,0.8664748722940978,1,prime
2026-06-17,0.6759430955032554,0.0,0,prime
2026-06-17,2.8466133021166393,0.0,0,prime
2026-06-17,1.003861434598041,1.0,1,prime
2026-06-17,-0.5102815038647267,0.0,0,prime
2026-06-17,-0.4750079995896924,1.0,1,prime
2026-06-17,2.249763090029259,1.0,1,prime
2026-06-17,-0.5823531833526429,1.0,1,prime
2026-06-17,-0.18243913897534056,0.0,0,prime
2026-06-17,-0.2542131498986041,0.002757337522366052,0,prime
2026-06-17,1.1659243818562988,1.0,1,prime
2026-06-17,-0.9576259596950197,1.0,1,prime
2026-06-17,0.15263821724092305,0.8250421969155466,1,subprime
2026-06-17,0.29792670767754553,0.9187697313045988,1,subprime
2026-06-17,1.2226470246068883,0.1488363745203715,0,subprime
2026-06-17,-1.087002841907916,0.11205136053455325,0,prime
2026-06-17,0.9181861460876732,0.0,0,prime
2026-06-17,-1.1735532187400561,0.0,0,prime
2026-06-17,1.1009230511170003,0.0,0,prime
2026-06-17,-1.6395338748679948,0.0,0,prime
2026-06-17,-0.1891795819309327,0.06485696105430219,0,subprime
2026-06-17,-0.39523774547433227,0.0,0,prime
2026-06-17,-0.7957033200598956,1.0,1,prime
2026-06-17,1.4557583771263125,0.17243037502522585,0,subprime
2026-06-17,-0.19388093407645937,0.20561772560782496,0,subprime
2026-06-17,0.72022786359128,0.029409742212498896,0,subprime
2026-06-17,1.6243642095061797,0.04924546765005666,0,prime
2026-06-17,1.3550304235070125,0.3390368972406709,0,subprime
2026-06-17,-0.7905316496256546,0.009483465390618812,0,subprime
2026-06-17,-0.642487286749697,0.01991390313488113,0,prime
2026-06-17,1.1875844328350733,1.0,1,prime
2026-06-17,0.5960695567219445,1.0,1,prime
2026-06-17,-1.5663802153331874,1.0,1,subprime
2026-06-17,1.1571653437827827,0.0,0,prime
2026-06-17,-0.16921232161120023,0.03434356014377149,0,subprime
2026-06-17,1.9849022301857422,0.0,0,prime
2026-06-17,0.03454680623941821,1.0,1,prime
2026-06-17,-0.7106065262312112,0.0,0,prime
2026-06-17,0.28233520409286483,1.0,1,prime
2026-06-17,-1.0245045382339266,1.0,1,prime
2026-06-17,1.048497389305014,0.007592554066938928,0,prime
2026-06-17,0.26176151996569624,0.0,0,prime
2026-06-17,0.9527998701976009,0.027908243359815316,0,prime
2026-06-17,0.37224186630022255,1.0,1,prime
2026-06-17,0.38010765631636906,0.23284219423273042,0,subprime
2026-06-17,1.7540023184312745,1.0,1,prime
2026-06-17,-1.2069125558230196,0.0,0,prime
2026-06-17,0.5915286094989853,0.0,0,prime
2026-06-17,1.193160140342119,0.1207926899318541,0,subprime
2026-06-17,0.6466664489869179,0.0,0,prime
2026-06-17,-0.25943030639931636,1.0,1,prime
2026-06-17,1.067911889605367,0.0,0,prime
2026-06-17,0.8397770065384598,0.0,0,prime
2026-06-17,0.430394034565972,0.1723996144192095,0,subprime
2026-06-17,-0.9294634783324682,0.0,0,prime
2026-06-17,0.8724811622765284,0.0,0,prime
2026-06-17,0.7961667664042875,0.036651827098875794,0,prime
2026-06-17,-0.8119686999059136,1.0,1,prime
2026-06-17,1.282389210013904,0.0,0,prime
2026-06-17,-0.4224292403498122,0.0,0,prime
2026-06-17,-1.4527458546546996,0.0,0,prime
2026-06-17,-2.3136198892521813,0.20914127288684858,0,subprime
2026-06-17,0.6751090526296842,0.0,0,prime
2026-06-17,-1.1149073817115165,0.9102647165050163,1,subprime
2026-06-17,2.5754397862433143,0.2781566910015465,0,subprime
2026-06-17,-1.0892351473772797,0.0,0,prime
2026-06-17,0.6202172885438806,0.0,0,prime
2026-06-17,0.6884865379396693,1.0,1,prime
2026-06-17,0.252390110194063,0.0,0,prime
2026-06-17,-2.3561930558824384,1.0,1,prime
2026-06-17,-1.0034220052586855,0.0,0,prime
2026-06-17,-0.5677537584388862,0.023295333030672202,0,prime
2026-06-17,0.7107217535295073,0.0,0,prime
2026-06-17,0.7461446459903589,0.0,0,prime
2026-06-17,-1.4353357513560259,1.0,1,prime
2026-06-17,-1.9376854706970266,0.0,0,prime
2026-06-17,1.5687695461236888,0.0,0,prime
2026-06-17,0.7272853685670362,1.0,1,prime
2026-06-17,0.5149589475034599,0.0,0,prime
2026-06-17,0.22903787846045484,0.0,0,prime
2026-06-17,-0.26674492964963514,0.9668243978413001,1,subprime
2026-06-17,0.013496432843475337,1.0,1,subprime
2026-06-17,-0.31753856145253595,0.7993454869814375,1,subprime
2026-06-17,-0.05438626710054846,1.0,1,prime
2026-06-17,-2.005548810140941,0.0,0,prime
2026-06-17,-0.9304756406704574,1.0,1,prime
2026-06-17,-0.6366299530268859,0.7952435161298002,1,subprime
2026-06-17,0.386840568016104,0.8538795068733088,1,subprime
2026-06-17,2.5580734192275147,0.0,0,prime
2026-06-17,1.1664266050023013,1.0,1,prime
2026-06-17,-0.5611901304171092,1.0,1,subprime
2026-06-17,0.03431952317678127,0.0,0,prime
2026-06-17,0.536739550939743,0.0,0,prime
2026-06-17,0.10162334232922432,1.0,1,prime
2026-06-17,0.20677215732331586,0.0,0,prime
2026-06-17,-1.8978173227855932,0.14268961241493344,0,subprime
2026-06-17,0.10675467935839626,0.10933804629375812,0,prime
2026-06-17,-1.326750602904248,1.0,1,prime
2026-06-17,-0.8033851743258351,0.0,0,prime
2026-06-17,0.9260427234737598,1.0,1,prime
2026-06-17,-0.3152485266659751,0.12973019453189888,0,prime
2026-06-17,-0.3576816541847287,1.0,1,prime
2026-06-17,1.0189244607853305,0.9321496910698024,1,subprime
2026-06-17,2.304648455322683,0.0,0,prime
2026-06-17,-0.06939010063017506,0.7126366030546912,1,subprime
2026-06-17,0.5716074800915729,0.766311965886896,1,subprime
2026-06-17,-0.3869324406203325,0.7521962368914527,1,subprime
2026-06-17,-2.5729916677529627,0.10680651295156307,0,subprime
2026-06-17,-1.2519816820177285,1.0,1,prime
2026-06-17,-1.1582350373608383,0.7718825569421575,1,subprime
2026-06-17,2.138688265673793,1.0,1,prime
2026-06-17,-0.6586851720898105,1.0,1,prime
2026-06-17,-1.1331494245626754,0.0,0,prime
2026-06-17,-0.28811782339855874,1.0,1,prime
2026-06-17,0.18374772955447832,0.2915957568360313,0,subprime
2026-06-17,-0.47816590051044644,1.0,1,prime
2026-06-17,1.1581809232238165,1.0,1,prime
2026-06-17,0.12594269606724817,0.0,0,prime
2026-06-17,0.05902343112497326,0.0,0,prime
2026-06-17,0.18707324573793263,1.0,1,prime
2026-06-17,-0.3677874442487192,1.0,1,prime
2026-06-17,0.8344154210981447,1.0,1,prime
2026-06-17,-1.0067588956356925,0.89025200623934,1,subprime
2026-06-17,-0.5917660527439609,1.0,1,prime
2026-06-17,-0.22365134498572864,1.0,1,prime
2026-06-17,-1.2360483520749843,0.1610812162670787,0,subprime
2026-06-17,2.0208573636782585,1.0,1,prime
2026-06-17,1.5552611396604834,0.9204437130591419,1,subprime
2026-06-17,0.9839939567253851,0.9049225170541143,1,prime
2026-06-17,-1.9213368188592699,1.0,1,prime
2026-06-17,0.19906339250641358,0.15247509412246535,0,prime
2026-06-17,-0.6684985351747573,0.24144449045207683,0,subprime
2026-06-17,0.70828420805799,0.051022749225605485,0,prime
2026-06-17,1.036995750552587,1.0,1,prime
2026-06-17,-0.1388046000519475,0.9891120569209108,1,prime
2026-06-17,-1.2030261689766741,0.0,0,prime
2026-06-17,0.179912197171628,1.0,1,prime
2026-06-17,-0.9513894456998184,1.0,1,prime
2026-06-17,0.7390933599855464,1.0,1,prime
2026-06-17,-0.7781547591208643,1.0,1,prime
2026-06-17,-0.2953572649439088,0.0,0,prime
2026-06-17,-0.12057345004748234,1.0,1,prime
2026-06-17,-0.07829154388869541,0.1130119946833723,0,subprime
2026-06-17,-1.030600099815096,0.9772833815848928,1,prime
2026-06-17,-0.8066760134354046,0.1084498663192847,0,subprime
2026-06-17,0.4874039883946661,1.0,1,prime
2026-06-17,1.1191909163222458,1.0,1,prime
2026-06-17,-0.9597828142265622,0.12976280849471422,0,subprime
2026-06-17,-0.9852999337640189,1.0,1,prime
2026-06-17,0.40878666432265803,1.0,1,prime
2026-06-17,0.8907364780991515,0.0,0,prime
2026-06-17,-0.15282960771418955,1.0,1,prime
2026-06-17,-0.8452407723067618,0.8616957666612705,1,subprime
2026-06-17,-1.2923997204911406,0.95856244162595,1,prime
2026-06-17,-0.2639568404002952,1.0,1,prime
2026-06-17,2.233535379035552,0.0,0,prime
2026-06-17,0.9904839273496241,1.0,1,prime
2026-06-17,0.1099239507280253,0.878379305915547,1,subprime
2026-06-17,-0.854791747671919,0.0,0,prime
2026-06-17,-0.2651409506887511,0.0,0,prime
2026-06-17,-0.580847558976171,0.0,0,prime
2026-06-17,-0.4287920670015904,0.961729721400485,1,prime
2026-06-17,0.3596562256163629,1.0,1,prime
2026-06-17,1.4498397385849393,0.0,0,prime
2026-06-17,0.3151644093982474,1.0,1,prime
2026-06-17,1.2041739944565486,1.0,1,prime
2026-06-17,0.30898569359532463,1.0,1,prime
2026-06-17,0.6185028283999809,0.8305983829517334,1,subprime
2026-06-17,0.5103665631664422,0.0,0,prime
2026-06-17,0.7717244481076181,0.30275982682469127,0,subprime
2026-06-17,-0.4255592906545961,0.0,0,prime
2026-06-17,1.2453675930192103,0.30947913403725524,0,subprime
2026-06-17,-0.9126451492585985,0.05247074848497871,0,subprime
2026-06-17,-0.018823335159696773,0.018078926834258033,0,prime
2026-06-17,-0.2327163119070135,0.0,0,prime
2026-06-17,-1.87243805571784,0.0,0,prime
2026-06-17,-0.710503129841098,0.0,0,prime
2026-06-17,0.960614296497134,0.8600267309721262,1,subprime
2026-06-17,-1.3687368170023018,0.0,0,prime
2026-06-17,0.000569043012130259,0.14326969800386877,0,subprime
2026-06-17,0.2840634310173108,0.14559379079431356,0,subprime
2026-06-17,1.0077096224386193,0.6918969380871655,1,subprime
2026-06-17,0.4693497821962577,0.010672768942141336,0,prime
2026-06-17,-0.7497707991581682,0.0,0,prime
2026-06-17,-0.11896973358299989,1.0,1,prime
2026-06-17,0.1487175791170303,0.25184682972949934,0,subprime
2026-06-17,0.24820113050151085,1.0,1,prime
2026-06-17,-0.34763509733161696,0.0,0,prime
2026-06-17,-0.9468439356368682,1.0,1,prime
2026-06-17,-0.15153784222657796,0.0,0,prime
2026-06-17,-1.5838276981559087,0.9884053789264988,1,prime
2026-06-17,0.5341134941778288,0.1428609970314003,0,subprime
2026-06-17,-0.7865033622574749,0.015702205296022134,0,prime
2026-06-17,1.519340255341476,0.7989093481842763,1,subprime
2026-06-17,-0.7930746948720107,1.0,1,prime
2026-06-17,-0.8896802758787153,1.0,1,prime
2026-06-17,-0.08800117286443794,0.14884296671902497,0,subprime
2026-06-17,-0.28231404726003473,0.0,0,prime
2026-06-17,1.1782618679049537,0.8695588751171304,1,prime
2026-06-17,-0.4012187582545997,1.0,1,prime
2026-06-17,-0.04915199436018446,1.0,1,prime
2026-06-17,-0.6879032220563438,0.0,0,prime
2026-06-17,-2.3998097485426526,1.0,1,prime
2026-06-17,0.5200928447075288,0.003684666877144624,0,prime
2026-06-17,1.6008308622365481,0.306397117718345,0,subprime
2026-06-17,0.26026610260017036,0.9234751243665379,1,prime
2026-06-17,0.7593427322438194,0.7615308841153939,1,subprime
2026-06-17,-0.8352843557768576,0.0,0,prime
2026-06-17,1.5806092659820572,0.06357062000602537,0,prime
2026-06-17,0.9067181143138329,0.0621348997967075,0,subprime
2026-06-17,-0.18761790685081695,0.2463632394374637,0,subprime
2026-06-17,0.3590727497212901,1.0,1,prime
2026-06-17,1.1579004532626667,0.7795790305606234,1,subprime
2026-06-17,-0.7954458347802918,0.000826269210451952,0,prime
2026-06-17,0.1429434436968877,0.0,0,prime
2026-06-17,1.577895590407151,0.302696849041197,0,subprime
2026-06-17,0.3676760177417077,0.0,0,prime
2026-06-17,1.4110786053129678,0.0,0,prime
2026-06-17,0.1664791532179533,0.9144940354405283,1,prime
2026-06-17,-0.3237986087870813,0.0,0,prime
2026-06-17,-0.24028979050030963,0.20038590046053767,0,subprime
2026-06-17,0.4265579774822878,0.13238949422298754,0,subprime
2026-06-17,0.7697241928787083,0.24269948935449817,0,subprime
2026-06-17,-1.108276287632799,1.0,1,prime
2026-06-17,3.0259646212389364,1.0,1,prime
2026-06-17,-0.6329493416878511,0.0,0,prime
2026-06-17,0.7612303530496872,0.0,0,prime
2026-06-17,-1.4465229966052582,0.0,0,prime
2026-06-17,-2.319348804337773,1.0,1,prime
2026-06-17,-0.017722482621804127,0.0,0,prime
2026-06-17,-0.4028902110077984,0.0,0,prime
2026-06-17,0.2177683145459642,0.8074509442074682,1,subprime
2026-06-17,-0.4740086576003018,0.16666673625511516,0,subprime
2026-06-17,0.896822484387462,0.0,0,prime
2026-06-17,0.19505569237426437,1.0,1,prime
2026-06-17,-1.2641813154831198,0.9232630257161007,1,subprime
2026-06-17,1.1620745848056702,0.2606528911919329,0,subprime
2026-06-17,-0.3033968491314788,0.02597855007570357,0,subprime
2026-06-17,1.5730114847388748,0.0,0,prime
2026-06-17,-2.0424428585748142,0.17799725037773478,0,subprime
2026-06-17,0.5834708853714882,0.8806190513760017,1,prime
2026-06-17,0.5404934828847576,0.0,0,prime
2026-06-17,1.1112579366666984,0.0,0,prime
2026-06-17,-1.7177728104055907,0.0,0,prime
2026-06-17,0.42809807470291183,0.0040076873840315524,0,prime
2026-06-17,0.733192533374698,1.0,1,prime
2026-06-17,0.7027047650679569,0.0,0,prime
2026-06-17,1.0952108593957621,1.0,1,prime
2026-06-17,0.03062616467316013,0.1123943519280057,0,subprime
2026-06-17,-0.9467234755304861,0.0,0,prime
2026-06-17,-1.5985246054627815,0.0,0,prime
2026-06-17,-0.73345655234591,1.0,1,prime
2026-06-17,-1.3648023006868246,0.20352007819431872,0,subprime
2026-06-17,0.5588802683192282,1.0,1,prime
2026-06-17,-0.9072220321372202,0.6753155289030138,1,subprime
2026-06-17,-0.30868803285589835,1.0,1,prime
2026-06-17,-0.860401013763665,1.0,1,prime
2026-06-17,0.702970717441473,0.0,0,prime
2026-06-17,-0.7314412860549675,0.0,0,prime
2026-06-17,-1.2881609265007063,1.0,1,prime
2026-06-17,-0.5434803717647605,1.0,1,prime
2026-06-17,-1.293220797474875,0.8003762404852403,1,subprime
2026-06-17,0.2675412762379385,1.0,1,prime
2026-06-17,0.30756480575405076,1.0,1,prime
2026-06-17,0.8662663066211681,0.00023985305681650804,0,prime
2026-06-17,-0.26548866655447473,0.0,0,prime
2026-06-17,-1.338701834053987,0.0,0,prime
2026-06-17,0.2069906211762063,1.0,1,prime
2026-06-17,0.6693690681451058,0.9248223419953043,1,prime
2026-06-17,-1.3607493355201477,0.0,0,prime
2026-06-17,0.7938669282603668,0.9739440092227193,1,prime
2026-06-17,1.3497830765305416,0.16819063159115993,0,subprime
2026-06-17,-0.349171540671492,1.0,1,prime
2026-06-17,1.0841725939583486,0.8570427224834029,1,subprime
2026-06-17,-0.09717585566472162,0.742834167993425,1,subprime
2026-06-17,-1.4786964636336795,0.0,0,prime
2026-06-17,-0.33252317426767164,0.9640293586306659,1,prime
2026-06-17,-0.23827733666965537,0.0,0,prime
2026-06-17,0.5014319117124567,0.0,0,prime
2026-06-17,0.4541813995603124,0.0,0,prime
2026-06-17,-0.09651688641572886,0.038961940240291315,0,prime
2026-06-17,-0.9687663113764425,1.0,1,prime
2026-06-17,-1.560635965139122,1.0,1,prime
2026-06-17,1.9358630044020277,0.8994186508459245,1,subprime
2026-06-17,-2.4561368041576834,0.976513463059013,1,prime
2026-06-17,0.6558592381922101,0.0,0,prime
2026-06-17,-0.8979624001326088,0.0,0,prime
2026-06-17,-1.2937280528229171,0.21790107125853297,0,subprime
2026-06-17,-1.402606342402438,0.0,0,prime
2026-06-17,0.16223029158913926,1.0,1,prime
2026-06-17,0.37823779926434425,1.0,1,prime
2026-06-17,-0.5879972681506571,0.0,0,prime
2026-06-17,0.08694329689855866,1.0,1,prime
2026-06-17,0.2849106951830367,0.7398664163270035,1,subprime
2026-06-17,0.4628372193534196,1.0,1,prime
2026-06-17,-0.6880516213717414,0.9975162657649517,1,prime
2026-06-17,1.4328971594773245,0.0,0,prime
2026-06-17,-0.5461185898615389,1.0,1,prime
2026-06-17,-1.3474427098761015,1.0,1,prime
2026-06-17,0.37898718744206866,1.0,1,prime
2026-06-17,0.4889655162768739,0.0,0,prime
2026-06-17,-0.4005341873165713,1.0,1,prime
2026-06-17,0.02582229215705535,1.0,1,prime
2026-06-17,0.7048986373104272,1.0,1,prime
2026-06-17,-0.3067981643080305,0.0,0,prime
2026-06-17,-0.9742746164037992,0.0,0,prime
2026-06-17,2.63326295052454,0.0,0,prime
2026-06-17,-1.5611420849124793,0.09415914446257886,0,subprime
2026-06-17,1.3612782906316125,0.6730960625515386,1,subprime
2026-06-17,-1.0934595687811115,0.0,0,prime
2026-06-17,-0.11595965510805105,1.0,1,prime
2026-06-17,0.4337615761549026,0.2802044418680455,0,subprime
2026-06-17,0.6481769078787566,1.0,1,prime
2026-06-17,0.34872860639472963,1.0,1,prime
2026-06-17,0.8317829056565202,0.0,0,prime
2026-06-17,0.30495545880409203,0.9127367388955373,1,subprime
2026-06-17,0.5607787610780803,0.0,0,prime
2026-06-17,-1.655553981094515,0.0,0,prime
2026-06-17,1.2539922419125877,0.04663119949674363,0,prime
2026-06-17,-0.9635242651469847,0.0,0,prime
2026-06-17,0.6625835064309582,0.0,0,prime
2026-06-17,0.06868173659747658,0.18409056252091555,0,subprime
2026-06-17,-0.0029951793844254304,0.8082689663585827,1,prime
2026-06-17,0.4668811237867196,1.0,1,prime
2026-06-17,0.24789557182175848,0.0,0,prime
2026-06-17,-1.1405836775045166,1.0,1,prime
2026-06-17,-1.2886944541155978,0.0,0,prime
2026-06-17,0.16341830205822433,0.0,0,prime
2026-06-17,-1.166736948202469,0.0,0,prime
2026-06-17,0.47240218757385893,1.0,1,prime
2026-06-17,-0.39664700004200265,0.6321720680988615,1,subprime
2026-06-17,-1.1945245963413198,0.188838843701515,0,subprime
2026-06-17,-0.18833628641282293,0.17665970672964768,0,subprime
2026-06-17,1.4077545094234143,1.0,1,prime
2026-06-17,-1.3288337207125223,0.0,0,prime
2026-06-17,0.5080486689125481,1.0,1,prime
2026-06-17,-0.48190857415390903,0.3488119552348323,0,subprime
2026-06-17,1.117012160018551,0.0829213723628236,0,prime
2026-06-17,0.7748738909338849,0.13756025760809212,0,subprime
2026-06-17,-1.3980407308573024,0.0,0,prime
2026-06-17,-1.1527852201146267,0.9043836796771254,1,prime
2026-06-17,-0.41111361075534886,1.0,1,prime
2026-06-17,-0.819881871533545,0.0,0,prime
2026-06-17,0.7835396424665775,0.0,0,prime
2026-06-17,1.0109513963243435,1.0,1,prime
2026-06-17,0.4691619466810305,1.0,1,prime
2026-06-17,0.8732374364349799,0.852348080688709,1,subprime
2026-06-17,0.3919198997339478,0.0,0,prime
2026-06-17,1.3970720267737793,0.0,0,prime
2026-06-17,0.5535147071242932,1.0,1,prime
2026-06-17,0.6323945071943067,0.0,0,prime
2026-06-17,0.503613228042989,1.0,1,prime
2026-06-17,1.4930599457389864,1.0,1,prime
2026-06-17,0.7359639150410812,0.8756756156722472,1,subprime
2026-06-17,-0.48455056834231197,0.0,0,prime
2026-06-17,-0.4855117891381735,0.0,0,prime
2026-06-17,-0.3599084479181741,0.21387424183643106,0,subprime
2026-06-17,2.127891491059924,0.9138212229638607,1,prime
2026-06-18,-1.1908422701314068,1.0,1,prime
2026-06-18,-0.9145421558607885,0.26267776246071184,0,subprime
2026-06-18,-0.6343763920029143,1.0,1,prime
2026-06-18,-0.636098758579755,0.0,0,prime
2026-06-18,-1.3703458358861935,0.0,0,prime
2026-06-18,0.5124800292195876,0.9397189154250503,1,prime
2026-06-18,0.7779530618671653,1.0,1,prime
2026-06-18,0.023961764136310803,0.0,0,prime
2026-06-18,0.5511861089054034,1.0,1,prime
2026-06-18,1.4170565822461112,0.0,0,prime
2026-06-18,0.4304518498946315,0.7197750074697701,1,subprime
2026-06-18,-0.7824782484393837,0.8151089580882537,1,subprime
2026-06-18,-0.7216641243939403,0.0,0,prime
2026-06-18,0.5426292511476866,0.7819505032212093,1,subprime
2026-06-18,1.1130855483963886,1.0,1,prime
2026-06-18,-1.2755884434516251,0.9339509523478531,1,prime
2026-06-18,2.1867531736246786,0.8191598154180398,1,subprime
2026-06-18,-0.29018134433174514,1.0,1,prime
2026-06-18,-2.1014582480124173,1.0,1,prime
2026-06-18,-1.0959328751548398,0.0,0,prime
2026-06-18,0.3309032019150525,1.0,1,prime
2026-06-18,-0.927740706153352,1.0,1,subprime
2026-06-18,-1.2634118628837927,1.0,1,prime
2026-06-18,1.7318592975850347,0.10023517887394798,0,prime
2026-06-18,-0.7704359584787923,1.0,1,prime
2026-06-18,0.8598038636858717,0.22711803847517303,0,subprime
2026-06-18,-2.541660481063129,1.0,1,prime
2026-06-18,-2.069926663391052,1.0,1,prime
2026-06-18,0.21615345109726603,0.1068532489180991,0,subprime
2026-06-18,0.4678482724408163,1.0,1,prime
2026-06-18,-1.9073767574763631,0.3091360440008782,0,subprime
2026-06-18,-0.9158714765447422,0.8062186496721413,1,subprime
2026-06-18,0.6825178442672706,0.0,0,prime
2026-06-18,0.0407257547883446,1.0,1,prime
2026-06-18,0.0708304040284162,0.9015573939821048,1,prime
2026-06-18,0.2149429993907716,0.05637476571678621,0,prime
2026-06-18,-0.3200703663723734,0.8670843899281633,1,prime
2026-06-18,-0.016468212315804195,0.0,0,prime
2026-06-18,-0.6235064371430148,0.7285918931428493,1,subprime
2026-06-18,-0.24441885761871182,0.7804561184596018,1,subprime
2026-06-18,-1.0998441180999663,0.9990906150660064,1,prime
2026-06-18,-0.4912157501667145,0.0,0,prime
2026-06-18,-3.200258840116228,0.11658687279947377,0,prime
2026-06-18,-0.12200542803617204,0.7177268792191587,1,subprime
2026-06-18,0.663060285868408,0.7525081740130661,1,subprime
2026-06-18,-0.6341215011566661,1.0,1,prime
2026-06-18,-0.44938238789622004,0.0,0,prime
2026-06-18,1.0132871363859084,0.0,0,prime
2026-06-18,1.971452451711917,0.1685609257288688,0,subprime
2026-06-18,2.328426004552978,0.0,0,prime
2026-06-18,0.9225453159559196,1.0,1,prime
2026-06-18,0.8539424874500464,1.0,1,prime
2026-06-18,-0.9500321665326733,1.0,1,prime
2026-06-18,-0.8337335701818251,1.0,1,prime
2026-06-18,0.224380638784397,0.960188570328665,1,prime
2026-06-18,-0.8621890193868977,1.0,1,prime
2026-06-18,1.7845669053599893,1.0,1,prime
2026-06-18,0.05270588939026971,0.0,0,prime
2026-06-18,2.3847368037068737,1.0,1,prime
2026-06-18,0.7872606088357975,0.9624462312748421,1,prime
2026-06-18,0.6951890499659149,1.0,1,prime
2026-06-18,0.845082798569635,0.0032200914422911425,0,prime
2026-06-18,0.377116356665481,1.0,1,prime
2026-06-18,-0.04851008127952524,1.0,1,prime
2026-06-18,-1.565955526515752,1.0,1,prime
2026-06-18,0.6499688828945064,1.0,1,prime
2026-06-18,1.66795151365464,0.2029769881397423,0,subprime
2026-06-18,-1.5567171745943977,1.0,1,prime
2026-06-18,-0.3064702450435584,0.0,0,prime
2026-06-18,1.1302151804877956,1.0,1,prime
2026-06-18,1.8267599508843477,1.0,1,prime
2026-06-18,-1.0645304798851838,0.2813808629221618,0,subprime
2026-06-18,0.8277186265043852,0.06022279145000006,0,prime
2026-06-18,0.3363912141651574,0.9104704155080525,1,subprime
2026-06-18,-0.07483855655890698,0.7700397482557421,1,subprime
2026-06-18,-0.4567979818560818,0.0,0,prime
2026-06-18,-1.9529686349066475,0.8353557626970284,1,subprime
2026-06-18,0.3131711830937399,0.0,0,prime
2026-06-18,-0.5689271135934455,0.9290813452926632,1,prime
2026-06-18,-0.10690172443855635,0.0,0,prime
2026-06-18,0.7952489120402806,1.0,1,prime
2026-06-18,1.191244266418081,1.0,1,prime
2026-06-18,0.6240130767802304,0.04269339654194823,0,prime
2026-06-18,-0.7159107866869083,0.11961925942364199,0,prime
2026-06-18,1.075542197005109,0.07025980572737309,0,prime
2026-06-18,-1.4503845985790984,1.0,1,prime
2026-06-18,-0.027203355886129918,0.7509282103848779,1,subprime
2026-06-18,0.36066997928964106,1.0,1,prime
2026-06-18,-0.8685472722067579,0.0,0,prime
2026-06-18,0.118558684181644,0.0,0,prime
2026-06-18,0.11721081648827342,0.9824646674229291,1,prime
2026-06-18,-0.6529012931637281,0.0,0,prime
2026-06-18,-1.5657810683584776,0.795736402182724,1,subprime
2026-06-18,-0.012496220503599963,0.0,0,prime
2026-06-18,-0.25188098060405484,1.0,1,prime
2026-06-18,0.5474685193670678,0.990164459072974,1,prime
2026-06-18,1.3132646050019934,1.0,1,prime
2026-06-18,-0.3012786354167994,0.2084065487126315,0,subprime
2026-06-18,0.15902943497202335,0.7849214039662347,1,subprime
2026-06-18,-0.025629019698509822,0.028336927006547413,0,subprime
2026-06-18,-1.7036649490457378,0.0,0,prime
2026-06-18,0.040566333312026366,0.21354548238154125,0,subprime
2026-06-18,-1.972971390130903,0.0,0,prime
2026-06-18,-0.09035225871008772,0.3088443470280202,0,subprime
2026-06-18,-0.2349412492384539,0.8161025272994022,1,subprime
2026-06-18,-0.24608865211199454,0.0,0,prime
2026-06-18,-1.3678139525814184,0.0,0,prime
2026-06-18,1.0934105168654444,0.0,0,prime
2026-06-18,1.6108309850282383,0.0,0,prime
2026-06-18,0.038728361901474356,0.822301783972553,1,subprime
2026-06-18,1.3861746771839691,0.0,0,prime
2026-06-18,0.297622845695265,1.0,1,prime
2026-06-18,0.2168398095639996,0.07200439448769944,0,prime
2026-06-18,-0.5405660947652062,1.0,1,prime
2026-06-18,-0.33842447583690927,1.0,1,prime
2026-06-18,0.4142293895502655,0.13027233158999593,0,subprime
2026-06-18,-0.6276825378566087,1.0,1,prime
2026-06-18,0.9385178424427861,0.0,0,prime
2026-06-18,-1.3535560041865566,0.0,0,prime
2026-06-18,-0.5089064435251297,1.0,1,prime
2026-06-18,-1.1968927975663088,0.0,0,prime
2026-06-18,-2.3490238413354074,1.0,1,prime
2026-06-18,-1.707088364929643,0.0,0,prime
2026-06-18,2.4299493626803095,0.8726762831587821,1,subprime
2026-06-18,0.1505769373418165,0.18077258058928874,0,subprime
2026-06-18,-0.4680942842274073,0.0,0,prime
2026-06-18,1.8531713708670252,0.096221802819077,0,subprime
2026-06-18,0.09364580711427939,0.012497635690270292,0,prime
2026-06-18,-2.7641897671237663,0.0,0,prime
2026-06-18,-0.5320038233417708,0.0,0,prime
2026-06-18,-0.6505356000181417,0.3177648770041608,0,subprime
2026-06-18,-1.1132002928956792,0.08575849236317983,0,subprime
2026-06-18,0.01270593413448566,0.0,0,prime
2026-06-18,0.21339160035290677,1.0,1,prime
2026-06-18,-0.26596034782894373,0.0,0,prime
2026-06-18,2.1072852246621463,1.0,1,prime
2026-06-18,-1.351563479357146,0.0,0,prime
2026-06-18,0.00881136667726714,0.9829543100173486,1,prime
2026-06-18,3.610114769720724,1.0,1,prime
2026-06-18,-0.31879459042171043,0.0,0,prime
2026-06-18,0.9248064235723348,1.0,1,prime
2026-06-18,0.8192486914283291,1.0,1,prime
2026-06-18,0.6377958494879294,1.0,1,prime
2026-06-18,0.8920419183693358,0.02075281247198764,0,prime
2026-06-18,1.5102447503741874,1.0,1,prime
2026-06-18,0.01848878555716009,0.0,0,prime
2026-06-18,-0.13114977908375602,0.0,0,prime
2026-06-18,-2.1453173258108396,0.8063695248610966,1,subprime
2026-06-18,-0.10433772854436163,0.0,0,prime
2026-06-18,-0.21147316720467524,0.31071312906220117,0,subprime
2026-06-18,1.8328021822141092,0.03212731071785882,0,prime
2026-06-18,-2.505022270331794,1.0,1,prime
2026-06-18,-0.43625150927593315,0.0,0,prime
2026-06-18,0.10020700659406812,1.0,1,prime
2026-06-18,-0.8637994653120705,0.0,0,prime
2026-06-18,-1.241445541042437,0.0,0,prime
2026-06-18,-0.7179727191689512,1.0,1,prime
2026-06-18,-1.8069426231263326,0.0,0,prime
2026-06-18,0.9979424708910172,0.19581003717906467,0,subprime
2026-06-18,0.5115470199093648,0.0,0,prime
2026-06-18,0.9389711706786364,0.9143678051559356,1,subprime
2026-06-18,0.3658372970774167,1.0,1,prime
2026-06-18,0.3411053584405732,1.0,1,prime
2026-06-18,0.07630676456673778,0.11507745510575476,0,subprime
2026-06-18,-1.0074834489697662,1.0,1,prime
2026-06-18,-0.9401308085515311,1.0,1,prime
2026-06-18,0.38632800479039237,0.0,0,prime
2026-06-18,-1.1436350760776932,0.13882551566350315,0,subprime
2026-06-18,-1.562997128150149,1.0,1,prime
2026-06-18,-1.9058225626486052,0.9412695857746376,1,prime
2026-06-18,-0.21762420927247345,1.0,1,prime
2026-06-18,-1.2214890263237617,0.05130551362825447,0,subprime
2026-06-18,0.801406786236337,0.0,0,prime
2026-06-18,2.2297179860264613,0.34363715979194165,0,subprime
2026-06-18,-0.8236006465889671,0.0,0,prime
2026-06-18,1.9120637676853636,0.0,0,prime
2026-06-18,1.0669223559869414,0.0,0,prime
2026-06-18,2.012268160852877,0.7792316693902177,1,subprime
2026-06-18,-0.6620809272390968,0.1232245364505794,0,subprime
2026-06-18,-1.4686361089862876,0.0,0,prime
2026-06-18,-0.1501579248037958,1.0,1,prime
2026-06-18,-0.07549066193097606,0.0,0,prime
2026-06-18,1.8915492770935607,0.7570159791227871,1,subprime
2026-06-18,0.24902639971865412,0.9496392111924716,1,subprime
2026-06-18,-0.3702335124908101,1.0,1,prime
2026-06-18,-1.4568827249626572,0.0,0,prime
2026-06-18,1.0923600925130839,0.6785104683967688,1,subprime
2026-06-18,-0.04612865055865396,0.0,0,prime
2026-06-18,0.1345007973208549,0.04342687627376954,0,subprime
2026-06-18,0.21859606940827409,1.0,1,prime
2026-06-18,0.7948697377643199,0.0,0,prime
2026-06-18,0.5422660207016309,0.9211128046745362,1,subprime
2026-06-18,-1.5219897833521785,0.0,0,prime
2026-06-18,1.3974548718994138,0.0,0,prime
2026-06-18,-0.29214146902584043,0.3144415299755856,0,subprime
2026-06-18,-1.9308360935919002,1.0,1,prime
2026-06-18,1.643051207117179,0.0,0,prime
2026-06-18,1.951527609197839,0.7340793251765247,1,subprime
2026-06-18,0.3763110128395917,0.0,0,prime
2026-06-18,1.069587869305813,0.0,0,prime
2026-06-18,0.2821876596297883,1.0,1,prime
2026-06-18,1.236294338088059,0.7920722669508673,1,subprime
2026-06-18,1.636734385047916,0.0,0,prime
2026-06-18,-1.0335311629817339,0.0,0,prime
2026-06-18,-1.315899467117495,1.0,1,prime
2026-06-18,-0.34432540889659086,0.14879576837813444,0,subprime
2026-06-18,0.6437607012100082,0.9815024605273773,1,prime
2026-06-18,0.7332207861537376,0.0,0,prime
2026-06-18,0.8017453613340217,1.0,1,prime
2026-06-18,-0.3622906654835945,0.0,0,prime
2026-06-18,1.3799919194767325,0.2539929061563099,0,subprime
2026-06-18,0.3329505214981308,0.0,0,prime
2026-06-18,1.00898342574105,0.600709888777661,1,subprime
2026-06-18,0.2471750954900807,0.0,0,prime
2026-06-18,-0.9235980093826864,0.7872265990062898,1,subprime
2026-06-18,0.6516728260804917,1.0,1,prime
2026-06-18,-2.428522099393329,1.0,1,prime
2026-06-18,0.4094595869756723,0.0,0,prime
2026-06-18,-0.005963105780928902,0.0,0,prime
2026-06-18,-0.6339507727790525,1.0,1,prime
2026-06-18,1.0459133689416866,0.04177337988144128,0,subprime
2026-06-18,2.4690026709103177,0.0,0,prime
2026-06-18,0.328576681418611,0.9229346411382463,1,subprime
2026-06-18,-1.4140338472561864,0.7374490842951017,1,subprime
2026-06-18,1.13495212393079,0.0,0,prime
2026-06-18,-0.7226596167426238,0.0,0,prime
2026-06-18,0.44994930706048963,1.0,1,prime
2026-06-18,-0.04976560950226525,1.0,1,prime
2026-06-18,0.6830984252990064,1.0,1,prime
2026-06-18,0.23892701530316007,1.0,1,prime
2026-06-18,0.23477404670460028,0.025629320979726672,0,prime
2026-06-18,-1.0161532043513235,1.0,1,prime
2026-06-18,-1.3262881507043434,0.15863689371143677,0,subprime
2026-06-18,-0.10000658014596109,1.0,1,prime
2026-06-18,-0.08725792636390016,0.058738938469526214,0,prime
2026-06-18,-0.41853648358531814,0.14914797462052784,0,subprime
2026-06-18,0.3490379681890395,1.0,1,prime
2026-06-18,2.407194624671997,1.0,1,prime
2026-06-18,-0.1568565767099054,1.0,1,prime
2026-06-18,0.4101653310285529,1.0,1,prime
2026-06-18,0.8347300058936751,1.0,1,prime
2026-06-18,0.8708206957904794,0.0,0,prime
2026-06-18,0.7083874655505161,1.0,1,prime
2026-06-18,0.5316593132744821,0.0,0,prime
2026-06-18,1.0678805445814217,1.0,1,prime
2026-06-18,0.14548361852835753,0.08911769022398747,0,prime
2026-06-18,-1.711057671850783,0.0,0,prime
2026-06-18,0.2753559434816999,0.8681627606246745,1,prime
2026-06-18,0.44363934803077165,1.0,1,prime
2026-06-18,0.21136228309826263,0.1371966402833755,0,subprime
2026-06-18,-0.5651260771782051,0.7047293850165817,1,subprime
2026-06-18,-0.018724762528993095,1.0,1,prime
2026-06-18,-1.086782748833575,0.0,0,prime
2026-06-18,0.311932364636644,0.03442352565191972,0,prime
2026-06-18,1.6740778496679931,1.0,1,prime
2026-06-18,-0.06330066471374336,0.6892546910624648,1,subprime
2026-06-18,1.8951448563065278,0.9574054400259175,1,subprime
2026-06-18,0.6248774483063424,0.812009403370108,1,subprime
2026-06-18,1.230906919209959,0.0,0,prime
2026-06-18,0.17234903962537393,0.0,0,prime
2026-06-18,-1.2637423152723068,1.0,1,prime
2026-06-18,-1.958645234303412,0.28841497372243635,0,subprime
2026-06-18,0.21645611082990446,0.024028089364135946,0,prime
2026-06-18,0.20670689738597936,0.09331703544768973,0,subprime
2026-06-18,0.4062365844507359,0.882249046027093,1,subprime
2026-06-18,-1.3761745179751803,0.8313768410559891,1,subprime
2026-06-18,-0.18551829616291107,0.30840736796748824,0,subprime
2026-06-18,-0.8069024533831459,0.06341330402929828,0,subprime
2026-06-18,0.4557723121479425,0.131307528330402,0,subprime
2026-06-18,0.9408335430457045,0.0,0,prime
2026-06-18,-0.11646464182841137,1.0,1,prime
2026-06-18,0.44473900933872984,0.9029687170492171,1,subprime
2026-06-18,1.3551493513620616,1.0,1,prime
2026-06-18,-0.27554402686345436,0.0,0,prime
2026-06-18,1.052051250642205,0.23799335100628083,0,subprime
2026-06-18,-0.5105495646147807,0.928957749411178,1,prime
2026-06-18,-1.3253310152125453,0.8111058197856096,1,subprime
2026-06-18,-0.49504705489333156,0.992773173149444,1,prime
2026-06-18,-0.7733520122299896,0.0,0,prime
2026-06-18,1.2151293057787125,0.026436452781319897,0,prime
2026-06-18,0.5701659638007239,0.0,0,prime
2026-06-18,-1.0696022707775643,0.9495957753177979,1,prime
2026-06-18,-0.7855898847630328,1.0,1,prime
2026-06-18,-0.2641162519613743,0.05467271705281407,0,prime
2026-06-18,1.5961885800067375,0.046378421486394206,0,subprime
2026-06-18,-0.3073797019511413,1.0,1,prime
2026-06-18,-0.598150491645278,1.0,1,prime
2026-06-18,-0.4422020396108399,1.0,1,prime
2026-06-18,0.2299765708544477,0.0,0,prime
2026-06-18,-2.039451338250682,0.041863823885602836,0,subprime
2026-06-18,-0.20340036516008705,0.8417547494666813,1,subprime
2026-06-18,-0.34682669811556793,1.0,1,prime
2026-06-18,-1.9368159862222813,1.0,1,prime
2026-06-18,-0.7682232830393757,1.0,1,prime
2026-06-18,-0.6862503767975967,0.010739005404773738,0,prime
2026-06-18,-1.8018220527357252,0.3420202606329744,0,subprime
2026-06-18,1.3014117864428725,0.0,0,prime
2026-06-18,-1.549828866298501,0.22962305467121594,0,subprime
2026-06-18,-1.3683353202276896,1.0,1,prime
2026-06-18,-0.0825316823584713,0.0,0,prime
2026-06-18,0.7128196658361359,0.129057787535088,0,subprime
2026-06-18,0.34104004590628095,1.0,1,prime
2026-06-18,-0.24932292965411526,0.0,0,prime
2026-06-18,0.7041378231353728,1.0,1,prime
2026-06-18,-1.2000135192529247,0.062026775567621165,0,subprime
2026-06-18,-0.8894454499707091,0.0,0,prime
2026-06-18,1.217907173515826,0.0,0,prime
2026-06-18,-1.832446673702374,1.0,1,prime
2026-06-18,-0.8189804044574194,0.0,0,prime
2026-06-18,-1.8076646534206082,0.0,0,prime
2026-06-18,-1.2026487846282985,1.0,1,prime
2026-06-18,-1.2519715926274055,0.2870026601384158,0,subprime
2026-06-18,0.40130210238441466,1.0,1,prime
2026-06-18,0.07748257312807268,1.0,1,prime
2026-06-18,0.4322575954622033,1.0,1,prime
2026-06-18,0.04632238833566691,1.0,1,prime
2026-06-18,-0.4065585951723674,1.0,1,prime
2026-06-18,-0.7869773390193202,1.0,1,prime
2026-06-18,0.43188291622742336,0.8371523776460265,1,subprime
2026-06-18,-0.904390094548522,1.0,1,prime
2026-06-18,0.5501892694407098,0.01719219873974942,0,subprime
2026-06-18,-0.11251936870334169,1.0,1,prime
2026-06-18,-1.150652740784719,0.0,0,prime
2026-06-18,0.7743837981741484,0.0,0,prime
2026-06-18,0.06450145555840513,0.056968686329533974,0,prime
2026-06-18,-1.290652546901737,0.9147509802618743,1,subprime
2026-06-18,-0.4671261502932115,0.9521863570818816,1,prime
2026-06-18,-0.466601061841645,1.0,1,prime
2026-06-18,0.011573416639633504,0.7053983124313585,1,subprime
2026-06-18,1.926268277543736,0.9707710689816403,1,prime
2026-06-18,0.007239906224689999,0.23948574585705376,0,subprime
2026-06-18,0.1710015693969041,0.8371273126343077,1,subprime
2026-06-18,0.3566425800393698,1.0,1,prime
2026-06-18,0.18255457597471456,0.8863952114815407,1,subprime
2026-06-18,-1.3281132147768067,0.9684565696273539,1,prime
2026-06-18,-1.4265889075548297,0.7248986311215231,1,subprime
2026-06-18,0.6442443390839565,0.0,0,prime
2026-06-18,1.6296578184464872,1.0,1,prime
2026-06-18,-0.9698030081312624,0.0,0,prime
2026-06-18,1.3744327869988662,1.0,1,prime
2026-06-18,-0.08102733645284338,0.07770958115507495,0,prime
2026-06-18,0.7260488926463893,1.0,1,prime
2026-06-18,1.0761843353933818,1.0,1,prime
2026-06-18,2.4703209806063797,0.0,0,prime
2026-06-18,-0.32239389655111883,0.06917027339307452,0,prime
2026-06-18,0.7855410900038304,0.04052662537165333,0,subprime
2026-06-18,0.09726716213280799,0.0,0,prime
2026-06-18,0.8453963306470471,0.0007842398583380872,0,prime
2026-06-18,-0.7623156822063756,0.0,0,prime
2026-06-18,-1.095603619413184,1.0,1,prime
2026-06-18,-0.09931030737898146,1.0,1,prime
2026-06-18,-1.7217979247985062,1.0,1,prime
2026-06-18,1.0623275845465463,0.053220250247509926,0,prime
2026-06-18,-0.053392450876157425,0.9332868664185102,1,subprime
2026-06-18,-0.9600029051374894,0.0,0,prime
2026-06-18,-0.9216877451993082,0.0,0,prime
2026-06-18,-0.16375489304607144,0.09948281590583269,0,subprime
2026-06-18,1.5046714719701142,1.0,1,prime
2026-06-18,0.5816163551098942,0.3654279835561244,0,subprime
2026-06-18,-0.21071294128869691,0.9950760604407232,1,prime
2026-06-18,-0.23629836804073293,0.0,0,prime
2026-06-18,0.4576075583828064,1.0,1,prime
2026-06-18,-1.5718393260323797,1.0,1,prime
2026-06-18,-0.02613686354573941,1.0,1,prime
2026-06-18,-1.2091757733748523,0.0,0,prime
2026-06-18,1.237331743798286,1.0,1,prime
2026-06-18,-1.5835247460940158,1.0,1,prime
2026-06-18,-0.2521699837715245,1.0,1,prime
2026-06-18,-0.6106497505154254,0.0779703779953603,0,prime
2026-06-18,-0.2290401004400211,0.0,0,prime
2026-06-18,-0.7643562818811405,1.0,1,prime
2026-06-18,0.3124456229378938,0.9921193139060254,1,prime
2026-06-18,0.8655279010955234,0.9293225273370017,1,prime
2026-06-18,-0.8160802708694637,0.0,0,prime
2026-06-18,-0.5852928386039069,0.0,0,prime
2026-06-18,-0.07160807304561995,0.6958289145489026,1,subprime
2026-06-18,-1.550626669577503,0.0,0,prime
2026-06-18,0.7268724116999399,0.0,0,prime
2026-06-18,0.5784535328647329,0.0,0,subprime
2026-06-18,-0.3421606760853675,0.0,0,prime
2026-06-18,-0.7850829242108478,0.0,0,prime
2026-06-18,0.8183562833443229,0.0,0,prime
2026-06-18,-0.8244068626079,0.0,0,prime
2026-06-18,2.7751495635630454,0.04204694031674722,0,subprime
2026-06-18,1.2703815424818872,0.1813765408081508,0,subprime
2026-06-18,1.1519862058882282,0.7321951675472007,1,subprime
2026-06-18,0.5033494043464539,0.1695780430879219,0,subprime
2026-06-18,2.090929412657992,0.22110216967353333,0,subprime
2026-06-18,0.20454906275480322,0.8515398681586087,1,subprime
2026-06-18,0.3449770244422621,0.0,0,prime
2026-06-18,-0.7620233865657309,0.8122267416547895,1,subprime
2026-06-18,-0.12625482471306573,0.0,0,prime
2026-06-18,0.5459574657345787,1.0,1,prime
2026-06-18,1.3539125434831092,1.0,1,prime
2026-06-18,-0.5663242772861474,0.1605507718480665,0,prime
2026-06-18,-0.6656891678134261,0.0,0,prime
2026-06-18,0.29657773962541883,0.9626530333872088,1,prime
2026-06-18,-0.6818316972016869,0.0,0,prime
2026-06-18,2.6262992885108782,0.1696023501425133,0,prime
2026-06-18,-0.48966679541717945,1.0,1,prime
2026-06-19,0.032621587191340215,1.0,1,prime
2026-06-19,1.0328382660069622,1.0,1,prime
2026-06-19,0.5532218868732134,1.0,1,prime
2026-06-19,-0.0029610099442287,0.0,0,prime
2026-06-19,-0.3773809252045266,0.0,0,prime
2026-06-19,-0.018099140302094537,0.15350775726211424,0,subprime
2026-06-19,0.11257792191412098,1.0,1,prime
2026-06-19,-0.7624017701468406,1.0,1,prime
2026-06-19,1.2268883253934675,1.0,1,prime
2026-06-19,-1.2096688920796672,0.05673745574950825,0,subprime
2026-06-19,-0.49460563182592726,0.0,0,prime
2026-06-19,-0.20337658408430484,0.007100064140701398,0,prime
2026-06-19,0.48396500328997477,0.8188391983867468,1,subprime
2026-06-19,0.8382978794620463,1.0,1,prime
2026-06-19,1.0705079925908754,0.26698662707766824,0,subprime
2026-06-19,-0.5150291496726983,0.8745739439166136,1,subprime
2026-06-19,-0.18909688485869555,0.007901669363346492,0,prime
2026-06-19,-1.0563799352416288,1.0,1,prime
2026-06-19,0.4816162114525794,0.0,0,prime
2026-06-19,-0.13671305310353837,0.8597126643442978,1,subprime
2026-06-19,-0.08563925406216942,0.2842788985922535,0,subprime
2026-06-19,2.258177888012327,1.0,1,prime
2026-06-19,1.5592866469926407,0.2224232903630046,0,subprime
2026-06-19,1.6468720345548538,1.0,1,prime
2026-06-19,0.016684023730499244,0.06435267676335019,0,prime
2026-06-19,-0.2599759606529704,1.0,1,prime
2026-06-19,-0.06696078558178703,0.8322181372753181,1,subprime
2026-06-19,-0.5094467531460772,0.0,0,prime
2026-06-19,-0.7188099497702962,0.0,0,prime
2026-06-19,2.122452894617057,0.11286429736817816,0,subprime
2026-06-19,0.24884669579639102,0.9998614621110352,1,prime
2026-06-19,0.2184600677220035,1.0,1,prime
2026-06-19,-0.4201143202279111,0.7295191115518294,1,subprime
2026-06-19,-1.0748499458229632,0.15137649519030505,0,subprime
2026-06-19,-1.1610609976728379,1.0,1,prime
2026-06-19,1.841578622071942,0.0,0,prime
2026-06-19,-0.6767584023322019,0.8980368336984724,1,subprime
2026-06-19,-0.5616609862450338,0.0017589484850036446,0,prime
2026-06-19,-1.357488229242577,0.06279957807212833,0,prime
2026-06-19,0.718822054648474,1.0,1,prime
2026-06-19,-0.8388043076960008,0.0,0,prime
2026-06-19,0.8667929680164175,0.0,0,prime
2026-06-19,1.3121522942783472,0.06214964124827649,0,prime
2026-06-19,0.49578873602258594,1.0,1,prime
2026-06-19,-0.06294275810635329,0.0,0,prime
2026-06-19,-1.9283507432306106,0.0,0,prime
2026-06-19,0.6390491829019832,1.0,1,prime
2026-06-19,1.2031386046863524,1.0,1,prime
2026-06-19,0.9662840292942166,0.0,0,prime
2026-06-19,-1.3938318357795685,1.0,1,prime
2026-06-19,1.0435728209431743,0.0,0,prime
2026-06-19,-0.22123034125259264,0.7301913305476215,1,subprime
2026-06-19,-0.5305237350647896,0.0,0,prime
2026-06-19,-0.7587391530138899,0.7693154611436895,1,subprime
2026-06-19,-0.39690996708758897,0.0,0,prime
2026-06-19,-0.5257596636523415,1.0,1,prime
2026-06-19,-0.13844826984692257,0.006689633228344247,0,prime
2026-06-19,-0.8977713791830307,1.0,1,prime
2026-06-19,-0.6023167031288255,0.0,0,prime
2026-06-19,-0.2797814373999868,1.0,1,prime
2026-06-19,0.4122652886433102,1.0,1,prime
2026-06-19,0.27202435429745675,0.8759860086775866,1,subprime
2026-06-19,-1.0509695841843336,1.0,1,prime
2026-06-19,-1.7609135618993947,0.09813217923511933,0,prime
2026-06-19,0.4401867094283408,0.8643387650355893,1,subprime
2026-06-19,0.046958342968214835,1.0,1,prime
2026-06-19,1.1631235640229922,0.0,0,prime
2026-06-19,0.2674711346887062,0.8306625291410528,1,subprime
2026-06-19,-0.17797273754997667,1.0,1,prime
2026-06-19,-0.8979828933925702,0.16361187028742197,0,subprime
2026-06-19,1.2454746621403323,1.0,1,prime
2026-06-19,-2.1472157146097106,0.34525653910300597,0,subprime
2026-06-19,-0.3939826385452282,1.0,1,prime
2026-06-19,0.24702671019898167,0.7896273970254745,1,subprime
2026-06-19,0.5739532611232436,0.8819289815375932,1,subprime
2026-06-19,-2.5474030006875856,0.194560014592515,0,subprime
2026-06-19,0.8974836962254179,0.19745492342718607,0,subprime
2026-06-19,-0.9085256393118377,0.0,0,prime
2026-06-19,0.5514673632537612,0.10396066890993541,0,subprime
2026-06-19,0.13509583834379732,1.0,1,prime
2026-06-19,-0.7884209764814639,1.0,1,prime
2026-06-19,1.2238409065206024,1.0,1,prime
2026-06-19,-0.10799558865056522,1.0,1,prime
2026-06-19,0.8533484739326272,0.9959552551429838,1,prime
2026-06-19,-0.14184954040071515,0.0,0,prime
2026-06-19,-1.2101924525516936,0.0,0,prime
2026-06-19,-1.411327182937118,0.0,0,prime
2026-06-19,-0.1910624122758161,1.0,1,prime
2026-06-19,-0.47547332641665657,1.0,1,prime
2026-06-19,0.8270780874810834,1.0,1,prime
2026-06-19,0.07158702567278662,1.0,1,prime
2026-06-19,1.0887176545217898,0.0,0,prime
2026-06-19,-0.16145167098233423,0.0,0,prime
2026-06-19,1.519732282517177,0.2096655399157767,0,subprime
2026-06-19,1.2957811773128154,0.17825604617210755,0,subprime
2026-06-19,0.22333324215517403,0.0,0,prime
2026-06-19,-0.8986593527808067,0.0,0,prime
2026-06-19,0.2328212749967264,1.0,1,prime
2026-06-19,1.218353442702028,0.09024487078099158,0,subprime
2026-06-19,0.2617093000818906,1.0,1,prime
2026-06-19,-0.7308703150390115,0.0,0,prime
2026-06-19,-0.9505022554920752,0.8555452550882388,1,subprime
2026-06-19,-0.17394352070922522,0.11050105453029538,0,prime
2026-06-19,0.1837053359390171,0.49212978692703047,0,subprime
2026-06-19,0.812296715042596,1.0,1,prime
2026-06-19,-0.5671827594781612,1.0,1,prime
2026-06-19,-1.8082272766107241,1.0,1,prime
2026-06-19,0.375590866387452,0.8708909110321883,1,subprime
2026-06-19,-0.08917187967165877,1.0,1,prime
2026-06-19,0.31571175742318264,0.824365773672999,1,subprime
2026-06-19,-0.520513898816011,1.0,1,subprime
2026-06-19,-1.4409656504999206,0.26903927766505814,0,subprime
2026-06-19,-1.1240997303695954,0.6535349710319643,1,subprime
2026-06-19,0.6500672065533127,1.0,1,prime
2026-06-19,0.8995599970274324,0.9110788396627146,1,prime
2026-06-19,-0.2482600398966299,1.0,1,prime
2026-06-19,-0.06275217609238337,0.19823644595407186,0,subprime
2026-06-19,0.33817658115639004,0.22199446545808071,0,subprime
2026-06-19,-1.179846553873883,0.0,0,prime
2026-06-19,-0.6532588665292797,0.8237967982515533,1,subprime
2026-06-19,-0.08836220471795925,0.8731796662302489,1,subprime
2026-06-19,-1.9092240530698306,0.10045749492936923,0,subprime
2026-06-19,-0.1531379699834877,0.0,0,prime
2026-06-19,0.10665857540777837,0.20376705179700255,0,subprime
2026-06-19,0.5751584326760789,0.0,0,prime
2026-06-19,-0.9837670601433538,0.8950561280378612,1,subprime
2026-06-19,0.6904715902155676,1.0,1,prime
2026-06-19,0.3294618724441907,0.0,0,prime
2026-06-19,-0.16535310619385965,1.0,1,prime
2026-06-19,-0.1932170737768515,1.0,1,prime
2026-06-19,-0.22350707816580892,0.0,0,prime
2026-06-19,0.6062781892141963,0.9843000087304876,1,subprime
2026-06-19,0.12499067996878316,1.0,1,prime
2026-06-19,0.7473384104750737,0.0,0,prime
2026-06-19,0.19716407650381385,0.18496907464168175,0,subprime
2026-06-19,-0.6333680347970784,1.0,1,prime
2026-06-19,-1.5061703820076704,0.6912366400440844,1,subprime
2026-06-19,-0.26017509298959796,0.0,0,prime
2026-06-19,1.7290812451223054,0.024966591735179178,0,prime
2026-06-19,-0.11206762114952726,1.0,1,prime
2026-06-19,0.05587372531980322,0.0,0,prime
2026-06-19,-1.697588438626398,1.0,1,prime
2026-06-19,-0.28818329787277575,0.6595991682791928,1,subprime
2026-06-19,0.41165168128654395,1.0,1,prime
2026-06-19,0.3466638771762204,0.8357469228654338,1,subprime
2026-06-19,-0.41651111739213714,1.0,1,prime
2026-06-19,-1.086280877677999,0.07769836194574271,0,subprime
2026-06-19,1.1139385858627993,0.0,0,prime
2026-06-19,1.1475707295143844,1.0,1,prime
2026-06-19,0.6081179843022539,0.2620785679323075,0,subprime
2026-06-19,-0.8320230142945704,0.0,0,prime
2026-06-19,-0.1834775418078548,1.0,1,prime
2026-06-19,0.25505431242154203,0.0,0,prime
2026-06-19,-0.18402166427458,0.0,0,prime
2026-06-19,2.0413137042878273,1.0,1,prime
2026-06-19,0.48064006153229677,0.08370568710511853,0,subprime
2026-06-19,-0.18638557126973496,0.08705794398923244,0,subprime
2026-06-19,0.5267719917692134,1.0,1,prime
2026-06-19,1.0550611843690518,0.6873483288372084,1,subprime
2026-06-19,-0.19747743174514937,0.09275599046342764,0,subprime
2026-06-19,0.012355707954251333,0.10282352643249026,0,prime
2026-06-19,0.5001878480363215,0.0,0,prime
2026-06-19,1.5955968089874173,0.3365665307649991,0,subprime
2026-06-19,0.8954464112576344,1.0,1,prime
2026-06-19,1.295628913725485,0.19178439563983815,0,subprime
2026-06-19,-0.4256493782450088,0.0,0,prime
2026-06-19,-0.14989438033119756,0.7097545349354419,1,subprime
2026-06-19,-0.8729824394507901,1.0,1,prime
2026-06-19,0.21829047283019312,0.0,0,prime
2026-06-19,0.5169867757253106,0.0,0,prime
2026-06-19,0.29254039447325936,0.0,0,prime
2026-06-19,0.01601958822967458,0.3750031754355422,0,subprime
2026-06-19,-0.3760364360061013,1.0,1,prime
2026-06-19,-1.2896818585238474,0.14965776680034557,0,subprime
2026-06-19,-0.2938251723619279,1.0,1,prime
2026-06-19,-1.483852935021785,0.9100477338868485,1,subprime
2026-06-19,-1.2776526322848403,0.0,0,prime
2026-06-19,0.4855407765051298,0.8107185863537378,1,subprime
2026-06-19,0.2848658851513242,0.10996501065240527,0,prime
2026-06-19,0.6815162738268615,1.0,1,prime
2026-06-19,0.36191411955959946,0.0,0,prime
2026-06-19,-0.3697372629805682,0.8864548555329036,1,subprime
2026-06-19,1.580286011757536,0.0,0,prime
2026-06-19,-0.5041077267395101,0.34693381009148516,0,subprime
2026-06-19,-0.5539608324611914,1.0,1,prime
2026-06-19,1.064195737447711,0.0,0,prime
2026-06-19,-0.6626902137082784,0.0,0,prime
2026-06-19,-0.8025009140271502,1.0,1,prime
2026-06-19,0.5791419017499828,0.8406955690263047,1,subprime
2026-06-19,-0.08669047280005321,0.0,0,prime
2026-06-19,0.08652963448097391,1.0,1,prime
2026-06-19,0.3672695442393655,0.0,0,prime
2026-06-19,-0.15254362068263927,0.0,0,prime
2026-06-19,0.7807855391534123,1.0,1,prime
2026-06-19,-0.6207414804122412,0.798737398302386,1,subprime
2026-06-19,0.8143866829178181,1.0,1,prime
2026-06-19,-1.4542818528248151,1.0,1,prime
2026-06-19,-0.2755320920125401,0.8635289344771119,1,subprime
2026-06-19,-0.816603362131569,0.06575543780565521,0,prime
2026-06-19,-0.6715099211755842,1.0,1,prime
2026-06-19,1.0980248968146988,0.0,0,prime
2026-06-19,0.3709836378675761,0.0,0,prime
2026-06-19,0.020133088467092528,1.0,1,prime
2026-06-19,0.3956836770487578,0.20375939815086,0,subprime
2026-06-19,0.16778388654995466,1.0,1,prime
2026-06-19,0.05420662464252334,1.0,1,prime
2026-06-19,0.9959689502905356,0.0,0,prime
2026-06-19,1.5881666528255467,0.5441549588085088,1,subprime
2026-06-19,-0.2339083561713572,0.0,0,prime
2026-06-19,-0.9514136131782309,1.0,1,prime
2026-06-19,0.7417101241021747,1.0,1,prime
2026-06-19,-0.5877757955535181,0.0,0,prime
2026-06-19,0.7817876981535812,0.732252781129566,1,subprime
2026-06-19,0.64224093806076,1.0,1,prime
2026-06-19,1.6887000769428149,0.0,0,prime
2026-06-19,1.6384140151591835,1.0,1,prime
2026-06-19,-0.024884266390629427,0.0,0,prime
2026-06-19,-1.1257542022189129,0.0,0,prime
2026-06-19,-0.8006260553886844,0.9613158334894149,1,prime
2026-06-19,0.3716641336776427,1.0,1,prime
2026-06-19,-0.5292004697742302,1.0,1,prime
2026-06-19,0.14753632940906433,0.0,0,prime
2026-06-19,-1.3240578210834661,0.0,0,subprime
2026-06-19,-0.6028067551499222,1.0,1,prime
2026-06-19,0.7531880231883078,0.0,0,prime
2026-06-19,0.738682979009497,1.0,1,prime
2026-06-19,0.29850356400265593,0.0,0,prime
2026-06-19,0.21597026980685358,1.0,1,prime
2026-06-19,0.48262885201299005,1.0,1,prime
2026-06-19,-0.44403234820941595,0.0,0,prime
2026-06-19,-0.35704798481637623,0.0,0,prime
2026-06-19,-2.951005866341685,0.0,0,prime
2026-06-19,0.7782967455483658,0.8045671112098255,1,subprime
2026-06-19,0.32943362291487455,0.260630797319494,0,subprime
2026-06-19,0.765675507731613,0.0,0,prime
2026-06-19,-0.5197218899185982,0.1388892587116976,0,subprime
2026-06-19,-0.09093467690691666,1.0,1,prime
2026-06-19,-0.9718839917208623,0.8261678305321,1,subprime
2026-06-19,-1.2490388422566796,0.08233226206555784,0,subprime
2026-06-19,0.07930463839784872,1.0,1,prime
2026-06-19,0.46287749788229565,0.9668211323118676,1,prime
2026-06-19,-0.23357068843352816,0.1527479445916729,0,prime
2026-06-19,1.2025542541769865,1.0,1,prime
2026-06-19,0.3784756165194043,1.0,1,prime
2026-06-19,0.25689103126902346,0.9545244561329222,1,subprime
2026-06-19,-0.010259820075053952,0.22122162497564946,0,subprime
2026-06-19,0.30832652044117764,0.0004393923872185179,0,prime
2026-06-19,0.4763489429810669,0.1944325212814355,0,subprime
2026-06-19,-0.368515189107471,1.0,1,prime
2026-06-19,0.8443142960666137,0.8288429076822272,1,subprime
2026-06-19,-0.742125690798378,0.0,0,prime
2026-06-19,-2.804159926430629,0.0,0,prime
2026-06-19,-0.10713354814559264,1.0,1,prime
2026-06-19,-0.8926037375359831,0.144525796545195,0,subprime
2026-06-19,-1.5739889284970634,0.0622896716056445,0,prime
2026-06-19,-0.868046393365408,1.0,1,prime
2026-06-19,-0.9670238552438222,0.1412635841101194,0,subprime
2026-06-19,2.134269994730951,1.0,1,prime
2026-06-19,1.3566645827068387,1.0,1,prime
2026-06-19,1.6827904072858044,0.0,0,prime
2026-06-19,-1.0802624981428832,0.4633860628154043,1,subprime
2026-06-19,0.003949614934490449,1.0,1,prime
2026-06-19,-1.4321325717421758,1.0,1,prime
2026-06-19,-1.4592432646102653,1.0,1,prime
2026-06-19,-1.68730464884289,0.0,0,prime
2026-06-19,1.0747794307647782,1.0,1,prime
2026-06-19,-0.036205132359844225,0.0,0,prime
2026-06-19,-0.9378934848353411,1.0,1,prime
2026-06-19,0.5516598986002597,1.0,1,prime
2026-06-19,0.15251820345262668,0.0,0,prime
2026-06-19,0.38702963207269675,0.29936315364434635,0,subprime
2026-06-19,2.400541286881676,0.2723823665798731,0,subprime
2026-06-19,-1.4358275749773517,0.0,0,prime
2026-06-19,0.019969858230564203,0.0,0,prime
2026-06-19,0.17426218223414297,0.13790968258748026,0,subprime
2026-06-19,0.14626881205976333,0.0,0,prime
2026-06-19,0.25539840455251117,1.0,1,prime
2026-06-19,0.11824173092526725,0.0,0,subprime
2026-06-19,-0.05041714981084298,1.0,1,prime
2026-06-19,0.010345402953886132,0.04229221437414962,0,prime
2026-06-19,-1.773154564558519,0.0,0,prime
2026-06-19,-1.1828501519652972,1.0,1,prime
2026-06-19,-1.4297365697364288,0.23506592510780772,0,subprime
2026-06-19,1.6128928303477237,0.8576182091668587,1,subprime
2026-06-19,-1.5159983638684302,0.0,0,prime
2026-06-19,-0.5708973637899522,0.19146155660162428,0,subprime
2026-06-19,-0.21478876169712025,0.06546741860307656,0,subprime
2026-06-19,0.244450109014766,0.0,0,prime
2026-06-19,-0.4565687544557405,1.0,1,prime
2026-06-19,2.1637717860370707,0.18138085672926962,0,subprime
2026-06-19,-0.5147029494991144,0.0,0,prime
2026-06-19,0.9027202931019275,0.0,0,prime
2026-06-19,-0.7630908021063513,0.03566877885230263,0,subprime
2026-06-19,0.29050819792150934,0.0,0,prime
2026-06-19,-0.13595515385283044,0.0,0,prime
2026-06-19,1.1703402701262575,0.7200714562096345,1,subprime
2026-06-19,-1.0194925485115396,1.0,1,prime
2026-06-19,2.5526541708641,0.04336798886458587,0,prime
2026-06-19,-1.4066629599848854,0.8690082521075023,1,subprime
2026-06-19,-1.159699048253312,0.0,0,prime
2026-06-19,1.6326553071118672,0.8241077423907359,1,subprime
2026-06-19,1.1217616045568528,0.0,0,prime
2026-06-19,1.7709252329819323,1.0,1,prime
2026-06-19,-0.6882181336459465,0.02646606581882513,0,prime
2026-06-19,-1.7532891445332919,1.0,1,prime
2026-06-19,1.0096544133352208,0.12707965493873843,0,subprime
2026-06-19,0.22466675977538547,0.1726179690568021,0,subprime
2026-06-19,1.176717289149542,0.0,0,prime
2026-06-19,0.09040140257956997,0.0048465160086175185,0,prime
2026-06-19,-0.19302879050892044,0.801383821064771,1,subprime
2026-06-19,0.540337630418171,1.0,1,prime
2026-06-19,-0.8351518100914725,1.0,1,prime
2026-06-19,1.193157981855526,0.0,0,prime
2026-06-19,1.4196681875646737,0.01873717108008688,0,prime
2026-06-19,-1.1325797596955542,1.0,1,prime
2026-06-19,-0.26426387196780926,0.9066116390685917,1,subprime
2026-06-19,-1.5800477189022089,0.9196334834749894,1,subprime
2026-06-19,-0.1436371469865677,1.0,1,prime
2026-06-19,0.9403503122012031,0.0,0,prime
2026-06-19,-0.887551029679965,0.05135572859511622,0,prime
2026-06-19,-0.47662920435123923,0.9457657671108125,1,subprime
2026-06-19,0.8676813519266383,0.7938883391132897,1,subprime
2026-06-19,-0.5721112956319115,0.0,0,prime
2026-06-19,2.2605137917624254,0.019176776788340122,0,prime
2026-06-19,-0.9085176229368133,1.0,1,prime
2026-06-19,0.4347623854151449,0.0,0,prime
2026-06-19,0.02817265705361638,0.28674074740679123,0,subprime
2026-06-19,0.155169531037435,1.0,1,prime
2026-06-19,1.1790383226464967,1.0,1,prime
2026-06-19,0.26620763711494255,1.0,1,prime
2026-06-19,-0.8933198161869281,0.0005093171455056028,0,prime
2026-06-19,0.9721024949522572,1.0,1,prime
2026-06-19,0.6847469631666876,0.2544002880958844,0,subprime
2026-06-19,1.4136499196191576,0.8875028670850522,1,subprime
2026-06-19,-0.5920313918510638,0.0,0,prime
2026-06-19,0.2912657839005267,0.20847631895598595,0,subprime
2026-06-19,-0.4020893342215655,1.0,1,prime
2026-06-19,0.39118966402658045,0.01819485348879507,0,prime
2026-06-19,1.2181140365859804,1.0,1,prime
2026-06-19,-0.14900082045917348,0.007809788348462576,0,prime
2026-06-19,0.6334629541198777,1.0,1,prime
2026-06-19,-1.1876674921993797,0.020729492535537908,0,subprime
2026-06-19,0.5575112822984339,1.0,1,prime
2026-06-19,-0.3272299435724872,1.0,1,prime
2026-06-19,-0.2322458494225276,0.780145331842693,1,subprime
2026-06-19,0.06745923214974413,0.013972038480397075,0,subprime
2026-06-19,-0.34346604762170757,0.0,0,prime
2026-06-19,0.15054803917483411,0.08539583651089484,0,subprime
2026-06-19,-0.3656444928200391,1.0,1,prime
2026-06-19,-0.426765246026539,0.13388322284487914,0,subprime
2026-06-19,0.07192235264431922,0.3727057929018508,0,subprime
2026-06-19,-0.437151727944906,0.009581865959695929,0,prime
2026-06-19,0.5328156358137681,0.0,0,prime
2026-06-19,1.2301989425778135,0.0,0,prime
2026-06-19,-0.25784263332333385,0.0,0,prime
2026-06-19,-0.3486285864054335,1.0,1,prime
2026-06-19,0.03564724181395617,0.0,0,prime
2026-06-19,-1.1261314418890993,1.0,1,prime
2026-06-19,2.4597314005676525,0.879598495834251,1,subprime
2026-06-19,-0.8487062922436349,0.040727604302899456,0,subprime
2026-06-19,2.2322128823923375,0.7145983774024883,1,subprime
2026-06-19,-0.5718640873920926,0.0,0,prime
2026-06-19,-0.2119486395005761,0.9803840963378636,1,prime
2026-06-19,0.4810793186397027,1.0,1,prime
2026-06-19,-0.19478590822487246,0.0,0,prime
2026-06-19,0.050635566054611406,0.7838463118753688,1,subprime
2026-06-19,-0.6970542115042786,1.0,1,prime
2026-06-19,0.9948114554161497,0.075555479617535,0,subprime
2026-06-19,0.8873616945686262,0.0,0,prime
2026-06-19,0.3486506686901391,0.0,0,prime
2026-06-19,0.484893542737988,0.7724404454455772,1,subprime
2026-06-19,0.5512662820093918,1.0,1,prime
2026-06-19,1.1874571293245257,1.0,1,prime
2026-06-19,0.23808808900049064,0.6631924341229581,1,subprime
2026-06-19,0.4112442090164794,0.0,0,prime
2026-06-19,-1.7329554952029982,0.9343281769765416,1,prime
2026-06-19,-0.29768688122124565,0.0,0,prime
2026-06-19,0.2701068951964865,1.0,1,prime
2026-06-19,-0.6447379134252688,1.0,1,prime
2026-06-19,-0.34804271461085834,0.08981248176393353,0,prime
2026-06-19,-0.03791563855606423,0.17174864287111777,0,subprime
2026-06-19,0.04212113304111646,0.0,0,prime
2026-06-19,0.5007252263391613,0.0,0,prime
2026-06-19,0.13262333496951223,1.0,1,prime
2026-06-19,-0.5187497519927906,0.0,0,prime
2026-06-19,0.4686835643040606,1.0,1,prime
2026-06-19,0.0034934897314661344,0.06522418508031388,0,prime
2026-06-19,-0.9895198724591081,1.0,1,prime
2026-06-19,-1.4726189158940866,0.0,0,prime
2026-06-19,-0.32969767984927373,0.3068498956098891,0,subprime
2026-06-19,0.3217223879270718,0.0,0,prime
2026-06-19,1.9932177371518154,0.5044581694644965,0,subprime
2026-06-19,-0.025089282530910483,0.0,0,prime
2026-06-19,1.5162013622199266,0.0,0,prime
2026-06-19,0.19632669393680824,0.26161354523020336,0,subprime
2026-06-19,2.615882582275911,0.12218502984250351,0,subprime
2026-06-19,0.8216997545418654,0.10455807586023776,0,subprime
2026-06-19,1.3828992441972197,0.2849185858537128,0,subprime
2026-06-19,1.168104336652745,0.0,0,prime
2026-06-19,-0.5745292595223872,0.20825683278644785,0,subprime
2026-06-20,1.6148634254617125,0.0,0,prime
2026-06-20,0.03535289505162914,0.7980834227394038,1,subprime
2026-06-20,-0.9846849675682557,0.8662411002475772,1,subprime
2026-06-20,0.8365241132954676,0.9704428315607982,1,prime
2026-06-20,-0.5398221538730815,0.2009533203931283,0,prime
2026-06-20,0.7301539901313432,1.0,1,prime
2026-06-20,-1.0209080827253167,1.0,1,prime
2026-06-20,-2.197223632427304,0.0,0,prime
2026-06-20,0.27776853372983645,1.0,1,prime
2026-06-20,-0.03207714127426895,0.0,0,prime
2026-06-20,-0.588295406689387,1.0,1,prime
2026-06-20,0.8504961931321328,1.0,1,prime
2026-06-20,-0.720762617151428,0.8283192640452082,1,subprime
2026-06-20,0.7604585591939494,1.0,1,prime
2026-06-20,0.04780159354972505,1.0,1,prime
2026-06-20,-0.5170475459847812,0.944905175879353,1,prime
2026-06-20,0.08136647629994637,0.0,0,prime
2026-06-20,0.7871639777290637,1.0,1,prime
2026-06-20,-0.7240305863870709,0.0,0,prime
2026-06-20,0.6812953985990859,0.8169090056817297,1,subprime
2026-06-20,-0.1814165024145903,0.0,0,prime
2026-06-20,2.128804078925148,1.0,1,prime
2026-06-20,1.2556736160832158,1.0,1,prime
2026-06-20,1.3109543074712258,0.061138613012384546,0,prime
2026-06-20,0.615973091228511,0.0,0,prime
2026-06-20,-0.3509220186031541,1.0,1,prime
2026-06-20,0.6811433654618608,1.0,1,prime
2026-06-20,1.5975488289963033,1.0,1,prime
2026-06-20,-2.2639084022474014,0.3555048388532025,0,subprime
2026-06-20,-1.6394032594119108,1.0,1,prime
2026-06-20,-0.44768683896380307,0.7349213624503385,1,subprime
2026-06-20,-0.4031080746488827,0.0,0,prime
2026-06-20,0.26631045804549663,0.8577850337179976,1,subprime
2026-06-20,-0.0436542967236573,0.11919406164594683,0,subprime
2026-06-20,-0.10222434621775954,0.9780782729825566,1,subprime
2026-06-20,-1.9941033205552476,0.001287631019748367,0,prime
2026-06-20,1.651061564424498,1.0,1,prime
2026-06-20,0.5252126547065824,0.6854449574160959,1,subprime
2026-06-20,-0.6779262096571611,0.7475071882103078,1,subprime
2026-06-20,-1.3554163904023298,1.0,1,prime
2026-06-20,0.9200077467205624,0.0,0,prime
2026-06-20,-0.3913477817381616,0.0,0,prime
2026-06-20,1.5063429653360807,1.0,1,prime
2026-06-20,0.40093826727747905,1.0,1,prime
2026-06-20,-0.1073366568564841,0.9540869899485551,1,subprime
2026-06-20,-0.7886403804601511,1.0,1,prime
2026-06-20,-0.5324518930432295,0.0,0,prime
2026-06-20,2.626803551248659,0.8751060787789049,1,subprime
2026-06-20,-1.295719726419685,0.1937148910646484,0,subprime
2026-06-20,-0.29679018736368556,1.0,1,prime
2026-06-20,-0.3079880893782487,1.0,1,prime
2026-06-20,-1.8022944597077408,1.0,1,prime
2026-06-20,-0.4551413963942236,0.6780211015302484,1,subprime
2026-06-20,0.24262267603333176,0.008497579509473968,0,prime
2026-06-20,0.28011556048480185,0.863933841587699,1,subprime
2026-06-20,0.9496824510466073,0.3332810014147458,0,subprime
2026-06-20,0.44394414246945174,0.8332696988100162,1,subprime
2026-06-20,-0.8273427513129866,0.0,0,prime
2026-06-20,-0.8365244015119597,0.0,0,prime
2026-06-20,0.4346543574164482,0.9928103442388523,1,prime
2026-06-20,-0.8851554339920616,0.0,0,prime
2026-06-20,-0.6829874014995098,1.0,1,prime
2026-06-20,0.13980332494415168,0.022844455651847964,0,prime
2026-06-20,0.6142174570820017,0.9160845328147434,1,subprime
2026-06-20,-0.700907252702662,0.8043785774037346,1,subprime
2026-06-20,1.1067420715222998,0.7313227005512423,1,subprime
2026-06-20,-1.2205452841914783,0.0,0,prime
2026-06-20,-0.12217680506551261,1.0,1,prime
2026-06-20,1.4800540302999239,0.8428970526196664,1,subprime
2026-06-20,-1.0476096506569894,1.0,1,prime
2026-06-20,0.036748652428858934,0.08042036865573546,0,subprime
2026-06-20,1.5103919983189265,0.0,0,prime
2026-06-20,1.3526988442733927,0.0,0,prime
2026-06-20,0.9856756120411979,1.0,1,prime
2026-06-20,2.674643095172131,1.0,1,prime
2026-06-20,0.05480448607691392,0.898682548570098,1,prime
2026-06-20,-0.7465154830957464,0.0,0,prime
2026-06-20,-1.5843419308187043,1.0,1,prime
2026-06-20,0.3980925784101134,1.0,1,subprime
2026-06-20,0.589007814182125,1.0,1,prime
2026-06-20,-0.025159456507080808,0.0,0,prime
2026-06-20,0.1549150480642694,0.0,0,prime
2026-06-20,-0.6098204537815771,0.0,0,prime
2026-06-20,-0.26642543945770497,0.0,0,prime
2026-06-20,1.0985778960329449,0.0,0,prime
2026-06-20,0.36304194946463714,0.835874233237117,1,prime
2026-06-20,0.06841539402416603,0.36164123090645195,0,subprime
2026-06-20,-0.10152934906023339,0.0,0,prime
2026-06-20,1.5660501693765994,0.0,0,prime
2026-06-20,1.58036775694419,0.0,0,prime
2026-06-20,1.0425011114343998,1.0,1,prime
2026-06-20,0.3274569977161625,0.0,0,prime
2026-06-20,0.8653602369405115,0.6721599108714852,1,subprime
2026-06-20,-0.4410517474929654,0.14657501579195437,0,subprime
2026-06-20,0.11786071966770104,0.032990210129662245,0,prime
2026-06-20,1.1006234020961254,0.0036816386187569494,0,prime
2026-06-20,-1.5842709045640824,1.0,1,prime
2026-06-20,0.24592246800894024,0.25793986361281784,0,subprime
2026-06-20,0.3424491883877809,0.0,0,prime
2026-06-20,-0.7853807792174328,0.0,0,prime
2026-06-20,-0.7891236605561701,1.0,1,prime
2026-06-20,0.27631864695181263,0.7803457334071007,1,subprime
2026-06-20,-0.23825786435284052,0.614842275758211,1,subprime
2026-06-20,0.5687231956963673,1.0,1,prime
2026-06-20,0.602539763662793,1.0,1,prime
2026-06-20,2.44058759454584,0.0,0,prime
2026-06-20,0.07877548387586915,0.0,0,prime
2026-06-20,1.9189567139816606,0.0,0,prime
2026-06-20,0.8954356173870921,0.9248047948414717,1,prime
2026-06-20,1.4554680472173493,0.0,0,prime
2026-06-20,0.3511215801117367,1.0,1,prime
2026-06-20,-1.214411634856893,0.2072999239616858,0,subprime
2026-06-20,0.30151241465672174,0.12223627836786309,0,subprime
2026-06-20,-0.9104420703765082,1.0,1,prime
2026-06-20,-0.8542260878365423,1.0,1,prime
2026-06-20,-0.2980025670005506,0.007084494160007879,0,prime
2026-06-20,0.8949579166968511,1.0,1,prime
2026-06-20,-2.248604667608888,0.0,0,prime
2026-06-20,0.30192621053006724,0.5376021042099709,1,subprime
2026-06-20,-1.1522145618209667,0.9133396969217022,1,prime
2026-06-20,-0.0030329030337729814,0.7238105732831492,1,subprime
2026-06-20,0.16982219104647067,0.3817597468842055,0,subprime
2026-06-20,-0.6761772874083244,0.0,0,prime
2026-06-20,-0.5287997157502073,0.0,0,prime
2026-06-20,-0.2510700100438949,1.0,1,prime
2026-06-20,-0.019772116898921752,0.9427849710736038,1,prime
2026-06-20,-0.3096538662382639,0.17388394638309798,0,subprime
2026-06-20,-0.23206795940615443,0.8634149003761296,1,subprime
2026-06-20,-0.9470312487162171,0.0,0,prime
2026-06-20,0.22484363459762413,0.9195134629591568,1,subprime
2026-06-20,-1.6008246775815793,0.8977418580760825,1,subprime
2026-06-20,-0.5300661007377386,1.0,1,prime
2026-06-20,0.05362355317656978,0.9474769801032576,1,prime
2026-06-20,0.43594812348512707,0.0,0,prime
2026-06-20,-0.8412718045653691,1.0,1,prime
2026-06-20,2.3923854280244434,1.0,1,prime
2026-06-20,-1.7896236803495182,1.0,1,prime
2026-06-20,0.1807168102478474,1.0,1,prime
2026-06-20,-0.9846897808005868,0.0,0,prime
2026-06-20,0.6083769228144904,0.3614604727057172,0,subprime
2026-06-20,1.4992276812142091,1.0,1,prime
2026-06-20,0.5356525272800498,0.0,0,prime
2026-06-20,-0.3991945373390544,1.0,1,prime
2026-06-20,-0.02756848537157861,0.25827097279924227,0,subprime
2026-06-20,0.6973903678179361,1.0,1,prime
2026-06-20,0.7861642410799727,1.0,1,prime
2026-06-20,1.1452080641732472,0.0,0,prime
2026-06-20,-0.27391562296387134,1.0,1,prime
2026-06-20,-1.8880418354127122,1.0,1,prime
2026-06-20,0.3466269815815536,1.0,1,prime
2026-06-20,0.2824341541796407,1.0,1,prime
2026-06-20,-0.409315703593417,0.0,0,prime
2026-06-20,0.5505514556961593,0.0,0,prime
2026-06-20,0.2858265209066146,0.0,0,prime
2026-06-20,-0.1419701729088591,1.0,1,prime
2026-06-20,-1.6629725126498174,0.16699967264500182,0,subprime
2026-06-20,-1.4201802954049692,1.0,1,prime
2026-06-20,2.3681471138585626,0.816004574608469,1,subprime
2026-06-20,1.0014110176961808,1.0,1,prime
2026-06-20,2.018946929337019,0.06905263667340925,0,subprime
2026-06-20,0.7413229577666418,1.0,1,prime
2026-06-20,1.4515618844849532,1.0,1,prime
2026-06-20,0.37749197866629924,0.0,0,prime
2026-06-20,-0.4355816759668244,0.0,0,prime
2026-06-20,0.11985498864186038,0.0,0,prime
2026-06-20,-0.1947747623701981,1.0,1,subprime
2026-06-20,1.3119270908737435,0.7175223732021399,1,subprime
2026-06-20,1.0801785594310973,0.8742752701099531,1,prime
2026-06-20,0.5022599123226283,0.9858451807974227,1,prime
2026-06-20,-0.09303866093443627,0.8941936988049566,1,subprime
2026-06-20,-1.132409999179815,0.12754874689210885,0,prime
2026-06-20,0.04874549227595955,0.17654511294364428,0,subprime
2026-06-20,-0.26925991986684006,0.0,0,prime
2026-06-20,0.09140446268187738,0.7426051904009462,1,subprime
2026-06-20,-1.4627599649116625,1.0,1,prime
2026-06-20,1.395497637586593,1.0,1,prime
2026-06-20,-0.4021482029898448,0.9449724321568485,1,prime
2026-06-20,0.06787157379880569,1.0,1,prime
2026-06-20,0.2378622721567885,0.24918507978231336,0,subprime
2026-06-20,0.5966528172587742,0.0,0,prime
2026-06-20,1.8064372860530824,1.0,1,prime
2026-06-20,-0.2010683070228539,0.2835909168749532,0,subprime
2026-06-20,-0.6391700222837489,1.0,1,prime
2026-06-20,1.123408555699785,0.8337324187288442,1,subprime
2026-06-20,0.55737981542544,0.2749121537007361,0,subprime
2026-06-20,-0.6988019391434657,1.0,1,prime
2026-06-20,0.6223454371821077,1.0,1,prime
2026-06-20,0.4739530842410752,1.0,1,prime
2026-06-20,-0.17713362013827955,0.0,0,prime
2026-06-20,-1.2817651526462879,0.0,0,prime
2026-06-20,-0.4530491892421884,0.0,0,prime
2026-06-20,-1.2955974878360408,0.0,0,prime
2026-06-20,-0.5479570024631857,0.020120235581225623,0,prime
2026-06-20,-0.6931451297230898,0.22448280647263585,0,subprime
2026-06-20,0.5838729181435393,0.15742275906101974,0,subprime
2026-06-20,0.8103994370379611,0.87598539860506,1,subprime
2026-06-20,-0.8185529286794148,0.7783938996804174,1,subprime
2026-06-20,1.1768982308832208,1.0,1,prime
2026-06-20,0.4626865597473698,0.86589204986479,1,prime
2026-06-20,0.6311741760031067,0.0,0,prime
2026-06-20,-0.6133118384509224,0.7231008191174331,1,subprime
2026-06-20,-0.7557578214664109,1.0,1,prime
2026-06-20,-0.03786218632070342,1.0,1,prime
2026-06-20,0.17414504272418688,1.0,1,prime
2026-06-20,-0.3685478778596659,0.24948488343544473,0,subprime
2026-06-20,-0.1706292840604541,1.0,1,prime
2026-06-20,0.10662913552198125,0.6589733134244606,1,subprime
2026-06-20,-0.08708384893555131,1.0,1,prime
2026-06-20,1.87396050695294,1.0,1,prime
2026-06-20,-0.2054647524859397,0.7039974533232267,1,subprime
2026-06-20,1.2582632265035743,0.0,0,prime
2026-06-20,0.5538303591077208,1.0,1,prime
2026-06-20,-0.6818650836800392,0.0,0,prime
2026-06-20,0.5561242477642873,0.03194474989306595,0,prime
2026-06-20,0.39985189554609324,0.0,0,prime
2026-06-20,-3.12811906137769,0.9914231006430704,1,prime
2026-06-20,-0.27361410204177383,0.987051395135065,1,prime
2026-06-20,0.16347180610717102,1.0,1,prime
2026-06-20,0.13262419724560384,0.23253599207403314,0,subprime
2026-06-20,0.0397786810569937,0.246615156053231,0,subprime
2026-06-20,1.2614118101715415,0.7449606106213515,1,subprime
2026-06-20,1.515040902721816,1.0,1,prime
2026-06-20,-0.7211399219709866,0.0,0,prime
2026-06-20,-0.35853259969208584,0.9597711001175582,1,prime
2026-06-20,-0.6512956865520797,0.23166713906708253,0,subprime
2026-06-20,1.0092349220050816,0.0019111565578864564,0,prime
2026-06-20,0.21337049010090262,0.0,0,prime
2026-06-20,-0.9252439974757868,0.0,0,prime
2026-06-20,2.292174974392282,0.7365851264882123,1,subprime
2026-06-20,-1.4173035088102939,0.0,0,prime
2026-06-20,-0.8178656845846167,0.8749998130965103,1,prime
2026-06-20,1.266033199876291,0.7224643571062777,1,subprime
2026-06-20,0.7420974847813793,0.8335541536621903,1,subprime
2026-06-20,-0.7794327724481376,0.0,0,prime
2026-06-20,0.571131600097455,0.0,0,prime
2026-06-20,1.125143387326177,1.0,1,prime
2026-06-20,0.07321015519810649,1.0,1,prime
2026-06-20,0.9525517833438887,0.7961853651403078,1,subprime
2026-06-20,-1.6216930712465285,0.8217454671728842,1,subprime
2026-06-20,0.8212892528570547,0.0,0,prime
2026-06-20,-0.4560010808274542,0.9254590366996913,1,prime
2026-06-20,0.2014643158801959,0.9862022450906149,1,prime
2026-06-20,-0.04275056507423493,0.11539019293533727,0,subprime
2026-06-20,-1.452194800272166,1.0,1,prime
2026-06-20,-0.17954419544531822,0.0,0,prime
2026-06-20,-0.12736375293603788,0.0,0,prime
2026-06-20,0.21332585344138014,0.0,0,prime
2026-06-20,1.079932919002456,1.0,1,prime
2026-06-20,0.2126900684709963,1.0,1,prime
2026-06-20,-0.04380331918812538,0.0,0,prime
2026-06-20,0.6499245889248659,0.7402109713113092,1,subprime
2026-06-20,0.6310170900464377,0.8151322586364916,1,subprime
2026-06-20,0.3552717065509143,0.9255072279889187,1,subprime
2026-06-20,0.08812995442697855,0.0,0,prime
2026-06-20,-0.6096978841181715,0.024391430504125275,0,prime
2026-06-20,0.6784519964685948,0.7555506719843199,1,subprime
2026-06-20,0.30361440452807015,1.0,1,prime
2026-06-20,0.8571947871317872,1.0,1,prime
2026-06-20,-1.5221447587365944,0.0,0,prime
2026-06-20,1.164851586791972,1.0,1,prime
2026-06-20,0.7397638245181665,0.17859557890114475,0,subprime
2026-06-20,-1.7500334365860006,0.0,0,prime
2026-06-20,-0.2263600686952235,0.8613562564448256,1,subprime
2026-06-20,-1.472281518010388,1.0,1,prime
2026-06-20,-0.04041476074041315,0.0,0,prime
2026-06-20,0.35592834703785076,0.8353965466173574,1,subprime
2026-06-20,1.5587670178139934,1.0,1,prime
2026-06-20,-0.00673223594071812,0.0,0,prime
2026-06-20,0.33260492222281185,1.0,1,prime
2026-06-20,0.44135231680617104,0.17682570269545095,0,subprime
2026-06-20,0.7419470707848848,0.0,0,prime
2026-06-20,0.26566182150844525,1.0,1,prime
2026-06-20,-0.9357896243947663,0.0,0,prime
2026-06-20,0.1779025704375322,0.0,0,prime
2026-06-20,0.5667450564687648,0.0,0,prime
2026-06-20,-0.4130916803948199,0.0,0,prime
2026-06-20,-0.592871012831184,0.27299995258248755,0,subprime
2026-06-20,-1.6402760430064098,0.0,0,prime
2026-06-20,-0.8208102659624054,0.8981056408169954,1,subprime
2026-06-20,-0.5960996773083632,0.0,0,prime
2026-06-20,-0.3297268592030332,1.0,1,prime
2026-06-20,0.2777535252695973,0.21795224026177648,0,subprime
2026-06-20,-1.0378651092242874,0.0,0,prime
2026-06-20,0.6145386245281649,1.0,1,prime
2026-06-20,0.32463387340510624,0.0,0,prime
2026-06-20,-0.0544559864815502,0.0,0,prime
2026-06-20,-0.7951870160924294,1.0,1,prime
2026-06-20,0.4365061331740198,0.8698029389944502,1,subprime
2026-06-20,-0.7234921310539155,1.0,1,prime
2026-06-20,-1.8698333030096865,1.0,1,prime
2026-06-20,-0.23577146301105384,0.0,0,prime
2026-06-20,0.14217683433432307,1.0,1,prime
2026-06-20,0.38566877987961423,1.0,1,prime
2026-06-20,-2.579522264467556,0.0,0,prime
2026-06-20,-0.13257527666069582,3.6206332949068054e-05,0,subprime
2026-06-20,-1.1758409166132069,0.9401351445249178,1,prime
2026-06-20,-0.28507946407048196,0.0,0,prime
2026-06-20,1.8172156765479475,0.0,0,prime
2026-06-20,0.5412375552902755,0.9424886012581446,1,prime
2026-06-20,-2.907911772091704,1.0,1,prime
2026-06-20,0.5012086951561944,1.0,1,prime
2026-06-20,0.2754790976946785,0.0,0,prime
2026-06-20,1.20874146687305,0.0,0,prime
2026-06-20,0.19819594613232155,1.0,1,prime
2026-06-20,-1.0445235377891082,0.0,0,prime
2026-06-20,0.6615374661487455,0.7754434298045552,1,subprime
2026-06-20,-0.1458225896146114,0.0,0,prime
2026-06-20,-0.7932029101297897,0.0,0,prime
2026-06-20,1.6125828128071895,1.0,1,prime
2026-06-20,1.1281526594602562,1.0,1,prime
2026-06-20,-1.1994401921108482,0.15432690985883712,0,subprime
2026-06-20,0.23058142911892454,1.0,1,prime
2026-06-20,1.1487636655679136,1.0,1,prime
2026-06-20,0.13650403643279857,0.0,0,prime
2026-06-20,1.9518011540256863,1.0,1,prime
2026-06-20,-1.150800331544085,0.18176623722285298,0,subprime
2026-06-20,-0.972007578630643,0.7325474292828726,1,subprime
2026-06-20,-0.27419149840047763,0.0,0,prime
2026-06-20,-1.7524835172339694,0.0,0,prime
2026-06-20,-0.6325024452443467,0.0,0,prime
2026-06-20,0.006830826386586987,1.0,1,prime
2026-06-20,1.1904918110986111,1.0,1,prime
2026-06-20,0.7916028819608371,0.7680404324637322,1,subprime
2026-06-20,1.5304155538599944,0.8440481150189966,1,subprime
2026-06-20,-2.49247712302318,1.0,1,prime
2026-06-20,1.3810728320411314,0.0,0,prime
2026-06-20,-0.21767760840201988,0.9839810050814347,1,prime
2026-06-20,-0.8443783751598252,0.0,0,prime
2026-06-20,0.38082157149371954,0.8426407716193169,1,prime
2026-06-20,-1.5423103954061745,0.0,0,prime
2026-06-20,0.6938108269863077,0.7172361665325344,1,subprime
2026-06-20,0.14893083879807179,0.23566671269436507,0,subprime
2026-06-20,0.3102121756180292,0.0,0,prime
2026-06-20,1.3491779357712326,0.9832856248386403,1,prime
2026-06-20,0.24165078883417887,0.0,0,prime
2026-06-20,0.6566345407274223,0.09455863264886144,0,subprime
2026-06-20,1.4693136807906135,0.0,0,prime
2026-06-20,0.12463172993944463,0.235233011666055,0,subprime
2026-06-20,-0.3004397695962821,0.9682643356964897,1,prime
2026-06-20,-1.580123992014798,1.0,1,prime
2026-06-20,0.6897062673639405,0.0,0,prime
2026-06-20,-0.3757461802500189,1.0,1,prime
2026-06-20,2.1356201510877177,0.11590848280956151,0,prime
2026-06-20,0.13058069238906186,0.0,0,prime
2026-06-20,1.132824089347267,0.0,0,prime
2026-06-20,-0.038117417174019626,0.8044134757632359,1,subprime
2026-06-20,-0.38899222352507484,0.1644519724497837,0,subprime
2026-06-20,-0.6433205185596088,1.0,1,prime
2026-06-20,1.0491071886887895,1.0,1,prime
2026-06-20,0.3006988955544138,1.0,1,prime
2026-06-20,-0.35466062539633036,0.0,0,prime
2026-06-20,-0.6644733758997567,1.0,1,prime
2026-06-20,0.5861765580833065,1.0,1,prime
2026-06-20,0.2017666347281028,1.0,1,prime
2026-06-20,1.6655397107335712,0.0,0,prime
2026-06-20,-0.15645234895998497,0.2014917457047598,0,subprime
2026-06-20,1.0262984651961302,0.0,0,prime
2026-06-20,-1.8038394906004227,1.0,1,prime
2026-06-20,-0.9279562864158741,0.9913034813757731,1,prime
2026-06-20,1.7855575406233293,0.0,0,prime
2026-06-20,-0.4977108527577353,0.0,0,prime
2026-06-20,0.2612546960966914,0.7470153460778617,1,subprime
2026-06-20,-1.8444904450064157,0.2852113544579809,0,subprime
2026-06-20,-0.06475680441242357,0.9471534352290166,1,prime
2026-06-20,-0.31653329315810363,0.9052256476801124,1,subprime
2026-06-20,1.4544534211545888,1.0,1,prime
2026-06-20,1.777032587823791,0.12869169096604663,0,subprime
2026-06-20,-0.6377436967846477,0.2987313991764649,0,subprime
2026-06-20,0.37762596772796186,0.033363469746698404,0,prime
2026-06-20,0.4535816866963495,1.0,1,prime
2026-06-20,-1.591507826291152,1.0,1,prime
2026-06-20,2.3008865403649716,0.0,0,prime
2026-06-20,0.2807373114259336,1.0,1,prime
2026-06-20,-0.3681239299068615,1.0,1,prime
2026-06-20,-0.7272976853230587,1.0,1,prime
2026-06-20,-0.2958655480720386,0.0,0,prime
2026-06-20,-1.0079308919492007,1.0,1,prime
2026-06-20,0.8316635712689885,0.0,0,prime
2026-06-20,-0.4546937246502835,0.05423176473704483,0,prime
2026-06-20,-1.8394476261664776,1.0,1,prime
2026-06-20,0.19368767882108706,0.2619833270829794,0,subprime
2026-06-20,-0.4273826593008544,0.09832753126292028,0,subprime
2026-06-20,-0.22624279702356087,0.9894772401605815,1,prime
2026-06-20,-0.30456874848365484,0.6764498285248038,1,subprime
2026-06-20,-0.46345323376516484,0.7362785368108418,1,subprime
2026-06-20,-0.3152784674426815,0.8657708045816341,1,subprime
2026-06-20,-0.4709734949347706,1.0,1,prime
2026-06-20,-0.8960743189100083,0.24166794196133923,0,subprime
2026-06-20,1.828552570600428,1.0,1,prime
2026-06-20,0.8020851655158725,0.11426815766352921,0,subprime
2026-06-20,0.7142866209834524,0.0,0,prime
2026-06-20,0.9853742105836583,1.0,1,prime
2026-06-20,-1.6418700504397716,0.9616875953137635,1,prime
2026-06-20,-0.12753306944993398,0.0,0,prime
2026-06-20,0.3305851735289256,0.0,0,prime
2026-06-20,-2.5074332198659213,0.8032760979068136,1,subprime
2026-06-20,1.100912625487292,0.0,0,prime
2026-06-20,0.09099883272188965,0.0,0,prime
2026-06-20,0.5658558079888786,1.0,1,prime
2026-06-20,0.34660806132841,1.0,1,prime
2026-06-21,-0.3280444676032853,1.0,1,prime
2026-06-21,0.09768373701118689,1.0,1,prime
2026-06-21,-0.8035018238639277,1.0,1,prime
2026-06-21,0.16725146643922914,1.0,1,prime
2026-06-21,-1.1205370913354666,1.0,1,prime
2026-06-21,-0.17355929268726691,1.0,1,prime
2026-06-21,0.6321486079564649,0.0,0,prime
2026-06-21,1.8651883761606929,1.0,1,prime
2026-06-21,0.8040912286177339,0.0,0,prime
2026-06-21,0.2151535045362176,0.0,0,prime
2026-06-21,0.26594422614840457,1.0,1,prime
2026-06-21,-0.11721032229025978,1.0,1,prime
2026-06-21,0.3605621430025782,0.0,0,prime
2026-06-21,-1.1640423645900637,0.943557468890365,1,prime
2026-06-21,0.15477854833906285,0.7061203594651779,1,subprime
2026-06-21,0.5229203349833513,0.0,0,prime
2026-06-21,-0.08266567341932006,1.0,1,prime
2026-06-21,0.5386040468322307,1.0,1,prime
2026-06-21,0.48997902641930535,0.9289485402066618,1,prime
2026-06-21,0.21051926830875722,0.0,0,prime
2026-06-21,0.06825763003234521,0.7748073518284951,1,subprime
2026-06-21,1.669626202860551,1.0,1,subprime
2026-06-21,-0.6181928344673817,0.9767006672772263,1,prime
2026-06-21,0.3218366886580273,0.24658944227255172,0,subprime
2026-06-21,-1.0711927043391853,0.0,0,prime
2026-06-21,1.399395170458828,0.25870308252745866,0,subprime
2026-06-21,0.3948138461940794,0.0,0,prime
2026-06-21,0.9729033009254475,1.0,1,prime
2026-06-21,-1.0120463758503773,0.932373403064074,1,subprime
2026-06-21,0.26555692566202954,1.0,1,prime
2026-06-21,0.11099989621469483,0.9799164516879466,1,prime
2026-06-21,0.9544105901943418,0.0,0,prime
2026-06-21,-0.7989275196937564,1.0,1,prime
2026-06-21,-0.08558110110776349,0.0,0,prime
2026-06-21,-0.5328464620670843,0.7959658364047305,1,subprime
2026-06-21,-0.41029387018073893,1.0,1,prime
2026-06-21,-0.491337842191268,1.0,1,prime
2026-06-21,0.05801439171839171,1.0,1,prime
2026-06-21,0.4447016688009056,0.1208347832019652,0,prime
2026-06-21,-0.4288808586323896,1.0,1,prime
2026-06-21,-1.3622311132505125,0.6591516626713969,1,subprime
2026-06-21,0.3809812391329872,1.0,1,prime
2026-06-21,1.4041171335908718,0.0,0,prime
2026-06-21,0.3526885717310233,0.0,0,prime
2026-06-21,-0.7973710092652897,0.014444853640689995,0,prime
2026-06-21,-0.510431067471054,0.9747170836534331,1,subprime
2026-06-21,-0.3638711820556472,0.7637296234432203,1,subprime
2026-06-21,1.907277804162837,0.683614261281534,1,subprime
2026-06-21,0.05569958833238605,0.7749612484825933,1,subprime
2026-06-21,1.0289560845354864,0.9629094237244394,1,prime
2026-06-21,0.17183216354000655,0.0,0,prime
2026-06-21,-1.3217379589092588,0.0,0,prime
2026-06-21,-0.7818570948141044,0.07213367814799354,0,prime
2026-06-21,-0.355529977753153,0.22352585654274215,0,subprime
2026-06-21,-0.3003334553819994,0.0,0,prime
2026-06-21,-0.8552863418603215,0.29736512960420275,0,subprime
2026-06-21,0.943461400262317,0.0,0,prime
2026-06-21,0.9745816480616735,0.0,0,prime
2026-06-21,0.13818631430734654,1.0,1,prime
2026-06-21,-1.9745149596956189,0.648427975771791,1,subprime
2026-06-21,-1.7707139482265242,0.6059974705619907,1,subprime
2026-06-21,0.7846571691377456,1.0,1,prime
2026-06-21,-0.14279498436288213,0.9966133850984615,1,prime
2026-06-21,0.3027946171735564,0.0,0,prime
2026-06-21,-1.7656854674314482,1.0,1,prime
2026-06-21,1.3917953010795903,1.0,1,prime
2026-06-21,1.480383323381877,0.0,0,prime
2026-06-21,0.8714859643139035,0.0,0,prime
2026-06-21,1.0401729804906152,0.0,0,prime
2026-06-21,-0.03674504165824882,0.037154261728405635,0,prime
2026-06-21,0.35392977318086816,0.0,0,prime
2026-06-21,0.6290703242357221,1.0,1,prime
2026-06-21,0.14635660571299802,1.0,1,prime
2026-06-21,-1.8235190798910295,0.242288071151725,0,subprime
2026-06-21,0.02797627279384049,1.0,1,prime
2026-06-21,-0.4679016428627389,0.0,0,prime
2026-06-21,-0.29926448275372675,0.2814249856801427,0,subprime
2026-06-21,-0.5639681355107664,1.0,1,prime
2026-06-21,0.03257763560534941,0.0,0,prime
2026-06-21,0.16402515004166252,0.0,0,prime
2026-06-21,0.2705141889151529,0.0,0,prime
2026-06-21,-0.776208868313753,1.0,1,prime
2026-06-21,0.498235666781291,0.9595150502385476,1,subprime
2026-06-21,1.2674299033307592,0.08801495517668964,0,subprime
2026-06-21,-0.6458891144403495,0.0,0,prime
2026-06-21,1.9255047281570041,0.8330263562113456,1,subprime
2026-06-21,-0.499831121676792,0.357684212643254,0,subprime
2026-06-21,1.355138415142301,0.7223296896605679,1,subprime
2026-06-21,0.29870917025591537,0.8916773070992244,1,prime
2026-06-21,0.6960885290041645,0.0,0,prime
2026-06-21,-0.680787884407106,1.0,1,prime
2026-06-21,-0.13814976235329474,1.0,1,prime
2026-06-21,-0.1542353159133032,0.0,0,prime
2026-06-21,1.1471667735590627,0.0,0,prime
2026-06-21,0.8114080077828736,1.0,1,prime
2026-06-21,-0.4295577710009795,0.0,0,prime
2026-06-21,0.800070643190218,0.54317609179627,1,subprime
2026-06-21,-2.149233390706371,0.0,0,prime
2026-06-21,-1.017470263983997,0.0,0,prime
2026-06-21,-1.046320098612852,0.5742176588784214,1,subprime
2026-06-21,0.4179566203057373,1.0,1,prime
2026-06-21,0.6659432267082809,0.6625044905790283,1,subprime
2026-06-21,0.47329824091085126,1.0,1,prime
2026-06-21,-0.11666212210979199,0.0,0,prime
2026-06-21,1.245330083676504,0.0,0,prime
2026-06-21,-0.7304743378396413,1.0,1,prime
2026-06-21,0.4423010641210204,0.0,0,prime
2026-06-21,-0.028146557083482036,0.0,0,prime
2026-06-21,-0.4675124742029797,0.9492499374870891,1,subprime
2026-06-21,-1.314101567602614,0.2255763836406203,0,subprime
2026-06-21,-1.1242858740137855,0.7759515327386897,1,subprime
2026-06-21,0.24108678533523767,1.0,1,prime
2026-06-21,-0.1492889239892546,1.0,1,prime
2026-06-21,-1.1567625002032562,0.0,0,prime
2026-06-21,0.4097531137373148,0.0,0,prime
2026-06-21,-0.4021709864259925,1.0,1,prime
2026-06-21,1.2907546108081056,0.8484599126100643,1,subprime
2026-06-21,-0.3809411566159974,0.28580815210735633,0,subprime
2026-06-21,-1.0274781646950535,0.0,0,prime
2026-06-21,-0.4065533479674706,1.0,1,prime
2026-06-21,-0.528925497269421,0.0,0,prime
2026-06-21,-0.037907294108344265,0.0,0,prime
2026-06-21,0.32149911193612746,0.22982642342662338,0,subprime
2026-06-21,0.5044560563473841,0.0,0,prime
2026-06-21,0.4167220253367966,1.0,1,prime
2026-06-21,-0.96197082282529,0.26431985725069573,0,subprime
2026-06-21,-0.12283803283681079,0.0,0,prime
2026-06-21,-0.7347675052720332,0.18338218755926447,0,subprime
2026-06-21,-0.5145170328049291,0.0,0,prime
2026-06-21,0.5154552227254049,0.0,0,prime
2026-06-21,1.280047474519147,1.0,1,prime
2026-06-21,0.12627124762727085,0.0,0,prime
2026-06-21,-2.4758383545741163,0.0,0,prime
2026-06-21,-0.2749776300759091,0.16502435866586462,0,subprime
2026-06-21,-1.3995902439613386,1.0,1,prime
2026-06-21,-0.9478214506289051,0.26207169114137685,0,subprime
2026-06-21,0.4277444796553075,0.0,0,prime
2026-06-21,-0.40126995598125914,0.0,0,prime
2026-06-21,0.7212928323476919,0.0,0,prime
2026-06-21,-0.03895622282771511,0.8877845391989483,1,subprime
2026-06-21,-0.6848282039382294,0.0,0,prime
2026-06-21,0.3859258501182222,1.0,1,prime
2026-06-21,-0.30889803659592435,0.0,0,prime
2026-06-21,-1.235857033317379,1.0,1,prime
2026-06-21,0.3114459405661625,0.009544564820605797,0,prime
2026-06-21,-0.5294889326505293,1.0,1,prime
2026-06-21,-0.2983007945024109,0.9768907611341012,1,prime
2026-06-21,0.3997449705468669,0.0,0,prime
2026-06-21,-1.4956115594241088,1.0,1,prime
2026-06-21,-0.2868250051761377,0.038292407166079845,0,prime
2026-06-21,0.3304197931400248,1.0,1,prime
2026-06-21,1.6206973295956306,0.0,0,prime
2026-06-21,0.4209145625181049,0.8098602311733857,1,subprime
2026-06-21,0.05593215630074871,1.0,1,prime
2026-06-21,-0.9366652675062055,0.21344981505258218,0,subprime
2026-06-21,1.1150789152737834,0.2592625190834056,0,subprime
2026-06-21,-0.6283665818417755,1.0,1,prime
2026-06-21,0.1713008165562148,1.0,1,prime
2026-06-21,0.8080272938657492,1.0,1,prime
2026-06-21,1.543015640193865,0.26862749980014977,0,subprime
2026-06-21,1.5896165651977883,0.012289122111071984,0,prime
2026-06-21,-1.73286814984538,1.0,1,prime
2026-06-21,-0.5663124818290036,0.0,0,prime
2026-06-21,-0.08625944268926697,0.7342025173880274,1,subprime
2026-06-21,0.49547407489680956,1.0,1,prime
2026-06-21,-0.8028957076855348,0.8681943665232432,1,subprime
2026-06-21,0.6577094703418018,0.3785431930981518,0,subprime
2026-06-21,2.3490601712793477,1.0,1,prime
2026-06-21,0.0697182892937734,1.0,1,prime
2026-06-21,0.0075999825317514735,0.6497872707573049,1,subprime
2026-06-21,-0.04857673292069433,0.0,0,prime
2026-06-21,0.833490130192542,0.9184282412166076,1,subprime
2026-06-21,0.05503858268241067,0.0,0,prime
2026-06-21,-0.5738303315416534,0.0,0,prime
2026-06-21,-1.148101106586459,1.0,1,prime
2026-06-21,0.3209717759604212,0.7307373787401804,1,subprime
2026-06-21,-1.30622302369265,0.0,0,prime
2026-06-21,1.354918899718954,1.0,1,prime
2026-06-21,0.24167115282210658,0.4318562503168788,0,subprime
2026-06-21,-0.5857841818971196,0.0,0,prime
2026-06-21,0.5730075328074636,0.8043517634929251,1,subprime
2026-06-21,-0.23960856393254878,0.027003100072425484,0,prime
2026-06-21,-2.375377624448646,1.0,1,prime
2026-06-21,0.25570365265631645,0.16884303078889398,0,subprime
2026-06-21,0.7439072368984099,0.0,0,prime
2026-06-21,2.7775201762460986,0.0,0,prime
2026-06-21,-0.003946315930086066,0.3938719917059155,0,subprime
2026-06-21,0.9541807245577459,1.0,1,prime
2026-06-21,-0.42325382071241346,1.0,1,prime
2026-06-21,1.3524908243489138,0.0,0,prime
2026-06-21,-1.0258690999046352,1.0,1,prime
2026-06-21,-0.9750882310188844,0.20021313818391429,0,subprime
2026-06-21,1.450496058117244,0.8512240856097457,1,subprime
2026-06-21,0.44868066783083954,0.9264763357699817,1,subprime
2026-06-21,0.8272913229419278,1.0,1,prime
2026-06-21,0.7621740122771226,0.9744140341868576,1,prime
2026-06-21,-0.4241429332962917,0.8228732819154077,1,subprime
2026-06-21,-0.5203473394396934,1.0,1,prime
2026-06-21,0.4401381944923205,0.6528958242103647,1,subprime
2026-06-21,-0.5137136861489212,0.0,0,prime
2026-06-21,0.06903034588011965,1.0,1,prime
2026-06-21,-0.46345874788907127,1.0,1,prime
2026-06-21,0.33818185737844747,1.0,1,prime
2026-06-21,-1.262879076904365,0.0,0,prime
2026-06-21,-0.11446862470644094,0.07229807856296683,0,prime
2026-06-21,-0.4850744951053062,1.0,1,prime
2026-06-21,-0.13389214299640317,1.0,1,prime
2026-06-21,1.2674340953209529,0.943720393873765,1,prime
2026-06-21,0.9046439950842527,0.04091111773466022,0,subprime
2026-06-21,0.36916409588762333,0.0,0,prime
2026-06-21,-0.26691418820118457,0.6012107322344142,1,subprime
2026-06-21,-1.7321622696935943,0.6174408228021755,1,subprime
2026-06-21,0.9500240647083833,0.24109760572836883,0,subprime
2026-06-21,0.9964398861657923,1.0,1,prime
2026-06-21,1.9940188421393954,0.7379537088408564,1,subprime
2026-06-21,1.6065908086841447,1.0,1,prime
2026-06-21,-0.33754177677034825,0.22053214923390324,0,subprime
2026-06-21,-1.1976863902407537,0.9957167790166803,1,prime
2026-06-21,0.5815707983189276,0.0,0,prime
2026-06-21,1.151100097381639,1.0,1,prime
2026-06-21,1.012181500637463,1.0,1,prime
2026-06-21,0.5938445827520091,0.0,0,prime
2026-06-21,2.070307669274836,0.0,0,prime
2026-06-21,-0.2245943037008928,0.0,0,prime
2026-06-21,-0.38278943722177206,1.0,1,prime
2026-06-21,-0.9177941488430552,1.0,1,prime
2026-06-21,-0.9787930354999198,0.7695669484075042,1,subprime
2026-06-21,0.9989662612489085,0.0,0,prime
2026-06-21,-1.3035843517897538,0.0,0,prime
2026-06-21,0.01901428438499294,0.0,0,prime
2026-06-21,1.0545211051090102,0.0,0,prime
2026-06-21,-1.275429021604717,1.0,1,prime
2026-06-21,0.7815460101940762,0.9895379638948686,1,prime
2026-06-21,1.405786081954988,0.9552711317871219,1,prime
2026-06-21,1.5360114632850612,1.0,1,prime
2026-06-21,2.7160194981423005,0.856548343290608,1,subprime
2026-06-21,-2.2880119113144946,0.7333594549726239,1,subprime
2026-06-21,2.347699656388023,0.0,0,prime
2026-06-21,0.6434899194196619,1.0,1,prime
2026-06-21,1.2956819379055184,1.0,1,prime
2026-06-21,-1.616733452422718,0.0,0,prime
2026-06-21,1.0405617786861054,0.0,0,prime
2026-06-21,-1.3543785823171246,1.0,1,prime
2026-06-21,1.5045771390803555,0.349961974552259,0,subprime
2026-06-21,1.2644518048036322,0.0,0,prime
2026-06-21,-0.053211068001448966,0.0,0,prime
2026-06-21,-0.6371202117370129,0.6146165217756583,1,subprime
2026-06-21,-0.1081209562036362,1.0,1,prime
2026-06-21,-0.6112733122942443,0.0,0,prime
2026-06-21,0.3437444669517181,0.0,0,prime
2026-06-21,1.4058904438740192,0.6495446321665974,1,subprime
2026-06-21,-0.8728998866252954,0.014828420177585622,0,prime
2026-06-21,-0.38291971830605587,0.884828014442435,1,subprime
2026-06-21,-0.7827628357964065,1.0,1,prime
2026-06-21,-0.5310056643748661,0.0,0,prime
2026-06-21,-1.0414835393633533,1.0,1,prime
2026-06-21,-1.4992724778527942,0.13473633949488545,0,subprime
2026-06-21,0.5105313228831939,0.2434991861205908,0,subprime
2026-06-21,0.06998279936016959,0.0,0,prime
2026-06-21,-0.3023725311393325,1.0,1,prime
2026-06-21,0.47648623161992926,1.0,1,prime
2026-06-21,-0.4700060106327403,0.0,0,prime
2026-06-21,-0.6584500003674818,0.0,0,prime
2026-06-21,0.8139277445272426,1.0,1,prime
2026-06-21,-0.5967280588817603,1.0,1,prime
2026-06-21,-0.11886911185175818,0.0,0,prime
2026-06-21,-0.6902767336929514,1.0,1,prime
2026-06-21,3.152737236206625,1.0,1,prime
2026-06-21,-0.17230350185866153,0.6188294365831425,1,subprime
2026-06-21,0.8728811890931347,0.9942823672302866,1,prime
2026-06-21,1.6546517056265904,0.8656335800538848,1,subprime
2026-06-21,-1.03166586513223,0.9151504689611395,1,prime
2026-06-21,1.812587362955083,0.0,0,prime
2026-06-21,0.2510236130619041,0.0,0,prime
2026-06-21,0.5946739661581573,0.0,0,prime
2026-06-21,-0.3876676406465452,0.2238757161757095,0,subprime
2026-06-21,-0.25787120809012615,1.0,1,prime
2026-06-21,-0.13446019349887578,0.771074873459015,1,subprime
2026-06-21,-0.19229197422327649,1.0,1,prime
2026-06-21,0.07700480307167973,1.0,1,prime
2026-06-21,-0.3457562729986062,0.15435811824714996,0,subprime
2026-06-21,-2.214899146450707,0.8490307453294414,1,subprime
2026-06-21,0.6238648454453322,1.0,1,prime
2026-06-21,0.5851096951169188,0.0,0,prime
2026-06-21,0.5121322766758811,0.019131032000323386,0,prime
2026-06-21,-1.2575266455515923,0.662397430793157,1,subprime
2026-06-21,-0.48717044993224357,1.0,1,prime
2026-06-21,1.1842169542382381,1.0,1,prime
2026-06-21,-1.0085429755244628,0.0,0,prime
2026-06-21,2.7600613367144207,0.05090833533556066,0,prime
2026-06-21,-0.15753231481181856,0.0,0,prime
2026-06-21,0.7388282231061809,0.24540662828096554,0,subprime
2026-06-21,0.7175518426260338,0.9821935657821977,1,prime
2026-06-21,-0.5183314737349146,0.0,0,prime
2026-06-21,1.3665276652717344,0.9922368538787568,1,prime
2026-06-21,-0.5311379784410132,0.0,0,subprime
2026-06-21,-1.5618401001275442,0.05729521649599201,0,prime
2026-06-21,1.1661073590251334,0.0,0,prime
2026-06-21,-2.8559481516499634,0.2312836248105612,0,subprime
2026-06-21,-0.30869979338606895,0.0,0,prime
2026-06-21,0.34985999868372414,0.807941801160768,1,subprime
2026-06-21,2.9665437100273087,1.0,1,prime
2026-06-21,0.29752279198273834,0.0,0,prime
2026-06-21,-0.9539704150952109,0.24709936943227365,0,subprime
2026-06-21,-1.0726384007271366,1.0,1,prime
2026-06-21,1.0424993569790768,0.0,0,prime
2026-06-21,-0.041526487925182695,0.14332622801876688,0,subprime
2026-06-21,-0.505032599389042,0.9712332547748374,1,prime
2026-06-21,2.1983555060185593,0.9543964779755203,1,subprime
2026-06-21,0.1919337744115739,0.23819427122639714,0,subprime
2026-06-21,-0.22214810033739768,0.0,0,prime
2026-06-21,-1.4447325735147032,0.6705946549663944,1,subprime
2026-06-21,0.10999311123684065,0.7333776596857814,1,subprime
2026-06-21,-1.53099023437068,0.36262747772126613,0,subprime
2026-06-21,2.018790360018128,1.0,1,prime
2026-06-21,-0.8929550157804003,0.719403647191927,1,subprime
2026-06-21,-0.21597318843803226,0.0,0,prime
2026-06-21,-0.10910974560015219,0.0,0,prime
2026-06-21,-0.24079365778239267,0.0,0,prime
2026-06-21,1.804731649332913,0.659562473773726,1,subprime
2026-06-21,-0.1834357792999541,1.0,1,prime
2026-06-21,-0.37235237198492127,1.0,1,prime
2026-06-21,2.051506743368891,0.8871261704202787,1,prime
2026-06-21,-0.8179262722237883,0.986299919222641,1,prime
2026-06-21,0.0738872600540905,0.8360841323455257,1,subprime
2026-06-21,-0.16383234790491313,0.6438168828699865,1,subprime
2026-06-21,0.857459766752008,0.8920501021074585,1,subprime
2026-06-21,-0.24030754978000202,0.11034896072923664,0,subprime
2026-06-21,1.091746211886981,1.0,1,prime
2026-06-21,-0.6691806356208279,0.0,0,prime
2026-06-21,0.031376714428406116,1.0,1,prime
2026-06-21,-0.12115386705458928,0.0,0,prime
2026-06-21,0.03427752307896423,0.015299992359730771,0,prime
2026-06-21,-0.27767834240704686,1.0,1,prime
2026-06-21,-1.1880634940900523,1.0,1,prime
2026-06-21,-1.5364778258105762,0.8166104206800618,1,subprime
2026-06-21,0.4827862262199255,0.0,0,prime
2026-06-21,-0.04795146508863314,0.0,0,prime
2026-06-21,-0.27287421650726645,0.9672893402479821,1,prime
2026-06-21,-0.8648735698767306,0.0,0,prime
2026-06-21,2.098208466855391,0.0,0,prime
2026-06-21,-0.5489003615274335,1.0,1,prime
2026-06-21,-0.08776396882797392,0.0,0,prime
2026-06-21,-0.8951997666675737,0.007985203573418143,0,subprime
2026-06-21,-0.370173142381181,1.0,1,prime
2026-06-21,0.6703212368582422,0.026332928003734962,0,prime
2026-06-21,-0.38679447936081635,0.0,0,prime
2026-06-21,0.41641590716428983,1.0,1,prime
2026-06-21,0.6004775725672469,1.0,1,prime
2026-06-21,0.5096734361056954,1.0,1,prime
2026-06-21,0.34553248856431684,1.0,1,prime
2026-06-21,0.7166715612687187,1.0,1,prime
2026-06-21,0.8859007663422636,0.11487361427447185,0,subprime
2026-06-21,-0.09895455392229353,0.10907454903065872,0,subprime
2026-06-21,-0.29103937920790307,0.9856380664749697,1,prime
2026-06-21,-1.7501368234994596,0.09351916828875734,0,prime
2026-06-21,1.0999674802275745,1.0,1,prime
2026-06-21,-0.32393735547738767,0.8328435570421857,1,subprime
2026-06-21,0.758992688116111,0.8282193703799017,1,subprime
2026-06-21,0.2276808476603644,1.0,1,prime
2026-06-21,0.9319094914727103,0.28279086228101147,0,subprime
2026-06-21,0.5375892429050901,1.0,1,prime
2026-06-21,1.0967856720302354,1.0,1,prime
2026-06-21,0.7960683318039655,1.0,1,prime
2026-06-21,0.5213379399309483,1.0,1,prime
2026-06-21,0.2711502617254094,0.17477962565531902,0,subprime
2026-06-21,0.826929675503828,0.9456681047662614,1,prime
2026-06-21,-1.8543105098928498,1.0,1,prime
2026-06-21,0.3096895661016532,0.8549839073863762,1,subprime
2026-06-21,0.9034815909892124,1.0,1,prime
2026-06-21,-0.6230639630102647,1.0,1,prime
2026-06-21,-0.7967203660887486,0.6698489072398053,1,subprime
2026-06-21,0.24030579928633491,1.0,1,prime
2026-06-21,-0.7712325380029929,0.0,0,prime
2026-06-21,-0.4515847967402284,0.06957420953332977,0,subprime
2026-06-21,-0.07575947128131465,0.0,0,prime
2026-06-21,-0.7894922904904421,0.07642924812707252,0,subprime
2026-06-21,-0.3337065207648785,1.0,1,prime
2026-06-21,0.9325107207099085,0.0,0,prime
2026-06-21,1.0519922690609724,0.0,0,prime
2026-06-21,-1.8505468241572334,0.37179412295729525,0,subprime
2026-06-21,-1.4671553541589168,0.4056768582301486,0,subprime
2026-06-21,-0.24288727720378234,0.9908980169274747,1,prime
2026-06-21,0.7024893173393484,1.0,1,prime
2026-06-21,-0.5916996566935824,0.0,0,prime
2026-06-21,0.3012554799484143,0.0,0,prime
2026-06-21,-0.7846893329652459,0.28412467435825556,0,subprime
2026-06-21,-0.5823213661236655,1.0,1,prime
2026-06-21,-0.8243066429119855,0.0,0,prime
2026-06-21,1.157094208127363,0.6023331072503316,1,subprime
2026-06-21,0.44322971071647504,1.0,1,prime
2026-06-21,-1.315822356351349,1.0,1,prime
2026-06-21,-0.2709825790228097,0.8656354267351892,1,subprime
2026-06-21,-0.6314171793912751,0.07880366012976356,0,subprime
2026-06-21,2.3863171904809684,0.9935504447741813,1,prime
2026-06-21,0.6729254085034864,0.0,0,prime
2026-06-21,-0.3917130643850394,0.04007556221032965,0,subprime
2026-06-21,0.2552870876769518,1.0,1,prime
2026-06-21,-0.6559769625421182,1.0,1,prime
2026-06-21,0.32567823720753286,0.027419392938530934,0,subprime
2026-06-22,0.9235168980995168,0.8814701174739368,1,subprime
2026-06-22,0.3667157805831993,1.0,1,prime
2026-06-22,-0.21085191591937671,0.0,0,prime
2026-06-22,0.6144993815685693,1.0,1,prime
2026-06-22,-1.9421620404356377,0.9023048165995937,1,prime
2026-06-22,1.1980284733979614,1.0,1,prime
2026-06-22,1.6278056031431056,0.0,0,prime
2026-06-22,1.4916426877731064,0.9107097501389033,1,prime
2026-06-22,1.4593559356288839,0.0,0,prime
2026-06-22,0.12788836725440578,0.0,0,prime
2026-06-22,0.27507518501056644,0.0,0,prime
2026-06-22,-0.8534289844349754,0.0,0,prime
2026-06-22,0.433025033745529,0.9226737626239514,1,subprime
2026-06-22,-0.8703786779875698,1.0,1,prime
2026-06-22,0.44906642669352126,0.0,0,prime
2026-06-22,-1.6639266178180898,0.7392387479456334,1,subprime
2026-06-22,-1.8827521863752157,0.684649126283827,1,subprime
2026-06-22,0.9526125513580247,0.0,0,prime
2026-06-22,0.3978927387411473,0.9292168259545259,1,prime
2026-06-22,-0.8825242106945141,1.0,1,prime
2026-06-22,-0.4126227562818456,0.0,0,prime
2026-06-22,-1.1495108491035573,1.0,1,prime
2026-06-22,-1.4655808823754013,0.09300124525024145,0,prime
2026-06-22,-1.0241294904295921,1.0,1,prime
2026-06-22,-0.7064228940264474,0.0,0,prime
2026-06-22,-0.41276870342836275,1.0,1,prime
2026-06-22,0.027710511396800912,0.0,0,prime
2026-06-22,-1.9356484331139838,0.0,0,prime
2026-06-22,-0.5413166607115366,0.0,0,prime
2026-06-22,0.6385418832808024,1.0,1,prime
2026-06-22,-0.27404275242811094,1.0,1,prime
2026-06-22,-0.8727899437613943,0.6998011143564729,1,subprime
2026-06-22,1.3371248729173342,0.0,0,prime
2026-06-22,1.7866732651905273,0.0,0,prime
2026-06-22,0.15157834661696554,0.1568846835687465,0,subprime
2026-06-22,1.0245335047733093,1.0,1,prime
2026-06-22,-0.08126184944393726,0.0,0,prime
2026-06-22,-1.3190350204408563,0.36947216602901156,0,subprime
2026-06-22,2.01436047392184,1.0,1,prime
2026-06-22,-1.8434927456222094,1.0,1,prime
2026-06-22,-0.7635935944879498,0.6526461106197324,1,subprime
2026-06-22,-1.271062166380402,0.0,0,prime
2026-06-22,-1.8506461313174116,0.7818319773141457,1,subprime
2026-06-22,-1.2108696046384264,1.0,1,prime
2026-06-22,-0.7894660716528303,1.0,1,prime
2026-06-22,0.32404404024164146,0.0,0,prime
2026-06-22,0.8708033478809352,0.0054169643424907266,0,prime
2026-06-22,-0.5506800409714481,0.6836021546109761,1,subprime
2026-06-22,1.9249395795009974,1.0,1,prime
2026-06-22,-1.425954327187173,0.07422983183537935,0,subprime
2026-06-22,0.28493793013080587,0.0,0,prime
2026-06-22,-0.6251344532431311,0.30686386638801577,0,subprime
2026-06-22,0.06528978647212952,0.0,0,prime
2026-06-22,2.17633700122399,1.0,1,prime
2026-06-22,0.7380011168230112,1.0,1,prime
2026-06-22,1.0707713335261067,1.0,1,prime
2026-06-22,-0.04399338306078324,0.0,0,prime
2026-06-22,-0.009014792944460908,0.06623281434651729,0,prime
2026-06-22,-0.17288998959295412,0.060860274710477835,0,prime
2026-06-22,-1.0226922030472478,0.0,0,prime
2026-06-22,-0.8503772605918067,0.0,0,prime
2026-06-22,-0.0864956081016481,0.0,0,prime
2026-06-22,1.5791319154473293,1.0,1,prime
2026-06-22,0.2664159585554739,0.8082148196596235,1,subprime
2026-06-22,-1.2976929048791725,0.7482499346725748,1,subprime
2026-06-22,0.9498424866572717,0.6801825835601484,1,subprime
2026-06-22,1.2974645113273304,1.0,1,prime
2026-06-22,-2.0440754311127707,0.4824369185792916,0,subprime
2026-06-22,-1.5942933128382877,1.0,1,prime
2026-06-22,-0.029567675675247276,0.0,0,prime
2026-06-22,-1.1452954003717062,0.0,0,prime
2026-06-22,-1.5034213425517535,0.9737091789784766,1,prime
2026-06-22,-1.2777228272902441,1.0,1,prime
2026-06-22,0.35127153578537823,0.28686398866707563,0,subprime
2026-06-22,0.1930050138568693,0.2325711670275027,0,subprime
2026-06-22,-0.3998090179799376,1.0,1,prime
2026-06-22,-0.22942038414468965,1.0,1,prime
2026-06-22,-0.5221124098997885,1.0,1,prime
2026-06-22,0.36713113313726214,0.7418832298072592,1,subprime
2026-06-22,-0.4400514609913639,0.0,0,prime
2026-06-22,0.6453308087246291,0.2568661763531919,0,subprime
2026-06-22,-0.7800360079164316,0.0,0,prime
2026-06-22,-0.6299296858358805,0.9961927108798678,1,prime
2026-06-22,-0.13399574346735424,1.0,1,prime
2026-06-22,-0.5736465933658065,0.9919546323207452,1,prime
2026-06-22,0.37219874747486736,1.0,1,prime
2026-06-22,0.7615075114683774,0.0,0,prime
2026-06-22,0.0652250989942481,0.6005469382294437,1,subprime
2026-06-22,0.35664554716371316,0.0,0,prime
2026-06-22,-0.08238951101881484,1.0,1,prime
2026-06-22,0.4446900931179116,0.0,0,prime
2026-06-22,-0.9810166198885687,0.0,0,prime
2026-06-22,1.2130053804717638,1.0,1,prime
2026-06-22,1.3042054241193175,1.0,1,prime
2026-06-22,-0.6164643309245592,0.02934362600544263,0,prime
2026-06-22,0.871949676843146,1.0,1,prime
2026-06-22,1.2816823071592163,1.0,1,prime
2026-06-22,0.15645613585497609,1.0,1,prime
2026-06-22,-1.0078433009187524,0.5327133536680552,1,subprime
2026-06-22,-0.016744204317119146,0.0,0,prime
2026-06-22,-0.27769890930043056,0.3199670481955495,0,subprime
2026-06-22,-0.8827043718636535,0.0,0,prime
2026-06-22,-1.8065715781657896,0.28973741290388766,0,subprime
2026-06-22,-0.8527922875331667,1.0,1,prime
2026-06-22,-0.22508062997933584,0.7883089790480639,1,subprime
2026-06-22,-1.9232716267800063,0.7133734901175424,1,subprime
2026-06-22,-0.04222325820103272,0.6983607863466583,1,subprime
2026-06-22,0.2858926505566349,0.16664039090989757,0,subprime
2026-06-22,0.34608626487221744,0.2559780070658915,0,subprime
2026-06-22,1.6104147899078118,0.012417976311897228,0,prime
2026-06-22,-0.6030417003331644,0.014989202030890894,0,prime
2026-06-22,0.12747994582561561,0.6115030473442074,1,subprime
2026-06-22,0.5793780537279402,1.0,1,prime
2026-06-22,-0.7762562185777359,0.14480759526145992,0,subprime
2026-06-22,-0.8745586025353232,0.8016632019389556,1,subprime
2026-06-22,-1.0190571124406245,0.0,0,prime
2026-06-22,-0.6239590561535766,0.0,0,prime
2026-06-22,-1.6273303319103296,1.0,1,prime
2026-06-22,-1.0506913544700391,1.0,1,prime
2026-06-22,0.13998190228103177,0.2805664009316752,0,subprime
2026-06-22,-0.1712046528333886,0.17500819396504125,0,prime
2026-06-22,1.848484685085612,0.0,0,prime
2026-06-22,1.0237896377159703,1.0,1,prime
2026-06-22,0.8597130336686652,1.0,1,prime
2026-06-22,0.9370520325738162,0.7131061654769755,1,subprime
2026-06-22,-0.5967032043886926,0.2713893007079321,0,subprime
2026-06-22,0.4709359551641454,1.0,1,prime
2026-06-22,-2.6004214670728136,0.7013148709790556,1,subprime
2026-06-22,1.0464893775163386,1.0,1,prime
2026-06-22,0.8831689590300666,0.6779096745607791,1,subprime
2026-06-22,-2.129546784887731,1.0,1,prime
2026-06-22,0.3741035213895867,0.6636610196500683,1,subprime
2026-06-22,0.4784273499325779,0.0,0,prime
2026-06-22,0.054654759559744165,0.1614196324810553,0,subprime
2026-06-22,-0.7541451128644732,0.0,0,prime
2026-06-22,0.6970026851947075,0.3185944188876741,0,subprime
2026-06-22,-0.27821777510207313,0.0,0,prime
2026-06-22,-0.6865106905977818,1.0,1,prime
2026-06-22,-0.28123560148952786,1.0,1,prime
2026-06-22,0.6053793993156116,0.9877015433980979,1,prime
2026-06-22,2.38495385501158,1.0,1,prime
2026-06-22,0.36377983129420616,0.18361366037499294,0,subprime
2026-06-22,-0.6911530871927056,0.0,0,prime
2026-06-22,0.4601807790923771,0.12007986565968562,0,prime
2026-06-22,-0.7254265439090488,0.7816471999823178,1,subprime
2026-06-22,-0.9602578107593743,0.16858433329857295,0,subprime
2026-06-22,-1.1437270073708177,0.3920874472524627,0,subprime
2026-06-22,0.3761300803717301,0.0,0,prime
2026-06-22,0.3011911624931751,1.0,1,prime
2026-06-22,1.0937463636465257,1.0,1,prime
2026-06-22,1.413224727382226,0.5628395822601707,1,subprime
2026-06-22,0.7754568312253721,1.0,1,prime
2026-06-22,0.2669979552068954,1.0,1,prime
2026-06-22,-0.3981718367945235,1.0,1,prime
2026-06-22,-0.08299332578717726,1.0,1,prime
2026-06-22,-2.2394345632750032,0.9758487473248428,1,prime
2026-06-22,0.23942114747271961,1.0,1,prime
2026-06-22,-0.24508163000130848,1.0,1,prime
2026-06-22,1.8379878945183887,0.1988651385001048,0,subprime
2026-06-22,-1.7103883811425324,0.7494230412940891,1,subprime
2026-06-22,1.558967040754258,0.07930907355691175,0,prime
2026-06-22,0.8440131222625966,1.0,1,prime
2026-06-22,1.5424723000441964,0.0,0,prime
2026-06-22,0.5295717134796614,1.0,1,prime
2026-06-22,-1.0762128282381245,0.0,0,prime
2026-06-22,1.3975707386504315,0.8365441308457483,1,subprime
2026-06-22,-0.9852393125580167,0.32848761661230863,0,subprime
2026-06-22,0.5217798883370751,0.0,0,prime
2026-06-22,-3.1503836908721903,0.0,0,prime
2026-06-22,0.16344196764291258,0.1042675623553519,0,prime
2026-06-22,1.3952079932535364,1.0,1,prime
2026-06-22,0.47866278353835773,0.22877817060730352,0,subprime
2026-06-22,-1.543362593109599,1.0,1,prime
2026-06-22,-0.20461988571979764,0.7319995796022747,1,subprime
2026-06-22,1.4026206600725082,0.0,0,prime
2026-06-22,-0.7466668704125762,1.0,1,prime
2026-06-22,-1.7112627146217545,1.0,1,prime
2026-06-22,-1.1196447500670428,1.0,1,prime
2026-06-22,-0.6432266928654885,0.0,0,prime
2026-06-22,1.7244071902560498,0.23762773585983515,0,subprime
2026-06-22,-0.9835992309946919,0.8828377908422521,1,subprime
2026-06-22,2.030544182808553,0.0,0,prime
2026-06-22,0.32056801296864873,1.0,1,prime
2026-06-22,0.049727613608204074,0.0,0,prime
2026-06-22,-1.6136992829447314,0.7312193264603499,1,subprime
2026-06-22,-1.1258683668667295,1.0,1,prime
2026-06-22,-0.36969529624867126,0.9480891546927649,1,prime
2026-06-22,-0.8915046513534504,0.29731910770094294,0,subprime
2026-06-22,0.02048383069865992,0.0,0,prime
2026-06-22,-0.4444159337979881,1.0,1,prime
2026-06-22,0.3207159159426193,0.7348330225426757,1,subprime
2026-06-22,-0.29517060776083537,0.27882880557014983,0,subprime
2026-06-22,0.01169278854606973,0.8042426574292081,1,subprime
2026-06-22,-0.760314113052093,0.7902330194272729,1,subprime
2026-06-22,0.9492384762157348,1.0,1,prime
2026-06-22,0.045862043293639985,0.03691999477797964,0,subprime
2026-06-22,1.1206831242062343,1.0,1,prime
2026-06-22,0.6594857863348293,0.37989786991606944,0,subprime
2026-06-22,1.0499059237948665,0.17446242693006353,0,subprime
2026-06-22,-0.41636961845138354,0.221121955161045,0,subprime
2026-06-22,-0.11349587333219938,0.24572057215164703,0,subprime
2026-06-22,0.04120525622154392,0.0,0,prime
2026-06-22,-0.2947649173442753,1.0,1,prime
2026-06-22,0.30880505015903786,1.0,1,prime
2026-06-22,0.1816898267032904,0.0,0,prime
2026-06-22,0.18369753816153342,0.3106468678998294,0,subprime
2026-06-22,-1.1864874559102996,0.7619326187116376,1,subprime
2026-06-22,0.14717383194297137,0.38802991817897237,0,subprime
2026-06-22,-0.7156931860313579,0.7513121473515769,1,subprime
2026-06-22,0.6119438842076571,1.0,1,prime
2026-06-22,-0.49186578377549,0.0,0,prime
2026-06-22,-0.44795530261183575,0.0,0,prime
2026-06-22,-1.448323798107584,1.0,1,prime
2026-06-22,-1.0939772774671777,0.9989908553751408,1,prime
2026-06-22,-1.4227763405773557,1.0,1,prime
2026-06-22,0.5738794066276401,0.0,0,prime
2026-06-22,-1.2236459427146422,0.0821002193464011,0,prime
2026-06-22,-0.7240177659847962,0.9899967337600916,1,prime
2026-06-22,-0.738737182841559,0.0,0,prime
2026-06-22,0.5937417811146971,1.0,1,prime
2026-06-22,-0.5947162223275587,0.8913777552239435,1,subprime
2026-06-22,1.3084668276150442,0.0,0,prime
2026-06-22,-0.5678896074756163,1.0,1,prime
2026-06-22,0.21253794694005956,1.0,1,prime
2026-06-22,-1.94921286742189,0.31618436642230724,0,subprime
2026-06-22,-0.7592991842552573,1.0,1,prime
2026-06-22,1.1850855496880501,0.06423005325607883,0,prime
2026-06-22,-0.08233392692757978,0.0,0,prime
2026-06-22,-0.1499837590535778,0.6942719816436507,1,subprime
2026-06-22,-0.09997233941793947,0.9979393511674024,1,prime
2026-06-22,0.23038700239524645,1.0,1,prime
2026-06-22,-0.9329185570818292,0.7431514147416515,1,subprime
2026-06-22,-1.5017542212173995,0.983775721045643,1,prime
2026-06-22,-2.8904514617794366,0.86695057744266,1,subprime
2026-06-22,0.4938791310303928,0.0,0,prime
2026-06-22,-1.5019519620395447,0.008839470663515633,0,prime
2026-06-22,-1.2532968631910877,0.9975243857112417,1,prime
2026-06-22,-0.9194889876100235,0.0,0,prime
2026-06-22,-0.609744384653487,0.0,0,prime
2026-06-22,-1.2574810187038987,0.0,0,prime
2026-06-22,-1.376124788523785,1.0,1,prime
2026-06-22,0.08102785256332215,0.0,0,prime
2026-06-22,0.7947566402616666,1.0,1,prime
2026-06-22,-0.7494347111884772,0.8299973588465674,1,subprime
2026-06-22,-0.3874577019001293,0.7066736486607887,1,subprime
2026-06-22,-1.3225254776241515,0.0,0,prime
2026-06-22,-0.6025478395781462,0.6730264549255295,1,subprime
2026-06-22,1.1313980475222243,1.0,1,prime
2026-06-22,-0.255413341631635,0.054345463970934454,0,prime
2026-06-22,-0.8962665122360663,0.24250918120318302,0,subprime
2026-06-22,0.7234253547288744,0.0,0,prime
2026-06-22,-0.5929304376234921,1.0,1,prime
2026-06-22,-1.9084430212164678,0.4237182760074476,0,subprime
2026-06-22,-3.395447259986005,0.0,0,prime
2026-06-22,0.5735258591133915,1.0,1,prime
2026-06-22,0.867406058809916,0.0,0,prime
2026-06-22,-0.6232154779682,0.0,0,prime
2026-06-22,-0.07338499179467055,1.0,1,prime
2026-06-22,0.7103314713286596,0.0,0,prime
2026-06-22,-0.3043802568608822,0.0,0,prime
2026-06-22,-1.3598366164291715,0.0,0,prime
2026-06-22,0.6953611707094319,0.0,0,prime
2026-06-22,-0.35533763928823353,0.043956495425024195,0,prime
2026-06-22,0.6122801189745517,1.0,1,prime
2026-06-22,0.5723391178826435,0.0,0,prime
2026-06-22,-0.823605857027984,1.0,1,prime
2026-06-22,-0.266079724281298,1.0,1,prime
2026-06-22,1.6514965118256044,1.0,1,prime
2026-06-22,0.2177169665954406,0.0,0,prime
2026-06-22,-0.6946524352130738,0.13992311652578981,0,prime
2026-06-22,0.2243410999432864,1.0,1,prime
2026-06-22,-0.025685811624799118,1.0,1,prime
2026-06-22,-1.5850846439138864,0.0,0,prime
2026-06-22,-0.6056732281991632,1.0,1,prime
2026-06-22,-1.0915068805580475,1.0,1,prime
2026-06-22,-0.5174342527729396,0.0,0,prime
2026-06-22,1.4983947540600466,1.0,1,prime
2026-06-22,-1.567376785485853,1.0,1,prime
2026-06-22,-0.5632125831288363,1.0,1,prime
2026-06-22,0.08151113814861254,0.0,0,prime
2026-06-22,0.3517502748736465,0.0,0,prime
2026-06-22,-0.36822402602126875,0.0,0,prime
2026-06-22,-1.4063706077631992,0.0,0,prime
2026-06-22,0.3263761908614543,0.6980627813400646,1,subprime
2026-06-22,-0.0177344716451603,1.0,1,prime
2026-06-22,0.4831204644257493,0.0,0,prime
2026-06-22,0.5628919329208961,0.08205125673142052,0,prime
2026-06-22,-2.056860815672235,0.7309711940858086,1,subprime
2026-06-22,1.4443315003251047,0.9817174235412914,1,prime
2026-06-22,-0.4974157993151935,0.0,0,prime
2026-06-22,-0.18662672897837843,0.0,0,prime
2026-06-22,-0.17093318264906504,0.6755337353717794,1,subprime
2026-06-22,0.6092595075071556,0.3250832265965401,0,subprime
2026-06-22,-1.3251657243606685,0.0,0,prime
2026-06-22,-1.3847245414971974,1.0,1,prime
2026-06-22,2.149888406968817,0.21315479211885716,0,subprime
2026-06-22,0.259857936503803,1.0,1,prime
2026-06-22,0.4317838252931865,0.0,0,prime
2026-06-22,-0.5190080759621448,0.0,0,prime
2026-06-22,-0.9443603223769449,1.0,1,prime
2026-06-22,-0.9146495316991725,0.7117671870602348,1,subprime
2026-06-22,0.29923738712195,0.0,0,prime
2026-06-22,-0.22503824112038553,0.021733745258060155,0,prime
2026-06-22,-0.8171991123954627,0.1758940827943921,0,subprime
2026-06-22,-0.27460481559922095,0.9542597660807939,1,prime
2026-06-22,-0.5232768957272743,0.7976068444629727,1,subprime
2026-06-22,-1.4835529699553391,1.0,1,prime
2026-06-22,-1.1734047830807512,0.7528357665561938,1,subprime
2026-06-22,0.45006293440977446,0.03605503638452445,0,prime
2026-06-22,1.0780884025807702,0.7432452655189319,1,subprime
2026-06-22,1.7585826634011454,0.8217169892381195,1,subprime
2026-06-22,0.08084752317838777,0.9803166570718184,1,subprime
2026-06-22,-0.6918020698232247,1.0,1,prime
2026-06-22,0.7605461981995457,0.9866971844654617,1,prime
2026-06-22,0.5936123933958266,0.0,0,prime
2026-06-22,-0.7960909990700039,0.3711484496952477,0,subprime
2026-06-22,-1.5517754287247716,0.0,0,prime
2026-06-22,-0.6536086480301968,0.0,0,prime
2026-06-22,1.1120757063730584,0.0,0,prime
2026-06-22,0.22128843353614697,0.0,0,prime
2026-06-22,0.5619111120039448,0.0,0,prime
2026-06-22,-1.4816777338471616,0.1606122221065573,0,prime
2026-06-22,0.1297592697843773,0.0,0,prime
2026-06-22,0.42535483285364595,1.0,1,prime
2026-06-22,0.27444947376084305,0.0,0,prime
2026-06-22,1.6037962394081302,1.0,1,prime
2026-06-22,-2.4753300638590523,0.0,0,prime
2026-06-22,-0.5511831545916166,0.42866733500660115,0,subprime
2026-06-22,-0.3427518829036258,1.0,1,prime
2026-06-22,-0.11188913716406751,0.0,0,prime
2026-06-22,0.7702474283719789,1.0,1,prime
2026-06-22,0.5219467134584056,1.0,1,prime
2026-06-22,0.7549274408148169,1.0,1,prime
2026-06-22,0.567732182234195,0.90351581711295,1,prime
2026-06-22,0.8049417944919507,0.0,0,prime
2026-06-22,-1.071018198584967,0.9839413007538326,1,prime
2026-06-22,-0.9378223526739893,1.0,1,prime
2026-06-22,0.6243333896938575,0.013122238027216043,0,subprime
2026-06-22,0.8256566289977405,0.0,0,prime
2026-06-22,-0.5157600642362846,0.6216163533420422,1,subprime
2026-06-22,0.27769756520816274,0.0,0,prime
2026-06-22,0.5534458122705695,0.02799818618124858,0,prime
2026-06-22,0.1171031368107731,0.7638555743560713,1,subprime
2026-06-22,-2.2175237272633703,1.0,1,prime
2026-06-22,-1.1010136307469154,0.0,0,prime
2026-06-22,-0.9075004830772031,0.0,0,prime
2026-06-22,0.3855866618208354,0.0,0,prime
2026-06-22,0.7084339033529126,0.315411055623605,0,subprime
2026-06-22,-1.069255637841558,0.7901167038294666,1,subprime
2026-06-22,0.12718813259762027,0.6179135860895795,1,subprime
2026-06-22,-1.7673688405850065,0.7261022976962542,1,subprime
2026-06-22,-0.04785083412371926,0.0,0,prime
2026-06-22,-1.4236669309356018,0.9230702527501887,1,prime
2026-06-22,0.18021936778875894,0.8738359374467397,1,subprime
2026-06-22,0.7257675218755798,0.0,0,prime
2026-06-22,-1.7018509514854014,0.0,0,prime
2026-06-22,0.8615192497670742,0.25712480903942464,0,subprime
2026-06-22,-1.3158594021331942,0.31090803033316267,0,subprime
2026-06-22,0.7157627298269481,1.0,1,prime
2026-06-22,-0.0661416970960215,0.0,0,prime
2026-06-22,0.9529200572211747,1.0,1,prime
2026-06-22,1.1578903817403032,0.9656567345077014,1,prime
2026-06-22,-0.9002811874689415,0.6180865846312122,1,subprime
2026-06-22,1.0302530411565232,1.0,1,prime
2026-06-22,0.3568220038816776,1.0,1,prime
2026-06-22,0.4205609584190383,0.26367657288053153,0,subprime
2026-06-22,-0.2638369533618186,0.0,0,prime
2026-06-22,-1.0106449152698902,0.0,0,prime
2026-06-22,0.751785643906029,0.1744517692920877,0,subprime
2026-06-22,1.124698499198173,0.2598379593746929,0,subprime
2026-06-22,-0.35859572381667876,0.0,0,prime
2026-06-22,1.6607572793443184,0.12121840025455555,0,subprime
2026-06-22,0.013406762874557554,0.0,0,prime
2026-06-22,-0.4441838643071117,0.0,0,prime
2026-06-22,0.07101878670956241,0.05348135943786528,0,prime
2026-06-22,0.9441773117217965,0.8854901202765335,1,subprime
2026-06-22,0.9322693944224424,1.0,1,prime
2026-06-22,-0.12973331852298753,1.0,1,prime
2026-06-22,-0.3983413514643968,0.7477445252188021,1,subprime
2026-06-22,1.2994952166478777,1.0,1,prime
2026-06-22,0.5102939489777378,0.6726710901531292,1,subprime
2026-06-22,-0.8668475250512707,0.0,0,prime
2026-06-22,-0.5445087883304337,0.9856784897058449,1,prime
2026-06-22,1.1431486259061103,1.0,1,prime
2026-06-22,-1.1553085905955267,0.8032717355421279,1,subprime
2026-06-22,0.32867029688040994,0.0,0,prime
2026-06-22,-0.625909051348109,0.34206458687917674,0,subprime
2026-06-22,2.269858729349323,0.0,0,prime
2026-06-22,-1.692119010965142,0.010631566543714652,0,prime
2026-06-22,-1.274733238067564,0.3093121225301164,0,subprime
2026-06-22,-0.6376221982776068,0.0,0,prime
2026-06-22,-0.6803652889714351,1.0,1,prime
2026-06-22,-0.4380396649710493,0.9023742366136995,1,subprime
2026-06-22,1.5501605881378457,1.0,1,prime
2026-06-22,-2.401477913314289,0.5724231419546438,1,subprime
2026-06-22,0.020563501661187568,1.0,1,prime
2026-06-22,0.6045341185787926,0.0,0,prime
2026-06-22,1.7704963334204207,0.9883321924701282,1,prime
2026-06-22,0.8287203345450691,1.0,1,prime
2026-06-22,0.5051207211310647,0.0,0,prime
2026-06-23,0.311651434575909,0.0,0,prime
2026-06-23,1.5403399238615356,0.35986450178604645,0,subprime
2026-06-23,0.20304877580344843,0.0,0,prime
2026-06-23,0.7705701053964578,0.9569971432478945,1,prime
2026-06-23,-0.8659987515118043,0.011650079166910354,0,prime
2026-06-23,-1.4234665924317955,0.7615041221903941,1,subprime
2026-06-23,-0.1927024495257955,0.018901464389150816,0,prime
2026-06-23,2.129491393332187,1.0,1,prime
2026-06-23,-1.4809714327019627,0.0,0,prime
2026-06-23,0.2827205885277692,0.6650356589911437,1,subprime
2026-06-23,-3.373509660288958,1.0,1,prime
2026-06-23,0.5193278674822961,0.0,0,prime
2026-06-23,-1.0999692295817431,0.0,0,prime
2026-06-23,1.3040079884707554,1.0,1,prime
2026-06-23,0.8644369086315995,1.0,1,prime
2026-06-23,0.3011121895900514,0.0,0,prime
2026-06-23,-0.048125991399844956,1.0,1,prime
2026-06-23,-0.9083164555006664,0.0,0,prime
2026-06-23,-0.3214065740387794,0.053740342630376775,0,prime
2026-06-23,0.6908026946619101,0.0,0,prime
2026-06-23,-0.2278434198384955,0.0,0,prime
2026-06-23,0.04823846355325916,1.0,1,prime
2026-06-23,-0.04188682759480699,0.6839739626350992,1,subprime
2026-06-23,0.035237141471277475,0.37100267971639034,0,subprime
2026-06-23,-0.7136726371437233,1.0,1,prime
2026-06-23,-1.1941716772179032,0.0,0,prime
2026-06-23,-0.029194878338843735,0.0,0,prime
2026-06-23,1.3360132913031717,0.0718208985190919,0,prime
2026-06-23,-2.903264275513476,0.24967813734697838,0,subprime
2026-06-23,-0.7360269766762986,1.0,1,prime
2026-06-23,-0.8345548833583637,0.0,0,prime
2026-06-23,1.9661621346708211,0.0,0,prime
2026-06-23,-0.22453352321023823,0.0,0,prime
2026-06-23,-0.9162409353075978,1.0,1,prime
2026-06-23,0.023111298862269532,0.32079787972735335,0,subprime
2026-06-23,-0.5068730248685893,1.0,1,prime
2026-06-23,-1.603212250627908,0.3634498882392476,1,subprime
2026-06-23,-0.08419711198928535,0.14879111618727847,0,subprime
2026-06-23,1.2735006305460592,0.2819371165524923,0,subprime
2026-06-23,-1.0865100734488071,0.0,0,prime
2026-06-23,0.512018681406297,0.7006773517820274,1,subprime
2026-06-23,-0.19400461917445636,1.0,1,prime
2026-06-23,0.7854528455580331,0.0,0,prime
2026-06-23,-1.0553692839633213,0.0,0,prime
2026-06-23,0.6352239381531603,1.0,1,prime
2026-06-23,0.593107863804698,0.1661656133204304,0,prime
2026-06-23,1.0075705990534478,0.0,0,prime
2026-06-23,-0.8540335702984542,0.0,0,prime
2026-06-23,1.7119160812941496,1.0,1,prime
2026-06-23,-0.4901118147793537,0.3463546600576214,0,subprime
2026-06-23,0.36307265948102846,0.0,0,prime
2026-06-23,-0.9622304645515346,0.0,0,prime
2026-06-23,0.9942162235068627,0.5043307147551274,1,subprime
2026-06-23,0.3253613873769062,0.0,0,prime
2026-06-23,0.9132366465176482,0.2934753704699345,0,subprime
2026-06-23,0.39910378009635705,0.8720516019967478,1,subprime
2026-06-23,-0.1359101012069674,0.9324541947468374,1,prime
2026-06-23,-1.3501003592837537,0.0,0,prime
2026-06-23,-0.41096263956119883,1.0,1,prime
2026-06-23,2.6806616444688376,0.47188505049927243,0,subprime
2026-06-23,1.384812385356007,0.0,0,prime
2026-06-23,0.7758117820036604,1.0,1,prime
2026-06-23,0.4139358443159625,1.0,1,prime
2026-06-23,0.27636531407588194,0.07388691659419705,0,prime
2026-06-23,2.4379965129558103,0.9819134661366624,1,prime
2026-06-23,-1.6141356311791433,0.0,0,prime
2026-06-23,0.03064257657954885,0.0,0,prime
2026-06-23,0.9608100543022876,1.0,1,prime
2026-06-23,0.1803946452910177,0.36676952981274813,0,subprime
2026-06-23,-2.10791095606878,0.17736373818033546,0,subprime
2026-06-23,1.7909237165374468,1.0,1,prime
2026-06-23,-0.23740523926812343,0.1316247336986239,0,prime
2026-06-23,-0.8180416369693579,0.0,0,prime
2026-06-23,0.21900182363960397,0.6545836020490664,1,subprime
2026-06-23,0.9780158372307718,0.297991650696209,0,subprime
2026-06-23,0.37159464525179203,0.9833283150606513,1,prime
2026-06-23,0.5645283596191248,0.021956294838096857,0,subprime
2026-06-23,-0.74780830708149,0.0,0,prime
2026-06-23,-1.013728317952318,0.0,0,prime
2026-06-23,1.019564532200066,0.0,0,prime
2026-06-23,0.863816900824491,0.9548833053694238,1,subprime
2026-06-23,-0.6343891440557015,0.7018766695906806,1,subprime
2026-06-23,-1.7753014764949615,1.0,1,prime
2026-06-23,0.026632414606313045,0.0,0,prime
2026-06-23,-1.215347628244769,1.0,1,prime
2026-06-23,-1.9155779901851333,1.0,1,prime
2026-06-23,1.1957073850237667,0.057631286805091636,0,prime
2026-06-23,-0.7241537041606968,0.0,0,prime
2026-06-23,0.7980204337127461,0.0,0,prime
2026-06-23,-0.4685608812099538,0.0,0,prime
2026-06-23,-0.34062367346304356,1.0,1,prime
2026-06-23,-0.14148617191182128,0.0,0,prime
2026-06-23,-0.05389064864529366,0.0,0,prime
2026-06-23,-1.4859436508828399,0.0,0,prime
2026-06-23,0.6237821016251639,0.048434907876619054,0,prime
2026-06-23,0.9926143812820573,0.0,0,prime
2026-06-23,1.1587047571008768,0.25833934561510963,0,subprime
2026-06-23,1.0306477971508134,0.9857229388143749,1,prime
2026-06-23,0.7616670384526335,0.0,0,prime
2026-06-23,0.5918093231827364,1.0,1,prime
2026-06-23,2.03535370050546,1.0,1,prime
2026-06-23,-0.9259150767843152,0.6944204445014699,1,subprime
2026-06-23,0.5968130204474654,0.0,0,prime
2026-06-23,0.7022370252969189,1.0,1,prime
2026-06-23,1.1109923148619782,0.6970034887434652,1,subprime
2026-06-23,-1.219581871636407,1.0,1,prime
2026-06-23,0.07723576880964311,0.9180120866880322,1,prime
2026-06-23,0.6190449844035719,0.28457602500792667,0,subprime
2026-06-23,1.5016277047939364,0.745377336703346,1,subprime
2026-06-23,-0.1471197120601986,0.0,0,prime
2026-06-23,-0.7989839704452778,1.0,1,prime
2026-06-23,1.1193130026475953,1.0,1,prime
2026-06-23,1.3733313270495484,0.0,0,prime
2026-06-23,-0.1460324670208922,0.9573330020917078,1,prime
2026-06-23,-0.01570995165230354,1.0,1,prime
2026-06-23,-1.191258715948087,0.7800598161120436,1,subprime
2026-06-23,-1.0661800537797914,1.0,1,prime
2026-06-23,-1.0709148981402372,0.3399042078546865,0,subprime
2026-06-23,1.0909422529897845,1.0,1,prime
2026-06-23,0.718861625866519,0.0,0,prime
2026-06-23,0.7346425428465602,1.0,1,prime
2026-06-23,0.6668586562991677,0.6511197162765147,1,subprime
2026-06-23,-0.8826644307421824,0.6342521580502115,1,subprime
2026-06-23,-1.0209892109065075,0.7612110750229651,1,subprime
2026-06-23,0.3500804597966873,0.0,0,prime
2026-06-23,-0.9355107215200299,0.0,0,prime
2026-06-23,-0.9864325402990256,0.14315150590343245,0,subprime
2026-06-23,-1.5077785908861907,0.0,0,prime
2026-06-23,0.7719507153670485,0.0,0,prime
2026-06-23,0.4230869112842633,0.0,0,prime
2026-06-23,-0.8819516868203852,0.1936655129078586,0,subprime
2026-06-23,0.9070344120593621,1.0,1,prime
2026-06-23,1.650662813618264,0.0,0,prime
2026-06-23,-1.8479393755769193,0.0,0,prime
2026-06-23,-2.901243172426917,0.23182581105667555,0,subprime
2026-06-23,-0.33339925652568275,0.8026332769688862,1,subprime
2026-06-23,0.09309002487501633,1.0,1,prime
2026-06-23,0.48938705699069474,1.0,1,prime
2026-06-23,-0.4022092879518566,0.8408123079001992,1,subprime
2026-06-23,0.0922318671520801,0.8767265978235161,1,subprime
2026-06-23,0.1476051453236105,0.01650953563964841,0,prime
2026-06-23,-0.3634188389439267,1.0,1,prime
2026-06-23,-1.1633149711193553,0.0,0,prime
2026-06-23,0.4415592907011736,0.0,0,prime
2026-06-23,0.19846308242609012,0.34341396392044676,0,subprime
2026-06-23,0.4601128449645031,0.7976937915239912,1,subprime
2026-06-23,0.4176013108686824,0.0,0,prime
2026-06-23,-0.37546940877137575,1.0,1,prime
2026-06-23,-0.020200369227024468,0.2226223351409084,0,subprime
2026-06-23,1.1494278003618408,0.5940506639683958,1,subprime
2026-06-23,0.19087344542520415,1.0,1,prime
2026-06-23,0.7734106920486751,0.6734708696520239,1,subprime
2026-06-23,1.572591462555548,0.37846029626090877,0,subprime
2026-06-23,-2.3929223576711194,0.0,0,prime
2026-06-23,1.0452183218639273,0.0,0,prime
2026-06-23,2.860896071512943,0.8050609616656579,1,subprime
2026-06-23,-0.521015478776917,0.8053342736409019,1,subprime
2026-06-23,-0.4971005659916747,0.0,0,prime
2026-06-23,0.8294229360623419,0.6918236052781854,1,subprime
2026-06-23,1.055280527244056,0.20659236588947763,0,subprime
2026-06-23,0.9004714538165033,0.25291579188470015,0,subprime
2026-06-23,0.9764219462976971,1.0,1,prime
2026-06-23,1.4345413149085722,0.7279195687919495,1,subprime
2026-06-23,0.09772090107934424,0.8128990117753594,1,subprime
2026-06-23,-0.9387373991163619,0.3153179349360423,0,subprime
2026-06-23,0.9237156249699353,0.9538615308028573,1,prime
2026-06-23,2.3782898316417724,0.6102472061252651,1,subprime
2026-06-23,-0.5838945208846699,0.0,0,prime
2026-06-23,-1.3560043533770116,0.0,0,prime
2026-06-23,1.210055347634469,0.03105096690166781,0,prime
2026-06-23,0.24276578369109056,0.29045039628148445,0,subprime
2026-06-23,1.1266883022383243,1.0,1,prime
2026-06-23,0.3332265983662409,1.0,1,prime
2026-06-23,-0.45766405178941233,0.022796432716042994,0,prime
2026-06-23,-0.354902814207585,1.0,1,prime
2026-06-23,0.5704718793768672,0.0,0,prime
2026-06-23,0.050845730654884375,1.0,1,prime
2026-06-23,0.026344306214640192,0.16730473893999526,0,subprime
2026-06-23,-0.3194083653715235,1.0,1,prime
2026-06-23,-0.30359443908080697,0.4089448188851984,0,subprime
2026-06-23,-1.540041152050575,0.0,0,prime
2026-06-23,0.49956345003134417,0.7975136079418513,1,subprime
2026-06-23,0.5019487888360831,0.9642763405582716,1,prime
2026-06-23,0.5113502572223516,0.0,0,prime
2026-06-23,1.0779963888698785,0.28577316919497603,0,subprime
2026-06-23,0.23715208851317335,0.0,0,prime
2026-06-23,-1.3134673857664065,1.0,1,prime
2026-06-23,-0.5454816647333307,1.0,1,prime
2026-06-23,1.6325837143589843,1.0,1,prime
2026-06-23,-0.9046484334652307,1.0,1,subprime
2026-06-23,-0.008035389625987547,0.33499918727779915,0,subprime
2026-06-23,-0.6596671014761236,0.7500428864564472,1,subprime
2026-06-23,1.1458230155289246,0.0,0,prime
2026-06-23,-1.0538443994130418,0.26744313556950106,0,subprime
2026-06-23,0.9458240576495386,0.0,0,prime
2026-06-23,0.2529322134907566,1.0,1,prime
2026-06-23,0.5154268597227133,0.2719304265945063,0,subprime
2026-06-23,0.06902065925205626,0.22741425178325103,0,prime
2026-06-23,-0.5823584384278915,0.38723258435908314,0,subprime
2026-06-23,0.20345093490744404,0.0,0,prime
2026-06-23,0.2776717373695945,0.9992916121328635,1,prime
2026-06-23,-1.1898481888429717,0.6706664368258665,1,subprime
2026-06-23,0.13223751031134134,1.0,1,prime
2026-06-23,-2.565272339866054,0.0,0,prime
2026-06-23,1.1108794883393722,1.0,1,prime
2026-06-23,1.2262240706079555,0.0,0,prime
2026-06-23,-0.8649537402033526,0.7985313469824927,1,subprime
2026-06-23,-0.5191220339507044,0.4670354075452241,0,subprime
2026-06-23,-1.5050696681847344,0.0,0,prime
2026-06-23,-1.0329011336460028,0.9538058128559168,1,prime
2026-06-23,1.4944029231605849,0.6983707291684111,1,subprime
2026-06-23,0.13925206136057436,0.0,0,prime
2026-06-23,-0.17354502901330873,0.021035984146623957,0,prime
2026-06-23,0.8219386617546308,1.0,1,prime
2026-06-23,0.8300582716914476,0.0,0,prime
2026-06-23,-0.42685713081280224,0.041789951651539314,0,prime
2026-06-23,0.03507502240520462,0.17705609861926686,0,subprime
2026-06-23,-0.8191057962412855,0.0,0,prime
2026-06-23,-0.6626511076551602,0.37915723399897433,0,subprime
2026-06-23,-1.4464427650466898,0.8338403469999065,1,subprime
2026-06-23,-0.9440346276846413,1.0,1,prime
2026-06-23,0.9687346378704514,0.0,0,prime
2026-06-23,1.569674707653365,0.0,0,prime
2026-06-23,-0.8289049318240458,0.0,0,prime
2026-06-23,1.203239451425456,0.0,0,prime
2026-06-23,0.6853067956089023,0.0,0,prime
2026-06-23,-0.8923843657119133,0.0,0,prime
2026-06-23,1.6723471755733574,0.5423213623213007,1,subprime
2026-06-23,0.2704547953523832,0.0,0,prime
2026-06-23,-0.13549789105023158,0.7183720523766137,1,subprime
2026-06-23,-0.8438505691183753,0.0,0,prime
2026-06-23,0.6969462881848577,0.3706980907969718,0,subprime
2026-06-23,0.12449319119665807,0.6068687582914345,1,subprime
2026-06-23,-0.3681034161354491,0.21424442682020317,0,subprime
2026-06-23,-0.5901113803802388,1.0,1,prime
2026-06-23,-0.17601353534534087,0.0,0,prime
2026-06-23,-1.1933815785781636,1.0,1,prime
2026-06-23,-0.02737227243783424,0.0,0,prime
2026-06-23,-1.7920832579816437,0.0,0,prime
2026-06-23,0.9574258865547911,0.9996515634471007,1,prime
2026-06-23,0.18251817095713072,0.0,0,prime
2026-06-23,-0.23031267776713987,1.0,1,prime
2026-06-23,-0.16164907335119552,0.0,0,prime
2026-06-23,1.9332298906932068,0.30408224992207517,0,subprime
2026-06-23,-0.10910143253317069,0.7820041113517847,1,subprime
2026-06-23,-1.433914697056449,0.6476877689450438,1,subprime
2026-06-23,0.24313805411281963,0.0,0,prime
2026-06-23,-0.8199264117236349,0.0,0,prime
2026-06-23,0.008926277754185625,0.0,0,prime
2026-06-23,-0.6877842722477124,0.6795017453990269,1,subprime
2026-06-23,-1.1082693735814413,1.0,1,prime
2026-06-23,-0.8231607828905803,0.0,0,prime
2026-06-23,0.561780254267485,0.5123574633703931,1,subprime
2026-06-23,-1.5937735330420337,0.604746684208479,1,subprime
2026-06-23,0.38503447620787395,1.0,1,prime
2026-06-23,-0.7850405624563104,1.0,1,prime
2026-06-23,0.09820631292419167,0.38590539037361044,0,subprime
2026-06-23,-0.7689749159216387,1.0,1,prime
2026-06-23,-1.08530969509953,0.0,0,prime
2026-06-23,-1.3320905677200592,0.0,0,prime
2026-06-23,0.18736791167797864,0.11847777175234636,0,subprime
2026-06-23,0.22569318367847313,0.985706650419021,1,prime
2026-06-23,1.024235343840938,1.0,1,prime
2026-06-23,-1.7173165970971809,1.0,1,prime
2026-06-23,1.5461165023361125,0.0,0,prime
2026-06-23,-0.7389908088610985,0.3367756835040106,0,subprime
2026-06-23,-1.535115432590096,1.0,1,prime
2026-06-23,1.7085922363889317,0.0,0,prime
2026-06-23,-0.0936010533675328,0.0,0,prime
2026-06-23,-0.08609844057713051,0.08493703268677319,0,prime
2026-06-23,1.929164561378748,1.0,1,prime
2026-06-23,0.37522606149960724,0.82391679522287,1,subprime
2026-06-23,0.015551598047938639,1.0,1,prime
2026-06-23,-1.5686212806131181,0.1805805440762165,0,subprime
2026-06-23,0.8200104479764421,0.6503110136381789,1,subprime
2026-06-23,-0.4534680209978817,1.0,1,prime
2026-06-23,-1.4277769901596067,0.9297691878609855,1,prime
2026-06-23,0.08868997142897662,1.0,1,prime
2026-06-23,0.3972886998207071,1.0,1,prime
2026-06-23,-0.06809562274979637,0.0,0,prime
2026-06-23,0.919642875100353,0.26648518929418785,0,subprime
2026-06-23,-0.6034059918088186,0.0,0,prime
2026-06-23,0.551994434602042,0.9846717465179432,1,prime
2026-06-23,-0.8599090971269727,0.0,0,prime
2026-06-23,-0.608928618554038,0.7828353706324148,1,subprime
2026-06-23,0.14551779093150485,1.0,1,prime
2026-06-23,0.3025469652455287,0.0,0,prime
2026-06-23,1.2871153465699472,0.17565269982070947,0,subprime
2026-06-23,-0.08154539094594089,0.6714571760859327,1,subprime
2026-06-23,1.4839431644203551,1.0,1,prime
2026-06-23,-1.6410974382805044,0.0,0,prime
2026-06-23,0.6943066625284914,1.0,1,prime
2026-06-23,-1.5381223396663442,1.0,1,prime
2026-06-23,-0.5404310256793493,0.16229640757032138,0,subprime
2026-06-23,1.4908669523584306,1.0,1,prime
2026-06-23,0.014702216628649534,0.15661311596710126,0,subprime
2026-06-23,-0.6451927953835317,1.0,1,prime
2026-06-23,-1.1948709412629428,0.9573276039989906,1,prime
2026-06-23,-0.5578528557822857,1.0,1,prime
2026-06-23,0.24290638057019326,0.0,0,prime
2026-06-23,-0.3505085009778116,1.0,1,prime
2026-06-23,-0.2513527155397214,0.0,0,prime
2026-06-23,-0.053280866383542805,0.38343517907230984,0,subprime
2026-06-23,-0.6736289125076845,0.8214546711007977,1,subprime
2026-06-23,-1.2473902823772187,0.0,0,prime
2026-06-23,1.7909249109940106,0.9307116776423787,1,prime
2026-06-23,1.7606651949454797,0.5332888141122432,1,subprime
2026-06-23,-0.5962177648613425,1.0,1,prime
2026-06-23,0.04395832612375194,0.768494887698371,1,subprime
2026-06-23,0.9113879435969224,0.0,0,prime
2026-06-23,0.36906759287783275,0.0,0,prime
2026-06-23,1.5183499282005706,0.9325322669247158,1,prime
2026-06-23,-1.6028694091220477,1.0,1,prime
2026-06-23,0.08618684371551469,0.0,0,prime
2026-06-23,0.961794307341803,0.43821016010329095,0,subprime
2026-06-23,0.5945693925004272,0.29487407212537936,0,subprime
2026-06-23,-0.3295507555797715,0.97671235613665,1,prime
2026-06-23,-1.0462969198922936,1.0,1,prime
2026-06-23,-1.3393569618709915,0.26491284769094475,0,subprime
2026-06-23,1.6565588984916502,1.0,1,prime
2026-06-23,1.4618969999294824,1.0,1,prime
2026-06-23,1.2134344341786725,1.0,1,prime
2026-06-23,-0.24796902399823495,0.2736080229406687,0,subprime
2026-06-23,-0.47804512816610456,0.31421309740692727,0,subprime
2026-06-23,1.366084137341299,1.0,1,prime
2026-06-23,-0.4827907901590617,1.0,1,prime
2026-06-23,0.6219915283496146,0.0,0,prime
2026-06-23,-0.41486957322459583,0.0,0,prime
2026-06-23,-1.1367690664481116,1.0,1,prime
2026-06-23,1.0783880340266476,0.018980882026522775,0,prime
2026-06-23,-0.6949934824586727,0.0,0,prime
2026-06-23,1.2178481603348412,0.0,0,prime
2026-06-23,-0.21076133061344485,0.23459730956254918,0,subprime
2026-06-23,-0.5409571124322791,1.0,1,prime
2026-06-23,0.27234270692356544,0.706103781697633,1,subprime
2026-06-23,-0.15022667956061234,1.0,1,prime
2026-06-23,1.6495338341212185,0.8746581921123802,1,subprime
2026-06-23,0.2583509291171787,0.4017465738930522,0,subprime
2026-06-23,0.14752074940045054,0.0,0,prime
2026-06-23,-0.4379188503711612,1.0,1,prime
2026-06-23,0.4452646764884316,0.8727112454366305,1,subprime
2026-06-23,-0.1657502950288308,1.0,1,prime
2026-06-23,-0.1322473135812848,1.0,1,prime
2026-06-23,0.20248163065810795,0.0,0,prime
2026-06-23,1.593404079067834,1.0,1,prime
2026-06-23,-0.05327777067231138,1.0,1,prime
2026-06-23,1.591360004100833,1.0,1,prime
2026-06-23,-0.42370820724079616,1.0,1,prime
2026-06-23,0.5262503512762289,0.9189507245008723,1,prime
2026-06-23,-0.6985271167465347,0.5014386232812643,1,subprime
2026-06-23,-0.6051859123736336,1.0,1,prime
2026-06-23,0.29512721959494503,0.0,0,prime
2026-06-23,1.8477557492967875,0.28308549618211454,0,subprime
2026-06-23,2.401499544995192,0.09516454239803729,0,subprime
2026-06-23,-0.3001223067144107,0.0,0,prime
2026-06-23,1.204651468947767,0.9765102307032726,1,prime
2026-06-23,-0.8677905065476891,0.17536180416911257,0,subprime
2026-06-23,-0.3008180873025914,0.7358115214126073,1,subprime
2026-06-23,-0.5535334315779045,0.2776525616792053,0,subprime
2026-06-23,-1.1431237983113347,1.0,1,prime
2026-06-23,0.42529215129929593,0.0,0,prime
2026-06-23,-0.5317208276149968,0.28177762267114564,0,subprime
2026-06-23,1.4637793512716961,0.7819685996396579,1,subprime
2026-06-23,-0.6826518401179765,0.0,0,prime
2026-06-23,-0.0959094628880183,0.9852193158929916,1,prime
2026-06-23,-0.9715296026362786,0.0,0,prime
2026-06-23,0.49634973493902484,0.0,0,prime
2026-06-23,-0.6157132693260567,0.970705357798298,1,subprime
2026-06-23,-0.7351658453409133,0.0,0,prime
2026-06-23,-0.43321148185738423,1.0,1,prime
2026-06-23,-0.10932833514078408,0.9543717502357714,1,prime
2026-06-23,1.0169439563893123,0.3200596553448569,0,subprime
2026-06-23,-0.7075855722031029,0.9290711835956603,1,prime
2026-06-23,-0.3879993712377576,0.0,0,prime
2026-06-23,-1.922842174187681,0.0,0,prime
2026-06-23,1.8725935211581235,1.0,1,prime
2026-06-23,-0.6467890093420496,1.0,1,prime
2026-06-23,0.3796258907756884,0.0,0,prime
2026-06-23,-0.46899129059601874,0.04623796048936607,0,prime
2026-06-23,-0.5911007817977615,0.0,0,prime
2026-06-23,0.6006095271359082,1.0,1,prime
2026-06-23,0.7649003433648334,0.18575052263287542,0,subprime
2026-06-23,-0.0955913512391967,0.0,0,prime
2026-06-23,-1.184327996854736,1.0,1,prime
2026-06-23,-1.1219244665666164,1.0,1,prime
2026-06-23,0.2823533169478258,0.7604884945743973,1,subprime
2026-06-23,0.3946671122331756,1.0,1,prime
2026-06-23,0.7115747495800998,0.043391369693424386,0,prime
2026-06-23,1.7168629353882583,0.0,0,prime
2026-06-23,0.042236139261014716,1.0,1,prime
2026-06-23,-1.756965472024848,0.6823261110685801,1,subprime
2026-06-23,-0.3933421515595419,1.0,1,prime
2026-06-23,-0.1490675353371072,0.13216730195906956,0,prime
2026-06-23,1.5274881340823676,0.020218234250468828,0,prime
2026-06-23,-1.0096177762751883,0.0,0,prime
2026-06-23,0.31762436699280444,0.7235425967517434,1,subprime
2026-06-23,-0.31178337232431147,0.22470053687293748,0,subprime
2026-06-23,-1.068287610562709,0.0,0,prime
2026-06-23,0.23507337401781092,1.0,1,prime
2026-06-23,0.8010684798151169,1.0,1,prime
2026-06-24,-0.025082466668433452,0.3205201379867101,0,subprime
2026-06-24,0.4539259207023851,0.20878990854243556,0,subprime
2026-06-24,-1.4137171958045816,0.0,0,prime
2026-06-24,1.6064049016463224,0.0,0,prime
2026-06-24,-3.5365416677031067,0.9995734080416693,1,prime
2026-06-24,0.04354179772531624,1.0,1,prime
2026-06-24,-1.8534783558254093,0.3559108383516533,0,subprime
2026-06-24,-0.36819864384398315,1.0,1,prime
2026-06-24,0.8185122786805132,0.0,0,prime
2026-06-24,-0.6674353016453151,0.0,0,prime
2026-06-24,0.723367509439285,1.0,1,prime
2026-06-24,0.14369910967881908,0.5910564519910276,1,subprime
2026-06-24,-0.3840022163582366,0.0,0,prime
2026-06-24,0.030837268620433837,0.810498012266623,1,prime
2026-06-24,1.5387724394116806,0.16879871506749036,0,subprime
2026-06-24,0.05499304879334374,0.370116718458471,0,subprime
2026-06-24,-0.17670786406383807,0.0,0,prime
2026-06-24,0.28850979023231726,1.0,1,prime
2026-06-24,-1.2675437786949957,0.7257120893685683,1,subprime
2026-06-24,1.3723555118286042,0.10170248846991065,0,prime
2026-06-24,0.20512867718859923,1.0,1,prime
2026-06-24,0.3237286404602318,0.6690793848178124,1,subprime
2026-06-24,0.009006535114365697,1.0,1,prime
2026-06-24,-0.5873284413957336,1.0,1,prime
2026-06-24,1.387614211848399,0.715063186813957,1,subprime
2026-06-24,0.5403660912816639,0.809371440724984,1,subprime
2026-06-24,1.3259143378035636,0.13704975883676673,0,subprime
2026-06-24,0.981208451562404,1.0,1,prime
2026-06-24,0.4320635780470602,1.0,1,prime
2026-06-24,-1.4153222614265673,0.0,0,prime
2026-06-24,0.5631159449948857,1.0,1,prime
2026-06-24,0.03755611751835063,0.3121104646239415,0,subprime
2026-06-24,1.2211901283518025,0.5697053086107554,1,subprime
2026-06-24,-0.354913329260123,0.8385457403625438,1,subprime
2026-06-24,-0.7234148318218594,0.07614337736060747,0,prime
2026-06-24,0.4294835379571934,0.0,0,prime
2026-06-24,0.3994838534033896,1.0,1,prime
2026-06-24,-1.234086031026559,1.0,1,prime
2026-06-24,2.278748622397078,1.0,1,prime
2026-06-24,-0.2971741776122902,1.0,1,prime
2026-06-24,2.7655104446063605,0.04609637525364649,0,prime
2026-06-24,-1.038468289069183,0.0,0,prime
2026-06-24,-0.13147808917699735,1.0,1,prime
2026-06-24,-0.45302212475243414,0.21236117899983437,0,subprime
2026-06-24,1.027511857310955,0.2779377432404588,0,subprime
2026-06-24,1.6332875312042696,0.2395961453928833,0,subprime
2026-06-24,-0.049971636933640956,1.0,1,prime
2026-06-24,1.5966790840046132,0.3032009050869303,0,subprime
2026-06-24,-0.7342122002969753,1.0,1,prime
2026-06-24,1.8442723144612967,1.0,1,prime
2026-06-24,-0.3730163311892983,1.0,1,prime
2026-06-24,0.8236867979046928,0.609013392064918,1,subprime
2026-06-24,0.18179153636149273,0.0,0,prime
2026-06-24,1.0145466782699077,1.0,1,prime
2026-06-24,-0.7525421531774807,0.0,0,prime
2026-06-24,0.9065010997278939,0.7201960655876719,1,subprime
2026-06-24,0.7864263844792,0.0,0,prime
2026-06-24,-2.19591457404672,1.0,1,prime
2026-06-24,-1.8524936600732793,0.0,0,prime
2026-06-24,-1.3695076596419016,0.1864246457617621,0,subprime
2026-06-24,0.3191876095035888,0.0,0,prime
2026-06-24,0.5244064249602628,1.0,1,prime
2026-06-24,0.6053388637609796,0.0,0,prime
2026-06-24,-0.3055647836406808,0.05017436737363354,0,prime
2026-06-24,-0.230624355519583,0.9657680288098743,1,prime
2026-06-24,-0.561707096885969,0.9198238033100847,1,prime
2026-06-24,-0.6131148723217595,0.8428488805217439,1,subprime
2026-06-24,-0.13271431082388,0.027618118710694556,0,prime
2026-06-24,-1.0564859182456527,0.7115304336268005,1,subprime
2026-06-24,0.5506726790874904,0.3425291179686768,0,subprime
2026-06-24,0.11874328038142785,1.0,1,prime
2026-06-24,0.02685314791675097,0.0,0,prime
2026-06-24,-0.8154963888662511,0.6471249774069363,1,subprime
2026-06-24,0.31651758292803955,0.0,0,prime
2026-06-24,-0.4329510370901814,0.3820024253891098,0,subprime
2026-06-24,-1.8061468969287167,0.0,0,prime
2026-06-24,0.6044404332860428,0.07005453386924271,0,prime
2026-06-24,-0.5038936758544806,0.0,0,prime
2026-06-24,-2.383165188593318,0.7322946460787954,1,subprime
2026-06-24,0.34354856998727584,0.4074080790817374,0,subprime
2026-06-24,0.5040403781445786,1.0,1,prime
2026-06-24,0.8117016389550145,1.0,1,prime
2026-06-24,0.9083428885569387,1.0,1,prime
2026-06-24,-0.004133681263228786,0.223918973903553,0,subprime
2026-06-24,-1.2641717972991036,0.7221415022532357,1,subprime
2026-06-24,-0.9350936269515202,0.0,0,prime
2026-06-24,0.18462923684376456,0.02921143558282613,0,prime
2026-06-24,1.7695032906405854,0.0,0,prime
2026-06-24,-1.421850518057308,1.0,1,prime
2026-06-24,-1.0479007694691511,0.0,0,prime
2026-06-24,-1.0341003646210793,0.0,0,prime
2026-06-24,-0.21383373775409942,0.0,0,prime
2026-06-24,1.7057403710786354,0.10837353653380219,0,prime
2026-06-24,-0.13760152970579853,1.0,1,prime
2026-06-24,0.16146964745488082,1.0,1,prime
2026-06-24,0.18469784115065893,0.3133198766849312,0,subprime
2026-06-24,0.943131962791823,1.0,1,prime
2026-06-24,-1.7859977519513428,0.621552882873869,1,subprime
2026-06-24,0.2827830617477706,1.0,1,prime
2026-06-24,0.16450578763052476,1.0,1,prime
2026-06-24,0.10773114110746429,1.0,1,prime
2026-06-24,-0.6024497664208367,0.8028839061731773,1,subprime
2026-06-24,0.17225885537213995,0.03634048417709465,0,subprime
2026-06-24,2.0456852713025153,0.0,0,prime
2026-06-24,0.9548267925078426,1.0,1,prime
2026-06-24,-1.4578201426736073,1.0,1,prime
2026-06-24,1.3465079392671169,1.0,1,prime
2026-06-24,0.5111432618728892,0.3460668161866587,0,subprime
2026-06-24,0.5981183944627562,0.0,0,prime
2026-06-24,-1.4223579701102858,0.6601158228004473,1,subprime
2026-06-24,-1.8531029909748278,0.2521025679742071,0,subprime
2026-06-24,3.195256663078848,1.0,1,prime
2026-06-24,-0.5483510164934138,0.36102866912524323,0,subprime
2026-06-24,1.6362002233903696,0.0,0,prime
2026-06-24,-0.9059725648219306,0.0,0,prime
2026-06-24,0.6409145206331779,0.0,0,prime
2026-06-24,-0.6816803996954751,0.0,0,prime
2026-06-24,2.105271589529402,0.9604332680842648,1,prime
2026-06-24,0.71429421799227,0.0,0,prime
2026-06-24,0.49296081173219153,0.0,0,prime
2026-06-24,-1.8405102767894659,0.6187730680536752,1,subprime
2026-06-24,-0.6194149541335449,1.0,1,prime
2026-06-24,1.0203081118580082,0.25238163245269696,0,subprime
2026-06-24,1.0308804457336775,0.0,0,prime
2026-06-24,-0.03626083145517473,0.0,0,prime
2026-06-24,0.9212591267652043,1.0,1,prime
2026-06-24,2.0549233562172753,0.262162544488647,0,subprime
2026-06-24,-0.8185834873088321,0.0,0,prime
2026-06-24,-1.383023912786778,0.0,0,prime
2026-06-24,0.894950958717541,1.0,1,prime
2026-06-24,-1.0170540889352968,0.7883051051369615,1,subprime
2026-06-24,-0.6042534399514566,0.0,0,prime
2026-06-24,1.2246207787334895,1.0,1,prime
2026-06-24,0.20935935086295712,0.4312172116902026,0,subprime
2026-06-24,-0.568764961496007,0.7189210489655822,1,subprime
2026-06-24,0.6643271999794638,0.345814189067299,0,subprime
2026-06-24,-1.471948849105435,0.3810731854154413,0,subprime
2026-06-24,-0.8138408686568265,0.6969588217924195,1,subprime
2026-06-24,0.38484457965443,1.0,1,prime
2026-06-24,1.36243909809336,0.9695346690654274,1,prime
2026-06-24,-0.916585111135227,0.3263306717807533,0,subprime
2026-06-24,0.9133360002521027,0.0,0,prime
2026-06-24,0.02788855511547626,0.0,0,prime
2026-06-24,-1.1316922068430142,1.0,1,prime
2026-06-24,-0.7754223015885868,1.0,1,prime
2026-06-24,1.2508011699399066,1.0,1,prime
2026-06-24,-0.49411829206582786,0.0,0,prime
2026-06-24,-1.182375543924674,1.0,1,prime
2026-06-24,0.256111571684523,0.9877823984390602,1,prime
2026-06-24,0.7838838777164845,1.0,1,prime
2026-06-24,0.5066081438046193,0.8636180131834141,1,subprime
2026-06-24,-0.824811941774658,0.2966216866410426,0,subprime
2026-06-24,1.389128756411811,0.953502065054679,1,prime
2026-06-24,0.6610207985384626,0.7057204067964563,1,subprime
2026-06-24,-0.638130610356167,1.0,1,prime
2026-06-24,-0.9339664610185568,0.12133658943049663,0,prime
2026-06-24,-1.6164121890454815,1.0,1,prime
2026-06-24,1.2362312758986536,1.0,1,prime
2026-06-24,0.5852608623997488,1.0,1,prime
2026-06-24,0.4750148667855071,0.04369836417007508,0,prime
2026-06-24,-0.10720134981217683,0.0,0,prime
2026-06-24,-1.4166377501189027,1.0,1,prime
2026-06-24,-1.5323461770159534,1.0,1,prime
2026-06-24,0.9211223542311688,1.0,1,prime
2026-06-24,1.5397368306774797,0.0,0,prime
2026-06-24,-0.6072401326748974,0.8999577277810646,1,prime
2026-06-24,1.1239462637066318,0.0,0,prime
2026-06-24,-1.7409114294181605,0.0,0,prime
2026-06-24,0.09037655191171655,0.0,0,prime
2026-06-24,-1.4022741149383398,1.0,1,prime
2026-06-24,-0.48499671311659914,0.0,0,prime
2026-06-24,-2.9181175376008524,0.0,0,prime
2026-06-24,-0.8699160648731612,0.6104597801207251,1,subprime
2026-06-24,0.5243634610253813,1.0,1,prime
2026-06-24,0.3603528624012004,0.0,0,prime
2026-06-24,-0.9803445131824412,0.5311788613077331,1,subprime
2026-06-24,-2.0062278777967393,0.15611680490081656,0,subprime
2026-06-24,-0.5262386962336779,1.0,1,prime
2026-06-24,-0.7572283634704825,0.6713798260044491,1,subprime
2026-06-24,-0.302194106008049,0.7622464283164712,1,subprime
2026-06-24,0.04659744927232456,0.23061681588933702,0,subprime
2026-06-24,2.3419513528864826,0.0,0,prime
2026-06-24,-0.8770284202366191,0.9863177532600963,1,prime
2026-06-24,-2.18853219794865,0.2596769428487768,0,subprime
2026-06-24,-1.3810385614429246,0.027413854807020688,0,prime
2026-06-24,-1.3504881262668453,0.0,0,prime
2026-06-24,2.7878814616686114,0.0,0,prime
2026-06-24,0.35645413328538883,1.0,1,prime
2026-06-24,0.8876834122437345,0.4304614773312768,0,subprime
2026-06-24,0.8572975589202964,0.0,0,prime
2026-06-24,0.31439636816897515,0.8443399921412703,1,subprime
2026-06-24,1.2477553459042865,1.0,1,prime
2026-06-24,0.2477733642749603,0.0,0,prime
2026-06-24,-0.939065470688333,0.5008645780095569,1,subprime
2026-06-24,1.6680977204659484,0.6200172773608086,1,subprime
2026-06-24,0.6283074482185681,0.32508313948919604,0,subprime
2026-06-24,0.21274046054984924,0.0,0,prime
2026-06-24,1.5834254577008366,1.0,1,prime
2026-06-24,0.04318593684426674,0.0,0,prime
2026-06-24,1.7394452204083584,0.0,0,prime
2026-06-24,-1.6178650737384177,0.0,0,prime
2026-06-24,-0.9047821846496262,0.8082966973020429,1,subprime
2026-06-24,0.9712956547519418,0.9355888016526842,1,prime
2026-06-24,1.6111568971324721,0.4340635494617251,0,subprime
2026-06-24,0.18945801441234766,1.0,1,prime
2026-06-24,-0.18874902743959052,1.0,1,prime
2026-06-24,0.3507724355370098,0.5100800806622459,1,subprime
2026-06-24,1.5191446999049394,0.0,0,prime
2026-06-24,-0.09370290510064769,0.19003579055079978,0,subprime
2026-06-24,0.22302753794951105,0.0,0,prime
2026-06-24,-1.8944763666121425,1.0,1,prime
2026-06-24,-1.5231270804822237,0.6941096216494658,1,subprime
2026-06-24,-1.2526203833317184,0.0,0,prime
2026-06-24,-2.980124929031676,1.0,1,prime
2026-06-24,-1.395261443796939,0.0,0,prime
2026-06-24,-0.39419738566214907,0.7498605742480163,1,subprime
2026-06-24,-0.4414929997230092,0.0,0,prime
2026-06-24,1.96192766234001,1.0,1,prime
2026-06-24,-1.6254033137520103,1.0,1,prime
2026-06-24,-0.9940371071891262,0.7328474625752065,1,subprime
2026-06-24,-1.222930097118198,0.29884216553986304,0,subprime
2026-06-24,-0.784988243693579,1.0,1,prime
2026-06-24,1.800901150240674,0.0,0,prime
2026-06-24,-1.0256210931968321,0.0,0,prime
2026-06-24,0.7029043746726247,0.935162584115204,1,prime
2026-06-24,0.7900673012982509,0.0,0,prime
2026-06-24,0.6380009966535328,0.8129565337595646,1,subprime
2026-06-24,-0.14786060956788702,0.004968634761889579,0,prime
2026-06-24,-1.565164276645128,0.16266433823251003,0,subprime
2026-06-24,-0.37047456228627196,1.0,1,prime
2026-06-24,-0.5355874111514516,1.0,1,prime
2026-06-24,1.3199826029708346,0.28887070252600466,0,subprime
2026-06-24,-1.7511898288706162,0.21486198383202382,0,subprime
2026-06-24,0.2211390929561931,0.405182460983925,0,subprime
2026-06-24,0.8873902486863823,1.0,1,prime
2026-06-24,0.7419625720099405,0.0,0,prime
2026-06-24,0.6358873728358646,0.23042953114244916,0,subprime
2026-06-24,0.4603553817278376,1.0,1,prime
2026-06-24,-0.9802646421053661,0.633372885516576,1,subprime
2026-06-24,0.45024703215371026,0.0,0,prime
2026-06-24,2.0362128726382447,0.0,0,prime
2026-06-24,1.76175873548314,1.0,1,prime
2026-06-24,-1.1514302910866496,0.0,0,prime
2026-06-24,-0.7010060224485615,1.0,1,prime
2026-06-24,0.6892642478045259,1.0,1,prime
2026-06-24,0.39119465647543133,0.7585858372881277,1,subprime
2026-06-24,0.2712990487551615,0.5283617854643783,1,subprime
2026-06-24,-1.1665532540994434,0.0,0,prime
2026-06-24,-0.9508705574745229,0.1274790782986499,0,prime
2026-06-24,-1.0869723529650404,1.0,1,prime
2026-06-24,-0.7245594820237434,0.17314065120931826,0,subprime
2026-06-24,-1.4305010701607683,0.6837269612561625,1,subprime
2026-06-24,-1.0729955306923675,0.20777090746116708,0,subprime
2026-06-24,-0.23347072790380224,0.0,0,prime
2026-06-24,-2.345713694463152,0.0,0,prime
2026-06-24,0.5480649660783883,0.0,0,prime
2026-06-24,0.3767083035952156,0.9886359815430436,1,prime
2026-06-24,0.7293653152831943,1.0,1,prime
2026-06-24,0.5397031201800109,1.0,1,prime
2026-06-24,2.4378584337545908,0.0,0,prime
2026-06-24,-0.5524882088010498,1.0,1,prime
2026-06-24,1.513008403594273,1.0,1,prime
2026-06-24,0.5596908781480391,0.0035361006373344356,0,prime
2026-06-24,-1.2649495986404304,0.2932768353802098,0,subprime
2026-06-24,-1.4249740526775088,1.0,1,prime
2026-06-24,-0.6017792410414284,0.0,0,prime
2026-06-24,-0.8062949515383402,0.004431544089976952,0,prime
2026-06-24,0.13196468469349162,1.0,1,prime
2026-06-24,-2.8475797392443316,1.0,1,prime
2026-06-24,0.07862671217253203,1.0,1,prime
2026-06-24,-0.905501249678804,1.0,1,prime
2026-06-24,0.2903860473512815,0.9306662440554261,1,prime
2026-06-24,0.43730018025089235,0.7191779746440877,1,subprime
2026-06-24,-1.0694196685757058,1.0,1,prime
2026-06-24,-0.8419703427555028,1.0,1,prime
2026-06-24,-0.9829767552045533,1.0,1,prime
2026-06-24,-0.5527828966853519,0.0,0,prime
2026-06-24,0.7586191874233471,0.014160114291525819,0,prime
2026-06-24,0.4466847210733296,0.25057027717920366,0,subprime
2026-06-24,1.230971404935072,0.0,0,prime
2026-06-24,-0.34249523691864225,1.0,1,prime
2026-06-24,0.026066871674026618,1.0,1,prime
2026-06-24,-0.5064148778454525,0.02132788247675764,0,prime
2026-06-24,-0.05390810059397831,1.0,1,prime
2026-06-24,0.48104871510090796,0.0,0,prime
2026-06-24,2.332091755691464,1.0,1,prime
2026-06-24,-1.1813237570195079,0.7052721946097772,1,subprime
2026-06-24,-0.35252825333972765,0.0,0,prime
2026-06-24,-1.3792103949984216,0.0,0,prime
2026-06-24,0.0027841295038662367,1.0,1,prime
2026-06-24,0.543345775834046,0.22015332994351455,0,subprime
2026-06-24,-0.03365616689688694,0.0,0,prime
2026-06-24,-0.32143117559080275,0.10842817723571757,0,subprime
2026-06-24,0.9044620837624083,0.7317474988899265,1,subprime
2026-06-24,-2.012337418411157,1.0,1,prime
2026-06-24,0.7476319597897948,0.0,0,prime
2026-06-24,1.0851806379942617,0.0,0,prime
2026-06-24,-2.488648067921782,0.0,0,prime
2026-06-24,1.0526947940711757,0.0,0,prime
2026-06-24,-0.29549888367052274,0.0,0,prime
2026-06-24,-1.4889045282787647,0.7495841524493617,1,subprime
2026-06-24,0.13832064652703874,0.4296019925440048,0,subprime
2026-06-24,0.3486559698994871,0.3940045426880933,0,subprime
2026-06-24,0.2816370806816123,0.0,0,prime
2026-06-24,0.5756535269072456,0.9429887957333114,1,prime
2026-06-24,-0.18789858738355944,1.0,1,prime
2026-06-24,-0.7056253113853103,0.0,0,prime
2026-06-24,1.7437961280963348,0.017205319459547272,0,prime
2026-06-24,-0.009047474192022037,0.9519229899436492,1,prime
2026-06-24,-0.15363650898877287,0.628536181223604,1,subprime
2026-06-24,-0.869220986031469,1.0,1,prime
2026-06-24,-1.5215331181329546,0.0,0,prime
2026-06-24,1.089796475828713,1.0,1,prime
2026-06-24,0.9162865112650673,0.0,0,prime
2026-06-24,0.3958779824785191,1.0,1,prime
2026-06-24,1.6864176461292133,0.902382203418586,1,prime
2026-06-24,1.8786110407571122,0.9748832945145619,1,prime
2026-06-24,-0.32889477009299156,1.0,1,prime
2026-06-24,0.548809218731767,0.9486315330354663,1,prime
2026-06-24,0.28008844904891467,0.0,0,prime
2026-06-24,0.5784995964184874,1.0,1,prime
2026-06-24,0.5324604865251623,0.0,0,prime
2026-06-24,0.5667764849964267,0.20485484512258406,0,subprime
2026-06-24,-1.5978097754060583,1.0,1,prime
2026-06-24,-0.28233756705310925,0.25786195176776155,0,subprime
2026-06-24,-0.623427671178302,0.5731010921014776,1,subprime
2026-06-24,0.40928089847794635,0.0,0,prime
2026-06-24,0.07993995091005622,0.0,0,prime
2026-06-24,0.9039107222741073,0.0,0,prime
2026-06-24,-0.19348597059145556,0.6385083210156733,1,subprime
2026-06-24,0.44563527194793806,0.19974076376930217,0,subprime
2026-06-24,-0.16121766020235284,1.0,1,prime
2026-06-24,0.3867044384484062,0.6480857968024232,1,subprime
2026-06-24,-1.0619547883682257,0.43453253326959135,1,subprime
2026-06-24,-0.7970702607328104,1.0,1,prime
2026-06-24,-1.5965099645797163,0.0,0,prime
2026-06-24,-0.0901600706727869,0.0,0,prime
2026-06-24,-0.4331779377074727,0.36277852827194923,0,subprime
2026-06-24,-2.4725982388174947,0.0,0,prime
2026-06-24,0.38320964535772695,1.0,1,prime
2026-06-24,0.10547833463659267,0.0,0,prime
2026-06-24,0.5538214099956649,1.0,1,prime
2026-06-24,-0.42254395093855174,1.0,1,prime
2026-06-24,0.7791937662074252,1.0,1,prime
2026-06-24,-1.175170555678906,0.21647989100506104,0,subprime
2026-06-24,-0.3707926612374046,1.0,1,prime
2026-06-24,-0.500884945968967,0.0,0,prime
2026-06-24,-0.02912710916910835,0.3380102863620058,0,subprime
2026-06-24,-0.40836720373979496,0.0,0,prime
2026-06-24,-0.5684788655332672,0.0,0,prime
2026-06-24,-1.0311673062747928,0.0,0,prime
2026-06-24,-0.27487495865432154,0.0,0,prime
2026-06-24,-0.2883771352541026,0.3795205841894303,0,subprime
2026-06-24,-1.4413954136749563,1.0,1,prime
2026-06-24,-0.26077815852985087,0.9480765302656332,1,prime
2026-06-24,-1.3074153921130112,1.0,1,prime
2026-06-24,0.49699447176235967,0.5800948076809069,0,subprime
2026-06-24,0.2372199216196893,0.8581708196823059,1,subprime
2026-06-24,2.0352596535097036,1.0,1,prime
2026-06-24,-0.27924185168514015,0.0,0,prime
2026-06-24,0.8735186436528614,0.07391755777805753,0,prime
2026-06-24,0.25027087733001646,1.0,1,prime
2026-06-24,-1.581035861963609,0.0,0,prime
2026-06-24,-0.8458434661226841,1.0,1,prime
2026-06-24,-1.237473770721969,0.4177258704108534,0,subprime
2026-06-24,0.04129481617809454,1.0,1,prime
2026-06-24,0.30221764298226933,0.059596718850232405,0,prime
2026-06-24,-0.2649299191945461,1.0,1,prime
2026-06-24,0.7059033219452167,0.0,0,prime
2026-06-24,0.6851253220034677,0.8294457419617118,1,subprime
2026-06-24,-1.9435908603729333,0.0,0,prime
2026-06-24,2.0590323753077464,0.9510536507773727,1,prime
2026-06-24,-0.3677805958171981,0.0,0,prime
2026-06-24,1.0464966346744617,0.5163191000054369,0,subprime
2026-06-24,-0.10441999067284725,1.0,1,prime
2026-06-24,1.2958643879500085,1.0,1,prime
2026-06-24,0.46280281980002164,1.0,1,prime
2026-06-24,-0.8115084238727918,1.0,1,prime
2026-06-24,0.9157007628017735,0.0,0,prime
2026-06-24,1.156931156332439,0.29883438202891865,0,subprime
2026-06-24,2.349815135286852,0.0,0,prime
2026-06-24,-0.7240156791449542,0.6952460680813932,1,subprime
2026-06-24,2.5279085407071227,0.606682077015487,1,subprime
2026-06-24,0.2945667945738663,0.2907066542184207,0,subprime
2026-06-24,1.2201828118803955,1.0,1,prime
2026-06-24,-0.42997994295557096,0.7698022326157737,1,subprime
2026-06-24,1.0707031312316295,1.0,1,prime
2026-06-24,1.0676688377036343,0.0,0,prime
2026-06-24,-0.3279741561489388,0.9109037281247948,1,prime
2026-06-24,-1.977757293830172,0.0,0,prime
2026-06-24,-0.570960272016393,0.6363038596727607,1,subprime
2026-06-24,0.8155261882746748,0.0,0,prime
2026-06-24,-1.3087286812755126,1.0,1,prime
2026-06-24,1.3292818510002566,0.9019498203205649,1,prime
2026-06-24,0.793418207041054,1.0,1,prime
2026-06-24,-0.6945115460874431,0.6384258903770751,1,subprime
2026-06-24,0.03996305175993977,0.0,0,prime
2026-06-24,1.8158701391762049,0.2564921690323386,0,subprime
2026-06-24,-0.21837456301921002,1.0,1,prime
2026-06-24,-0.41689610408227007,0.7783701686145946,1,subprime
2026-06-25,-0.5144471702981318,0.9925484494062069,1,prime
2026-06-25,0.39025275910665574,1.0,1,prime
2026-06-25,-0.8146946820360785,0.0149893290373036,0,subprime
2026-06-25,-0.03428051911494877,1.0,1,prime
2026-06-25,-0.42366664803250503,0.2124239193296083,0,subprime
2026-06-25,1.1990393774439707,0.9802130150982353,1,prime
2026-06-25,-0.690903508657617,0.0,0,prime
2026-06-25,0.30846777314230805,1.0,1,prime
2026-06-25,-0.9234526498914087,1.0,1,prime
2026-06-25,0.6596394805876578,0.9700825786303036,1,prime
2026-06-25,-0.611806136721365,1.0,1,prime
2026-06-25,-0.888979029537678,1.0,1,prime
2026-06-25,1.3775024296663683,0.9967171569912706,1,prime
2026-06-25,-1.3371482942620279,1.0,1,prime
2026-06-25,0.9376943092894102,1.0,1,prime
2026-06-25,-0.2941099940656445,0.9473866583925199,1,prime
2026-06-25,-1.5702076353245331,0.0,0,prime
2026-06-25,1.1114128988898373,0.0,0,prime
2026-06-25,0.25367255916977743,0.0,0,prime
2026-06-25,0.4902176574837272,1.0,1,prime
2026-06-25,-0.17767028461555584,1.0,1,prime
2026-06-25,1.405706784933965,0.0,0,prime
2026-06-25,-0.03291212144868192,1.0,1,prime
2026-06-25,0.08861562157168476,0.0,0,prime
2026-06-25,-0.7402066636053304,0.0,0,prime
2026-06-25,-0.17792520994045635,1.0,1,prime
2026-06-25,0.5047074882931734,1.0,1,prime
2026-06-25,-0.9781855007425773,1.0,1,prime
2026-06-25,0.0680018425658353,0.0,0,prime
2026-06-25,-0.43249898896689287,1.0,1,prime
2026-06-25,-1.593072054254333,0.9015727586537547,1,prime
2026-06-25,0.4029721269459477,1.0,1,prime
2026-06-25,-1.7074190333252275,1.0,1,prime
2026-06-25,-1.4288091123967481,0.0,0,prime
2026-06-25,1.0273220045362759,1.0,1,prime
2026-06-25,1.759679991274411,0.0,0,prime
2026-06-25,1.9930357731714783,1.0,1,prime
2026-06-25,-0.05877475838358991,1.0,1,prime
2026-06-25,-0.01384114586112019,0.0,0,prime
2026-06-25,-0.9082184918615682,1.0,1,prime
2026-06-25,-2.02163495875246,1.0,1,prime
2026-06-25,-0.35229839143786684,0.985168482582001,1,prime
2026-06-25,-0.7377864858941,0.3373842156635317,0,subprime
2026-06-25,1.1490403906592506,1.0,1,prime
2026-06-25,-0.35620323842013263,0.0,0,prime
2026-06-25,-0.5212153361276304,0.6657239486780248,1,subprime
2026-06-25,-0.9680067092533537,0.0,0,prime
2026-06-25,0.7232304728893361,0.0,0,prime
2026-06-25,-0.09759214119821406,0.32662116011590797,0,subprime
2026-06-25,-0.7787223028764789,0.0,0,prime
2026-06-25,-0.062282106655377506,0.023609119192812666,0,prime
2026-06-25,0.948610858449714,1.0,1,prime
2026-06-25,-1.7844762860271077,1.0,1,prime
2026-06-25,-0.7313006991693185,0.10172012444286918,0,prime
2026-06-25,0.11197450225823823,0.4213732323257175,1,subprime
2026-06-25,0.4214026117404945,1.0,1,prime
2026-06-25,-0.9875876411319577,1.0,1,prime
2026-06-25,-1.4519286324548495,1.0,1,prime
2026-06-25,1.16172381093592,0.2846596451005129,0,subprime
2026-06-25,-0.17333789160608676,0.0,0,prime
2026-06-25,-0.4731636845110862,0.0,0,prime
2026-06-25,0.7412447192707855,1.0,1,prime
2026-06-25,0.760333015765618,1.0,1,prime
2026-06-25,0.6982880409188071,0.2666227273041686,0,subprime
2026-06-25,0.027510506494543334,0.857826937231661,1,subprime
2026-06-25,-1.1050981295578057,0.6293525017866113,1,subprime
2026-06-25,0.7028123368614869,1.0,1,prime
2026-06-25,0.9991392007534046,0.7220722615649824,1,subprime
2026-06-25,0.35843886138322983,1.0,1,prime
2026-06-25,1.214884850946483,0.0,0,prime
2026-06-25,-0.42758010721042433,0.26897124839001674,0,subprime
2026-06-25,-0.050634529846378604,1.0,1,prime
2026-06-25,-1.2069607182509343,0.011720048357564489,0,prime
2026-06-25,-1.644049823013335,1.0,1,prime
2026-06-25,-1.2194889457996987,0.0,0,prime
2026-06-25,-0.6129258380652443,0.6688567845831216,1,subprime
2026-06-25,0.6233642230160513,1.0,1,prime
2026-06-25,-0.49234969012683033,1.0,1,prime
2026-06-25,1.7970371682691821,0.9091834923071564,1,subprime
2026-06-25,-2.127280119098375,0.0,0,prime
2026-06-25,1.0930743882054956,1.0,1,prime
2026-06-25,0.9019135168599184,1.0,1,prime
2026-06-25,-1.134648096477593,0.0,0,prime
2026-06-25,0.7475301264067739,0.0,0,prime
2026-06-25,-1.2161492354238792,0.046791280348304126,0,prime
2026-06-25,0.3977015056412857,1.0,1,prime
2026-06-25,0.4699627803135385,0.30383865150299827,0,subprime
2026-06-25,-1.4900533982775144,1.0,1,prime
2026-06-25,1.3000798396419881,0.0,0,prime
2026-06-25,-0.43219039457581077,0.0,0,prime
2026-06-25,1.3678431308715082,0.932374270941263,1,prime
2026-06-25,0.23541352449912545,0.0,0,prime
2026-06-25,1.3779120419678776,0.9861064435334639,1,prime
2026-06-25,-1.5770105608007463,0.0,0,prime
2026-06-25,1.4065214314473142,1.0,1,prime
2026-06-25,-0.043145530637268,1.0,1,prime
2026-06-25,-0.18417299599949616,1.0,1,prime
2026-06-25,-0.158419134278778,0.0,0,prime
2026-06-25,0.8704744114254821,0.3178631980802882,0,subprime
2026-06-25,0.0764623538462237,1.0,1,prime
2026-06-25,-0.3203943888826286,0.0,0,prime
2026-06-25,-0.20616766372151987,0.2782591141705962,0,subprime
2026-06-25,0.13672538475418147,0.0,0,prime
2026-06-25,0.06687381597597213,0.3229394475361015,0,subprime
2026-06-25,-1.9762213122917633,1.0,1,prime
2026-06-25,0.06819135966342982,1.0,1,prime
2026-06-25,0.46424564905737303,1.0,1,prime
2026-06-25,-0.07871240634797759,1.0,1,prime
2026-06-25,0.4671127362831607,1.0,1,prime
2026-06-25,0.21330877281169328,0.36848239157581764,0,subprime
2026-06-25,1.5852943581181107,1.0,1,prime
2026-06-25,-1.280532187125268,0.5326588295456933,1,subprime
2026-06-25,1.0944700507677643,1.0,1,prime
2026-06-25,-1.536591653645607,0.0,0,prime
2026-06-25,0.00828138258781007,0.0,0,prime
2026-06-25,0.3885969261686163,0.327463019703889,0,subprime
2026-06-25,1.4314741327233866,1.0,1,prime
2026-06-25,1.0231567184002772,1.0,1,prime
2026-06-25,0.8630749136441268,0.3768039392381488,0,subprime
2026-06-25,-1.6369787374450284,1.0,1,prime
2026-06-25,1.3836620494022003,0.0,0,prime
2026-06-25,0.6498284707693099,1.0,1,prime
2026-06-25,0.017797972696036536,0.6497433370914777,1,subprime
2026-06-25,0.1047824278442179,1.0,1,prime
2026-06-25,-0.32578075667264045,0.6150738418734366,1,subprime
2026-06-25,0.13755608500936597,1.0,1,prime
2026-06-25,-0.010966817296880265,0.5234333257342356,0,subprime
2026-06-25,1.1077545189577085,1.0,1,prime
2026-06-25,-0.4584702933312809,0.0,0,prime
2026-06-25,-1.781784468921839,1.0,1,prime
2026-06-25,0.6403919700331764,1.0,1,prime
2026-06-25,1.6084533086022037,1.0,1,prime
2026-06-25,-1.2409832638176592,0.11491004210013187,0,subprime
2026-06-25,-0.6196822056126889,1.0,1,prime
2026-06-25,-0.1626562895853409,1.0,1,prime
2026-06-25,0.20379498082958092,0.2939180691846606,0,subprime
2026-06-25,0.38996152614998353,0.55441393842767,1,subprime
2026-06-25,-0.39060458858509317,0.0,0,prime
2026-06-25,-1.4334547014656944,1.0,1,prime
2026-06-25,-0.06477732915427556,1.0,1,prime
2026-06-25,-0.16438007771142304,0.0,0,prime
2026-06-25,1.1492325051097103,0.6456232230867405,1,subprime
2026-06-25,-0.679062753922576,0.0,0,prime
2026-06-25,0.12996690836441968,0.0,0,prime
2026-06-25,-0.8623247297985637,1.0,1,prime
2026-06-25,-1.6069932359609713,1.0,1,prime
2026-06-25,-0.1207571285301838,0.022751384088286808,0,prime
2026-06-25,-2.0186687202675295,0.0,0,prime
2026-06-25,-1.3998469728049163,0.0,0,prime
2026-06-25,1.181607680396019,1.0,1,prime
2026-06-25,-0.4763272844790969,0.2892075344585776,0,subprime
2026-06-25,0.25446258162106744,0.0,0,prime
2026-06-25,0.6655538515319532,0.0,0,prime
2026-06-25,-1.2963626112371829,1.0,1,prime
2026-06-25,-1.4095387523048852,0.0,0,prime
2026-06-25,0.005282916675986429,0.0,0,prime
2026-06-25,-0.4414878355223734,1.0,1,prime
2026-06-25,-0.568119073004512,0.28560000431101634,0,subprime
2026-06-25,-1.0448489565002297,1.0,1,prime
2026-06-25,-0.47656083496905915,0.0,0,prime
2026-06-25,1.1406680101848674,0.0,0,prime
2026-06-25,-0.7751431471581779,1.0,1,prime
2026-06-25,-0.8648962166186602,1.0,1,prime
2026-06-25,-0.389792836616483,0.01873940861629053,0,prime
2026-06-25,0.9147035924134284,1.0,1,prime
2026-06-25,0.9981142633360434,1.0,1,prime
2026-06-25,-0.45046076165982785,1.0,1,prime
2026-06-25,1.2113750695860266,0.0,0,prime
2026-06-25,0.40479596518183364,0.40214945261699836,0,subprime
2026-06-25,-0.9200253266637874,1.0,1,prime
2026-06-25,0.5161171174332229,0.0,0,prime
2026-06-25,2.190076095757746,0.0,0,prime
2026-06-25,0.37256722064079867,1.0,1,prime
2026-06-25,0.33732038314462104,0.008900891625222673,0,prime
2026-06-25,-1.8662072233219191,0.4013096632863842,0,subprime
2026-06-25,0.28322569851245905,0.7763947998838906,1,subprime
2026-06-25,0.5560590553628008,0.0,0,prime
2026-06-25,-0.6088022936884813,0.9183414789870259,1,subprime
2026-06-25,-0.02624040006929236,0.2649070219615737,0,subprime
2026-06-25,-0.47920157170923994,0.7876316980837321,1,subprime
2026-06-25,-0.18372594387805677,0.9571008281252585,1,prime
2026-06-25,0.6055861598764848,0.5946356362068914,1,subprime
2026-06-25,0.39253712590926115,0.0,0,prime
2026-06-25,0.40756588548523415,1.0,1,prime
2026-06-25,-2.9739300395113464,0.0,0,prime
2026-06-25,-1.1486209215581233,1.0,1,prime
2026-06-25,-0.771846516937411,0.009805342865721017,0,prime
2026-06-25,-0.36171589489038625,0.0,0,prime
2026-06-25,2.4799901280574796,0.3990212637581504,0,subprime
2026-06-25,-0.8632596789238072,1.0,1,prime
2026-06-25,0.7236220848883429,0.0817137455124623,0,prime
2026-06-25,-1.4042983698881704,0.0,0,prime
2026-06-25,0.6092488931448569,1.0,1,prime
2026-06-25,0.6304662664066958,0.7347119833072846,1,subprime
2026-06-25,0.13259855901115394,0.0,0,prime
2026-06-25,-0.4954627587854723,0.3399262503717969,0,subprime
2026-06-25,1.7921492534646806,0.7476941666187131,1,subprime
2026-06-25,-0.7496557283477094,1.0,1,prime
2026-06-25,-0.7174372966997686,0.0,0,prime
2026-06-25,-0.4911904342331982,1.0,1,prime
2026-06-25,0.3426377388115629,0.24795495920632973,0,subprime
2026-06-25,1.2260455529160708,1.0,1,prime
2026-06-25,-1.89811841602247,0.14915905898794712,0,subprime
2026-06-25,-0.22462189980387193,0.0,0,prime
2026-06-25,-1.3184472678331434,0.22539051510724675,0,subprime
2026-06-25,0.48053385303392104,1.0,1,prime
2026-06-25,1.058153040233354,0.0,0,prime
2026-06-25,-0.6140870134900284,0.020450544094835335,0,prime
2026-06-25,1.101344516257151,0.9255479484304376,1,prime
2026-06-25,-0.037969362141085365,1.0,1,prime
2026-06-25,1.1748279574024523,0.6453202314962767,1,subprime
2026-06-25,2.0092376244009573,0.02716648851671452,0,prime
2026-06-25,-0.3927949485948622,1.0,1,prime
2026-06-25,-1.6824904599460204,0.0,0,prime
2026-06-25,1.7114605701347483,0.4533122685906329,0,subprime
2026-06-25,-1.04854387973371,0.0,0,prime
2026-06-25,-1.2051688118653539,1.0,1,prime
2026-06-25,-0.73092555767142,0.0,0,prime
2026-06-25,0.2800888475987212,0.0,0,prime
2026-06-25,0.40245740635482746,0.7178474627643233,1,subprime
2026-06-25,1.1008923560620592,0.7854644632928293,1,subprime
2026-06-25,0.6398014413213479,0.0,0,prime
2026-06-25,0.07752667977976632,0.1904443685111784,0,subprime
2026-06-25,-1.6983267530253627,0.24477289187318121,0,subprime
2026-06-25,-0.6871160421793159,0.0,0,prime
2026-06-25,3.239215619784546,0.9245117303189628,1,prime
2026-06-25,1.6636376649468523,0.7979396172493014,1,subprime
2026-06-25,0.26066780500028347,0.0,0,prime
2026-06-25,-1.5409788535433417,0.0,0,prime
2026-06-25,-0.3383168241851535,1.0,1,prime
2026-06-25,-0.4824604301832417,0.0,0,prime
2026-06-25,1.0547297720082898,0.39717550128013557,0,subprime
2026-06-25,-0.5108715471800429,0.0,0,prime
2026-06-25,0.8461225772234879,0.0,0,prime
2026-06-25,1.2298951685712076,0.3842270873331601,0,subprime
2026-06-25,-1.3344313323583603,0.0,0,prime
2026-06-25,-0.45759053241228503,1.0,1,prime
2026-06-25,0.8259174709842302,1.0,1,prime
2026-06-25,1.400337028571613,0.0,0,prime
2026-06-25,1.5859740403033382,0.5543016550377825,1,subprime
2026-06-25,0.9586041140419184,1.0,1,prime
2026-06-25,-0.16806388391846272,0.23383614335343358,0,subprime
2026-06-25,-0.11883613249685314,0.7362703557312487,1,subprime
2026-06-25,-0.32735515219684846,0.26621787451182444,0,subprime
2026-06-25,-1.0049930778854095,1.0,1,prime
2026-06-25,0.7667221866187184,1.0,1,prime
2026-06-25,0.8033215790091502,1.0,1,prime
2026-06-25,0.1015249340134834,1.0,1,prime
2026-06-25,0.9189674601670662,0.0766060457091966,0,prime
2026-06-25,0.4421939159841119,0.7566792747540368,1,subprime
2026-06-25,0.7916624024587281,0.6244902157183175,1,subprime
2026-06-25,-0.4734496919957124,1.0,1,prime
2026-06-25,0.4882631079475865,0.0,0,prime
2026-06-25,0.6885871858279549,1.0,1,prime
2026-06-25,-0.052648605635444226,0.7987323833145283,1,subprime
2026-06-25,0.5509208246336394,0.9390999700778239,1,prime
2026-06-25,0.7666100102719386,0.3869020984682704,0,subprime
2026-06-25,0.24345134219137657,0.0,0,prime
2026-06-25,0.23815358720016738,0.0,0,prime
2026-06-25,-0.5055762543200065,0.9996952041918539,1,prime
2026-06-25,1.3766738301118155,0.3186509479959991,0,subprime
2026-06-25,-0.3513385649165474,0.6788987444182844,1,subprime
2026-06-25,-0.9914203116649238,0.0,0,prime
2026-06-25,-1.0132759101389046,1.0,1,prime
2026-06-25,-1.0019481514839106,0.0,0,prime
2026-06-25,1.904241818316156,0.4230370980343635,0,subprime
2026-06-25,1.4826535794369902,0.0,0,prime
2026-06-25,0.6373437801805628,0.4390123417437616,0,subprime
2026-06-25,1.198527936715648,0.10798217896512868,0,prime
2026-06-25,-0.788509003899674,1.0,1,prime
2026-06-25,0.6742337756113407,1.0,1,prime
2026-06-25,-0.6644117922234015,0.0,0,prime
2026-06-25,-0.4064132291367257,1.0,1,prime
2026-06-25,0.7119712552073276,0.33457137533599285,0,subprime
2026-06-25,1.081139567926495,0.39175629111396365,0,subprime
2026-06-25,-0.5795669751537892,0.0,0,prime
2026-06-25,0.005741842334208087,0.7885522095151439,1,subprime
2026-06-25,0.2732110902572569,1.0,1,prime
2026-06-25,-0.5178894838359995,0.9874009417472238,1,prime
2026-06-25,-1.002057683193564,1.0,1,prime
2026-06-25,0.5413676749158836,1.0,1,prime
2026-06-25,-1.185699002542221,1.0,1,prime
2026-06-25,0.47953600056104245,0.0,0,prime
2026-06-25,0.7775217478381883,0.0,0,prime
2026-06-25,-0.07285302602521837,0.17667236031161998,0,subprime
2026-06-25,0.2828520931187559,0.0,0,prime
2026-06-25,-0.4872439377912238,1.0,1,prime
2026-06-25,-0.7863930223946992,0.7242173065898319,1,subprime
2026-06-25,-0.9994048764237273,0.9707524127745786,1,prime
2026-06-25,1.1414679366300102,0.11908843596186078,0,prime
2026-06-25,-0.24993027577729632,1.0,1,prime
2026-06-25,-0.9975190548198576,0.2862013272350931,0,subprime
2026-06-25,0.6535335222178171,1.0,1,prime
2026-06-25,0.9139253712254188,1.0,1,prime
2026-06-25,0.21457992725048594,0.287726970767076,0,subprime
2026-06-25,0.040503999105662866,0.3430935820444301,0,subprime
2026-06-25,2.005727419310751,1.0,1,prime
2026-06-25,-0.2315110957221084,0.0,0,prime
2026-06-25,-0.11877679162891519,1.0,1,prime
2026-06-25,0.8776927944625368,0.0,0,prime
2026-06-25,-0.28127336101672273,0.0,0,prime
2026-06-25,-1.3608233645326036,0.0,0,prime
2026-06-25,-1.1649585347409723,0.0,0,prime
2026-06-25,-0.40827285639056304,0.0,0,prime
2026-06-25,0.37185025952389034,0.0,0,prime
2026-06-25,0.6088573766683363,0.0,0,prime
2026-06-25,-0.632231242848648,0.16523626007509337,0,subprime
2026-06-25,-0.21594304443233545,1.0,1,subprime
2026-06-25,0.8889185069438227,0.5049286139305742,0,subprime
2026-06-25,0.3327376025389054,0.3051711339032394,0,subprime
2026-06-25,0.854427826198256,0.0,0,prime
2026-06-25,-0.9386470191727064,0.0,0,prime
2026-06-25,-0.7960500318274656,0.6263672717581015,1,subprime
2026-06-25,-0.6360940823905901,0.0,0,prime
2026-06-25,-0.5743455307258679,0.37207787366339107,0,subprime
2026-06-25,-0.11156144356380765,0.0,0,prime
2026-06-25,0.26165067505182643,1.0,1,prime
2026-06-25,-1.6933283511930206,0.0,0,prime
2026-06-25,0.5142580973672969,1.0,1,prime
2026-06-25,1.5480866713584742,1.0,1,prime
2026-06-25,0.28243162115621717,0.2933678938626287,0,subprime
2026-06-25,-0.14668771987551518,0.1824203353912866,0,subprime
2026-06-25,-0.5891625141786082,0.0,0,prime
2026-06-25,1.0887111214513778,0.0,0,prime
2026-06-25,-0.6232711764955082,0.35749077896054576,0,subprime
2026-06-25,-0.4458141019936845,1.0,1,prime
2026-06-25,0.04401443899856438,0.5473009492496663,1,subprime
2026-06-25,1.2638497632688819,0.11141616589053735,0,prime
2026-06-25,-0.308137554754776,0.0,0,prime
2026-06-25,0.6654614846537329,1.0,1,prime
2026-06-25,0.0725306174416401,0.0,0,prime
2026-06-25,1.5513784842455072,0.28199311624368195,0,subprime
2026-06-25,-0.177079532106114,1.0,1,prime
2026-06-25,0.5242482666565005,1.0,1,prime
2026-06-25,0.04566435247807583,0.7076342965638631,1,subprime
2026-06-25,-0.3650213272695282,1.0,1,prime
2026-06-25,-0.8771680373110838,0.8657426042075326,1,prime
2026-06-25,-0.5887555167023224,0.9535242989432929,1,prime
2026-06-25,-0.8567125492768083,0.3569385740829381,0,subprime
2026-06-25,-1.013874292462998,0.5352047326578686,0,subprime
2026-06-25,0.9410734807379805,0.7777820186468747,1,subprime
2026-06-25,-0.26253799074915235,1.0,1,prime
2026-06-25,2.499914409474183,0.0,0,prime
2026-06-25,-0.4046249047711769,0.0,0,prime
2026-06-25,0.8345999483482777,1.0,1,prime
2026-06-25,-0.21411242452063894,0.0,0,prime
2026-06-25,2.073505141714929,1.0,1,prime
2026-06-25,-0.5385426295236136,0.0,0,prime
2026-06-25,0.8124282410957612,1.0,1,prime
2026-06-25,0.6930962526210646,1.0,1,prime
2026-06-25,1.4369391688975155,0.0,0,prime
2026-06-25,-0.4059498830601808,1.0,1,prime
2026-06-25,-1.7695043459057298,0.0,0,prime
2026-06-25,0.34490517702301354,1.0,1,prime
2026-06-25,0.17225151652750345,0.0,0,prime
2026-06-25,-1.0852196904556637,1.0,1,prime
2026-06-25,-1.119359548394939,1.0,1,prime
2026-06-25,-0.2749587321095976,0.8182819934796858,1,subprime
2026-06-25,-0.7125542654378517,0.0,0,prime
2026-06-25,0.8279300228023985,0.0,0,prime
2026-06-25,0.4762612682003687,0.0,0,prime
2026-06-25,-0.7631932251901484,0.6674060551474198,1,subprime
2026-06-25,1.0425824487268602,1.0,1,prime
2026-06-25,1.0885861312711067,1.0,1,prime
2026-06-25,-1.881405583923722,0.691130682746042,1,subprime
2026-06-25,1.1746560944514997,1.0,1,prime
2026-06-25,-0.3245141605954134,0.33908974539292547,0,subprime
2026-06-25,1.6979910956249935,1.0,1,prime
2026-06-25,1.7888299398652296,0.5863709641267874,1,subprime
2026-06-25,0.23421183650386507,1.0,1,prime
2026-06-25,1.0343970968095313,0.74789006641713,1,subprime
2026-06-25,0.39216877962687063,0.0,0,prime
2026-06-25,-0.7266679243472137,0.7998694556945671,1,prime
2026-06-25,1.560506733951079,1.0,1,prime
2026-06-25,-2.8622643144986712,1.0,1,prime
2026-06-25,1.2919319585658362,0.0,0,prime
2026-06-25,-1.2384853852619435,0.10916893102561154,0,prime
2026-06-25,-0.9804905728863925,1.0,1,prime
2026-06-25,-0.8333764530774836,0.0,0,prime
2026-06-25,0.21369842817347232,0.0,0,prime
2026-06-25,0.47530967046635975,0.0,0,prime
2026-06-25,0.8796984357469707,0.0,0,prime
2026-06-25,0.45160612455316224,0.0,0,prime
2026-06-25,1.1683414373489023,0.0,0,prime
2026-06-25,0.47798732621760615,0.27811332485995033,0,subprime
2026-06-25,-0.7713320774136503,0.0,0,prime
2026-06-25,1.4954359722099508,1.0,1,prime
2026-06-25,-0.2504398599356196,0.024623438926691832,0,prime
2026-06-25,1.0711637544389427,0.5994995639085829,1,subprime
2026-06-25,0.30437236861181766,1.0,1,prime
2026-06-25,-1.0439015273371235,1.0,1,prime
2026-06-25,-0.8029151138466822,0.8197470895970527,1,subprime
2026-06-25,-0.747046393576115,0.0,0,prime
2026-06-25,0.13436783989746412,0.0,0,prime
2026-06-25,0.9176992094172367,0.01152067014003405,0,prime
2026-06-25,-0.9194522381626102,0.2893757339682345,0,subprime
2026-06-25,2.3994959729358185,0.7858694860141081,1,subprime
2026-06-25,1.380265871705151,1.0,1,prime
2026-06-25,2.077609740203557,1.0,1,prime
2026-06-25,-0.19576416616848272,1.0,1,prime
2026-06-26,-0.1345194222480125,0.6327766601820966,1,subprime
2026-06-26,0.7853867151193575,0.26687246153217614,0,subprime
2026-06-26,-1.0971606660864741,0.0,0,prime
2026-06-26,0.16922860999316036,0.2349014054325282,0,subprime
2026-06-26,0.11532794306297574,0.0,0,prime
2026-06-26,-0.13886357055738055,0.593685461171024,1,subprime
2026-06-26,-1.0891705528676423,1.0,1,prime
2026-06-26,0.17684370691070933,0.9812397237050373,1,prime
2026-06-26,-0.4553378074463918,0.0,0,prime
2026-06-26,-0.17471589796617887,1.0,1,prime
2026-06-26,-0.061768317723224296,0.037643749013269306,0,prime
2026-06-26,-0.1108174095403511,0.0,0,prime
2026-06-26,0.10088089667296707,0.6280397324995913,1,subprime
2026-06-26,0.7135630747476995,0.7357617549800293,1,subprime
2026-06-26,-0.5919949061292665,0.25974252940690934,0,subprime
2026-06-26,-1.1661550690438662,0.0,0,prime
2026-06-26,1.1728643429328378,0.7392432317955896,1,subprime
2026-06-26,0.2980974207368823,1.0,1,prime
2026-06-26,-0.31771837746617454,1.0,1,prime
2026-06-26,0.33995277284597275,0.0013008434425374332,0,prime
2026-06-26,1.0393225111143087,1.0,1,prime
2026-06-26,-2.2749575568140172,0.004616565170068032,0,prime
2026-06-26,1.9271855101341704,0.7823960716160124,1,subprime
2026-06-26,-0.7392758948406541,1.0,1,prime
2026-06-26,-0.5074181234704713,0.0008173471134030885,0,prime
2026-06-26,0.6735271439829741,0.7548806638576113,1,subprime
2026-06-26,1.7876478194475374,0.9984410916010543,1,prime
2026-06-26,-2.170676823464677,1.0,1,prime
2026-06-26,-1.386236326964501,1.0,1,prime
2026-06-26,0.2774733232481958,0.0,0,prime
2026-06-26,-0.2714912466797442,1.0,1,prime
2026-06-26,-0.712706887238349,1.0,1,prime
2026-06-26,-0.03576996957004171,0.9947462038524367,1,prime
2026-06-26,-0.5911433464267744,0.9101068860324963,1,prime
2026-06-26,-1.1132009796146922,0.0,0,prime
2026-06-26,-0.8384222927849754,1.0,1,prime
2026-06-26,-0.054278368152732376,0.32048482996929223,0,subprime
2026-06-26,-0.1808677134142236,0.025567541842657443,0,prime
2026-06-26,1.145345414227383,1.0,1,prime
2026-06-26,-1.3062715209370466,0.0,0,prime
2026-06-26,-0.4638393454092813,0.9513986080181904,1,prime
2026-06-26,1.92312464034729,0.6939656765647042,1,subprime
2026-06-26,-1.0186336461810754,0.0,0,prime
2026-06-26,0.6647282798990881,1.0,1,prime
2026-06-26,1.8698752065261004,0.0,0,prime
2026-06-26,-1.0783952532252012,1.0,1,prime
2026-06-26,1.7429576331829206,0.0,0,prime
2026-06-26,-1.7950019358262133,1.0,1,prime
2026-06-26,-0.5140667397266346,1.0,1,prime
2026-06-26,1.5329526214281122,0.013809299955578211,0,prime
2026-06-26,1.6285819116351312,0.0,0,prime
2026-06-26,1.2308259983472063,0.3233998542993998,0,subprime
2026-06-26,-1.6531268561663883,0.6407851709694552,1,subprime
2026-06-26,-0.2998641807552099,0.0,0,prime
2026-06-26,0.46804336615203557,0.7721791706192487,1,subprime
2026-06-26,-1.2783024478434815,1.0,1,prime
2026-06-26,0.2563864741413049,0.0,0,prime
2026-06-26,-0.5692119827671697,1.0,1,prime
2026-06-26,-0.2178581492651672,0.8334101477655682,1,subprime
2026-06-26,0.037092261710765295,1.0,1,prime
2026-06-26,2.849027201348596,1.0,1,prime
2026-06-26,-1.09060125294613,0.0,0,prime
2026-06-26,1.4264415079489134,0.0,0,prime
2026-06-26,0.8201918129254764,0.43005245067243153,0,subprime
2026-06-26,1.2099196022822956,0.3769292839664016,0,subprime
2026-06-26,-0.30943578928350235,0.3496974235780623,0,subprime
2026-06-26,-0.4360831151342608,1.0,1,prime
2026-06-26,-1.5786499553388589,0.1763401378632757,0,subprime
2026-06-26,-0.05610885652453059,0.6857534386255503,1,subprime
2026-06-26,1.2844614199638344,1.0,1,prime
2026-06-26,0.8807332999113623,0.3940184287590023,0,subprime
2026-06-26,-0.06334217429773088,1.0,1,prime
2026-06-26,-0.9022263471732331,0.45386532037394495,0,subprime
2026-06-26,-0.5768448928989559,0.0,0,prime
2026-06-26,0.23069574915717994,0.0,0,prime
2026-06-26,-0.43978492380865286,0.1359778948258365,0,subprime
2026-06-26,-0.5463603407767799,1.0,1,prime
2026-06-26,-0.8161001341344968,0.12038247927215434,0,prime
2026-06-26,-1.0738148374389422,0.0,0,prime
2026-06-26,-0.10841742666587378,1.0,1,prime
2026-06-26,-1.0321810912864395,0.0,0,prime
2026-06-26,0.12217525623319132,0.029188883661537157,0,prime
2026-06-26,1.6294692998932252,0.0,0,prime
2026-06-26,-1.2041603618330174,0.0,0,prime
2026-06-26,0.8888809452740271,0.3845347771190517,0,subprime
2026-06-26,-0.47319872481137254,0.0,0,prime
2026-06-26,-0.7677084669985667,1.0,1,prime
2026-06-26,0.44131641184274895,0.3148890153099609,0,subprime
2026-06-26,0.4295034585730262,0.0,0,prime
2026-06-26,0.6530633241757381,0.4233498289933262,0,subprime
2026-06-26,-0.3771702319325751,0.02159544306396717,0,prime
2026-06-26,1.6344530077541237,0.7519742801424317,1,subprime
2026-06-26,-0.3470207566194371,1.0,1,prime
2026-06-26,0.24646761361549493,1.0,1,prime
2026-06-26,2.4111202998780255,1.0,1,prime
2026-06-26,-1.1961653404053074,0.0,0,prime
2026-06-26,0.759485632315765,1.0,1,prime
2026-06-26,0.4435151279153323,1.0,1,prime
2026-06-26,0.6824189018991226,0.030561026906364752,0,prime
2026-06-26,1.0851787908863737,0.9593559474748075,1,prime
2026-06-26,-0.614398522437691,0.0,0,prime
2026-06-26,1.1275583217294738,0.08479443667307185,0,prime
2026-06-26,-0.29200007139667095,0.14500377627544786,0,subprime
2026-06-26,1.0625574927381567,0.0,0,prime
2026-06-26,0.9951123277187585,0.0,0,prime
2026-06-26,-0.4559908046800993,1.0,1,prime
2026-06-26,-0.8332578807060308,0.2341844855765427,0,subprime
2026-06-26,1.1084946371313995,0.0,0,prime
2026-06-26,0.8651988761640984,0.07902691824996957,0,prime
2026-06-26,-0.013301714426980278,0.9781781760138117,1,prime
2026-06-26,-1.3900265972979775,0.0,0,prime
2026-06-26,2.2281968997668558,0.0,0,prime
2026-06-26,-0.039412176242781,1.0,1,prime
2026-06-26,0.6682628728949023,1.0,1,prime
2026-06-26,0.3099262375382677,0.030689026639468153,0,prime
2026-06-26,-0.806847660923728,0.5514049627728717,1,subprime
2026-06-26,-0.35740593900593115,0.0,0,prime
2026-06-26,-0.461706208285768,0.0,0,prime
2026-06-26,-0.7900170583423631,0.7715798772958669,1,subprime
2026-06-26,-0.08521554840469284,0.0,0,prime
2026-06-26,0.6396577991417508,1.0,1,prime
2026-06-26,-1.1880486766795944,1.0,1,prime
2026-06-26,-0.6641321281115385,0.6673243584042231,1,subprime
2026-06-26,-0.010014572669936017,0.0,0,prime
2026-06-26,-0.06289460212146217,0.3675905300908659,0,subprime
2026-06-26,-1.2375409026571667,0.0,0,prime
2026-06-26,-0.0591139137360725,0.5800279138591445,1,subprime
2026-06-26,-0.02894616236581346,1.0,1,prime
2026-06-26,-1.168808226464532,0.40779862072444206,0,subprime
2026-06-26,-0.3028072057679089,1.0,1,prime
2026-06-26,-0.31741544126675425,0.0,0,prime
2026-06-26,-0.5440796271995597,0.0673327623535821,0,prime
2026-06-26,0.5351744475932314,0.6586458655526871,1,subprime
2026-06-26,-0.3820289767846838,0.2827507817106655,0,subprime
2026-06-26,-2.6899060392070195,0.7371408967065558,1,subprime
2026-06-26,1.0610412633301785,0.0,0,prime
2026-06-26,-0.12429427112150122,0.03298233198369416,0,prime
2026-06-26,0.25924789018962996,1.0,1,prime
2026-06-26,1.0183534475734768,0.0,0,prime
2026-06-26,-1.725022345762186,1.0,1,prime
2026-06-26,1.6415766038987567,0.0,0,prime
2026-06-26,2.596489746066439,1.0,1,prime
2026-06-26,-1.0947147020724577,0.011694301582235334,0,prime
2026-06-26,-0.5966941190783251,0.0,0,prime
2026-06-26,-1.5381190157427733,0.0,0,prime
2026-06-26,-0.4974533835422355,0.0,0,prime
2026-06-26,0.43664139906869204,1.0,1,prime
2026-06-26,1.0317813251308459,1.0,1,prime
2026-06-26,-1.5648343830173645,0.0,0,prime
2026-06-26,0.795096246815653,0.0,0,prime
2026-06-26,1.0502168712780733,0.0,0,prime
2026-06-26,0.6684324415955174,0.0,0,prime
2026-06-26,0.5931546002359533,0.7483766002477169,1,subprime
2026-06-26,0.6911049185418978,0.9200833420075991,1,prime
2026-06-26,1.0894696847193672,1.0,1,prime
2026-06-26,-1.15532117776338,0.0,0,prime
2026-06-26,-0.5838770814205103,1.0,1,prime
2026-06-26,1.159279540172901,0.0,0,prime
2026-06-26,-0.07883309482356823,1.0,1,prime
2026-06-26,-0.8383887563408755,0.0,0,prime
2026-06-26,1.5713709687297404,1.0,1,prime
2026-06-26,-0.24489410463663586,0.182126793580034,0,subprime
2026-06-26,-0.4454642019058845,1.0,1,prime
2026-06-26,0.2326521625761366,0.36052462910737154,0,subprime
2026-06-26,0.07725759239746363,1.0,1,prime
2026-06-26,-0.07314230067151763,0.8606325137612398,1,subprime
2026-06-26,-1.084672564183402,0.051358804253580415,0,prime
2026-06-26,-0.3779762376345264,0.10973466098336412,0,prime
2026-06-26,-0.3236262593782108,0.0,0,prime
2026-06-26,1.0179678962833292,0.4724096302865767,1,subprime
2026-06-26,1.0179973327046141,0.0,0,prime
2026-06-26,-0.6434236981549527,0.007239511691389255,0,prime
2026-06-26,0.02373161995239993,0.32035726058572705,0,subprime
2026-06-26,-0.09400771955408631,0.7523667099328231,1,subprime
2026-06-26,-2.436853771713419,0.6258727421744701,1,subprime
2026-06-26,-0.9814030517418011,0.0,0,prime
2026-06-26,-0.11938124393163134,1.0,1,prime
2026-06-26,-0.4644246007971919,0.0,0,prime
2026-06-26,-0.3000291063932586,0.0,0,prime
2026-06-26,1.5521085894687856,1.0,1,prime
2026-06-26,-1.4011932003524166,1.0,1,prime
2026-06-26,0.6645684377881806,1.0,1,prime
2026-06-26,-0.10078517239053648,0.6964494223505656,1,subprime
2026-06-26,-0.8789018023529276,0.6340498488961815,1,subprime
2026-06-26,0.9752556896657983,0.8328201252568694,1,subprime
2026-06-26,-0.9479372438120619,0.15575045714247068,0,subprime
2026-06-26,1.8349318365534764,1.0,1,prime
2026-06-26,-0.39405189148628617,0.854903516129502,1,subprime
2026-06-26,0.7678314618286017,0.814066217734415,1,subprime
2026-06-26,-0.5911307129903994,0.5734873269055104,1,subprime
2026-06-26,-1.196801072619342,0.0,0,prime
2026-06-26,-0.1393722845714743,0.292334099285445,0,subprime
2026-06-26,0.6553175764824002,0.43715519233375916,0,subprime
2026-06-26,-1.6004073308298539,1.0,1,prime
2026-06-26,1.4960529619634655,0.0,0,prime
2026-06-26,0.2598979863705347,0.7624959821914022,1,subprime
2026-06-26,-0.35234051279467904,0.8865290178522225,1,prime
2026-06-26,0.1374179870262258,1.0,1,prime
2026-06-26,0.19267670720269306,0.36400928247687003,0,subprime
2026-06-26,-1.7051007527170812,0.3919268949539653,0,subprime
2026-06-26,-0.2684077422474087,0.0,0,prime
2026-06-26,0.6507161648248736,1.0,1,prime
2026-06-26,0.7491148987667452,1.0,1,prime
2026-06-26,-0.6737771741643375,1.0,1,prime
2026-06-26,0.03555108380105475,0.1312567147428608,0,subprime
2026-06-26,0.6712167401871691,0.0006434625943787797,0,prime
2026-06-26,1.8166449656579158,0.10148665213510005,0,subprime
2026-06-26,0.865321816000141,0.0,0,prime
2026-06-26,-0.6598181089692041,0.7358316632115061,1,subprime
2026-06-26,-1.2382825842028595,0.0,0,prime
2026-06-26,0.48839230729064703,0.0,0,prime
2026-06-26,-1.478667659055483,1.0,1,prime
2026-06-26,0.00327477347629482,0.9430014879469966,1,prime
2026-06-26,-1.795989532582439,0.0,0,prime
2026-06-26,-1.1535993247407021,0.09732730621064806,0,prime
2026-06-26,0.30212588447394934,0.0,0,prime
2026-06-26,0.2206052227592949,0.22827515460324133,0,subprime
2026-06-26,-0.049937804246492926,0.6954620062947696,1,subprime
2026-06-26,1.787304180311891,0.6013876433184727,1,subprime
2026-06-26,0.2759884896983139,0.3988685985204833,0,subprime
2026-06-26,-0.31422108085687755,0.009235173698903573,0,prime
2026-06-26,-0.6093906892837813,0.0,0,prime
2026-06-26,-1.0211776560915746,0.9917807612739719,1,prime
2026-06-26,-1.2499330961818633,0.0,0,prime
2026-06-26,0.40328801060449976,0.019628010390823902,0,prime
2026-06-26,-0.13873901501767943,0.31351760841547355,0,subprime
2026-06-26,-0.6701038323071208,0.7341194884205521,1,subprime
2026-06-26,1.796174087016708,1.0,1,prime
2026-06-26,-0.8496912446792404,1.0,1,prime
2026-06-26,1.0075781790945058,0.0,0,prime
2026-06-26,-0.15968136546977724,0.0,0,prime
2026-06-26,-0.12203060378892722,0.0,0,prime
2026-06-26,0.808622151688985,0.9342531168449878,1,prime
2026-06-26,0.5490703500498981,0.9607117066997433,1,prime
2026-06-26,-2.3016711485886665,0.7164439012038113,1,subprime
2026-06-26,0.3006913553696721,0.6269612873445188,1,subprime
2026-06-26,1.8782404284602627,0.0,0,prime
2026-06-26,0.5503399819326289,0.0,0,prime
2026-06-26,0.3963743582337193,1.0,1,prime
2026-06-26,-0.7823750359035703,1.0,1,prime
2026-06-26,0.8147329760433395,0.02603886944620057,0,prime
2026-06-26,0.3561703936841315,0.230939273150045,0,subprime
2026-06-26,-0.28600797682208867,0.7762657897933429,1,subprime
2026-06-26,0.049815205508785355,1.0,1,prime
2026-06-26,-0.35619877437617037,0.0,0,prime
2026-06-26,-0.04305128362299619,1.0,1,prime
2026-06-26,1.0421017269570123,1.0,1,prime
2026-06-26,1.0904602926761058,1.0,1,prime
2026-06-26,-0.596645742308616,1.0,1,prime
2026-06-26,1.5645093290751846,0.40124477157709654,1,subprime
2026-06-26,0.7547089176276703,1.0,1,prime
2026-06-26,-0.16464233553610277,0.0,0,prime
2026-06-26,1.637800803527332,0.2844701051398113,0,subprime
2026-06-26,0.9477294045697124,0.08983123703566237,0,prime
2026-06-26,2.608479535061292,0.8849404832432792,1,subprime
2026-06-26,1.804108391214764,0.9479759860593938,1,prime
2026-06-26,-0.48476029120970393,0.33818391822133664,0,subprime
2026-06-26,1.0175368556906526,0.0,0,prime
2026-06-26,1.2882095089123127,0.06432757854513285,0,prime
2026-06-26,1.3101810391580497,0.7171873140275681,1,subprime
2026-06-26,-2.120576055713463,0.9630596416371662,1,prime
2026-06-26,0.5914165537572588,1.0,1,prime
2026-06-26,-0.1743149403335933,0.9922767684802132,1,prime
2026-06-26,-1.5638020559223702,1.0,1,prime
2026-06-26,0.0415693085440866,0.5737300832758038,1,subprime
2026-06-26,-2.060626002013414,0.9843564906390001,1,prime
2026-06-26,-1.3278045668695646,0.7489173608753825,1,subprime
2026-06-26,0.9505925369229156,1.0,1,prime
2026-06-26,0.11129081885474032,0.00638868788590502,0,prime
2026-06-26,0.2977519934842864,0.0,0,prime
2026-06-26,-1.0379011459262784,1.0,1,prime
2026-06-26,0.3575033434046509,1.0,1,prime
2026-06-26,0.5218082848077165,1.0,1,prime
2026-06-26,-0.10359000875933685,0.0,0,prime
2026-06-26,-0.10029284511074402,0.019126360117026273,0,prime
2026-06-26,-2.5741944902890554,0.7205293320467551,1,subprime
2026-06-26,-0.7563982662690374,0.0,0,prime
2026-06-26,0.08456461374327619,0.0,0,prime
2026-06-26,0.6679117052641529,0.9441026254711412,1,prime
2026-06-26,2.548372449791951,0.7338921259579769,1,subprime
2026-06-26,-2.537681807238114,0.5759281790011932,1,subprime
2026-06-26,0.7514027632046711,0.3341512270868397,0,subprime
2026-06-26,-0.4706603156845479,1.0,1,prime
2026-06-26,-1.48692647141,0.0,0,prime
2026-06-26,-0.32233011669949924,0.0,0,prime
2026-06-26,-0.7337966450962623,0.07521022126941973,0,prime
2026-06-26,0.27134875957268384,0.0,0,prime
2026-06-26,1.8962123175949073,0.0,0,prime
2026-06-26,-1.2314537376710821,1.0,1,prime
2026-06-26,0.4568846972941244,0.0,0,prime
2026-06-26,-0.09942390717717721,0.9702430901023319,1,prime
2026-06-26,-1.8409019294568079,1.0,1,prime
2026-06-26,-0.7001584021077314,1.0,1,prime
2026-06-26,-0.8468155077273728,0.8150217497796446,1,subprime
2026-06-26,0.6386693459510975,0.0,0,prime
2026-06-26,0.814638545164352,1.0,1,prime
2026-06-26,0.47840467564473493,0.33716117578886984,0,subprime
2026-06-26,-1.4904140529324625,1.0,1,prime
2026-06-26,1.7641543192298965,0.0,0,prime
2026-06-26,0.48058064739325457,1.0,1,prime
2026-06-26,-1.101896359109329,1.0,1,prime
2026-06-26,0.4628272848588597,0.40590360724810015,0,subprime
2026-06-26,1.2542639360570491,0.4104902573519363,0,subprime
2026-06-26,1.1636881008219697,1.0,1,prime
2026-06-26,0.835966939101424,0.0,0,prime
2026-06-26,-1.317179120777642,0.9320867042475182,1,prime
2026-06-26,-0.9537826565199273,0.6497143173277418,1,subprime
2026-06-26,1.1364334743809081,0.35720705735290476,0,subprime
2026-06-26,-0.17959237110181248,0.0,0,prime
2026-06-26,0.035777236174235325,0.0,0,prime
2026-06-26,-0.14892000314802908,0.48285737291213315,1,subprime
2026-06-26,0.9191551014355426,0.0,0,prime
2026-06-26,0.46300593883808266,1.0,1,prime
2026-06-26,-0.7013437384789605,0.0,0,prime
2026-06-26,-0.5859968444082817,0.0,0,prime
2026-06-26,-0.6821755787373439,1.0,1,prime
2026-06-26,2.5987209595148224,1.0,1,prime
2026-06-26,-0.8406557652743707,1.0,1,prime
2026-06-26,-0.5764453147292807,0.0,0,prime
2026-06-26,-0.3269752632035991,0.544630620868457,1,subprime
2026-06-26,0.39002275033395134,1.0,1,prime
2026-06-26,0.2607270323500992,0.923642789419115,1,prime
2026-06-26,0.7609570085420271,0.35545714498368314,0,subprime
2026-06-26,-0.30624078485010675,0.978766336576621,1,prime
2026-06-26,-1.5284788422861642,0.26295564999323706,0,subprime
2026-06-26,1.2780161314412202,1.0,1,prime
2026-06-26,0.5524216397777126,0.0,0,prime
2026-06-26,0.6225268540110706,0.0,0,prime
2026-06-26,-0.5068650725525464,0.0,0,prime
2026-06-26,0.5128255898003757,0.1211684876337839,0,subprime
2026-06-26,0.2043791862530931,0.4699981767539074,0,subprime
2026-06-26,-1.0190032776455344,0.0,0,prime
2026-06-26,2.09670729173486,0.715138184388862,1,subprime
2026-06-26,-0.3740047012764408,0.7095757114873977,1,subprime
2026-06-26,0.6058277674330333,0.10413460556590945,0,prime
2026-06-26,0.6940929439443149,0.04818703870478025,0,prime
2026-06-26,0.11869377029849296,1.0,1,prime
2026-06-26,0.22397937980096191,0.6289679360094407,1,subprime
2026-06-26,1.8838199734043686,0.5018508136950354,1,subprime
2026-06-26,0.7034157793537054,0.7758118277530883,1,subprime
2026-06-26,-0.44004256120587604,0.3660668250058751,0,subprime
2026-06-26,-0.818276973353691,0.0,0,prime
2026-06-26,-0.7417139806507983,1.0,1,prime
2026-06-26,-1.3022785352038257,1.0,1,prime
2026-06-26,0.35646814358506546,0.2558851992085431,0,subprime
2026-06-26,0.4683696478898748,0.0,0,prime
2026-06-26,0.20704417196543592,0.645971233464635,1,subprime
2026-06-26,-0.5944089329252661,0.1981168785350334,0,subprime
2026-06-26,-1.2228667575825916,0.20660236660800912,0,subprime
2026-06-26,-0.26984636003476686,1.0,1,prime
2026-06-26,0.6676817967448148,0.3424638099935715,0,subprime
2026-06-26,0.019433092459932796,0.0,0,prime
2026-06-26,0.7974239897586742,1.0,1,prime
2026-06-26,0.10016762804079743,0.0,0,prime
2026-06-26,-0.3083471750662034,1.0,1,prime
2026-06-26,0.16144868590397632,1.0,1,prime
2026-06-26,-2.0023033364708733,0.693103088000893,1,subprime
2026-06-26,0.4013892303862863,0.003530357743262158,0,prime
2026-06-26,-1.176884997463604,1.0,1,prime
2026-06-26,0.3546716094157196,1.0,1,prime
2026-06-26,1.0370451150648419,1.0,1,prime
2026-06-26,1.463507961430765,0.0,0,prime
2026-06-26,0.5717305188738492,1.0,1,prime
2026-06-26,-0.354726154547868,0.5842486125226823,1,subprime
2026-06-26,0.6842926438242487,1.0,1,prime
2026-06-26,-0.9843384865036364,0.0,0,prime
2026-06-26,0.2652285929702919,0.5875836627223336,1,subprime
2026-06-26,1.1622222452187916,0.14747064396453774,0,subprime
2026-06-26,-1.1954581600990029,0.6595956623500953,1,subprime
2026-06-26,0.37963481954638806,0.8784744401299001,1,subprime
2026-06-26,-1.6204083151953068,1.0,1,prime
2026-06-26,-3.2969645412063935,1.0,1,prime
2026-06-26,-1.4334569043552383,1.0,1,prime
2026-06-26,0.3460486365002268,0.0,0,prime
2026-06-26,1.7403431059697585,1.0,1,prime
2026-06-26,-1.0211167386787388,0.902820727454855,1,prime
2026-06-26,1.681703325562881,0.0,0,prime
2026-06-26,-1.01750857149985,0.0,0,prime
2026-06-26,1.3913189370536787,1.0,1,prime
2026-06-26,0.44160529955606775,0.18472556515024227,0,subprime
2026-06-26,-1.2029282031317803,1.0,1,prime
2026-06-26,0.5040500819367997,0.2577641372376664,0,subprime
2026-06-26,-3.013592090116975,1.0,1,prime
2026-06-26,0.46603750710215763,1.0,1,prime
2026-06-26,0.5951034361476246,0.2931887029434195,0,subprime
2026-06-26,-1.541338117215492,0.48101148276238315,1,subprime
2026-06-26,0.27911762941727536,0.16951515993968536,0,subprime
2026-06-26,2.0008258237436416,1.0,1,prime
2026-06-26,0.05594797400640189,0.0,0,prime
2026-06-26,1.6164090218564542,0.0,0,prime
2026-06-26,0.4654805068228243,0.5083462276958679,1,subprime
2026-06-26,0.6246037062585791,0.22097443301131522,0,subprime
2026-06-26,0.34156403394869034,1.0,1,prime
2026-06-26,0.28491224565957607,0.737931380527043,1,subprime
2026-06-26,-0.2960927073783395,0.0,0,prime
2026-06-26,0.0159788140539874,0.48346456925505044,1,subprime
2026-06-26,-0.47975927529955636,1.0,1,prime
2026-06-26,-0.476210090870954,0.7683343256091738,1,subprime
2026-06-26,0.8024254254657945,0.03549741793830577,0,prime
2026-06-26,0.443822088930627,0.25544944218475446,0,subprime
2026-06-27,0.17878265859227946,0.0,0,prime
2026-06-27,-1.3674558236088232,0.3500297089400054,0,subprime
2026-06-27,0.9580928628334784,1.0,1,prime
2026-06-27,-0.13886644669950968,0.0,0,prime
2026-06-27,-1.0685496266274577,0.455635838049584,0,subprime
2026-06-27,0.18466864663733895,0.2806210293282657,0,subprime
2026-06-27,0.3568122774572491,0.05854489373115787,0,prime
2026-06-27,-0.3251856856848344,0.257204650924276,0,subprime
2026-06-27,0.3097415293303639,0.24948853711226718,0,subprime
2026-06-27,2.198250985164779,0.9758020469437071,1,prime
2026-06-27,-0.21688782399841608,1.0,1,prime
2026-06-27,-1.016627434710677,0.20475837226568996,0,subprime
2026-06-27,-0.2943791260180461,0.2690497872974551,0,subprime
2026-06-27,-2.028331349393514,0.42184204794263513,0,subprime
2026-06-27,-0.8114638678900818,0.9338667906525041,1,prime
2026-06-27,-1.369848987711905,0.0,0,prime
2026-06-27,-0.9885649631544363,1.0,1,prime
2026-06-27,-0.7412754340155899,1.0,1,prime
2026-06-27,-0.2056237577563878,1.0,1,prime
2026-06-27,0.5678331651423877,0.29589373446956874,0,subprime
2026-06-27,-0.18869528012622455,1.0,1,prime
2026-06-27,0.3890092875516438,0.0,0,prime
2026-06-27,0.7416159321664771,0.0,0,prime
2026-06-27,0.7071120564211332,0.0,0,prime
2026-06-27,-0.033826297980809286,0.028935971305485864,0,prime
2026-06-27,-0.44661482001612424,0.0,0,prime
2026-06-27,0.40901559572714535,1.0,1,prime
2026-06-27,0.3046879483224001,0.5356917737910278,1,subprime
2026-06-27,-0.9512190538019571,1.0,1,prime
2026-06-27,-0.32586442332055854,0.0,0,prime
2026-06-27,1.382241747970504,1.0,1,prime
2026-06-27,0.3385146448277631,0.3311391039679216,0,subprime
2026-06-27,-0.8230897750404751,0.0,0,prime
2026-06-27,1.434821808671785,0.13200901651598562,0,prime
2026-06-27,-0.19410939133877136,0.35522582341391357,0,subprime
2026-06-27,-1.861587630737087,0.0,0,prime
2026-06-27,-0.33466026125513354,0.0,0,prime
2026-06-27,0.34765997749653893,0.013443594701627481,0,prime
2026-06-27,0.398799478459961,0.0,0,prime
2026-06-27,-1.1386960868258984,1.0,1,prime
2026-06-27,-0.9378972721687295,0.0,0,prime
2026-06-27,0.12924179025537783,0.3745310632579535,0,subprime
2026-06-27,-1.1174139434080441,1.0,1,prime
2026-06-27,0.12603827352373775,0.0,0,prime
2026-06-27,-2.3519046583893495,0.5146442382443377,0,subprime
2026-06-27,-0.029600115591536066,1.0,1,prime
2026-06-27,-0.9031833114719537,0.0,0,prime
2026-06-27,-0.14949094930741277,0.0,0,prime
2026-06-27,1.3704490312879845,0.18195611221204164,0,subprime
2026-06-27,1.1900026056604494,0.3504072986002784,0,subprime
2026-06-27,0.10320860608282562,0.7410932830457369,1,subprime
2026-06-27,-2.3228989926811647,0.9980220920291913,1,prime
2026-06-27,0.6106797874952251,0.6052002268271148,1,subprime
2026-06-27,-1.2743265305451696,0.0,0,prime
2026-06-27,0.7683752918229563,0.43775191832894056,0,subprime
2026-06-27,0.5111281291977261,1.0,1,prime
2026-06-27,1.0593519895997014,0.0,0,prime
2026-06-27,1.186139793524,0.6521191468066565,1,subprime
2026-06-27,1.6473849465756278,1.0,1,prime
2026-06-27,-0.46863908367987195,0.0,0,prime
2026-06-27,0.2039140694635391,0.0,0,prime
2026-06-27,0.37855107206181565,0.7074719018455584,1,subprime
2026-06-27,0.14070715138133344,0.0,0,prime
2026-06-27,0.30728484856366234,0.7275329036250422,1,subprime
2026-06-27,0.637276051372137,0.0,0,prime
2026-06-27,-0.9305352158739102,0.0,0,prime
2026-06-27,0.9606694275207422,0.0,0,prime
2026-06-27,0.3512046318120147,0.35783027133116097,0,subprime
2026-06-27,-0.2549035577339615,0.5957021023357646,1,subprime
2026-06-27,1.042128085873312,0.0,0,prime
2026-06-27,0.4463545789866381,1.0,1,prime
2026-06-27,0.2704755966653608,0.0,0,prime
2026-06-27,-1.065719491136486,1.0,1,prime
2026-06-27,-2.015916550610128,0.0,0,prime
2026-06-27,2.087010233849538,0.22438444263684615,0,subprime
2026-06-27,-0.7642613803119649,0.3023093173440724,0,subprime
2026-06-27,0.5264509304060118,0.0,0,prime
2026-06-27,-0.5719270176970148,0.0,0,prime
2026-06-27,-1.1665329359206047,0.0,0,prime
2026-06-27,-0.769796530716559,0.7622991611703425,1,subprime
2026-06-27,-0.7372372456980065,0.5411334492695179,1,subprime
2026-06-27,2.043600082869791,0.8967055912140444,1,subprime
2026-06-27,0.48816316685965905,0.9899848708246749,1,prime
2026-06-27,-0.7005370895505295,0.976523702030396,1,prime
2026-06-27,-1.4149140663526774,1.0,1,prime
2026-06-27,1.3010942516527724,0.5916899097472382,1,subprime
2026-06-27,-1.4282110570562074,0.32120519630562044,0,subprime
2026-06-27,-0.13198109263118227,1.0,1,prime
2026-06-27,0.8394180222814471,1.0,1,prime
2026-06-27,-0.057197095187999945,0.0,0,prime
2026-06-27,-0.7085617809751338,0.0,0,prime
2026-06-27,1.533195335546341,0.04800899810862205,0,prime
2026-06-27,-0.6999322380888867,1.0,1,prime
2026-06-27,-0.9662378747256489,1.0,1,prime
2026-06-27,-0.8653966194151312,0.3018696593351012,0,subprime
2026-06-27,0.2845740003684732,0.24163307758351232,0,subprime
2026-06-27,0.018694128061904694,0.5052656412021801,0,subprime
2026-06-27,0.5962312760683113,1.0,1,prime
2026-06-27,0.6811428088925693,0.0,0,prime
2026-06-27,-1.3543943342210139,0.0,0,prime
2026-06-27,0.9270120475421929,0.0,0,prime
2026-06-27,0.8985896438158671,1.0,1,prime
2026-06-27,0.09023078864595752,0.0,0,prime
2026-06-27,0.6720480112662762,1.0,1,prime
2026-06-27,1.0310579086021416,0.0,0,prime
2026-06-27,-2.3501277717844458,1.0,1,prime
2026-06-27,1.8823591078331947,0.0,0,prime
2026-06-27,-0.30513422288082515,0.0,0,prime
2026-06-27,-0.39123612777099015,1.0,1,prime
2026-06-27,-0.9715863903225455,1.0,1,prime
2026-06-27,-0.26422131482172123,0.5498189310519352,1,subprime
2026-06-27,0.17094430807440503,0.9826314902634327,1,prime
2026-06-27,-0.17122888140628084,0.5717184569273652,1,subprime
2026-06-27,-0.837798431164073,0.0,0,prime
2026-06-27,0.031783942579624885,0.9778307340490903,1,prime
2026-06-27,-0.2636842619833779,0.05952329909769222,0,prime
2026-06-27,-0.5912202287494774,0.0,0,prime
2026-06-27,-1.048997792340783,0.8321970465789442,1,subprime
2026-06-27,-0.8896954916496648,1.0,1,prime
2026-06-27,-1.0059686859407029,1.0,1,prime
2026-06-27,0.318493833300256,1.0,1,prime
2026-06-27,-1.2426791862453315,0.7155338747687933,1,subprime
2026-06-27,-0.24888690497077232,0.01156392297225238,0,prime
2026-06-27,2.347570189894846,0.2906823694467202,0,subprime
2026-06-27,0.9831271529224113,0.40788791580450323,0,subprime
2026-06-27,1.1462447699977918,0.36248400214442883,0,subprime
2026-06-27,-1.414839914205226,0.3212893876454853,0,subprime
2026-06-27,0.16970733648124361,0.5543443326768615,1,subprime
2026-06-27,0.04439780420206396,0.0,0,prime
2026-06-27,-0.1858759342675013,0.0,0,prime
2026-06-27,-0.5247633156899943,1.0,1,prime
2026-06-27,0.6957763264269771,1.0,1,prime
2026-06-27,-1.035974464321354,0.34641039633500675,0,subprime
2026-06-27,0.46761934053169313,0.5608100527409521,1,subprime
2026-06-27,0.8884805729851912,0.0,0,prime
2026-06-27,-0.7630293970502302,0.37660906659099613,0,subprime
2026-06-27,0.5629689039690747,0.010305855274937617,0,prime
2026-06-27,0.8161731964422131,1.0,1,prime
2026-06-27,1.1435859830173913,0.5062176173781782,0,subprime
2026-06-27,-1.4636739424929786,0.9809865413121401,1,prime
2026-06-27,-2.1786523146080357,0.0,0,prime
2026-06-27,-0.8542586747823733,0.6235029534077055,1,subprime
2026-06-27,-1.1667732087779323,0.06677066527505413,0,prime
2026-06-27,0.7379503493507574,0.9228662886596444,1,subprime
2026-06-27,0.00568598282580349,1.0,1,prime
2026-06-27,-0.1837794243573344,0.7664248737365793,1,subprime
2026-06-27,1.2594234174561225,0.5089792227630601,1,subprime
2026-06-27,-0.8875100412986238,0.803818731832009,1,subprime
2026-06-27,-1.717259002369886,1.0,1,prime
2026-06-27,1.4290963047059675,0.3053981005425377,0,subprime
2026-06-27,-0.9457317244914416,0.3721386745771532,0,subprime
2026-06-27,0.13515359932963114,1.0,1,prime
2026-06-27,1.1081172675301365,0.0,0,prime
2026-06-27,0.5550672764792114,0.0,0,prime
2026-06-27,-0.5687328334470494,0.0,0,prime
2026-06-27,-1.8990768419869695,0.9642665736635989,1,prime
2026-06-27,-0.22153207261046973,1.0,1,prime
2026-06-27,1.2552606493879175,0.0,0,prime
2026-06-27,1.2746284177348521,0.0,0,prime
2026-06-27,0.004002127438707263,0.0,0,prime
2026-06-27,-1.8189793036560922,0.6816620913968037,1,subprime
2026-06-27,-1.0967100437633934,0.5565152676056437,0,subprime
2026-06-27,-1.674047829711168,0.0,0,prime
2026-06-27,0.11246528535458676,0.0,0,prime
2026-06-27,-0.8449671745734049,1.0,1,prime
2026-06-27,1.749105566399274,1.0,1,prime
2026-06-27,-0.9696537709209425,1.0,1,prime
2026-06-27,-0.766108791563996,1.0,1,prime
2026-06-27,-0.28648494223384885,0.0,0,prime
2026-06-27,0.3482970710504641,0.0,0,prime
2026-06-27,-0.850629894808018,0.0,0,prime
2026-06-27,0.4737123409092025,0.9454668049614698,1,prime
2026-06-27,0.3425627321554974,0.3381859872119108,0,subprime
2026-06-27,0.3920430689489004,0.0,0,prime
2026-06-27,-0.023827664123772744,0.025324113858587738,0,prime
2026-06-27,0.3522769586987562,0.40860505974191624,0,subprime
2026-06-27,-1.3332870923775126,1.0,1,prime
2026-06-27,2.005313567250431,0.0,0,prime
2026-06-27,-1.5311334737097662,0.3639681282640067,0,subprime
2026-06-27,0.21381943142769655,0.4094205655722233,0,subprime
2026-06-27,1.3344016093059845,0.0,0,prime
2026-06-27,0.5769173623436364,0.6980569722152608,1,subprime
2026-06-27,-1.8970280533867787,0.300724497963946,0,subprime
2026-06-27,-0.11554205828239565,0.0,0,prime
2026-06-27,2.0527832893403706,1.0,1,prime
2026-06-27,-0.1412819485642544,1.0,1,prime
2026-06-27,-0.2212486277280611,1.0,1,prime
2026-06-27,-1.9642244242670017,1.0,1,prime
2026-06-27,0.17159288841544382,1.0,1,prime
2026-06-27,0.00997749633050095,0.0,0,prime
2026-06-27,-0.44400684665878876,0.47205899742756907,0,subprime
2026-06-27,-1.345166898850192,1.0,1,prime
2026-06-27,0.8228393597741521,0.25713611363482314,0,subprime
2026-06-27,-0.07872181397489902,0.7106562688662511,1,subprime
2026-06-27,1.1876176532928653,0.17951033200514177,0,subprime
2026-06-27,-0.24548606122471134,0.2789929560087705,0,subprime
2026-06-27,-0.22466003230618964,0.0,0,prime
2026-06-27,-0.2856414792658232,1.0,1,prime
2026-06-27,-0.6481114089240946,0.9602947186662618,1,prime
2026-06-27,1.6005734172978114,0.41902659436430206,0,subprime
2026-06-27,-1.1533326849450989,0.5398179521411993,1,subprime
2026-06-27,-0.9200148762627552,0.31183379934429206,0,subprime
2026-06-27,0.9183075972771414,1.0,1,prime
2026-06-27,-1.1053882764781173,1.0,1,prime
2026-06-27,-0.9188301862909208,0.0,0,prime
2026-06-27,-2.218419861719558,0.6158014614080912,1,subprime
2026-06-27,1.8451193889479525,0.007591654142140469,0,prime
2026-06-27,0.6569648508326135,1.0,1,prime
2026-06-27,1.3051577477906673,0.9816296610762101,1,prime
2026-06-27,-0.5137340010260296,0.0,0,prime
2026-06-27,0.29219293859751877,1.0,1,prime
2026-06-27,0.7543464367371884,0.24676282787509263,0,subprime
2026-06-27,0.5471606645345322,0.0,0,prime
2026-06-27,-0.5746960147762278,0.0,0,prime
2026-06-27,-0.20235369627298855,0.39643477860662213,0,subprime
2026-06-27,0.8997744213716034,1.0,1,prime
2026-06-27,0.13093391990741188,1.0,1,prime
2026-06-27,1.0196361022402844,1.0,1,prime
2026-06-27,-0.24950916341930668,0.0,0,prime
2026-06-27,-0.2682913843004724,0.8523361623159111,1,prime
2026-06-27,1.5585818232013389,0.0,0,prime
2026-06-27,0.7791129199333554,0.9606910292714214,1,prime
2026-06-27,0.6735233465114411,0.7639190260558881,1,subprime
2026-06-27,1.0464084151627235,0.0,0,prime
2026-06-27,-0.10650302971239685,1.0,1,prime
2026-06-27,-1.498274983543477,1.0,1,prime
2026-06-27,-0.33847210860039195,0.5919779101556097,1,subprime
2026-06-27,0.7880536390212228,1.0,1,prime
2026-06-27,0.10331497115233582,0.0,0,prime
2026-06-27,-1.144853847106172,0.7595864392256284,1,subprime
2026-06-27,0.21986966375222933,1.0,1,prime
2026-06-27,0.007095253984285257,1.0,1,prime
2026-06-27,1.948374122759482,0.972833851845243,1,prime
2026-06-27,-0.8527027588870658,0.681571793274975,1,subprime
2026-06-27,0.09897882581395656,0.9243474628595553,1,prime
2026-06-27,1.1654049776412203,1.0,1,prime
2026-06-27,0.21401262913909702,1.0,1,prime
2026-06-27,0.13649390216406698,0.4708226490971159,0,subprime
2026-06-27,1.9277591506112453,0.0,0,prime
2026-06-27,-0.4000444673801134,0.10738181271246136,0,prime
2026-06-27,-0.34078688157194215,0.5395658661586311,0,subprime
2026-06-27,1.2166088868578326,1.0,1,prime
2026-06-27,-0.8487621001881913,1.0,1,prime
2026-06-27,-0.1976715931743966,0.4135433326468113,0,subprime
2026-06-27,-1.9652552615714487,1.0,1,prime
2026-06-27,-0.19432525253404054,0.0,0,prime
2026-06-27,-0.15460976526816594,0.0,0,prime
2026-06-27,1.8870983841890023,0.9872589778265133,1,prime
2026-06-27,0.2609219665003431,0.3123942353476776,0,subprime
2026-06-27,2.112107792075768,0.7832153015842381,1,subprime
2026-06-27,1.1591982281351696,0.31159642329089116,0,subprime
2026-06-27,1.135047630780456,0.0,0,prime
2026-06-27,-0.7376453923010863,0.0,0,prime
2026-06-27,-0.3580077754355419,0.9686082984862858,1,prime
2026-06-27,0.06466235021439821,0.0,0,prime
2026-06-27,0.562776985243412,1.0,1,prime
2026-06-27,0.18594390424853177,1.0,1,prime
2026-06-27,-0.0938525644349968,0.5906606588316008,0,subprime
2026-06-27,0.1783989416747205,0.4085177782019543,0,subprime
2026-06-27,-0.47966841424414924,0.6791085300875618,1,subprime
2026-06-27,-1.376096743397779,0.0,0,prime
2026-06-27,0.31397817605992084,1.0,1,prime
2026-06-27,-0.6251904382405853,0.0,0,prime
2026-06-27,2.0025648377889746,0.0,0,prime
2026-06-27,1.3848546543062428,0.7603197749613367,1,subprime
2026-06-27,0.2616846627611671,0.6861516184123563,1,subprime
2026-06-27,-2.2611399985978813,1.0,1,prime
2026-06-27,-0.08916308255266779,0.2957835329355061,0,subprime
2026-06-27,0.07310910155251059,0.10370798588839569,0,subprime
2026-06-27,0.3847058377624396,1.0,1,prime
2026-06-27,-0.1274535749623609,0.9335364364097172,1,prime
2026-06-27,-0.9551007684085041,1.0,1,prime
2026-06-27,-1.03523654258197,0.0,0,prime
2026-06-27,2.2620716596401316,1.0,1,prime
2026-06-27,-0.6796787263392603,0.0,0,prime
2026-06-27,-1.9997851209821318,0.11593185273503823,0,prime
2026-06-27,1.434143387137736,0.9507769163423776,1,prime
2026-06-27,0.4295843542961347,0.0,0,prime
2026-06-27,-0.4912796047907819,0.0,0,prime
2026-06-27,-0.25013355145313465,0.9048971922645246,1,subprime
2026-06-27,0.8626469006121626,0.002816250565263523,0,prime
2026-06-27,-0.6119956869945968,0.8948723045288196,1,prime
2026-06-27,-0.09344718948721607,0.7489510707279182,1,subprime
2026-06-27,-1.6438635148870342,0.6554984473147722,1,subprime
2026-06-27,0.14076507864364265,0.21837725287720622,0,subprime
2026-06-27,0.20207841512572855,1.0,1,prime
2026-06-27,-0.28410623658373757,0.0,0,prime
2026-06-27,0.8501675767624135,1.0,1,prime
2026-06-27,-0.3021209796673307,0.9803658568157445,1,prime
2026-06-27,0.5449235308575994,0.0,0,prime
2026-06-27,-0.08217513343610394,0.9466972316306553,1,prime
2026-06-27,-0.30333036921089795,0.38782206969175276,1,subprime
2026-06-27,0.1457769481822341,1.0,1,prime
2026-06-27,-0.05164130863919045,0.7868465753463967,1,subprime
2026-06-27,0.23569212275026294,0.29701946473293206,0,subprime
2026-06-27,0.45945697143553843,0.4816515069829469,0,subprime
2026-06-27,-0.35774933225326117,1.0,1,prime
2026-06-27,-1.1485006889262108,0.07665138528883353,0,prime
2026-06-27,-1.8779653734768154,0.4485164369629008,0,subprime
2026-06-27,0.1480703639723732,0.48737328926068213,0,subprime
2026-06-27,1.2690968490223309,0.0,0,prime
2026-06-27,-2.83590978473381,0.0,0,prime
2026-06-27,0.9517328471017532,0.0,0,prime
2026-06-27,-0.43540166571103756,1.0,1,prime
2026-06-27,-0.7959841737454477,0.0,0,prime
2026-06-27,-0.08594323610186787,0.0,0,prime
2026-06-27,-0.045424721047159444,1.0,1,prime
2026-06-27,0.3585843395345271,0.0,0,prime
2026-06-27,1.3065142319668266,1.0,1,prime
2026-06-27,-1.2097550453305894,0.0,0,prime
2026-06-27,-0.23121509166141746,1.0,1,prime
2026-06-27,-0.7316399121247886,1.0,1,prime
2026-06-27,-0.005532989367615723,0.6215249439187188,1,subprime
2026-06-27,0.38457040069318776,1.0,1,prime
2026-06-27,0.7069225955854406,0.7189727346897755,1,subprime
2026-06-27,-0.49846808936958653,1.0,1,prime
2026-06-27,-0.8410509371882685,0.27278113900227446,0,subprime
2026-06-27,0.42689413191505987,0.0,0,prime
2026-06-27,-0.10222322785324074,0.7004195117180922,1,subprime
2026-06-27,-1.216843330297774,1.0,1,prime
2026-06-27,-0.7586684399932628,0.29622431869185406,0,subprime
2026-06-27,-1.4009937887653878,0.0,0,prime
2026-06-27,-0.07674628545521779,1.0,1,prime
2026-06-27,-0.03728679545177089,0.0,0,prime
2026-06-27,1.6161406550992503,0.6390526668499844,1,subprime
2026-06-27,1.0882767471612698,0.0,0,prime
2026-06-27,-0.7174202220260762,0.0,0,prime
2026-06-27,-1.9863919229590554,1.0,1,prime
2026-06-27,0.8199192664416899,0.7332062479486832,1,subprime
2026-06-27,0.3761421444503956,0.9460668042045941,1,prime
2026-06-27,-0.7493581683640637,0.0,0,prime
2026-06-27,1.7628834395603385,0.36374303427048876,0,subprime
2026-06-27,-1.2010881006960659,0.0,0,prime
2026-06-27,-0.5236717328082824,1.0,1,prime
2026-06-27,0.03171237021387091,1.0,1,prime
2026-06-27,1.9828802825638887,0.7268360710293109,1,subprime
2026-06-27,-1.522272387713622,1.0,1,prime
2026-06-27,0.927980013267065,0.10214502617348087,0,prime
2026-06-27,1.7036204371254857,1.0,1,prime
2026-06-27,0.19942315709814515,0.9923836734581998,1,prime
2026-06-27,0.8114055831887026,0.0,0,prime
2026-06-27,0.4940999380799396,1.0,1,prime
2026-06-27,-0.031140765510707095,1.0,1,prime
2026-06-27,0.959605052435229,1.0,1,prime
2026-06-27,-2.357613280110121,1.0,1,prime
2026-06-27,1.1437353863444781,0.10916384643347157,0,subprime
2026-06-27,0.9813631165509181,0.2275334831955754,0,subprime
2026-06-27,1.4578102858271473,0.0,0,prime
2026-06-27,0.6565962930355105,0.2560532819931585,0,subprime
2026-06-27,-0.2166718247561503,0.0,0,prime
2026-06-27,1.2894079489983938,0.9662577763095067,1,prime
2026-06-27,-0.5640995793603852,1.0,1,prime
2026-06-27,-0.900661434081892,0.8276144391777969,1,subprime
2026-06-27,-0.09569828641135003,1.0,1,prime
2026-06-27,-1.629242506812986,0.6147853674913282,1,subprime
2026-06-27,-1.4758626398550039,1.0,1,prime
2026-06-27,-1.5846456849069281,0.0,0,prime
2026-06-27,-0.12392797078365417,0.6662034407113511,1,subprime
2026-06-27,0.5079971149983221,0.10406912452846517,0,prime
2026-06-27,0.024999877485192137,0.0,0,prime
2026-06-27,0.36795893900979815,0.37914245881681935,0,subprime
2026-06-27,-1.9392778734404206,1.0,1,prime
2026-06-27,-1.157803470467157,0.0,0,prime
2026-06-27,0.5002491099654183,0.0,0,prime
2026-06-27,0.10350624716580856,1.0,1,prime
2026-06-27,0.29448962471821843,0.3359418019162163,0,subprime
2026-06-27,1.6810191674117831,0.0,0,prime
2026-06-27,1.0565936841001087,0.06541680245054948,0,prime
2026-06-27,0.19239140245475414,0.3283347531954822,0,subprime
2026-06-27,1.5415499760328402,1.0,1,prime
2026-06-27,0.1428199181808603,0.024050430599570446,0,prime
2026-06-27,-1.2799604453068227,0.785752620281424,1,subprime
2026-06-27,0.7117823367700107,0.3943563096670595,0,subprime
2026-06-27,-1.0354907018892443,1.0,1,prime
2026-06-27,0.12347193332164332,0.00677458819533,0,prime
2026-06-27,2.855499868873469,1.0,1,prime
2026-06-27,1.2071313379550903,0.0,0,prime
2026-06-27,-0.436285413710677,1.0,1,prime
2026-06-27,0.000878264682915038,0.0,0,prime
2026-06-27,-1.7458998093705398,0.0,0,prime
2026-06-27,-0.34059294336576607,0.9797892883823984,1,prime
2026-06-27,-1.555629938833881,0.0,0,prime
2026-06-27,-1.0004110418069943,0.2445520651115996,0,subprime
2026-06-27,0.10430198095170258,0.1851713073840179,0,subprime
2026-06-27,-0.35412811134516475,1.0,1,prime
2026-06-27,1.4006046866021795,0.6437226296467011,1,subprime
2026-06-27,1.713377887816043,0.2829639778314794,0,subprime
2026-06-27,0.21980114081548804,1.0,1,prime
2026-06-27,0.9776099774801414,0.9615026043737682,1,prime
2026-06-27,-2.1301267426263673,0.0,0,prime
2026-06-27,0.3138674481267272,0.3610762603457137,0,subprime
2026-06-27,0.18976459675684088,1.0,1,prime
2026-06-27,0.9180628501524446,1.0,1,prime
2026-06-27,1.310365122457124,1.0,1,prime
2026-06-27,0.32535477974064125,0.41040577475163853,0,subprime
2026-06-27,-0.3832493331105537,1.0,1,prime
2026-06-27,-1.152384322859143,0.0,0,prime
2026-06-27,0.05786288594596632,0.790032556221527,1,subprime
2026-06-27,2.770155895162732,0.0,0,prime
2026-06-27,-0.24933785882956497,0.036444246506492,0,prime
2026-06-28,-0.12821745439074103,0.37966449038272226,0,subprime
2026-06-28,-1.4457795482330926,0.438751626485893,0,subprime
2026-06-28,0.714543576082949,1.0,1,prime
2026-06-28,-0.3127706294952259,0.0,0,prime
2026-06-28,0.3370860653371828,0.3942124812576615,0,subprime
2026-06-28,-1.515668731285859,0.0,0,prime
2026-06-28,1.2152138491056987,0.0,0,prime
2026-06-28,-1.1907120501966064,0.0,0,prime
2026-06-28,-0.6505572889233625,1.0,1,prime
2026-06-28,-0.4610013655275225,1.0,1,prime
2026-06-28,0.6749475224915612,0.0,0,prime
2026-06-28,-1.1766250490538974,1.0,1,prime
2026-06-28,1.0186509655663007,0.0,0,prime
2026-06-28,-0.4536520918532288,1.0,1,prime
2026-06-28,-0.6092449498666744,1.0,1,prime
2026-06-28,0.4280987985500861,0.3886172495661417,0,subprime
2026-06-28,-1.732297390833251,1.0,1,prime
2026-06-28,-0.23086433136030823,0.0,0,prime
2026-06-28,1.1183258938806115,1.0,1,prime
2026-06-28,0.8408405004605017,0.9175998509717985,1,prime
2026-06-28,0.801676521473276,1.0,1,prime
2026-06-28,-0.07406191914717858,0.0,0,prime
2026-06-28,1.268790041256562,1.0,1,prime
2026-06-28,0.7141604708348831,1.0,1,prime
2026-06-28,-1.7998275694238322,0.8497678394035626,1,subprime
2026-06-28,1.2557081265865602,0.0,0,prime
2026-06-28,1.0545901203851424,0.0,0,prime
2026-06-28,-2.5000488333374755,1.0,1,prime
2026-06-28,-0.5114369012034523,0.3148776190879631,0,subprime
2026-06-28,0.1185999720462567,0.0,0,prime
2026-06-28,0.7058181349623308,1.0,1,prime
2026-06-28,-0.06861224254016929,0.0,0,prime
2026-06-28,-2.202191998130901,0.0,0,prime
2026-06-28,0.9809006009530161,0.44532021988949766,0,subprime
2026-06-28,1.8270314588718335,1.0,1,prime
2026-06-28,1.4659514149563322,0.0,0,prime
2026-06-28,0.9910739014044371,0.0,0,prime
2026-06-28,0.01662525407507653,0.5638048072459527,1,subprime
2026-06-28,-0.23426161459972172,0.0,0,prime
2026-06-28,1.061463179349955,0.300960879434796,0,subprime
2026-06-28,1.761666980841164,0.5383560079794161,1,subprime
2026-06-28,-0.48922590395052434,0.5997483568832765,1,subprime
2026-06-28,-1.003303686474492,0.8949020042444611,1,subprime
2026-06-28,0.9915867701774074,0.0,0,prime
2026-06-28,-1.7027258351923806,1.0,1,prime
2026-06-28,-0.6049996323668184,0.7021817293330621,1,subprime
2026-06-28,-0.3214339037741037,1.0,1,prime
2026-06-28,0.007501871824411594,0.0,0,prime
2026-06-28,-0.04467188939720526,0.0,0,prime
2026-06-28,0.405115770426639,0.0,0,prime
2026-06-28,-0.6148366363889349,0.2339808090312945,0,subprime
2026-06-28,0.7596732378964575,0.8531656882020282,1,prime
2026-06-28,0.5168347867702637,1.0,1,prime
2026-06-28,0.009051351200952792,0.0,0,prime
2026-06-28,0.08676646906771615,1.0,1,prime
2026-06-28,0.5228409594527755,0.0,0,prime
2026-06-28,0.1643271150337027,0.1565288131678792,0,subprime
2026-06-28,2.297334327690808,1.0,1,prime
2026-06-28,1.0186722076057537,0.0,0,prime
2026-06-28,0.11067470396094789,0.04287130571420317,0,prime
2026-06-28,-1.0723986847044047,0.4359783995230276,0,subprime
2026-06-28,-0.973562073849487,0.0,0,prime
2026-06-28,0.5955934304016895,0.0,0,prime
2026-06-28,-1.283173065997445,0.0,0,prime
2026-06-28,-1.438685053264989,1.0,1,prime
2026-06-28,1.4709885913410008,1.0,1,prime
2026-06-28,-1.149800410637822,1.0,1,prime
2026-06-28,0.8572934332715032,0.6010659785374738,1,subprime
2026-06-28,-0.7268422848152624,0.048705095227247946,0,prime
2026-06-28,1.4937227859043372,0.660532833976029,1,subprime
2026-06-28,1.0246958934740895,0.3830455689745849,0,subprime
2026-06-28,0.3879210610042251,0.3479558680834848,0,subprime
2026-06-28,-0.33180278521945833,0.5212820708401703,1,subprime
2026-06-28,1.860970648352935,0.5713917996789694,0,subprime
2026-06-28,-1.2021789222679111,0.0,0,prime
2026-06-28,0.4999688931912646,0.0,0,prime
2026-06-28,0.8342428636771675,0.7344868252784839,1,subprime
2026-06-28,0.9609640236135866,0.9634861463035418,1,prime
2026-06-28,0.49118126967325015,1.0,1,prime
2026-06-28,-0.9888567948361482,0.9342153878813071,1,subprime
2026-06-28,-1.2835494096747169,0.0,0,prime
2026-06-28,0.6447956778089513,0.0,0,prime
2026-06-28,-0.9693098187552872,0.30963139618194296,0,subprime
2026-06-28,1.5838721100511637,0.3696884230266852,0,subprime
2026-06-28,0.7527130043046132,0.292167135161097,0,subprime
2026-06-28,-0.07126850239343452,0.0,0,prime
2026-06-28,0.06228996726079318,0.22648225751867684,0,subprime
2026-06-28,0.12540336386650225,1.0,1,prime
2026-06-28,0.5688944314799911,0.0,0,prime
2026-06-28,0.46008365851089555,1.0,1,prime
2026-06-28,0.16075217310143494,0.2770644767866588,0,subprime
2026-06-28,-0.054353471613167996,0.9482828904031456,1,prime
2026-06-28,0.6482665845353399,0.0,0,prime
2026-06-28,-0.015793030882541793,0.11005713819143911,0,prime
2026-06-28,0.7559642659289154,0.0,0,prime
2026-06-28,0.579867021318566,0.4800374490320609,1,subprime
2026-06-28,-0.866174148704817,0.309796503904246,0,subprime
2026-06-28,0.5892294852873017,0.38819638653652144,0,subprime
2026-06-28,1.4498235887175548,1.0,1,prime
2026-06-28,-2.27479982226148,1.0,1,prime
2026-06-28,-1.545365031611716,1.0,1,prime
2026-06-28,-1.5567938057603756,0.0,0,prime
2026-06-28,-0.08871420742468433,1.0,1,prime
2026-06-28,-0.42480272407732533,0.0,0,prime
2026-06-28,1.9766770355979932,0.26045261933278424,0,subprime
2026-06-28,1.225065126187664,0.0,0,prime
2026-06-28,-1.357569793669891,0.6016125483183374,1,subprime
2026-06-28,-0.31608770110840895,0.6842486742003536,1,subprime
2026-06-28,0.20628507882976932,1.0,1,prime
2026-06-28,0.8665288314140065,0.0,0,prime
2026-06-28,1.6514690518715662,1.0,1,prime
2026-06-28,-0.9516447494136907,0.0,0,prime
2026-06-28,0.9987784889712022,0.5039132071918866,1,subprime
2026-06-28,0.5110592154544836,0.0,0,prime
2026-06-28,1.7021372474133798,0.6348254137296315,1,subprime
2026-06-28,1.9740390344340486,1.0,1,prime
2026-06-28,-0.0003296832080426522,1.0,1,prime
2026-06-28,0.30426029732829163,1.0,1,prime
2026-06-28,-0.3803646217030997,0.0,0,prime
2026-06-28,0.8374609061537803,1.0,1,prime
2026-06-28,-1.0172698957204422,0.0,0,prime
2026-06-28,1.0211290443099241,0.440494474118466,0,subprime
2026-06-28,0.018304403071491296,0.01531823904997548,0,prime
2026-06-28,0.5956801447171406,0.3588983665743502,0,subprime
2026-06-28,-1.3262744352768856,0.6172249519130573,1,subprime
2026-06-28,0.2119875763709652,1.0,1,prime
2026-06-28,-0.09736769239152111,0.0,0,prime
2026-06-28,1.8423429166194527,1.0,1,prime
2026-06-28,1.5900830634010554,1.0,1,prime
2026-06-28,-1.197254696499181,0.0,0,prime
2026-06-28,-0.232414909599568,1.0,1,prime
2026-06-28,0.7948110607223079,0.0,0,prime
2026-06-28,0.9482432214078623,0.8029518196673419,1,subprime
2026-06-28,0.3839706221933096,0.0,0,prime
2026-06-28,-0.1914758036498432,0.2630701511733898,0,subprime
2026-06-28,1.3903770917797522,0.6181534225243209,1,subprime
2026-06-28,-2.438764148033072,0.4900704252333706,1,subprime
2026-06-28,-0.33976162829251,0.0,0,prime
2026-06-28,-0.1785792036474362,1.0,1,prime
2026-06-28,-0.7792316117339237,0.0,0,prime
2026-06-28,-1.1338534168226537,0.0,0,prime
2026-06-28,-0.15669194531286468,1.0,1,prime
2026-06-28,-0.17834483361238326,1.0,1,prime
2026-06-28,-0.7216088194954967,1.0,1,prime
2026-06-28,-1.5891097081206793,0.8894601729128322,1,prime
2026-06-28,-1.146300901551643,0.0,0,prime
2026-06-28,-0.6089209563181119,0.0,0,prime
2026-06-28,0.6727191728591287,0.1839451328458539,0,subprime
2026-06-28,0.7071487319626165,1.0,1,prime
2026-06-28,0.028366052462200798,0.0,0,prime
2026-06-28,0.5423377631580795,0.0,0,prime
2026-06-28,1.2011832474762165,1.0,1,prime
2026-06-28,0.6013260892922796,0.0,0,prime
2026-06-28,-0.37656200425142733,1.0,1,prime
2026-06-28,-1.579238939111752,0.0,0,prime
2026-06-28,-0.5113418564848856,0.0,0,prime
2026-06-28,0.30919364683781764,1.0,1,prime
2026-06-28,-1.2189267011284717,0.0,0,prime
2026-06-28,-0.15346014754392284,0.0,0,prime
2026-06-28,-0.247250325105265,1.0,1,prime
2026-06-28,0.9841905875385665,1.0,1,prime
2026-06-28,0.49602974937849864,0.5984135578007791,1,subprime
2026-06-28,-1.9314596966054876,1.0,1,prime
2026-06-28,-0.7001067985199801,0.3557684065990334,0,subprime
2026-06-28,-1.5302628427363767,0.0,0,prime
2026-06-28,-0.22875830369914973,0.6664984728553004,1,subprime
2026-06-28,-0.23238821682010072,1.0,1,prime
2026-06-28,-0.10858264358250933,1.0,1,prime
2026-06-28,-0.8554053927494144,0.48845544377515354,1,subprime
2026-06-28,1.1550642520115944,0.589679856097491,0,subprime
2026-06-28,-0.9547595003802527,0.0,0,prime
2026-06-28,0.1406045866139159,1.0,1,prime
2026-06-28,0.06952456204873673,0.0,0,prime
2026-06-28,-1.2725494874409156,0.19052853741600267,0,subprime
2026-06-28,-0.13706023445910656,1.0,1,prime
2026-06-28,-0.15625545256524795,0.4817524575187657,0,subprime
2026-06-28,-0.07303003976037949,0.0,0,prime
2026-06-28,-0.6181081384968736,1.0,1,prime
2026-06-28,0.3526664345914103,0.0,0,prime
2026-06-28,-0.23722249126144387,0.0,0,prime
2026-06-28,0.5480658905088726,0.4876310064705033,0,subprime
2026-06-28,0.8018376920700911,1.0,1,prime
2026-06-28,-1.0319680212561708,0.0,0,prime
2026-06-28,-1.7558541120363562,0.0,0,prime
2026-06-28,1.1339034059428048,0.6135844376194071,1,subprime
2026-06-28,-0.40096847483972603,1.0,1,prime
2026-06-28,1.277092894058286,0.10765588033612905,0,prime
2026-06-28,0.6525899819793668,0.9931371042829806,1,prime
2026-06-28,-0.3890353511828023,0.5206299400992191,1,subprime
2026-06-28,-1.0991158622931638,1.0,1,prime
2026-06-28,-0.1434494210765533,1.0,1,prime
2026-06-28,1.9877390366089511,0.7380950003902054,1,subprime
2026-06-28,0.06588990531369478,1.0,1,prime
2026-06-28,0.446677834721236,1.0,1,prime
2026-06-28,0.0839642084324385,0.0,0,prime
2026-06-28,-0.17994352478592468,0.047409346383893214,0,prime
2026-06-28,-1.3217253714705004,0.0,0,prime
2026-06-28,-1.706627245813986,0.5723100049364073,1,subprime
2026-06-28,-1.3942704171553533,1.0,1,prime
2026-06-28,-0.381888154680085,0.0,0,prime
2026-06-28,1.8025610951059416,0.0,0,prime
2026-06-28,-2.168476155575304,1.0,1,prime
2026-06-28,0.3251298599224098,0.0,0,prime
2026-06-28,-0.20607502614743783,0.0,0,prime
2026-06-28,-1.8644317850683443,0.0,0,prime
2026-06-28,-0.9090266140565813,0.515616541892379,1,subprime
2026-06-28,0.018326177535762617,0.0,0,prime
2026-06-28,0.7748816846842489,1.0,1,prime
2026-06-28,0.24382910495622553,1.0,1,prime
2026-06-28,-1.787296988293595,1.0,1,prime
2026-06-28,-0.9392752124591794,0.0013636996909851123,0,prime
2026-06-28,-0.7883069444904582,0.0,0,prime
2026-06-28,0.6520728222980912,0.0,0,prime
2026-06-28,1.1819870508504735,0.0,0,prime
2026-06-28,-0.9510640325589843,0.42489813444006524,0,subprime
2026-06-28,-0.17243277856610617,0.3870321317556618,0,subprime
2026-06-28,1.5251476916179076,1.0,1,prime
2026-06-28,-1.5133692229024573,0.19517341154261253,0,subprime
2026-06-28,0.538951513594966,0.8650572494580617,1,subprime
2026-06-28,0.2246261606083595,0.5419876188301316,1,subprime
2026-06-28,-1.2990184935559526,0.0,0,prime
2026-06-28,0.2263421617115512,0.9663717628105596,1,prime
2026-06-28,0.6304538330733204,1.0,1,prime
2026-06-28,1.0640027707847153,0.7624028607376157,1,subprime
2026-06-28,1.0873732099953468,0.5004855605311818,1,subprime
2026-06-28,-1.0933951983409613,0.2264091415643535,0,prime
2026-06-28,1.0795617573236782,0.3736619503093,0,subprime
2026-06-28,-0.4937662999041767,0.0,0,prime
2026-06-28,0.7626944429344926,0.51557104748664,0,subprime
2026-06-28,0.36389242615222483,1.0,1,prime
2026-06-28,-1.6906832768229927,0.0,0,prime
2026-06-28,1.8445323448773372,1.0,1,prime
2026-06-28,0.8056638565037489,0.660076407039075,1,subprime
2026-06-28,-1.1874457996909888,0.0,0,prime
2026-06-28,-0.38115687541365484,0.4268786448205464,0,subprime
2026-06-28,0.6146520970335417,0.0,0,prime
2026-06-28,2.6098451953177846,0.0,0,prime
2026-06-28,-0.4938608915984946,0.0,0,prime
2026-06-28,0.7408389442256605,1.0,1,prime
2026-06-28,-0.4328496260989324,1.0,1,prime
2026-06-28,-1.828896689055822,0.2834777733590941,0,subprime
2026-06-28,0.4493959620808164,0.2631841726538481,0,subprime
2026-06-28,1.4336871222006902,1.0,1,prime
2026-06-28,-0.09567030074745693,0.0,0,prime
2026-06-28,0.5097355977877754,0.38272727431927483,0,subprime
2026-06-28,0.5751094627973274,0.468579651530504,0,subprime
2026-06-28,-0.16214368608313756,1.0,1,prime
2026-06-28,0.40988790634615185,0.0,0,prime
2026-06-28,2.545517517925017,0.5748206632901576,1,subprime
2026-06-28,1.076322145219041,0.0,0,prime
2026-06-28,-1.6143018158872817,0.0,0,prime
2026-06-28,-0.4496553182251362,0.6482108415745349,1,subprime
2026-06-28,1.2923284937337907,1.0,1,prime
2026-06-28,-0.07292880013036343,0.0,0,prime
2026-06-28,1.614211780654658,0.7139217089923764,1,subprime
2026-06-28,1.3487626241888167,1.0,1,prime
2026-06-28,-0.6244585548555458,1.0,1,prime
2026-06-28,-1.1332051582783276,1.0,1,prime
2026-06-28,0.6067930367100072,0.0,0,prime
2026-06-28,1.043809767247067,0.0,0,prime
2026-06-28,0.7828255282177616,0.0,0,prime
2026-06-28,-1.094687340410492,0.0,0,prime
2026-06-28,-0.4990704440129325,0.03831723541906526,0,prime
2026-06-28,-0.21884676099915867,0.0,0,prime
2026-06-28,0.5968369483223848,0.5584731970843231,1,subprime
2026-06-28,-1.157505919677586,0.7716802984497582,1,subprime
2026-06-28,-0.9206959806051411,1.0,1,prime
2026-06-28,1.1802547364550422,1.0,1,prime
2026-06-28,-0.7801303498005007,1.0,1,prime
2026-06-28,-1.257715524185304,0.6369203949149443,1,subprime
2026-06-28,1.6203166925628378,1.0,1,prime
2026-06-28,-0.00875841208385284,0.9977132232040409,1,prime
2026-06-28,0.5650325891907784,0.19281404328617208,0,subprime
2026-06-28,-1.9163988100316542,0.06284770118902758,0,prime
2026-06-28,-0.5229870416118971,1.0,1,prime
2026-06-28,-0.08622638550470828,0.5452761725347022,1,subprime
2026-06-28,0.9599415696908399,1.0,1,prime
2026-06-28,-0.15344929340942662,0.0,0,prime
2026-06-28,0.4339440585224006,1.0,1,prime
2026-06-28,0.27753949230478153,0.9783808561284479,1,prime
2026-06-28,0.9213493304833665,0.0,0,prime
2026-06-28,-0.17663097597983488,0.03505492572080485,0,prime
2026-06-28,0.4521868688462851,1.0,1,prime
2026-06-28,1.5101786042098866,0.5312048749104221,1,subprime
2026-06-28,-2.271957252364602,0.008601069223716576,0,prime
2026-06-28,0.46181677090342815,0.0,0,prime
2026-06-28,1.012893536284551,0.5672821096705345,1,subprime
2026-06-28,-0.39496607117017263,0.0,0,prime
2026-06-28,0.6336670792525662,0.6329113853921978,1,subprime
2026-06-28,1.3462664679877903,0.6863338005719472,1,subprime
2026-06-28,1.1926410485338534,0.0,0,prime
2026-06-28,0.24088255192425975,0.0,0,prime
2026-06-28,-0.993708767013789,0.0,0,prime
2026-06-28,0.7417133360123743,1.0,1,prime
2026-06-28,0.36534174469935654,0.0,0,prime
2026-06-28,-0.24633886742429437,0.0,0,prime
2026-06-28,0.8429223406136672,1.0,1,prime
2026-06-28,0.5179224095088738,0.0,0,prime
2026-06-28,0.17519826675377942,0.2785830723717404,0,subprime
2026-06-28,1.9250799218092534,0.0,0,prime
2026-06-28,1.3487213735880257,0.0,0,prime
2026-06-28,3.136351757921786,1.0,1,prime
2026-06-28,-0.026968035542939535,0.3143249858451632,0,subprime
2026-06-28,-0.1278565490989429,0.22692669898593681,0,subprime
2026-06-28,-0.6014626394561209,1.0,1,prime
2026-06-28,-0.03920322787972977,1.0,1,prime
2026-06-28,1.1530491206712226,1.0,1,prime
2026-06-28,0.9357847676738457,1.0,1,prime
2026-06-28,0.17338531462527462,0.18304104551817874,0,subprime
2026-06-28,-1.2434091953356388,0.0,0,prime
2026-06-28,0.21901592538328998,0.7085607922555089,1,subprime
2026-06-28,-0.6656191109371105,0.7235500230773889,1,subprime
2026-06-28,1.3948713057981226,0.02983876994373766,0,prime
2026-06-28,-1.5730417696598447,0.0,0,prime
2026-06-28,-0.6440343367081252,0.7306963187334283,1,subprime
2026-06-28,-0.1433638501052733,0.40037947492549486,0,subprime
2026-06-28,1.2529964349931824,1.0,1,prime
2026-06-28,1.1423793186767208,0.3726755183101633,0,subprime
2026-06-28,-0.28972095777729195,0.0,0,prime
2026-06-28,-0.9003191102012242,1.0,1,prime
2026-06-28,-0.9220620316836378,1.0,1,prime
2026-06-28,-0.8827765887854384,0.7688896029224486,1,subprime
2026-06-28,0.9007366206152101,1.0,1,prime
2026-06-28,-0.4002205619383804,0.0,0,prime
2026-06-28,1.250077947684101,0.10115756814461369,0,prime
2026-06-28,0.5149142388685449,0.9663963671945905,1,prime
2026-06-28,-0.053314336937118754,0.0,0,prime
2026-06-28,0.09056781832595187,0.0,0,prime
2026-06-28,0.41422835870074975,1.0,1,prime
2026-06-28,0.14957909906301747,0.35089181046699375,0,subprime
2026-06-28,0.8286877268030566,0.6279671571563903,1,subprime
2026-06-28,0.7019118217340894,1.0,1,prime
2026-06-28,-0.48842519104508736,0.7853593831519425,1,subprime
2026-06-28,-1.0867203498915494,1.0,1,prime
2026-06-28,0.43007323635545924,1.0,1,prime
2026-06-28,0.3281860156737433,0.6827527953324509,1,subprime
2026-06-28,-1.796271925481902,0.0,0,prime
2026-06-28,-0.369127600396179,0.5425766018385962,1,subprime
2026-06-28,0.6083901432927895,0.7633971672368618,1,subprime
2026-06-28,-0.2249958194839589,0.0,0,prime
2026-06-28,0.2922400317425914,0.0,0,prime
2026-06-28,-0.19081911708660598,1.0,1,prime
2026-06-28,0.04669424874883552,0.0,0,prime
2026-06-28,1.795859630579375,1.0,1,prime
2026-06-28,-0.08186222125412958,1.0,1,prime
2026-06-28,0.37456853650396155,1.0,1,prime
2026-06-28,-1.592984249761301,0.8155728994116347,1,subprime
2026-06-28,-1.3599674798283063,1.0,1,prime
2026-06-28,0.04452225375004028,0.0,0,prime
2026-06-28,0.4283262303044592,0.9964699460913263,1,prime
2026-06-28,-1.1428167749089404,0.5964260348607027,1,subprime
2026-06-28,-0.3053362912127408,0.0,0,prime
2026-06-28,-0.13414373688797723,0.9765610549995167,1,prime
2026-06-28,0.8320515251081314,0.0,0,prime
2026-06-28,0.7894668890101958,0.6261689065576055,1,subprime
2026-06-28,0.464434045317958,0.0,0,prime
2026-06-28,0.45465548169296843,0.0,0,prime
2026-06-28,-0.618485771247808,0.0,0,prime
2026-06-28,-0.08851164205880671,0.633717829967915,1,subprime
2026-06-28,1.0267696088830316,0.0,0,prime
2026-06-28,0.06723509254286757,0.0,0,prime
2026-06-28,-0.2539740515465391,0.0,0,prime
2026-06-28,0.4777960079387423,0.0,0,prime
2026-06-28,0.5191508085669216,0.0,0,prime
2026-06-28,0.6632578293719602,1.0,1,prime
2026-06-28,0.1890403162205748,0.9464330992434863,1,prime
2026-06-28,-1.5681958239820653,0.0,0,prime
2026-06-28,1.3529298798896485,1.0,1,prime
2026-06-28,-0.9008300934295894,0.0,0,prime
2026-06-28,1.1794851531975896,1.0,1,prime
2026-06-28,1.815134559753972,0.7129387189628529,1,subprime
2026-06-28,0.7985213674015479,0.5815141383642539,1,subprime
2026-06-28,0.3350012703445218,0.37625040602589727,0,subprime
2026-06-28,1.0596519251901677,1.0,1,prime
2026-06-28,-0.6850959529127896,0.0,0,prime
2026-06-28,1.3826165119028473,0.6702009646023581,1,subprime
2026-06-28,-1.208444666972527,0.2745611069578568,0,subprime
2026-06-28,1.5852849009201766,0.5559054452737762,0,subprime
2026-06-28,-2.4412561217306386,0.20272817800439208,0,subprime
2026-06-28,0.6045701566509506,1.0,1,prime
2026-06-28,0.16011763880869712,0.9615220103574119,1,prime
2026-06-28,-0.6683534792052879,1.0,1,prime
2026-06-28,-0.8852675214023503,0.0,0,prime
2026-06-28,1.9368627698681835,1.0,1,prime
2026-06-28,-2.1300189579366977,0.5591329482191845,1,subprime
2026-06-28,-0.14366380417495003,0.2257612128183023,0,subprime
2026-06-28,-0.7686294385684205,0.5394884063445509,1,subprime
2026-06-28,0.25543785657555185,0.9279173850998833,1,prime
2026-06-28,-0.8321459660856794,0.38408479883212876,0,subprime
2026-06-28,-0.14344991631071924,0.9102702229860994,1,prime
2026-06-28,-0.1407264853974122,0.0,0,prime
2026-06-28,-0.42153763891743906,0.26628946348842586,0,subprime
2026-06-28,1.7384558306060631,0.11177399192270987,0,prime
2026-06-28,-1.383272853599929,0.34211530277745356,0,subprime
2026-06-28,0.9956072336002921,1.0,1,prime
2026-06-28,0.5164703730765989,1.0,1,prime
2026-06-28,0.03243055834520421,1.0,1,prime
2026-06-28,-1.0217363297977933,0.6653072211686868,1,subprime
2026-06-28,-0.2831455941296683,0.0,0,prime
2026-06-28,-0.3280048267654467,0.0,0,prime
2026-06-29,-0.10383513414205625,0.2765955652887828,0,subprime
2026-06-29,-1.1365529190014663,0.0,0,prime
2026-06-29,-0.6796807488836234,1.0,1,prime
2026-06-29,-0.22779788421454605,0.0,0,prime
2026-06-29,0.35969509115202086,0.24297142147916068,0,subprime
2026-06-29,-1.2453654882757113,0.6159060298677571,1,subprime
2026-06-29,-0.12039971604350054,1.0,1,prime
2026-06-29,-0.7578226159586823,0.0,0,prime
2026-06-29,-0.10748474802179081,0.0,0,prime
2026-06-29,0.05642412944508296,0.9214162139854982,1,prime
2026-06-29,0.03740577626567611,0.0,0,prime
2026-06-29,0.27427163180660663,1.0,1,prime
2026-06-29,-0.9691821047164171,1.0,1,prime
2026-06-29,0.47783163312551064,0.7000505064269334,1,subprime
2026-06-29,-0.115497179411651,0.0,0,prime
2026-06-29,-1.5678010897602688,0.2869778677628909,0,subprime
2026-06-29,-1.4187009807620854,1.0,1,prime
2026-06-29,1.0926150148241738,1.0,1,prime
2026-06-29,1.8131216627911362,0.978306683508078,1,prime
2026-06-29,-0.031511642481492685,0.4633373414801592,1,subprime
2026-06-29,-0.31154717057318715,1.0,1,prime
2026-06-29,-1.536877165910983,1.0,1,prime
2026-06-29,0.5704434803113246,0.3477073464674374,0,subprime
2026-06-29,1.0226561323846588,0.7057700916745503,1,subprime
2026-06-29,2.354851658000971,0.7124558420956004,1,subprime
2026-06-29,0.7859560451358227,0.0,0,prime
2026-06-29,-1.494560469881959,0.0,0,prime
2026-06-29,-0.7988326228292726,0.6856459214124447,1,subprime
2026-06-29,-2.783674947232053,0.0,0,prime
2026-06-29,1.8164745070007953,0.03395876183426488,0,prime
2026-06-29,0.07299967567181949,0.7049797141181265,1,subprime
2026-06-29,0.33837773904602847,1.0,1,prime
2026-06-29,1.621207417914025,0.0,0,prime
2026-06-29,-0.12786776777904063,0.0,0,prime
2026-06-29,-1.3231513471646263,1.0,1,prime
2026-06-29,1.6181348991060098,0.0,0,prime
2026-06-29,1.0602664475880192,1.0,1,prime
2026-06-29,1.1664682373761113,0.7578421623238925,1,prime
2026-06-29,-1.4538953532366334,1.0,1,prime
2026-06-29,-0.5633016417360334,0.4622526048364382,0,subprime
2026-06-29,-0.21001372774963598,0.8905278275354691,1,prime
2026-06-29,-0.7080054795577247,0.0,0,prime
2026-06-29,0.7519490337559392,1.0,1,prime
2026-06-29,-0.44907909987644,0.0,0,prime
2026-06-29,-0.33432673882549996,0.4381283414681562,0,subprime
2026-06-29,-1.4093361505469775,0.0,0,prime
2026-06-29,-0.14961138469316562,0.0,0,prime
2026-06-29,0.3625215581046802,1.0,1,prime
2026-06-29,2.3479528862938737,1.0,1,prime
2026-06-29,0.34068345400461364,0.45554025157161054,0,subprime
2026-06-29,0.571660861273236,0.8009068429521142,1,subprime
2026-06-29,-0.6322700611234837,1.0,1,prime
2026-06-29,0.10646515758432747,0.0,0,prime
2026-06-29,-0.2802846113149477,0.9547633178280436,1,prime
2026-06-29,0.19769064870229658,0.0,0,prime
2026-06-29,0.7001970059653275,1.0,1,prime
2026-06-29,-0.9516130472974171,0.27015630516893296,0,subprime
2026-06-29,-0.5088062857996996,0.0,0,prime
2026-06-29,-0.2560183405466653,0.0,0,prime
2026-06-29,-2.053167088994519,0.0,0,prime
2026-06-29,1.1444788996811912,0.0,0,prime
2026-06-29,0.023429330592209148,1.0,1,prime
2026-06-29,-1.2313745626037922,1.0,1,prime
2026-06-29,1.4059321318158413,0.19089071941437186,0,prime
2026-06-29,0.2828274064818594,0.0,0,prime
2026-06-29,0.6790999926556119,0.0,0,prime
2026-06-29,-0.3053816063840927,1.0,1,prime
2026-06-29,-1.1620994021831486,1.0,1,prime
2026-06-29,0.3934217082033883,1.0,1,prime
2026-06-29,1.0072909531809042,1.0,1,prime
2026-06-29,-1.4016878951307097,0.0,0,prime
2026-06-29,0.4559470342190479,0.6319949658491323,1,subprime
2026-06-29,-0.8011194841758457,1.0,1,prime
2026-06-29,-0.23799685689530978,0.583903234619396,1,subprime
2026-06-29,0.09721922859894906,0.0,0,prime
2026-06-29,1.010389905738228,1.0,1,prime
2026-06-29,1.0979602312512837,1.0,1,prime
2026-06-29,0.5166162936160311,0.061220537933999064,0,prime
2026-06-29,1.160152286105491,0.6162384184671825,1,subprime
2026-06-29,-0.3292373928534818,0.0,0,prime
2026-06-29,0.1295914151748834,0.3529466261096027,0,subprime
2026-06-29,-1.3533885592272104,0.0,0,prime
2026-06-29,0.13261704982081984,1.0,1,prime
2026-06-29,1.0716351629257004,1.0,1,prime
2026-06-29,0.9101059769427925,1.0,1,prime
2026-06-29,0.021966525294286214,0.19698224282651466,0,subprime
2026-06-29,0.27982850234225853,0.018898181723348437,0,prime
2026-06-29,0.37047309799455197,0.0,0,prime
2026-06-29,-1.0217730692463456,0.3841456362797333,0,subprime
2026-06-29,0.17832557892852377,0.6084514586743498,1,subprime
2026-06-29,0.1386932180921812,1.0,1,prime
2026-06-29,-1.302254064935196,0.6260181551157294,1,subprime
2026-06-29,0.09998280469530292,1.0,1,prime
2026-06-29,-0.865580898176744,0.0,0,prime
2026-06-29,-1.8584511108998607,0.9684231657891791,1,prime
2026-06-29,0.20479806501515788,1.0,1,prime
2026-06-29,0.8624121993619402,0.1373235644843885,0,subprime
2026-06-29,0.10741537507725339,1.0,1,prime
2026-06-29,-2.2069343750105355,1.0,1,prime
2026-06-29,-0.8719825576852321,0.438998793169606,0,subprime
2026-06-29,0.6789027486373175,1.0,1,prime
2026-06-29,0.6820163619213163,0.06932616148818499,0,prime
2026-06-29,-0.23427103024234416,0.0,0,prime
2026-06-29,-1.2843515952818965,0.6780394598851249,1,subprime
2026-06-29,-0.9014622024605258,0.3545379677010975,0,subprime
2026-06-29,0.07701007106193988,0.0,0,prime
2026-06-29,0.9564964410934698,0.0,0,prime
2026-06-29,-0.013139242672100288,0.22701617041872293,0,subprime
2026-06-29,1.0084523250397155,1.0,1,prime
2026-06-29,-1.8333900797074436,0.37563093467822484,0,subprime
2026-06-29,0.3315969092865071,0.38673106630264953,0,subprime
2026-06-29,-1.137874835002431,1.0,1,prime
2026-06-29,-1.0890773004065037,0.0,0,prime
2026-06-29,-0.225782687780907,0.5327424473235992,1,subprime
2026-06-29,-1.3564116270160675,0.6580724221542572,1,subprime
2026-06-29,0.030962605279962842,0.0,0,prime
2026-06-29,-0.8450055849478934,0.5220569611400125,1,subprime
2026-06-29,-0.972329008160181,0.0,0,prime
2026-06-29,1.029433801084285,0.0,0,prime
2026-06-29,1.5645131649855017,1.0,1,prime
2026-06-29,0.1842941533482707,1.0,1,prime
2026-06-29,-0.9759813426735695,0.002347404232345543,0,prime
2026-06-29,-1.5450452049342513,0.06139636959642544,0,prime
2026-06-29,-0.06094099537505101,0.643037402395335,1,subprime
2026-06-29,0.29270480402024385,1.0,1,prime
2026-06-29,0.9291517380297352,0.4423220092238384,1,subprime
2026-06-29,-2.081817111156139,1.0,1,prime
2026-06-29,-0.024620976662742985,0.0,0,prime
2026-06-29,0.12906107201466352,1.0,1,prime
2026-06-29,0.29142464109126254,0.0,0,prime
2026-06-29,0.754074337985905,1.0,1,prime
2026-06-29,-0.16909107314173893,1.0,1,prime
2026-06-29,0.44527947724091654,1.0,1,prime
2026-06-29,1.3982776284947624,0.4428715907604412,0,subprime
2026-06-29,-2.3677821489455404,0.9726472479707686,1,prime
2026-06-29,-0.7055088032340652,1.0,1,prime
2026-06-29,0.1063266803513723,0.48279070889048564,1,subprime
2026-06-29,-0.24912103930609242,0.893816061820813,1,prime
2026-06-29,0.356531449064138,0.0,0,prime
2026-06-29,0.5885548758091831,0.0,0,prime
2026-06-29,0.9190472514951772,0.28419804021773376,0,subprime
2026-06-29,-0.9708568604509517,0.6095858150844427,0,subprime
2026-06-29,0.2704841577595305,0.0,0,prime
2026-06-29,0.17173123408469773,0.4999218160803937,1,subprime
2026-06-29,-0.9394993343833677,1.0,1,prime
2026-06-29,1.3705656137818265,1.0,1,prime
2026-06-29,-0.4244391551549767,0.021386937394392957,0,prime
2026-06-29,0.49703485206506415,1.0,1,prime
2026-06-29,1.1049107537798,0.5477689654639296,1,subprime
2026-06-29,-2.4292797593212865,0.6057469871839314,1,subprime
2026-06-29,0.3306465305855975,0.0,0,prime
2026-06-29,0.6262216891237258,0.6620882666141195,1,subprime
2026-06-29,2.3639882653480453,0.3074491640388169,0,subprime
2026-06-29,-0.43291646249087457,0.0,0,prime
2026-06-29,1.2998749312080404,1.0,1,prime
2026-06-29,0.8230790550879407,0.0,0,prime
2026-06-29,0.11794499598928669,0.0,0,prime
2026-06-29,-1.1153747804932619,1.0,1,prime
2026-06-29,0.9229785511323684,1.0,1,prime
2026-06-29,0.8135856984281845,0.2598624609020032,0,subprime
2026-06-29,-0.8597698727645331,0.10654222218594506,0,subprime
2026-06-29,0.29592452701459365,0.7120624745723451,1,subprime
2026-06-29,-0.09950019407717378,0.9808455009302599,1,prime
2026-06-29,0.5305969148812919,1.0,1,prime
2026-06-29,1.781393519489251,0.0,0,prime
2026-06-29,-0.4552614684085126,0.0,0,prime
2026-06-29,0.8051513024577613,0.0,0,prime
2026-06-29,0.7112256121100381,0.0,0,prime
2026-06-29,0.6344335953193925,0.6832520815046212,1,subprime
2026-06-29,-0.02972568767523268,0.0,0,prime
2026-06-29,1.7185936909466717,1.0,1,prime
2026-06-29,0.5594389840421645,1.0,1,prime
2026-06-29,-1.4789126805415969,1.0,1,prime
2026-06-29,0.5017571423125381,1.0,1,prime
2026-06-29,0.8541937509319305,1.0,1,prime
2026-06-29,-1.1422216803534386,0.0,0,prime
2026-06-29,0.4018933511197124,0.01936644374540991,0,prime
2026-06-29,0.44028443787908733,0.25879312546397426,0,subprime
2026-06-29,1.1172541100186038,0.009854224843597839,0,prime
2026-06-29,0.2505681421784191,1.0,1,prime
2026-06-29,-1.1709252019317378,0.004782956202195543,0,prime
2026-06-29,-0.724797037221534,0.7165882091860396,1,subprime
2026-06-29,0.547146311558366,0.3363346034813006,0,subprime
2026-06-29,-0.39449573565242385,0.7179223889152475,1,subprime
2026-06-29,1.8405770464077604,0.7445264153495743,0,subprime
2026-06-29,-2.5572844209353156,0.0,0,prime
2026-06-29,0.11259542013353097,1.0,1,prime
2026-06-29,-0.19420041621927064,0.007350958893473883,0,prime
2026-06-29,1.947044481169102,0.0,0,prime
2026-06-29,0.7166127496062565,0.4341199691372237,0,subprime
2026-06-29,0.4174287873195285,0.8045519734755341,1,subprime
2026-06-29,-0.1958406555723313,0.0,0,prime
2026-06-29,0.7579811751917269,0.0,0,prime
2026-06-29,0.6748209726199662,0.5526569910391095,0,subprime
2026-06-29,-0.7233808721537622,0.47713812526202626,0,subprime
2026-06-29,0.4351615442604445,0.0,0,prime
2026-06-29,-0.09455521723407294,0.0,0,prime
2026-06-29,1.4250063074755017,1.0,1,prime
2026-06-29,-1.816154493586247,0.0,0,prime
2026-06-29,0.45541310539408975,0.3691139259584167,0,subprime
2026-06-29,1.015818840701093,0.0,0,prime
2026-06-29,-0.4237999982603096,0.6157467719927767,1,subprime
2026-06-29,-0.013340061528298086,0.4503884788649748,0,subprime
2026-06-29,0.26211477024804514,0.42659918476300673,0,subprime
2026-06-29,0.19222199886266314,0.0,0,prime
2026-06-29,0.7032842931157438,0.0,0,prime
2026-06-29,-0.008902140403099034,0.7443490014135723,1,subprime
2026-06-29,0.2890780639020058,0.2865410113072699,0,subprime
2026-06-29,-0.5836521803006733,0.6773521197568173,1,subprime
2026-06-29,0.7808346792677464,0.0,0,prime
2026-06-29,1.2332397942660476,0.45360324436719507,0,subprime
2026-06-29,-0.9929821579431478,1.0,1,prime
2026-06-29,0.21982499733171204,1.0,1,prime
2026-06-29,-0.35523292681598195,0.0,0,prime
2026-06-29,-0.27333472394178937,0.0,0,prime
2026-06-29,-0.24947430022841052,0.0,0,prime
2026-06-29,-0.8137761624351907,1.0,1,prime
2026-06-29,-0.8015041057807589,1.0,1,prime
2026-06-29,0.23557575268715505,0.0,0,prime
2026-06-29,0.4440610056000341,0.38140675486681186,0,subprime
2026-06-29,-0.2757326438970236,0.9236167412149726,1,prime
2026-06-29,-1.6973921520191397,1.0,1,prime
2026-06-29,0.8165945919122314,1.0,1,prime
2026-06-29,0.5933331538988703,0.30153996165392205,0,subprime
2026-06-29,0.8505005521652407,0.3097480441095218,0,subprime
2026-06-29,0.44402269622130097,0.0,0,prime
2026-06-29,-0.2889417165877419,0.7386931709151152,1,subprime
2026-06-29,-0.9886748172979769,0.9915536094518043,1,prime
2026-06-29,0.31048552008763336,0.0,0,prime
2026-06-29,1.605311863404312,0.0,0,prime
2026-06-29,1.3860762600509795,1.0,1,prime
2026-06-29,-0.648417320757938,0.567126816981315,1,subprime
2026-06-29,-0.2986630982498926,0.0,0,prime
2026-06-29,0.3255612550121718,0.0,0,prime
2026-06-29,-0.49876393338077146,0.0,0,prime
2026-06-29,2.345529468295391,0.6097904458752974,1,subprime
2026-06-29,-0.06784714769633096,1.0,1,prime
2026-06-29,-0.7475675250969213,0.0,0,prime
2026-06-29,0.6198461922723433,0.0,0,prime
2026-06-29,0.7676252586494683,1.0,1,prime
2026-06-29,0.07151200917915965,0.34418294748181766,0,subprime
2026-06-29,-1.0396093550739507,1.0,1,prime
2026-06-29,1.8409549015902102,1.0,1,prime
2026-06-29,-0.6063269468373429,0.0038712794481905455,0,prime
2026-06-29,0.35759029572657497,0.5634417679483098,1,subprime
2026-06-29,-0.05170771497141764,0.45811315805681846,0,subprime
2026-06-29,-0.8623256249148259,0.0,0,prime
2026-06-29,-0.37333799887945296,0.2787152974361263,0,subprime
2026-06-29,0.44732316892382923,1.0,1,prime
2026-06-29,0.9027334179404973,1.0,1,prime
2026-06-29,-1.6068935646136977,0.0,0,prime
2026-06-29,0.23134365477762883,1.0,1,prime
2026-06-29,-0.25140407356187916,1.0,1,prime
2026-06-29,0.368789644839997,1.0,1,prime
2026-06-29,0.025077174872549783,0.0,0,prime
2026-06-29,1.6149023011356254,0.3025413290457205,0,subprime
2026-06-29,0.543606199397111,0.4220188990943819,0,subprime
2026-06-29,-0.04628747743572266,0.0,0,prime
2026-06-29,0.27305784857807675,0.005270605006703566,0,prime
2026-06-29,0.0902314919520954,0.0,0,prime
2026-06-29,0.4125971054985474,0.4115330776065715,0,subprime
2026-06-29,1.0172443020951167,0.3969119213510608,0,subprime
2026-06-29,1.591989268282156,1.0,1,prime
2026-06-29,0.16524025066255085,0.003230518265095225,0,prime
2026-06-29,-0.5663540877417061,0.4400731121881843,0,subprime
2026-06-29,0.5654821945786818,1.0,1,prime
2026-06-29,0.8276130630716523,0.6687421954675219,1,subprime
2026-06-29,-0.2828631720869967,0.39272694652426815,0,subprime
2026-06-29,-0.0323645977291019,0.787069805778736,1,subprime
2026-06-29,0.8644142493296922,0.0,0,prime
2026-06-29,-1.3632040037395077,0.004806423732450826,0,prime
2026-06-29,0.47917189129949517,0.0,0,prime
2026-06-29,0.7211654623377484,0.0,0,prime
2026-06-29,0.4240260489402836,0.0,0,prime
2026-06-29,0.8054531672886627,1.0,1,prime
2026-06-29,-0.293372430341761,0.9343457308342623,1,prime
2026-06-29,-1.273121965547515,1.0,1,prime
2026-06-29,-1.0010153879642887,0.6514135645797882,1,subprime
2026-06-29,-0.23600858843723868,0.6629962787779031,1,subprime
2026-06-29,-0.39236190755480477,0.40385767996184396,0,subprime
2026-06-29,0.03622148526169548,0.6001664568773888,0,subprime
2026-06-29,-0.7269417404682743,0.0,0,prime
2026-06-29,-0.876373257217042,1.0,1,prime
2026-06-29,-1.335916310069402,1.0,1,prime
2026-06-29,-2.11975790010749,1.0,1,prime
2026-06-29,1.7853071027557683,0.15576522072276644,0,prime
2026-06-29,-0.06850777726287291,1.0,1,prime
2026-06-29,-2.704904506852017,0.0,0,prime
2026-06-29,-0.6107681574773481,0.8358857849074448,1,prime
2026-06-29,-0.39919891900651705,0.005430932590237705,0,prime
2026-06-29,-0.4984295414965041,0.6555035934942679,1,subprime
2026-06-29,-0.3510303696953621,0.950315499642132,1,prime
2026-06-29,-0.18205576605202367,1.0,1,prime
2026-06-29,1.2698543412759034,0.4670461058868479,1,subprime
2026-06-29,0.17102582290651855,0.9951835855646229,1,prime
2026-06-29,0.5151002673400449,1.0,1,prime
2026-06-29,2.3067739231133757,1.0,1,prime
2026-06-29,0.6072726667529685,0.7005586647954345,1,subprime
2026-06-29,0.9475900476300183,0.685196497334709,1,subprime
2026-06-29,-0.4838272219017073,0.34898375776302976,0,subprime
2026-06-29,-0.35424045507324003,0.6589603273031315,1,subprime
2026-06-29,0.06886454889458475,0.8326988199342604,1,prime
2026-06-29,0.5206119439177058,1.0,1,prime
2026-06-29,-1.0178814501241487,1.0,1,prime
2026-06-29,1.2904328577733537,1.0,1,prime
2026-06-29,-1.2747682544023768,0.9951859270693607,1,prime
2026-06-29,-0.9253096844332156,0.0,0,prime
2026-06-29,0.908934171983438,0.0,0,prime
2026-06-29,0.9109652358000114,0.0,0,prime
2026-06-29,-0.014209519852019658,0.03161939526633495,0,prime
2026-06-29,0.7976968389845618,0.3223120038522923,0,subprime
2026-06-29,-1.794672028753652,0.6778901821698375,1,subprime
2026-06-29,0.9246498914975473,1.0,1,prime
2026-06-29,1.5598499787765454,1.0,1,prime
2026-06-29,0.35566116360915523,0.9566649329519985,1,prime
2026-06-29,-1.5692877066615711,0.0,0,prime
2026-06-29,0.2576643542013426,0.0,0,prime
2026-06-29,-0.0850918498452905,1.0,1,prime
2026-06-29,2.661067434446924,0.0,0,prime
2026-06-29,0.44344418983134803,0.0,0,prime
2026-06-29,0.8789583210048073,0.0011349711624034503,0,prime
2026-06-29,0.2143688743845456,0.8658714156374689,1,prime
2026-06-29,0.8033486302739619,0.0,0,prime
2026-06-29,-0.8351122980572421,0.9841760226067826,1,prime
2026-06-29,0.05811567835506193,0.04052320605793788,0,prime
2026-06-29,0.1739002291696372,0.2272711433334477,0,subprime
2026-06-29,-0.42253257301458397,1.0,1,prime
2026-06-29,0.3027241811400552,0.0,0,prime
2026-06-29,0.6755701462762768,1.0,1,prime
2026-06-29,-0.2675976454568784,0.0,0,prime
2026-06-29,0.0668754773960892,0.0,0,prime
2026-06-29,-1.283387042704481,0.0,0,prime
2026-06-29,-0.6144883433747821,0.27088818392554176,0,subprime
2026-06-29,0.24217250195748638,0.0,0,prime
2026-06-29,-1.3899615532098497,0.5994761890999515,1,subprime
2026-06-29,-1.8538340278018781,0.44204184991058737,1,subprime
2026-06-29,-0.0626128213813374,1.0,1,prime
2026-06-29,0.1026434874440877,0.0486009171788932,0,prime
2026-06-29,-0.7348969448110481,0.0,0,prime
2026-06-29,0.36435387901870675,0.06256908179335027,0,prime
2026-06-29,-0.2479389598610295,0.0,0,prime
2026-06-29,-0.6880955581735343,1.0,1,prime
2026-06-29,-0.27741179097044033,1.0,1,prime
2026-06-29,-1.0343215941651385,0.0,0,prime
2026-06-29,-0.5940511590202715,0.0,0,prime
2026-06-29,0.5343257610749624,0.0,0,prime
2026-06-29,-1.1590878155299769,0.0,0,prime
2026-06-29,-1.162395755405746,1.0,1,prime
2026-06-29,0.9186196044496839,0.6037469813827178,1,subprime
2026-06-29,-1.5708604028645834,0.7496293142711357,1,subprime
2026-06-29,-1.5906747573700264,0.7241108057352437,1,subprime
2026-06-29,-0.34624051022454405,0.6933656015558575,1,subprime
2026-06-29,0.00043908893736385046,0.0,0,prime
2026-06-29,0.572356660060262,0.0,0,prime
2026-06-29,0.13074877097985343,1.0,1,prime
2026-06-29,0.17538488507353717,0.024577478701401062,0,prime
2026-06-29,0.5627657209347396,0.7399783044811588,1,subprime
2026-06-29,0.6592024974575186,0.0,0,prime
2026-06-29,0.5984191983530184,0.5669106879292329,1,subprime
2026-06-29,-0.21432093845898226,1.0,1,prime
2026-06-29,0.20560026927086472,1.0,1,prime
2026-06-29,1.864965156488306,0.28867583828427257,0,subprime
2026-06-29,0.10587409302777175,0.0,0,prime
2026-06-29,0.7578375736824304,0.0,0,prime
2026-06-29,0.4273104976638427,1.0,1,prime
2026-06-29,0.7902832342089238,1.0,1,prime
2026-06-29,0.26114561024369787,1.0,1,prime
2026-06-29,-0.2580047669666278,0.07690119298358178,0,prime
2026-06-29,0.43354918047721425,0.0,0,prime
2026-06-29,0.4772545691462861,1.0,1,prime
2026-06-29,1.1044457099667322,1.0,1,prime
2026-06-29,-0.17396763093636286,0.521641588307364,1,subprime
2026-06-29,-0.5711390875253407,1.0,1,prime
2026-06-29,-0.8403648463162587,0.0,0,prime
2026-06-29,0.7193098621953413,1.0,1,prime
2026-06-29,-1.6413738064587324,0.04070046281881767,0,prime
2026-06-29,-0.08240606640091497,0.31242603223553644,0,subprime
2026-06-29,0.31323687483544166,0.0,0,prime
2026-06-29,0.8427311251404431,1.0,1,prime
2026-06-29,0.20037865682287398,0.0,0,prime
2026-06-29,0.5697353152204679,0.4095000098455167,1,subprime
2026-06-29,-1.2344187564361093,1.0,1,prime
2026-06-29,-1.9906741655045834,1.0,1,prime
2026-06-29,-1.6009130154358657,0.0,0,prime
2026-06-29,-1.4933667016387828,0.09546768776646475,0,prime
2026-06-29,0.17322722712778502,0.0,0,prime
2026-06-29,-0.3696588509667772,0.0,0,prime
2026-06-29,-0.35544006993853156,0.0,0,prime
2026-06-29,-0.3019247606499942,0.0015756227701876346,0,prime
2026-06-29,0.7492754696842756,1.0,1,prime
2026-06-29,0.41927024431197085,0.0,0,prime
2026-06-29,-0.04242568971223676,1.0,1,prime
2026-06-29,0.16011575383823076,1.0,1,prime
2026-06-29,-0.3540027283793879,0.2932579903607172,0,subprime
2026-06-29,-2.510808791921705,1.0,1,prime
2026-06-29,-0.756971349134205,0.0,0,prime
2026-06-29,-0.06550543990417676,1.0,1,prime
2026-06-29,-0.8135019244769786,1.0,1,prime
2026-06-29,-1.100078288833178,0.6984954659392412,1,subprime
2026-06-29,1.4508465117255598,0.0,0,prime
2026-06-30,0.148597663434525,1.0,1,prime
2026-06-30,-0.3612691793769715,0.885902559825092,1,prime
2026-06-30,1.095486484103137,0.0,0,prime
2026-06-30,0.2540216531908016,1.0,1,prime
2026-06-30,0.4670952803170428,0.6229329359457478,1,subprime
2026-06-30,1.5784815858106167,1.0,1,prime
2026-06-30,0.8835708953764717,0.0,0,prime
2026-06-30,-0.799851872673155,1.0,1,prime
2026-06-30,1.9712571847582239,0.007290770608559316,0,prime
2026-06-30,0.19635778694379183,1.0,1,prime
2026-06-30,0.5080083132949809,0.3678421819930051,0,subprime
2026-06-30,0.5326320354588054,0.5595338499426551,1,subprime
2026-06-30,-1.2679794121912429,0.41585964188366387,1,subprime
2026-06-30,0.712314121982713,1.0,1,prime
2026-06-30,1.4977741177997737,1.0,1,prime
2026-06-30,-2.5367809002157937,1.0,1,prime
2026-06-30,-1.091266682720507,1.0,1,prime
2026-06-30,2.8844579791732188,0.5226191750674093,1,subprime
2026-06-30,0.8541203358473931,0.0,0,prime
2026-06-30,-1.4351830393161087,0.0,0,prime
2026-06-30,-0.8095679991669915,0.07554784656047539,0,prime
2026-06-30,0.2730054431964857,0.7398472063510022,1,subprime
2026-06-30,-0.932157589786585,1.0,1,prime
2026-06-30,1.8730327161012343,0.0,0,prime
2026-06-30,0.6087463854136549,0.5764206091563648,1,subprime
2026-06-30,-0.8144977261682306,1.0,1,prime
2026-06-30,-0.36894031716595665,0.0,0,prime
2026-06-30,1.7794519974822873,0.9753436727989995,1,prime
2026-06-30,-0.8394758081413218,0.7166104318770703,1,subprime
2026-06-30,1.254826695384678,0.5838816307070419,1,subprime
2026-06-30,-1.4813296660024267,1.0,1,prime
2026-06-30,-0.2867162558755543,0.04709778542919818,0,prime
2026-06-30,-1.48487420147344,1.0,1,prime
2026-06-30,0.4462246047867678,0.0,0,prime
2026-06-30,-0.1643724369723822,0.23399805907529025,0,subprime
2026-06-30,-1.097144011074713,0.4934530631024612,1,subprime
2026-06-30,-0.8628507585543909,0.08909884063910359,0,prime
2026-06-30,-1.6748078278645169,0.08320279198881791,0,prime
2026-06-30,-0.4894328906586206,1.0,1,prime
2026-06-30,-0.412121953203729,0.25142823306410966,0,subprime
2026-06-30,0.711328014772289,1.0,1,prime
2026-06-30,-0.5690883585059968,1.0,1,prime
2026-06-30,-0.7942590297536496,0.7917786169099682,1,subprime
2026-06-30,1.0270086201491604,0.5798070112226354,1,subprime
2026-06-30,-0.9611270764230851,1.0,1,prime
2026-06-30,-1.1334956493862596,0.2968203158802602,0,subprime
2026-06-30,-0.3611808749978059,0.780202568993307,1,subprime
2026-06-30,-1.173157276316099,0.0,0,prime
2026-06-30,-0.9585634048300338,0.0,0,prime
2026-06-30,-1.139601506172803,0.0,0,prime
2026-06-30,0.14433582241308546,0.0,0,prime
2026-06-30,-0.6532913368417743,1.0,1,prime
2026-06-30,0.6097391757645948,1.0,1,prime
2026-06-30,0.4700498953165567,1.0,1,prime
2026-06-30,-0.7298287945242662,1.0,1,prime
2026-06-30,-0.8722904271526474,0.6670026059914244,1,subprime
2026-06-30,0.4097682885352553,1.0,1,prime
2026-06-30,-0.4067563439355145,1.0,1,prime
2026-06-30,-2.1754748508626527,0.0,0,prime
2026-06-30,1.4202076803276875,0.5297508822454908,0,subprime
2026-06-30,-1.103663125101548,1.0,1,prime
2026-06-30,-0.3484254299283282,0.0,0,prime
2026-06-30,0.8454315386228008,0.0,0,prime
2026-06-30,0.2223565592245987,0.44505834476124884,0,subprime
2026-06-30,0.6190496930597259,1.0,1,prime
2026-06-30,0.8106366702893951,0.0,0,prime
2026-06-30,-2.4119143155727336,1.0,1,prime
2026-06-30,-0.10817129084256358,1.0,1,prime
2026-06-30,1.3066633180623697,1.0,1,prime
2026-06-30,0.7214202773726263,1.0,1,prime
2026-06-30,-0.31292370121501895,0.0,0,prime
2026-06-30,0.35084275540818427,1.0,1,prime
2026-06-30,0.3789541799655898,0.8121643605845409,1,subprime
2026-06-30,-0.6401935721335971,0.6579600737203684,1,subprime
2026-06-30,1.5898826531475247,0.0,0,prime
2026-06-30,0.25393973275433745,0.37929263012848624,0,subprime
2026-06-30,-0.07349902009987565,0.0,0,prime
2026-06-30,-0.1706441055503827,0.6538836530102432,0,subprime
2026-06-30,-0.9266296807499507,1.0,1,prime
2026-06-30,0.747508879990388,1.0,1,prime
2026-06-30,-0.4982765198482724,1.0,1,prime
2026-06-30,-0.868296095207526,0.0,0,prime
2026-06-30,1.5724106174988646,0.07204347317493731,0,prime
2026-06-30,1.1484502344907033,0.331892067309438,0,subprime
2026-06-30,0.45143246261553793,0.0,0,prime
2026-06-30,-0.24907595879988187,1.0,1,prime
2026-06-30,-0.8424363047917828,0.0,0,prime
2026-06-30,1.652582716339997,1.0,1,prime
2026-06-30,0.6756331208234813,0.48340068090169863,0,subprime
2026-06-30,-0.5945162970638116,1.0,1,prime
2026-06-30,-0.6439661880795886,1.0,1,prime
2026-06-30,1.2437577835906735,0.0,0,prime
2026-06-30,0.22580345972006918,0.0,0,prime
2026-06-30,-0.9186873832241341,0.0,0,prime
2026-06-30,-0.48680159274270446,0.04008772193584342,0,prime
2026-06-30,1.98762150388174,1.0,1,prime
2026-06-30,0.30290912932101677,0.7478745993626227,1,subprime
2026-06-30,-0.49332566839178726,1.0,1,prime
2026-06-30,2.7604055668937524,1.0,1,prime
2026-06-30,-2.249014010612854,0.0,0,prime
2026-06-30,-1.639623916676395,1.0,1,prime
2026-06-30,-0.34469970186081533,1.0,1,prime
2026-06-30,-0.582612040560011,0.0,0,prime
2026-06-30,1.220233145980071,1.0,1,prime
2026-06-30,0.9201102517238519,0.5913654470414643,1,subprime
2026-06-30,0.46244688471848105,0.0,0,prime
2026-06-30,-0.7801634320926379,1.0,1,prime
2026-06-30,1.5827049443037888,1.0,1,prime
2026-06-30,-0.7480954222450907,1.0,1,prime
2026-06-30,-0.5876298955112625,0.595350593509557,1,subprime
2026-06-30,-1.1279577553597042,1.0,1,prime
2026-06-30,0.633196781975254,0.0706853617789536,0,prime
2026-06-30,0.8384135629934188,0.0,0,prime
2026-06-30,0.17687096355937706,1.0,1,prime
2026-06-30,-1.6186556762070572,0.30234351257485453,0,subprime
2026-06-30,-0.27481449513564554,0.0,0,prime
2026-06-30,0.4855308203367772,1.0,1,prime
2026-06-30,0.05262976121661307,1.0,1,prime
2026-06-30,-0.605692744703313,0.43488011323191317,0,subprime
2026-06-30,1.615977042481099,1.0,1,prime
2026-06-30,-0.9017197931599209,0.0,0,prime
2026-06-30,1.1822747493770525,0.7446836700849477,1,subprime
2026-06-30,-0.06563893148233411,0.0,0,prime
2026-06-30,0.40235767206191936,1.0,1,prime
2026-06-30,0.35493585697304986,0.9892391670558265,1,prime
2026-06-30,0.5855752907376414,1.0,1,prime
2026-06-30,-0.0030061363031630025,1.0,1,prime
2026-06-30,0.42379804333373,1.0,1,prime
2026-06-30,0.15629242168609392,0.0,0,prime
2026-06-30,0.7883432625465981,0.5925151153836825,1,subprime
2026-06-30,0.8962375249071844,1.0,1,prime
2026-06-30,1.1381648365057133,0.0,0,prime
2026-06-30,-0.6949716167096129,0.7046957126534357,1,subprime
2026-06-30,-1.0669939388509597,0.0,0,prime
2026-06-30,-0.2955266078077216,0.24733703989345596,0,subprime
2026-06-30,0.18176743593423667,1.0,1,prime
2026-06-30,-0.24315113554116818,0.28054989034218514,0,subprime
2026-06-30,-0.1398945291045862,0.0,0,prime
2026-06-30,0.10145673080945526,1.0,1,prime
2026-06-30,-0.7459765165978189,0.0,0,prime
2026-06-30,1.6666081883475827,0.020695361146852387,0,prime
2026-06-30,1.7875664854351183,1.0,1,prime
2026-06-30,0.4400365450815225,1.0,1,prime
2026-06-30,0.4660926806584741,1.0,1,prime
2026-06-30,0.1751458408395718,1.0,1,prime
2026-06-30,0.6514990748990108,0.0,0,prime
2026-06-30,1.0211211067280974,0.6259846066614853,1,subprime
2026-06-30,0.3524079290947223,0.0,0,prime
2026-06-30,0.7175043839882753,0.6128094218656436,1,subprime
2026-06-30,-0.10451064099976477,1.0,1,prime
2026-06-30,-0.23970280692998516,1.0,1,prime
2026-06-30,1.3704405625670926,0.7731169501410634,1,subprime
2026-06-30,0.759037850574143,0.0,0,prime
2026-06-30,2.6308122864442445,0.0,0,prime
2026-06-30,-0.43591356441349854,0.0,0,prime
2026-06-30,-1.3417779811906594,0.0,0,prime
2026-06-30,-1.1580001197482879,1.0,1,prime
2026-06-30,-0.6229438190338387,0.0,0,prime
2026-06-30,-0.49095671063972,0.0,0,prime
2026-06-30,-0.46984100105654636,0.5460414773221539,0,subprime
2026-06-30,-0.9670141365346466,0.9353690444797693,1,prime
2026-06-30,-0.43235542439987357,1.0,1,prime
2026-06-30,1.1777473278519248,0.39796052327648995,1,subprime
2026-06-30,-0.0951279244814549,1.0,1,prime
2026-06-30,0.9955668371947564,0.0,0,prime
2026-06-30,0.43627321253477364,1.0,1,prime
2026-06-30,-1.1842501952205373,0.0,0,prime
2026-06-30,-0.3273588026133728,0.0,0,prime
2026-06-30,-0.7605860015263803,1.0,1,prime
2026-06-30,-0.0879891398756751,0.265669295284873,0,subprime
2026-06-30,1.3941988712074331,0.6166255400653848,1,subprime
2026-06-30,-0.5835340330523889,1.0,1,prime
2026-06-30,0.26042481024104497,0.5096532918054417,0,subprime
2026-06-30,-0.08352823046000746,1.0,1,prime
2026-06-30,-0.7424402963612785,0.5809470767805053,1,subprime
2026-06-30,-0.41763914843126515,0.6127157790882922,1,subprime
2026-06-30,-0.0772293788781823,0.8742199561585348,1,prime
2026-06-30,0.4831338532091763,0.37729085824048747,0,subprime
2026-06-30,0.49889173617416543,0.35080441087853165,0,subprime
2026-06-30,0.9052405138484511,0.49119397885526195,1,subprime
2026-06-30,-1.172616267087868,1.0,1,prime
2026-06-30,-1.2880802857706435,0.4429556110344789,0,subprime
2026-06-30,1.294668814449326,1.0,1,prime
2026-06-30,0.7023609951754086,0.12725247984666796,0,prime
2026-06-30,-1.6886525800698198,0.0,0,prime
2026-06-30,-0.0002634563437136724,0.5705446780555661,1,subprime
2026-06-30,-0.33462844610704745,0.4388618395097707,0,subprime
2026-06-30,0.8928283537664597,0.5440857332050649,1,subprime
2026-06-30,0.05163969688819678,0.8106714608469937,1,subprime
2026-06-30,0.7104743070134371,0.5656075396192483,1,subprime
2026-06-30,-0.306800407707931,0.0,0,prime
2026-06-30,0.7187285516963907,0.5768194968272977,1,subprime
2026-06-30,-0.06342418612588363,1.0,1,prime
2026-06-30,0.9020725073626943,0.5610325634662592,0,subprime
2026-06-30,-1.2110530369966717,0.0,0,prime
2026-06-30,-0.5019934397038873,0.4318781589754365,0,subprime
2026-06-30,-1.1570820198156755,1.0,1,prime
2026-06-30,0.5195288952103009,0.008810708135430168,0,prime
2026-06-30,0.6367017119400912,0.0,0,prime
2026-06-30,1.2987902208346727,0.0,0,prime
2026-06-30,-1.6005343441258149,0.0,0,prime
2026-06-30,0.2649792301680149,0.543131300078336,0,subprime
2026-06-30,0.4720213452577534,0.0,0,prime
2026-06-30,-0.16555856285244572,0.9830356277229734,1,prime
2026-06-30,-0.06885010197661369,0.2763279671065047,0,subprime
2026-06-30,-0.001372417347558542,1.0,1,prime
2026-06-30,1.0616504512393639,1.0,1,prime
2026-06-30,-0.9247893334667364,0.0,0,prime
2026-06-30,0.17411413689577415,0.0,0,prime
2026-06-30,2.0335032317013115,0.8345808820703667,1,subprime
2026-06-30,-0.2481761217077601,0.0,0,prime
2026-06-30,-0.0476530713860121,0.08457443415949786,0,prime
2026-06-30,-0.5521089052629439,1.0,1,prime
2026-06-30,-0.08144521419819702,1.0,1,prime
2026-06-30,-0.6126668578102564,0.0,0,prime
2026-06-30,-0.785032598466025,0.7049866701201031,1,subprime
2026-06-30,0.5887435330173563,1.0,1,prime
2026-06-30,1.0710576620769132,0.5055351360982756,0,subprime
2026-06-30,-0.45054388716386523,0.46457751099403427,0,subprime
2026-06-30,-0.0966991750439639,1.0,1,prime
2026-06-30,0.9943899430888129,1.0,1,prime
2026-06-30,0.6370946826576444,0.5042179631484168,1,subprime
2026-06-30,0.2926518590400963,0.0,0,prime
2026-06-30,0.3764042271024475,0.39925288692556954,0,subprime
2026-06-30,-1.2516277454811118,0.0,0,prime
2026-06-30,1.464546518577926,0.5332365480840531,0,subprime
2026-06-30,0.4939745263858373,0.6377177532632012,1,subprime
2026-06-30,1.0499208948078063,1.0,1,prime
2026-06-30,0.7282753938282077,0.0,0,prime
2026-06-30,-1.5665358348636076,1.0,1,prime
2026-06-30,-1.0805770852594856,0.6337047064106358,1,subprime
2026-06-30,0.425036518322251,1.0,1,prime
2026-06-30,0.4078570156825437,1.0,1,prime
2026-06-30,-0.7555260659787902,0.0,0,prime
2026-06-30,0.8701243320825061,0.5874836832423387,1,subprime
2026-06-30,1.3846975720198968,1.0,1,prime
2026-06-30,-0.9690476536761198,1.0,1,prime
2026-06-30,0.9287948632738218,0.40008118637827383,0,subprime
2026-06-30,1.8000037407155296,0.4201745232641017,0,subprime
2026-06-30,0.23254511760161217,0.8823405037900246,1,prime
2026-06-30,-0.024258103451320658,0.9930238969645939,1,prime
2026-06-30,0.10759909966846253,0.276405775629805,0,subprime
2026-06-30,-0.47925086558419583,1.0,1,prime
2026-06-30,-2.850364748309146,0.3176119951723008,0,subprime
2026-06-30,-1.3691298039181892,0.0,0,prime
2026-06-30,1.4543482793596647,0.6178516789173573,1,subprime
2026-06-30,1.6662911939080502,1.0,1,prime
2026-06-30,0.45044431496416015,0.0,0,prime
2026-06-30,-0.41219470497593713,1.0,1,prime
2026-06-30,0.9943868577046777,1.0,1,prime
2026-06-30,0.5357481454373914,0.0,0,prime
2026-06-30,0.7438098450178393,0.0,0,prime
2026-06-30,0.6604043549538727,1.0,1,prime
2026-06-30,0.7948349052499587,0.0,0,prime
2026-06-30,0.6616590144040276,0.4050160211411728,0,subprime
2026-06-30,0.22141053523005105,0.0,0,prime
2026-06-30,-0.04036039689371508,0.0,0,prime
2026-06-30,-1.8475797233659614,1.0,1,prime
2026-06-30,1.1457127733623123,0.0,0,prime
2026-06-30,2.73008899745403,1.0,1,prime
2026-06-30,0.46415866037044806,0.5574321544757722,1,subprime
2026-06-30,-0.459054237512251,0.9666495146721487,1,prime
2026-06-30,0.8775022886700422,1.0,1,prime
2026-06-30,-0.15775175887184847,1.0,1,prime
2026-06-30,1.1789261488082687,0.32973557982848056,0,subprime
2026-06-30,-0.44103565336077294,0.0,0,prime
2026-06-30,0.36533398487050817,0.0,0,prime
2026-06-30,0.9232505991912594,0.0,0,prime
2026-06-30,1.8946762554493781,1.0,1,prime
2026-06-30,0.6158626093690013,0.0,0,prime
2026-06-30,-1.210305454047931,1.0,1,prime
2026-06-30,0.23459649219540296,0.0,0,prime
2026-06-30,-1.6676050611914692,0.0,0,prime
2026-06-30,-0.6657757534041434,0.9908767820462256,1,prime
2026-06-30,0.31716957680227725,0.0546020353122629,0,prime
2026-06-30,-1.1939437671216022,0.5573956188358341,0,subprime
2026-06-30,2.2160539839961912,0.35604398112650487,0,subprime
2026-06-30,-0.3633211347290958,1.0,1,prime
2026-06-30,0.35651874883678536,1.0,1,prime
2026-06-30,0.07781855454702867,0.7128353858192541,1,subprime
2026-06-30,-1.0382183655371957,0.43805693487314246,0,subprime
2026-06-30,-1.172333734279538,1.0,1,prime
2026-06-30,-1.728503779997733,0.7003282487199325,1,subprime
2026-06-30,-1.0002221655895165,0.39179233004233377,0,subprime
2026-06-30,1.119057523377358,0.0,0,prime
2026-06-30,-1.069001220496843,1.0,1,prime
2026-06-30,-0.547667368578077,1.0,1,prime
2026-06-30,1.2255265778701683,1.0,1,prime
2026-06-30,-3.0405646316818373,1.0,1,prime
2026-06-30,0.3788082867591978,0.912932707766896,1,prime
2026-06-30,0.007808314625461027,1.0,1,prime
2026-06-30,-1.3192722094011742,1.0,1,prime
2026-06-30,0.7798247264516962,1.0,1,prime
2026-06-30,-1.5234761962863157,0.0,0,prime
2026-06-30,1.3011970639736574,0.561062576176387,1,subprime
2026-06-30,-0.5509456441771228,0.4386956483929473,1,subprime
2026-06-30,0.7512613693860992,0.0,0,prime
2026-06-30,-0.26073371611575724,0.0,0,prime
2026-06-30,0.18402689870554337,0.5874328545793235,1,subprime
2026-06-30,-1.1034905740135614,0.0,0,prime
2026-06-30,-0.6521813127125609,1.0,1,prime
2026-06-30,-0.1613656265741419,1.0,1,prime
2026-06-30,-1.3751376011603713,1.0,1,prime
2026-06-30,0.36582298108888217,0.0,0,prime
2026-06-30,1.0157590827441991,0.6096952530278831,1,subprime
2026-06-30,0.20982614835549898,0.0,0,prime
2026-06-30,0.46548431784394023,1.0,1,prime
2026-06-30,-1.222465375730065,0.0,0,prime
2026-06-30,-0.4011373557923539,0.3497179060289553,0,subprime
2026-06-30,1.2923043991702075,1.0,1,prime
2026-06-30,0.8192303286137126,1.0,1,prime
2026-06-30,-0.43861372472322996,1.0,1,prime
2026-06-30,0.30146072467709,0.9854903968855875,1,prime
2026-06-30,-1.564403359646567,0.45158814296351535,0,subprime
2026-06-30,-0.7467619886907326,0.4176214679683852,0,subprime
2026-06-30,-1.9041442314205093,0.0,0,prime
2026-06-30,-0.50898058287978,1.0,1,prime
2026-06-30,-1.2873517990412748,1.0,1,prime
2026-06-30,-1.0917493848905047,1.0,1,prime
2026-06-30,0.465071232192854,0.0065182916024091875,0,prime
2026-06-30,0.5217388228762316,0.0,0,prime
2026-06-30,-0.14239327208292926,0.0,0,prime
2026-06-30,-0.39309192915757657,0.0,0,prime
2026-06-30,-0.6311528083283081,0.0,0,prime
2026-06-30,0.43985989452109836,0.0,0,prime
2026-06-30,-1.5442873505649501,0.049382012648408496,0,prime
2026-06-30,1.5158351655663855,0.7480883800251971,1,subprime
2026-06-30,-1.5207033112858115,1.0,1,prime
2026-06-30,0.7123241920627464,1.0,1,prime
2026-06-30,-0.08543585307620483,0.0,0,prime
2026-06-30,-1.6829409576038692,1.0,1,prime
2026-06-30,1.654841782825961,0.0,0,prime
2026-06-30,0.4526610920729426,0.10768501354057752,0,prime
2026-06-30,0.0594013707522793,0.0,0,prime
2026-06-30,1.5764187119677902,0.0,0,prime
2026-06-30,-2.0246944746624185,0.0,0,prime
2026-06-30,-0.7519734179437837,0.0,0,prime
2026-06-30,-0.6163079690416945,0.0,0,prime
2026-06-30,-0.016448557383599446,0.19053068696396167,0,subprime
2026-06-30,0.3595919592733633,1.0,1,prime
2026-06-30,0.7229821742520475,0.7123983320468068,1,subprime
2026-06-30,0.6906651275300921,1.0,1,prime
2026-06-30,2.215741835894775,0.0,0,prime
2026-06-30,0.7029035563916778,0.53958879724741,1,subprime
2026-06-30,-0.934022786996667,1.0,1,prime
2026-06-30,2.0826304243186797,0.0,0,prime
2026-06-30,2.1818570685623975,0.2759393752096596,0,subprime
2026-06-30,1.53905838813415,0.3648916087283373,0,subprime
2026-06-30,0.14248617334507896,0.9296784754913209,1,prime
2026-06-30,2.1892764515577503,0.0,0,prime
2026-06-30,0.636604931832939,0.0,0,prime
2026-06-30,0.018236622739728366,0.5518528029649958,1,subprime
2026-06-30,1.0959180911282185,0.5908270300051784,1,subprime
2026-06-30,-0.043645692008335756,0.0,0,prime
2026-06-30,-0.639385181698173,0.0,0,prime
2026-06-30,0.40272616490331864,0.0,0,prime
2026-06-30,-0.7517675215524254,0.5599834681623089,1,subprime
2026-06-30,-1.1180407223972477,0.5488480441521086,1,subprime
2026-06-30,-0.11682849631728315,0.7073683487500207,1,subprime
2026-06-30,0.4724619151968565,1.0,1,prime
2026-06-30,-0.002915435634248993,0.3735872912698498,0,subprime
2026-06-30,1.4486163506096985,0.0,0,prime
2026-06-30,-0.3179723015498304,0.27069359776594965,0,subprime
2026-06-30,-0.19073686265460493,0.0,0,prime
2026-06-30,0.34586126570378295,1.0,1,prime
2026-06-30,0.06043477741553528,1.0,1,prime
2026-06-30,-0.8452037565691113,0.049788499582979484,0,prime
2026-06-30,0.4725937042541134,0.0,0,prime
2026-06-30,-0.6090936089179025,1.0,1,prime
2026-06-30,-0.13005717181917725,1.0,1,prime
2026-06-30,0.08235277060926854,0.0,0,prime
2026-06-30,-1.0983435585678767,0.9615567613867427,1,prime
2026-06-30,-1.2733478166151855,0.24007137804210052,0,subprime
2026-06-30,0.21466986566028912,0.9258617342561841,1,prime
2026-06-30,-0.19324207335550586,0.5878747422607989,1,subprime
2026-06-30,1.6220725743854072,1.0,1,prime
2026-06-30,0.05214879037260134,0.0,0,prime
2026-06-30,-1.7865657803359873,0.0,0,prime
2026-06-30,-1.4952915977447647,0.6904865963485957,1,subprime
2026-06-30,0.5135877945963913,0.006025639623950932,0,prime
2026-06-30,-0.4999892602229942,0.0,0,prime
2026-06-30,0.06289641504120899,0.0,0,prime
2026-06-30,-0.3566469583693787,1.0,1,prime
2026-06-30,2.860369425079506,0.003039355856513007,0,prime
2026-06-30,0.2761574986431062,0.42381297370586707,0,subprime
2026-06-30,-1.5354762351116995,0.40654084343343766,0,subprime
2026-06-30,-1.7230667007221725,0.0,0,prime
2026-06-30,-1.401101969160612,1.0,1,prime
2026-06-30,1.7826410834311335,1.0,1,prime
2026-06-30,0.5882542610958728,0.0,0,prime
2026-06-30,-1.0029329341138382,0.5872009336130769,1,subprime
2026-06-30,0.28646565304602034,0.4273039390863191,1,subprime
2026-06-30,-1.0495775614310259,0.0,0,prime
2026-06-30,-0.3909292976991463,0.28766517120717305,0,subprime
2026-06-30,-0.1430851209146855,0.0,0,prime
2026-06-30,-0.9102069059033892,0.5204146236754831,0,subprime
2026-06-30,0.2504772101050266,0.0,0,prime
2026-06-30,0.3846434975229949,0.0,0,prime
2026-06-30,-2.3867710936489823,0.5112050385859849,0,subprime
2026-06-30,1.5725837631283313,0.8084703009178322,1,subprime
